month,territory_id,cluster
2023-01,1,5
2023-01,2,3
2023-01,3,3
2023-01,4,1
2023-01,5,1
2023-01,6,3
2023-01,7,5
2023-01,8,2
2023-01,9,2
2023-01,10,2
2023-01,11,2
2023-01,12,2
2023-01,13,2
2023-01,14,2
2023-01,15,2
2023-01,16,2
2023-01,17,2
2023-01,18,1
2023-01,19,1
2023-01,20,2
2023-01,21,5
2023-01,22,3
2023-01,23,3
2023-01,25,5
2023-01,26,5
2023-01,27,5
2023-01,28,5
2023-01,29,5
2023-01,30,2
2023-01,31,2
2023-01,32,2
2023-01,33,2
2023-01,34,2
2023-01,35,2
2023-01,36,2
2023-01,37,2
2023-01,38,3
2023-01,39,2
2023-01,40,2
2023-01,41,2
2023-01,42,3
2023-01,43,2
2023-01,44,3
2023-01,45,2
2023-01,46,2
2023-01,47,2
2023-01,48,2
2023-01,49,3
2023-01,50,2
2023-01,51,2
2023-01,52,2
2023-01,53,2
2023-01,54,2
2023-01,55,2
2023-01,56,2
2023-01,57,3
2023-01,58,2
2023-01,59,2
2023-01,60,2
2023-01,61,2
2023-01,62,2
2023-01,63,2
2023-01,65,2
2023-01,66,5
2023-01,67,2
2023-01,68,2
2023-01,69,2
2023-01,70,3
2023-01,71,2
2023-01,72,2
2023-01,73,5
2023-01,74,2
2023-01,75,3
2023-01,76,5
2023-01,77,5
2023-01,78,2
2023-01,79,2
2023-01,80,2
2023-01,81,3
2023-01,82,2
2023-01,83,2
2023-01,167,3
2023-01,168,1
2023-01,169,3
2023-01,173,1
2023-01,181,1
2023-01,184,1
2023-01,185,2
2023-01,188,1
2023-01,191,2
2023-01,194,3
2023-01,195,3
2023-01,196,3
2023-01,198,1
2023-01,201,3
2023-01,203,3
2023-01,204,1
2023-01,205,1
2023-01,206,5
2023-01,207,5
2023-01,208,3
2023-01,209,1
2023-01,210,3
2023-01,211,4
2023-01,212,3
2023-01,213,3
2023-01,214,3
2023-01,215,3
2023-01,216,3
2023-01,217,3
2023-01,218,5
2023-01,219,3
2023-01,220,3
2023-01,221,4
2023-01,222,3
2023-01,223,3
2023-01,224,5
2023-01,225,4
2023-01,226,4
2023-01,227,4
2023-01,228,4
2023-01,229,4
2023-01,230,2
2023-01,231,3
2023-01,232,1
2023-01,233,3
2023-01,234,4
2023-01,235,3
2023-01,236,4
2023-01,237,3
2023-01,238,1
2023-01,239,3
2023-01,240,3
2023-01,241,3
2023-01,242,1
2023-01,243,2
2023-01,269,5
2023-01,270,3
2023-01,271,3
2023-01,272,2
2023-01,273,2
2023-01,274,3
2023-01,275,3
2023-01,276,3
2023-01,277,2
2023-01,278,5
2023-01,279,3
2023-01,280,3
2023-01,281,3
2023-01,282,2
2023-01,283,3
2023-01,284,3
2023-01,285,1
2023-01,287,1
2023-01,288,1
2023-01,289,1
2023-01,290,1
2023-01,292,1
2023-01,293,1
2023-01,294,1
2023-01,295,1
2023-01,296,1
2023-01,297,1
2023-01,298,3
2023-01,300,1
2023-01,301,3
2023-01,302,1
2023-01,303,3
2023-01,304,1
2023-01,305,1
2023-01,306,1
2023-01,307,1
2023-01,308,3
2023-01,309,5
2023-01,312,5
2023-01,314,2
2023-01,316,4
2023-01,317,2
2023-01,318,4
2023-01,319,2
2023-01,320,2
2023-01,321,2
2023-01,323,4
2023-01,324,2
2023-01,325,4
2023-01,326,2
2023-01,327,4
2023-01,329,2
2023-01,330,4
2023-01,331,4
2023-01,332,4
2023-01,333,3
2023-01,334,2
2023-01,335,4
2023-01,336,2
2023-01,337,2
2023-01,338,4
2023-01,339,2
2023-01,340,4
2023-01,341,4
2023-01,342,2
2023-01,343,2
2023-01,345,5
2023-01,346,3
2023-01,347,1
2023-01,348,1
2023-01,349,1
2023-01,351,3
2023-01,352,3
2023-01,354,5
2023-01,355,5
2023-01,356,2
2023-01,357,3
2023-01,358,1
2023-01,359,2
2023-01,360,3
2023-01,361,1
2023-01,362,5
2023-01,363,1
2023-01,364,2
2023-01,365,2
2023-01,366,3
2023-01,367,2
2023-01,368,3
2023-01,369,2
2023-01,370,5
2023-01,371,2
2023-01,372,2
2023-01,373,5
2023-01,374,3
2023-01,375,5
2023-01,376,2
2023-01,377,1
2023-01,378,2
2023-01,379,5
2023-01,380,3
2023-01,381,2
2023-01,382,3
2023-01,383,3
2023-01,384,2
2023-01,385,5
2023-01,386,1
2023-01,387,3
2023-01,388,2
2023-01,390,2
2023-01,391,2
2023-01,392,3
2023-01,393,3
2023-01,395,2
2023-01,396,2
2023-01,397,3
2023-01,398,3
2023-01,401,2
2023-01,402,2
2023-01,403,2
2023-01,404,3
2023-01,405,2
2023-01,408,2
2023-01,410,2
2023-01,413,2
2023-01,414,2
2023-01,416,3
2023-01,418,5
2023-01,419,5
2023-01,420,3
2023-01,421,3
2023-01,422,3
2023-01,423,1
2023-01,424,3
2023-01,425,2
2023-01,428,1
2023-01,429,1
2023-01,430,2
2023-01,431,3
2023-01,432,3
2023-01,433,1
2023-01,434,1
2023-01,435,2
2023-01,436,1
2023-01,437,1
2023-01,438,2
2023-01,440,3
2023-01,441,1
2023-01,442,2
2023-01,443,2
2023-01,444,2
2023-01,445,1
2023-01,446,2
2023-01,447,1
2023-01,448,5
2023-01,449,3
2023-01,450,3
2023-01,451,3
2023-01,452,3
2023-01,453,2
2023-01,455,2
2023-01,456,1
2023-01,457,1
2023-01,458,2
2023-01,459,2
2023-01,460,2
2023-01,478,5
2023-01,479,1
2023-01,480,3
2023-01,481,5
2023-01,482,3
2023-01,484,2
2023-01,485,2
2023-01,486,3
2023-01,487,1
2023-01,489,3
2023-01,490,2
2023-01,491,2
2023-01,492,3
2023-01,493,1
2023-01,494,2
2023-01,495,1
2023-01,496,1
2023-01,497,3
2023-01,498,3
2023-01,499,1
2023-01,501,3
2023-01,502,1
2023-01,503,3
2023-01,504,5
2023-01,505,3
2023-01,506,3
2023-01,507,3
2023-01,508,3
2023-01,509,3
2023-01,510,3
2023-01,511,3
2023-01,512,3
2023-01,515,2
2023-01,516,1
2023-01,517,2
2023-01,518,3
2023-01,519,2
2023-01,520,1
2023-01,521,1
2023-01,522,1
2023-01,523,1
2023-01,524,1
2023-01,525,1
2023-01,527,3
2023-01,528,1
2023-01,529,1
2023-01,530,1
2023-01,531,1
2023-01,532,1
2023-01,533,1
2023-01,534,1
2023-01,535,2
2023-01,536,1
2023-01,537,1
2023-01,538,3
2023-01,539,1
2023-01,540,1
2023-01,541,1
2023-01,542,1
2023-01,543,3
2023-01,544,1
2023-01,545,2
2023-01,546,1
2023-01,547,1
2023-01,548,1
2023-01,549,1
2023-01,550,2
2023-01,552,1
2023-01,553,1
2023-01,554,1
2023-01,555,1
2023-01,556,2
2023-01,557,1
2023-01,558,2
2023-01,559,3
2023-01,560,2
2023-01,561,1
2023-01,562,1
2023-01,563,1
2023-01,564,1
2023-01,565,1
2023-01,566,1
2023-01,567,2
2023-01,568,3
2023-01,569,1
2023-01,570,1
2023-01,571,1
2023-01,572,3
2023-01,574,1
2023-01,578,3
2023-01,579,2
2023-01,580,2
2023-01,581,2
2023-01,582,4
2023-01,583,2
2023-01,584,3
2023-01,585,3
2023-01,586,2
2023-01,587,2
2023-01,588,3
2023-01,589,2
2023-01,591,1
2023-01,592,2
2023-01,593,2
2023-01,594,1
2023-01,595,1
2023-01,598,1
2023-01,599,1
2023-01,600,2
2023-01,601,2
2023-01,602,2
2023-01,603,3
2023-01,604,2
2023-01,605,2
2023-01,606,2
2023-01,607,2
2023-01,608,5
2023-01,612,5
2023-01,613,4
2023-01,614,2
2023-01,615,2
2023-01,616,4
2023-01,618,4
2023-01,619,4
2023-01,621,4
2023-01,666,5
2023-01,667,5
2023-01,668,3
2023-01,669,3
2023-01,670,4
2023-01,671,3
2023-01,674,3
2023-01,675,3
2023-01,676,3
2023-01,677,3
2023-01,678,4
2023-01,679,3
2023-01,680,3
2023-01,683,1
2023-01,685,1
2023-01,686,3
2023-01,687,1
2023-01,689,3
2023-01,690,2
2023-01,691,1
2023-01,692,1
2023-01,693,2
2023-01,694,3
2023-01,695,1
2023-01,696,1
2023-01,697,3
2023-01,698,1
2023-01,699,1
2023-01,701,1
2023-01,702,3
2023-01,703,3
2023-01,704,2
2023-01,705,1
2023-01,706,1
2023-01,708,2
2023-01,710,1
2023-01,711,2
2023-01,712,1
2023-01,713,1
2023-01,714,3
2023-01,715,1
2023-01,716,4
2023-01,717,2
2023-01,718,4
2023-01,719,1
2023-01,720,4
2023-01,721,1
2023-01,722,3
2023-01,723,3
2023-01,725,3
2023-01,726,4
2023-01,727,5
2023-01,731,3
2023-01,734,3
2023-01,735,2
2023-01,736,3
2023-01,737,1
2023-01,738,3
2023-01,739,3
2023-01,741,3
2023-01,742,3
2023-01,743,3
2023-01,744,2
2023-01,745,3
2023-01,746,1
2023-01,747,3
2023-01,748,3
2023-01,749,3
2023-01,751,3
2023-01,752,1
2023-01,753,2
2023-01,754,3
2023-01,755,3
2023-01,756,3
2023-01,757,3
2023-01,758,1
2023-01,760,1
2023-01,761,1
2023-01,763,3
2023-01,764,1
2023-01,765,1
2023-01,766,3
2023-01,767,3
2023-01,769,1
2023-01,770,2
2023-01,771,1
2023-01,773,1
2023-01,774,3
2023-01,775,5
2023-01,776,2
2023-01,777,5
2023-01,778,5
2023-01,779,2
2023-01,780,2
2023-01,781,2
2023-01,782,5
2023-01,783,2
2023-01,784,2
2023-01,785,5
2023-01,787,2
2023-01,788,2
2023-01,789,2
2023-01,790,2
2023-01,791,2
2023-01,792,2
2023-01,793,2
2023-01,794,2
2023-01,795,2
2023-01,796,2
2023-01,797,2
2023-01,798,3
2023-01,799,4
2023-01,800,2
2023-01,801,2
2023-01,802,2
2023-01,803,2
2023-01,804,2
2023-01,805,2
2023-01,806,3
2023-01,807,2
2023-01,808,1
2023-01,809,5
2023-01,810,1
2023-01,811,3
2023-01,812,5
2023-01,813,3
2023-01,814,1
2023-01,815,1
2023-01,817,3
2023-01,818,3
2023-01,819,5
2023-01,820,3
2023-01,821,1
2023-01,822,1
2023-01,823,1
2023-01,824,5
2023-01,825,1
2023-01,826,1
2023-01,827,1
2023-01,828,1
2023-01,829,1
2023-01,830,3
2023-01,831,1
2023-01,832,1
2023-01,833,3
2023-01,834,1
2023-01,835,1
2023-01,836,1
2023-01,838,1
2023-01,839,1
2023-01,840,1
2023-01,841,5
2023-01,842,5
2023-01,843,5
2023-01,844,4
2023-01,846,5
2023-01,847,4
2023-01,848,4
2023-01,849,2
2023-01,851,2
2023-01,852,2
2023-01,853,4
2023-01,854,2
2023-01,855,2
2023-01,856,4
2023-01,857,4
2023-01,859,2
2023-01,860,5
2023-01,870,2
2023-01,871,2
2023-01,872,5
2023-01,873,3
2023-01,874,2
2023-01,875,4
2023-01,876,2
2023-01,877,2
2023-01,878,4
2023-01,879,2
2023-01,880,2
2023-01,881,3
2023-01,882,2
2023-01,883,4
2023-01,884,4
2023-01,885,2
2023-01,886,4
2023-01,888,4
2023-01,889,2
2023-01,890,5
2023-01,891,4
2023-01,892,4
2023-01,895,4
2023-01,896,5
2023-01,897,3
2023-01,898,3
2023-01,899,3
2023-01,900,1
2023-01,901,3
2023-01,902,3
2023-01,903,3
2023-01,904,1
2023-01,905,3
2023-01,907,3
2023-01,908,3
2023-01,909,3
2023-01,911,3
2023-01,912,5
2023-01,913,3
2023-01,914,3
2023-01,915,3
2023-01,916,5
2023-01,917,5
2023-01,918,5
2023-01,920,3
2023-01,922,1
2023-01,923,1
2023-01,924,1
2023-01,925,3
2023-01,926,1
2023-01,927,3
2023-01,928,2
2023-01,929,1
2023-01,930,1
2023-01,986,5
2023-01,987,3
2023-01,988,5
2023-01,989,3
2023-01,991,3
2023-01,992,3
2023-01,993,3
2023-01,994,3
2023-01,995,3
2023-01,996,3
2023-01,998,3
2023-01,999,3
2023-01,1001,3
2023-01,1002,3
2023-01,1003,3
2023-01,1004,3
2023-01,1005,3
2023-01,1006,3
2023-01,1007,5
2023-01,1008,5
2023-01,1009,3
2023-01,1010,3
2023-01,1011,1
2023-01,1012,3
2023-01,1013,1
2023-01,1014,1
2023-01,1015,3
2023-01,1016,1
2023-01,1017,3
2023-01,1018,1
2023-01,1019,3
2023-01,1020,3
2023-01,1021,3
2023-01,1023,1
2023-01,1024,1
2023-01,1025,3
2023-01,1026,3
2023-01,1027,1
2023-01,1028,1
2023-01,1029,1
2023-01,1030,1
2023-01,1031,1
2023-01,1032,1
2023-01,1033,1
2023-01,1034,1
2023-01,1035,1
2023-01,1036,1
2023-01,1037,3
2023-01,1038,1
2023-01,1039,3
2023-01,1040,1
2023-01,1041,1
2023-01,1044,1
2023-01,1047,3
2023-01,1048,2
2023-01,1049,3
2023-01,1051,3
2023-01,1052,2
2023-01,1053,3
2023-01,1054,5
2023-01,1055,2
2023-01,1056,3
2023-01,1057,3
2023-01,1058,3
2023-01,1059,2
2023-01,1060,3
2023-01,1061,2
2023-01,1062,2
2023-01,1063,3
2023-01,1064,1
2023-01,1065,1
2023-01,1066,3
2023-01,1067,1
2023-01,1068,3
2023-01,1069,3
2023-01,1070,3
2023-01,1071,3
2023-01,1072,3
2023-01,1107,5
2023-01,1108,3
2023-01,1109,3
2023-01,1110,3
2023-01,1111,3
2023-01,1112,3
2023-01,1113,3
2023-01,1115,3
2023-01,1116,1
2023-01,1117,5
2023-01,1118,1
2023-01,1119,3
2023-01,1120,3
2023-01,1121,3
2023-01,1122,1
2023-01,1123,3
2023-01,1124,1
2023-01,1125,3
2023-01,1126,1
2023-01,1127,3
2023-01,1128,3
2023-01,1129,3
2023-01,1130,3
2023-01,1131,3
2023-01,1132,3
2023-01,1133,1
2023-01,1134,5
2023-01,1135,5
2023-01,1136,5
2023-01,1137,1
2023-01,1138,3
2023-01,1139,1
2023-01,1140,3
2023-01,1141,5
2023-01,1142,2
2023-01,1143,3
2023-01,1144,1
2023-01,1146,3
2023-01,1147,3
2023-01,1148,2
2023-01,1149,2
2023-01,1150,5
2023-01,1151,2
2023-01,1152,4
2023-01,1153,5
2023-01,1154,2
2023-01,1155,2
2023-01,1157,3
2023-01,1158,3
2023-01,1159,2
2023-01,1160,3
2023-01,1161,3
2023-01,1163,3
2023-01,1164,2
2023-01,1165,4
2023-01,1166,1
2023-01,1167,1
2023-01,1168,3
2023-01,1169,5
2023-01,1170,2
2023-01,1171,2
2023-01,1172,2
2023-01,1173,1
2023-01,1174,2
2023-01,1175,2
2023-01,1176,5
2023-01,1178,2
2023-01,1179,3
2023-01,1180,4
2023-01,1181,3
2023-01,1184,4
2023-01,1185,3
2023-01,1186,5
2023-01,1187,3
2023-01,1188,5
2023-01,1189,3
2023-01,1190,5
2023-01,1191,3
2023-01,1192,3
2023-01,1193,3
2023-01,1194,3
2023-01,1195,3
2023-01,1196,3
2023-01,1197,3
2023-01,1198,5
2023-01,1200,3
2023-01,1201,1
2023-01,1203,3
2023-01,1204,1
2023-01,1205,1
2023-01,1206,3
2023-01,1207,3
2023-01,1208,1
2023-01,1209,3
2023-01,1210,3
2023-01,1211,3
2023-01,1212,3
2023-01,1213,3
2023-01,1214,3
2023-01,1215,3
2023-01,1217,1
2023-01,1218,3
2023-01,1219,3
2023-01,1220,1
2023-01,1221,3
2023-01,1222,1
2023-01,1223,1
2023-01,1224,5
2023-01,1225,3
2023-01,1226,3
2023-01,1227,3
2023-01,1228,3
2023-01,1229,3
2023-01,1230,3
2023-01,1231,5
2023-01,1232,3
2023-01,1233,5
2023-01,1234,3
2023-01,1235,3
2023-01,1236,5
2023-01,1237,3
2023-01,1238,3
2023-01,1240,2
2023-01,1241,3
2023-01,1242,1
2023-01,1243,5
2023-01,1244,3
2023-01,1246,1
2023-01,1249,1
2023-01,1250,5
2023-01,1251,1
2023-01,1252,3
2023-01,1253,1
2023-01,1254,1
2023-01,1256,1
2023-01,1257,3
2023-01,1258,5
2023-01,1259,3
2023-01,1260,4
2023-01,1261,3
2023-01,1262,3
2023-01,1264,2
2023-01,1265,3
2023-01,1266,1
2023-01,1267,1
2023-01,1268,3
2023-01,1269,1
2023-01,1270,3
2023-01,1271,1
2023-01,1272,3
2023-01,1273,1
2023-01,1274,1
2023-01,1275,3
2023-01,1276,2
2023-01,1277,3
2023-01,1278,3
2023-01,1279,1
2023-01,1280,3
2023-01,1281,3
2023-01,1282,2
2023-01,1284,3
2023-01,1285,3
2023-01,1286,3
2023-01,1287,3
2023-01,1288,1
2023-01,1289,1
2023-01,1290,2
2023-01,1291,2
2023-01,1292,1
2023-01,1293,3
2023-01,1294,3
2023-01,1295,3
2023-01,1296,1
2023-01,1297,2
2023-01,1298,1
2023-01,1299,1
2023-01,1300,2
2023-01,1301,3
2023-01,1302,3
2023-01,1303,5
2023-01,1304,3
2023-01,1305,4
2023-01,1306,3
2023-01,1308,3
2023-01,1309,1
2023-01,1310,3
2023-01,1311,1
2023-01,1312,3
2023-01,1313,1
2023-01,1314,1
2023-01,1315,5
2023-01,1316,3
2023-01,1317,1
2023-01,1319,1
2023-01,1320,1
2023-01,1321,3
2023-01,1322,1
2023-01,1323,1
2023-01,1324,2
2023-01,1325,1
2023-01,1326,3
2023-01,1327,1
2023-01,1328,1
2023-01,1329,3
2023-01,1330,1
2023-01,1331,1
2023-01,1333,3
2023-01,1334,3
2023-01,1335,1
2023-01,1336,1
2023-01,1337,1
2023-01,1338,3
2023-01,1339,1
2023-01,1340,1
2023-01,1341,3
2023-01,1343,2
2023-01,1344,1
2023-01,1345,1
2023-01,1346,1
2023-01,1347,3
2023-01,1348,1
2023-01,1349,1
2023-01,1350,1
2023-01,1351,2
2023-01,1352,2
2023-01,1353,1
2023-01,1355,1
2023-01,1356,1
2023-01,1357,2
2023-01,1358,1
2023-01,1392,3
2023-01,1393,3
2023-01,1394,3
2023-01,1395,5
2023-01,1396,5
2023-01,1397,5
2023-01,1398,5
2023-01,1399,4
2023-01,1400,5
2023-01,1401,3
2023-01,1402,5
2023-01,1403,5
2023-01,1404,3
2023-01,1405,3
2023-01,1406,3
2023-01,1407,3
2023-01,1408,5
2023-01,1409,5
2023-01,1410,5
2023-01,1411,3
2023-01,1412,1
2023-01,1413,3
2023-01,1414,3
2023-01,1415,1
2023-01,1416,1
2023-01,1417,1
2023-01,1419,1
2023-01,1420,1
2023-01,1421,3
2023-01,1422,3
2023-01,1423,1
2023-01,1425,3
2023-01,1426,1
2023-01,1427,3
2023-01,1428,1
2023-01,1429,3
2023-01,1430,5
2023-01,1431,3
2023-01,1438,4
2023-01,1439,5
2023-01,1440,5
2023-01,1443,5
2023-01,1444,5
2023-01,1445,5
2023-01,1446,5
2023-01,1447,5
2023-01,1448,5
2023-01,1449,3
2023-01,1453,5
2023-01,1454,3
2023-01,1456,5
2023-01,1457,5
2023-01,1459,5
2023-01,1461,5
2023-01,1463,3
2023-01,1464,5
2023-01,1465,5
2023-01,1467,5
2023-01,1468,5
2023-01,1472,5
2023-01,1473,3
2023-01,1474,3
2023-01,1475,5
2023-01,1477,3
2023-01,1478,3
2023-01,1480,5
2023-01,1481,5
2023-01,1483,3
2023-01,1484,5
2023-01,1486,3
2023-01,1488,5
2023-01,1489,3
2023-01,1490,5
2023-01,1491,5
2023-01,1492,5
2023-01,1493,5
2023-01,1494,3
2023-01,1495,5
2023-01,1496,5
2023-01,1500,5
2023-01,1501,5
2023-01,1504,3
2023-01,1506,5
2023-01,1507,4
2023-01,1508,4
2023-01,1509,4
2023-01,1510,4
2023-01,1511,4
2023-01,1512,4
2023-01,1518,4
2023-01,1519,4
2023-01,1520,3
2023-01,1521,4
2023-01,1522,3
2023-01,1523,5
2023-01,1525,3
2023-01,1526,3
2023-01,1527,5
2023-01,1528,3
2023-01,1529,3
2023-01,1530,3
2023-01,1532,1
2023-01,1533,3
2023-01,1534,3
2023-01,1535,3
2023-01,1536,3
2023-01,1537,3
2023-01,1539,3
2023-01,1540,3
2023-01,1541,1
2023-01,1542,3
2023-01,1543,1
2023-01,1544,1
2023-01,1545,1
2023-01,1546,3
2023-01,1547,1
2023-01,1548,1
2023-01,1549,3
2023-01,1550,1
2023-01,1551,1
2023-01,1552,1
2023-01,1553,3
2023-01,1554,3
2023-01,1555,1
2023-01,1556,3
2023-01,1557,3
2023-01,1558,1
2023-01,1559,1
2023-01,1560,5
2023-01,1561,1
2023-01,1562,3
2023-01,1563,3
2023-01,1564,1
2023-01,1565,3
2023-01,1566,1
2023-01,1567,1
2023-01,1568,3
2023-01,1569,1
2023-01,1570,1
2023-01,1571,1
2023-01,1572,1
2023-01,1573,1
2023-01,1574,3
2023-01,1575,5
2023-01,1577,3
2023-01,1578,3
2023-01,1579,1
2023-01,1580,1
2023-01,1581,3
2023-01,1582,1
2023-01,1583,3
2023-01,1584,1
2023-01,1585,1
2023-01,1586,5
2023-01,1587,3
2023-01,1588,3
2023-01,1589,3
2023-01,1590,1
2023-01,1591,1
2023-01,1592,3
2023-01,1593,1
2023-01,1594,1
2023-01,1595,3
2023-01,1596,1
2023-01,1597,5
2023-01,1598,5
2023-01,1599,3
2023-01,1600,5
2023-01,1601,5
2023-01,1602,1
2023-01,1603,3
2023-01,1604,3
2023-01,1605,1
2023-01,1606,1
2023-01,1607,1
2023-01,1608,3
2023-01,1609,1
2023-01,1610,3
2023-01,1611,1
2023-01,1612,3
2023-01,1613,1
2023-01,1614,1
2023-01,1615,3
2023-01,1616,1
2023-01,1617,1
2023-01,1618,1
2023-01,1619,3
2023-01,1620,5
2023-01,1621,1
2023-01,1622,1
2023-01,1623,3
2023-01,1624,3
2023-01,1625,1
2023-01,1626,1
2023-01,1627,1
2023-01,1628,1
2023-01,1629,1
2023-01,1630,1
2023-01,1631,3
2023-01,1632,5
2023-01,1633,3
2023-01,1634,3
2023-01,1635,2
2023-01,1636,3
2023-01,1637,1
2023-01,1638,3
2023-01,1639,3
2023-01,1640,1
2023-01,1641,3
2023-01,1642,1
2023-01,1643,3
2023-01,1644,3
2023-01,1645,3
2023-01,1646,1
2023-01,1647,1
2023-01,1648,1
2023-01,1649,2
2023-01,1650,1
2023-01,1651,2
2023-01,1652,3
2023-01,1653,3
2023-01,1654,3
2023-01,1655,3
2023-01,1656,3
2023-01,1657,2
2023-01,1658,3
2023-01,1659,3
2023-01,1660,1
2023-01,1661,1
2023-01,1662,2
2023-01,1663,3
2023-01,1664,1
2023-01,1665,5
2023-01,1666,1
2023-01,1667,3
2023-01,1668,3
2023-01,1669,4
2023-01,1670,3
2023-01,1671,3
2023-01,1672,4
2023-01,1673,4
2023-01,1674,3
2023-01,1675,3
2023-01,1676,4
2023-01,1678,1
2023-01,1679,3
2023-01,1680,1
2023-01,1681,3
2023-01,1682,3
2023-01,1683,3
2023-01,1685,3
2023-01,1686,3
2023-01,1687,3
2023-01,1688,3
2023-01,1689,1
2023-01,1690,1
2023-01,1691,2
2023-01,1692,3
2023-01,1693,2
2023-01,1694,3
2023-01,1696,3
2023-01,1697,3
2023-01,1698,1
2023-01,1699,2
2023-01,1700,3
2023-01,1701,3
2023-01,1702,1
2023-01,1703,3
2023-01,1704,3
2023-01,1705,3
2023-01,1706,3
2023-01,1707,5
2023-01,1708,3
2023-01,1709,3
2023-01,1710,3
2023-01,1711,1
2023-01,1712,1
2023-01,1714,1
2023-01,1715,3
2023-01,1717,3
2023-01,1718,1
2023-01,1719,3
2023-01,1722,1
2023-01,1724,1
2023-01,1725,1
2023-01,1726,5
2023-01,1727,1
2023-01,1728,3
2023-01,1730,2
2023-01,1731,3
2023-01,1732,1
2023-01,1733,3
2023-01,1737,1
2023-01,1738,1
2023-01,1739,1
2023-01,1740,3
2023-01,1741,1
2023-01,1742,3
2023-01,1743,1
2023-01,1744,1
2023-01,1745,3
2023-01,1746,1
2023-01,1747,1
2023-01,1749,1
2023-01,1750,1
2023-01,1751,2
2023-01,1752,3
2023-01,1753,1
2023-01,1754,2
2023-01,1755,1
2023-01,1756,1
2023-01,1757,1
2023-01,1758,5
2023-01,1759,3
2023-01,1760,2
2023-01,1761,1
2023-01,1762,1
2023-01,1764,5
2023-01,1765,3
2023-01,1766,3
2023-01,1768,3
2023-01,1769,3
2023-01,1770,3
2023-01,1771,1
2023-01,1773,1
2023-01,1774,1
2023-01,1775,1
2023-01,1776,3
2023-01,1777,1
2023-01,1778,3
2023-01,1780,3
2023-01,1781,1
2023-01,1782,3
2023-01,1783,5
2023-01,1784,1
2023-01,1785,3
2023-01,1786,3
2023-01,1787,1
2023-01,1788,3
2023-01,1845,5
2023-01,1846,3
2023-01,1848,1
2023-01,1849,1
2023-01,1850,1
2023-01,1851,3
2023-01,1852,1
2023-01,1853,1
2023-01,1854,1
2023-01,1855,1
2023-01,1856,1
2023-01,1857,3
2023-01,1858,3
2023-01,1859,3
2023-01,1860,1
2023-01,1861,3
2023-01,1862,1
2023-01,1863,3
2023-01,1864,1
2023-01,1865,1
2023-01,1868,1
2023-01,1869,1
2023-01,1870,1
2023-01,1871,3
2023-01,1872,1
2023-01,1873,1
2023-01,1874,5
2023-01,1875,3
2023-01,1876,3
2023-01,1877,5
2023-01,1878,3
2023-01,1879,3
2023-01,1880,1
2023-01,1881,5
2023-01,1883,3
2023-01,1884,1
2023-01,1885,3
2023-01,1886,3
2023-01,1887,1
2023-01,1888,1
2023-01,1889,3
2023-01,1890,5
2023-01,1891,1
2023-01,1892,1
2023-01,1893,3
2023-01,1894,3
2023-01,1895,3
2023-01,1896,1
2023-01,1897,1
2023-01,1898,3
2023-01,1899,3
2023-01,1900,3
2023-01,1901,1
2023-01,1902,1
2023-01,1903,1
2023-01,1904,3
2023-01,1905,5
2023-01,1906,3
2023-01,1907,1
2023-01,1908,1
2023-01,1909,1
2023-01,1910,3
2023-01,1912,3
2023-01,1915,1
2023-01,1916,1
2023-01,1917,3
2023-01,1918,1
2023-01,1919,3
2023-01,1920,3
2023-01,1921,1
2023-01,1922,3
2023-01,1923,3
2023-01,1924,1
2023-01,1925,1
2023-01,1926,1
2023-01,1927,1
2023-01,1928,1
2023-01,1929,1
2023-01,1930,1
2023-01,1931,3
2023-01,1932,1
2023-01,1933,1
2023-01,1934,3
2023-01,1935,1
2023-01,1936,3
2023-01,1937,3
2023-01,1938,3
2023-01,1939,3
2023-01,1940,1
2023-01,1941,1
2023-01,1942,1
2023-01,1943,1
2023-01,1944,3
2023-01,1945,1
2023-01,1947,3
2023-01,1948,3
2023-01,1949,1
2023-01,1950,3
2023-01,1951,3
2023-01,1952,5
2023-01,1954,2
2023-01,1955,2
2023-01,1956,2
2023-01,1957,5
2023-01,1958,4
2023-01,1959,2
2023-01,1960,2
2023-01,1961,5
2023-01,1962,4
2023-01,1963,2
2023-01,1965,2
2023-01,1966,2
2023-01,1967,2
2023-01,1968,4
2023-01,1969,4
2023-01,1970,4
2023-01,1971,5
2023-01,1972,3
2023-01,1973,3
2023-01,1974,3
2023-01,1975,3
2023-01,1976,3
2023-01,1977,5
2023-01,1978,3
2023-01,1979,5
2023-01,1980,5
2023-01,1981,3
2023-01,1982,5
2023-01,1983,3
2023-01,1984,3
2023-01,1985,3
2023-01,1986,5
2023-01,1987,3
2023-01,1988,3
2023-01,1989,3
2023-01,1990,4
2023-01,1991,3
2023-01,1992,4
2023-01,1993,5
2023-01,1994,3
2023-01,1995,3
2023-01,1996,3
2023-01,1997,3
2023-01,1999,5
2023-01,2000,5
2023-01,2001,3
2023-01,2002,3
2023-01,2004,5
2023-01,2005,3
2023-01,2006,5
2023-01,2007,3
2023-01,2008,3
2023-01,2009,3
2023-01,2010,3
2023-01,2011,3
2023-01,2012,3
2023-01,2015,3
2023-01,2017,2
2023-01,2018,3
2023-01,2019,3
2023-01,2021,3
2023-01,2022,1
2023-01,2023,3
2023-01,2024,2
2023-01,2025,2
2023-01,2027,3
2023-01,2028,3
2023-01,2030,3
2023-01,2031,3
2023-01,2032,5
2023-01,2033,5
2023-01,2034,3
2023-01,2035,3
2023-01,2036,3
2023-01,2037,1
2023-01,2039,3
2023-01,2040,4
2023-01,2041,3
2023-01,2042,3
2023-01,2043,1
2023-01,2044,5
2023-01,2045,3
2023-01,2046,3
2023-01,2047,3
2023-01,2048,3
2023-01,2049,1
2023-01,2050,1
2023-01,2051,3
2023-01,2052,3
2023-01,2053,3
2023-01,2054,1
2023-01,2055,3
2023-01,2056,1
2023-01,2057,1
2023-01,2058,1
2023-01,2059,3
2023-01,2060,3
2023-01,2061,3
2023-01,2062,3
2023-01,2063,5
2023-01,2064,3
2023-01,2065,1
2023-01,2066,1
2023-01,2067,1
2023-01,2068,1
2023-01,2069,3
2023-01,2070,3
2023-01,2072,1
2023-01,2073,3
2023-01,2074,3
2023-01,2075,1
2023-01,2076,1
2023-01,2077,1
2023-01,2078,1
2023-01,2079,1
2023-01,2080,1
2023-01,2081,3
2023-01,2082,1
2023-01,2085,1
2023-01,2087,1
2023-01,2088,1
2023-01,2089,1
2023-01,2090,1
2023-01,2091,1
2023-01,2093,1
2023-01,2094,3
2023-01,2095,1
2023-01,2096,1
2023-01,2098,1
2023-01,2100,1
2023-01,2101,5
2023-01,2105,3
2023-01,2108,3
2023-01,2109,3
2023-01,2110,1
2023-01,2111,3
2023-01,2112,3
2023-01,2113,3
2023-01,2114,3
2023-01,2116,1
2023-01,2117,1
2023-01,2118,3
2023-01,2119,5
2023-01,2120,3
2023-01,2121,3
2023-01,2122,3
2023-01,2124,3
2023-01,2125,1
2023-01,2126,3
2023-01,2127,1
2023-01,2128,3
2023-01,2129,1
2023-01,2130,1
2023-01,2131,3
2023-01,2132,1
2023-01,2133,1
2023-01,2134,1
2023-01,2136,1
2023-01,2137,1
2023-01,2138,1
2023-01,2139,3
2023-01,2140,1
2023-01,2142,1
2023-01,2143,1
2023-01,2144,5
2023-01,2145,3
2023-01,2146,4
2023-01,2148,4
2023-01,2149,3
2023-01,2150,1
2023-01,2151,3
2023-01,2152,1
2023-01,2153,3
2023-01,2154,3
2023-01,2155,3
2023-01,2156,1
2023-01,2157,1
2023-01,2158,3
2023-01,2159,1
2023-01,2160,3
2023-01,2161,5
2023-01,2162,1
2023-01,2163,3
2023-01,2164,5
2023-01,2165,3
2023-01,2167,3
2023-01,2168,3
2023-01,2169,3
2023-01,2171,1
2023-01,2172,3
2023-01,2173,3
2023-01,2174,3
2023-01,2175,3
2023-01,2176,3
2023-01,2177,3
2023-01,2178,3
2023-01,2179,3
2023-01,2180,3
2023-01,2181,3
2023-01,2182,3
2023-01,2183,3
2023-01,2184,3
2023-01,2185,1
2023-01,2186,3
2023-01,2187,3
2023-01,2188,3
2023-01,2189,3
2023-01,2190,5
2023-01,2191,2
2023-01,2192,2
2023-01,2193,5
2023-01,2194,2
2023-01,2195,1
2023-01,2196,1
2023-01,2197,1
2023-01,2198,2
2023-01,2199,2
2023-01,2200,1
2023-01,2201,2
2023-01,2202,2
2023-01,2203,2
2023-01,2204,3
2023-01,2205,1
2023-01,2206,1
2023-01,2207,1
2023-01,2208,2
2023-01,2210,5
2023-01,2211,3
2023-01,2212,3
2023-01,2213,1
2023-01,2215,2
2023-01,2216,5
2023-01,2217,5
2023-01,2218,4
2023-01,2219,4
2023-01,2220,5
2023-01,2221,5
2023-01,2222,4
2023-01,2223,4
2023-01,2224,5
2023-01,2225,4
2023-01,2226,5
2023-01,2227,5
2023-01,2228,5
2023-01,2229,4
2023-01,2230,3
2023-01,2231,5
2023-01,2232,5
2023-01,2233,4
2023-01,2234,3
2023-01,2235,5
2023-01,2236,4
2023-01,2237,5
2023-01,2238,5
2023-01,2241,4
2023-01,2242,5
2023-01,2243,5
2023-01,2244,4
2023-01,2245,4
2023-01,2248,4
2023-01,2249,4
2023-01,2250,4
2023-01,2251,5
2023-01,2252,3
2023-01,2253,3
2023-01,2254,1
2023-01,2255,1
2023-01,2256,1
2023-01,2257,1
2023-01,2258,1
2023-01,2259,1
2023-01,2260,1
2023-01,2262,1
2023-01,2264,3
2023-01,2265,1
2023-01,2266,1
2023-01,2267,1
2023-01,2268,1
2023-01,2269,1
2023-01,2270,1
2023-01,2271,1
2023-01,2272,3
2023-01,2274,1
2023-01,2275,5
2023-01,2276,3
2023-01,2278,3
2023-01,2279,3
2023-01,2280,3
2023-01,2281,5
2023-01,2282,5
2023-01,2286,3
2023-01,2287,3
2023-01,2288,3
2023-01,2289,3
2023-01,2292,3
2023-01,2293,3
2023-01,2294,3
2023-01,2295,3
2023-01,2296,3
2023-01,2297,3
2023-01,2298,3
2023-01,2299,3
2023-01,2300,3
2023-01,2301,3
2023-01,2302,3
2023-01,2303,3
2023-01,2304,3
2023-01,2305,1
2023-01,2307,1
2023-01,2308,1
2023-01,2309,3
2023-01,2310,3
2023-01,2311,3
2023-01,2312,5
2023-01,2314,3
2023-01,2315,3
2023-01,2316,3
2023-01,2317,2
2023-01,2318,5
2023-01,2320,4
2023-01,2321,3
2023-01,2322,3
2023-01,2323,1
2023-01,2324,3
2023-01,2325,3
2023-01,2326,3
2023-01,2327,3
2023-01,2328,3
2023-01,2329,3
2023-01,2330,3
2023-01,2332,3
2023-01,2333,3
2023-01,2334,3
2023-01,2335,3
2023-01,2336,3
2023-01,2337,5
2023-01,2338,4
2023-01,2339,2
2023-01,2340,3
2023-01,2341,4
2023-01,2342,2
2023-01,2343,2
2023-01,2344,5
2023-01,2345,4
2023-01,2348,4
2023-01,2349,4
2023-01,2351,5
2023-01,2352,5
2023-01,2353,5
2023-01,2354,5
2023-01,2355,5
2023-01,2356,5
2023-01,2357,5
2023-01,2358,5
2023-01,2359,5
2023-01,2360,5
2023-01,2361,5
2023-01,2362,5
2023-01,2363,5
2023-01,2364,5
2023-01,2365,5
2023-01,2366,5
2023-01,2367,5
2023-01,2368,5
2023-01,2369,5
2023-01,2370,5
2023-01,2371,5
2023-01,2372,5
2023-01,2373,5
2023-01,2374,5
2023-01,2375,5
2023-01,2376,5
2023-01,2377,5
2023-01,2378,5
2023-01,2379,5
2023-01,2380,5
2023-01,2381,5
2023-01,2382,5
2023-01,2383,5
2023-01,2384,5
2023-01,2385,5
2023-01,2386,5
2023-01,2387,5
2023-01,2388,5
2023-01,2389,5
2023-01,2390,5
2023-01,2391,5
2023-01,2392,5
2023-01,2393,5
2023-01,2395,5
2023-01,2398,5
2023-01,2399,5
2023-01,2400,5
2023-01,2401,5
2023-01,2402,5
2023-01,2403,5
2023-01,2404,5
2023-01,2405,5
2023-01,2406,5
2023-01,2407,5
2023-01,2408,5
2023-01,2409,5
2023-01,2410,5
2023-01,2411,5
2023-01,2412,5
2023-01,2416,5
2023-01,2422,5
2023-01,2423,5
2023-01,2424,5
2023-01,2425,5
2023-01,2426,5
2023-01,2427,5
2023-01,2428,5
2023-01,2429,5
2023-01,2430,5
2023-01,2431,5
2023-01,2432,5
2023-01,2433,5
2023-01,2434,5
2023-01,2435,5
2023-01,2436,5
2023-01,2437,5
2023-01,2439,5
2023-01,2440,5
2023-01,2441,5
2023-01,2442,5
2023-01,2443,5
2023-01,2444,5
2023-01,2445,5
2023-01,2446,5
2023-01,2447,5
2023-01,2449,5
2023-01,2450,5
2023-01,2451,5
2023-01,2452,5
2023-01,2453,5
2023-01,2454,5
2023-01,2455,5
2023-01,2456,5
2023-01,2457,5
2023-01,2458,5
2023-01,2459,5
2023-01,2460,5
2023-01,2461,5
2023-01,2462,5
2023-01,2463,5
2023-01,2464,5
2023-01,2465,5
2023-01,2466,5
2023-01,2467,5
2023-01,2468,5
2023-01,2469,5
2023-01,2470,5
2023-01,2471,5
2023-01,2472,5
2023-01,2473,5
2023-01,2474,5
2023-01,2475,5
2023-01,2476,5
2023-01,2477,5
2023-01,2478,5
2023-01,2479,5
2023-01,2480,5
2023-01,2481,5
2023-01,2482,5
2023-01,2483,5
2023-01,2484,5
2023-01,2485,5
2023-01,2486,5
2023-01,2487,5
2023-01,2488,5
2023-01,2489,5
2023-01,2490,5
2023-01,2491,5
2023-01,2492,5
2023-01,2493,5
2023-01,2494,5
2023-01,2495,5
2023-01,2496,5
2023-01,2497,5
2023-01,2498,5
2023-01,2499,5
2023-01,2500,5
2023-01,2501,5
2023-01,2502,5
2023-01,2503,5
2023-01,2504,5
2023-01,2505,5
2023-01,2506,5
2023-01,2507,5
2023-01,2508,5
2023-01,2509,5
2023-01,2510,5
2023-01,2511,5
2023-01,2512,5
2023-01,2513,5
2023-01,2514,5
2023-01,2515,5
2023-01,2516,5
2023-01,2517,5
2023-01,2518,5
2023-01,2519,5
2023-01,2520,5
2023-01,2521,5
2023-01,2522,5
2023-01,2523,5
2023-01,2524,5
2023-01,2525,5
2023-01,2526,5
2023-01,2527,5
2023-01,2528,5
2023-01,2529,5
2023-01,2530,5
2023-01,2531,5
2023-01,2532,5
2023-01,2533,5
2023-01,2534,5
2023-01,2535,5
2023-01,2536,5
2023-01,2537,5
2023-01,2538,5
2023-01,2539,5
2023-01,2540,5
2023-01,2541,5
2023-01,2542,5
2023-01,2543,5
2023-01,2544,5
2023-01,2545,5
2023-01,2546,5
2023-01,2547,5
2023-01,2548,5
2023-01,2549,5
2023-01,2550,5
2023-01,2551,5
2023-01,2552,5
2023-01,2553,5
2023-01,2554,5
2023-01,2555,5
2023-01,2556,5
2023-01,2557,5
2023-01,2558,5
2023-01,2559,5
2023-01,2560,5
2023-01,2561,5
2023-01,2562,5
2023-01,2563,5
2023-01,2564,5
2023-01,2565,5
2023-01,2566,5
2023-01,2567,5
2023-01,2568,5
2023-01,2569,5
2023-01,2570,5
2023-01,2571,5
2023-01,2572,5
2023-01,2573,5
2023-01,2574,5
2023-01,2575,5
2023-01,2576,5
2023-01,2577,5
2023-01,2578,5
2023-01,2579,5
2023-01,2580,5
2023-01,2581,5
2023-01,2582,5
2023-01,2583,5
2023-01,2584,5
2023-01,2585,5
2023-01,2586,5
2023-01,2587,5
2023-01,2588,5
2023-01,2589,5
2023-01,2590,5
2023-01,2591,5
2023-01,2592,5
2023-01,2593,3
2023-01,2595,5
2023-01,2596,5
2023-01,2597,5
2023-01,2598,5
2023-01,2599,5
2023-01,2600,5
2023-01,2601,5
2023-01,2602,5
2023-01,2604,5
2023-01,2605,5
2023-01,2606,5
2023-01,2607,5
2023-01,2618,3
2023-01,2619,3
2023-01,2620,5
2023-01,2621,5
2023-01,2644,5
2023-01,2646,5
2023-01,2647,3
2023-01,2648,5
2023-01,2649,5
2023-01,2651,5
2023-01,2652,5
2023-01,2710,3
2023-01,2808,5
2023-01,2809,3
2023-01,2813,3
2023-01,2814,5
2023-01,2872,3
2023-01,2876,5
2023-01,2879,4
2023-01,2880,5
2023-01,2881,3
2023-01,2882,5
2023-01,2883,3
2023-01,2884,3
2023-01,2885,3
2023-01,2886,3
2023-01,2887,5
2023-01,3005,3
2023-01,3007,3
2023-01,3009,5
2023-01,3011,3
2023-01,3012,3
2023-01,3013,5
2023-02,1,5
2023-02,2,1
2023-02,3,3
2023-02,4,1
2023-02,5,1
2023-02,6,3
2023-02,7,5
2023-02,8,2
2023-02,9,2
2023-02,10,2
2023-02,11,2
2023-02,12,2
2023-02,13,2
2023-02,14,2
2023-02,15,2
2023-02,16,2
2023-02,17,2
2023-02,18,2
2023-02,19,2
2023-02,20,2
2023-02,21,5
2023-02,22,3
2023-02,23,3
2023-02,25,5
2023-02,26,5
2023-02,27,5
2023-02,28,3
2023-02,29,5
2023-02,30,2
2023-02,31,2
2023-02,32,2
2023-02,33,2
2023-02,34,2
2023-02,35,2
2023-02,36,2
2023-02,37,2
2023-02,38,3
2023-02,39,2
2023-02,40,2
2023-02,41,2
2023-02,42,3
2023-02,43,2
2023-02,44,3
2023-02,45,2
2023-02,46,2
2023-02,47,2
2023-02,48,2
2023-02,49,3
2023-02,50,2
2023-02,51,2
2023-02,52,2
2023-02,53,2
2023-02,54,2
2023-02,55,2
2023-02,56,2
2023-02,57,3
2023-02,58,2
2023-02,59,2
2023-02,60,2
2023-02,61,2
2023-02,62,2
2023-02,63,2
2023-02,65,2
2023-02,66,5
2023-02,67,2
2023-02,68,2
2023-02,69,2
2023-02,70,3
2023-02,71,3
2023-02,72,2
2023-02,73,5
2023-02,74,2
2023-02,75,3
2023-02,76,5
2023-02,77,5
2023-02,78,2
2023-02,79,2
2023-02,80,2
2023-02,81,3
2023-02,82,2
2023-02,83,2
2023-02,167,1
2023-02,168,1
2023-02,169,1
2023-02,173,1
2023-02,181,1
2023-02,184,3
2023-02,185,2
2023-02,188,1
2023-02,191,2
2023-02,194,1
2023-02,195,1
2023-02,196,3
2023-02,198,1
2023-02,201,1
2023-02,203,1
2023-02,204,1
2023-02,205,1
2023-02,206,5
2023-02,207,5
2023-02,208,3
2023-02,209,1
2023-02,210,3
2023-02,211,3
2023-02,212,3
2023-02,213,3
2023-02,214,3
2023-02,215,3
2023-02,216,3
2023-02,217,3
2023-02,218,5
2023-02,219,3
2023-02,220,3
2023-02,221,3
2023-02,222,3
2023-02,223,3
2023-02,224,5
2023-02,225,4
2023-02,226,3
2023-02,227,3
2023-02,228,3
2023-02,229,3
2023-02,230,2
2023-02,231,3
2023-02,232,2
2023-02,233,3
2023-02,234,3
2023-02,235,3
2023-02,236,3
2023-02,237,3
2023-02,238,1
2023-02,239,3
2023-02,240,3
2023-02,241,3
2023-02,242,2
2023-02,243,2
2023-02,269,5
2023-02,270,3
2023-02,271,3
2023-02,272,2
2023-02,273,2
2023-02,274,3
2023-02,275,3
2023-02,276,3
2023-02,277,2
2023-02,278,5
2023-02,279,2
2023-02,280,3
2023-02,281,2
2023-02,282,2
2023-02,283,3
2023-02,284,3
2023-02,285,1
2023-02,287,1
2023-02,288,1
2023-02,289,1
2023-02,290,1
2023-02,292,1
2023-02,293,3
2023-02,294,1
2023-02,295,1
2023-02,296,1
2023-02,297,3
2023-02,298,3
2023-02,300,1
2023-02,301,3
2023-02,302,1
2023-02,303,3
2023-02,304,1
2023-02,305,1
2023-02,306,1
2023-02,307,1
2023-02,308,3
2023-02,309,4
2023-02,312,4
2023-02,314,4
2023-02,316,4
2023-02,317,4
2023-02,318,4
2023-02,319,4
2023-02,320,4
2023-02,321,2
2023-02,323,4
2023-02,324,4
2023-02,325,4
2023-02,326,4
2023-02,327,3
2023-02,329,4
2023-02,330,4
2023-02,331,4
2023-02,332,4
2023-02,333,3
2023-02,334,4
2023-02,335,4
2023-02,336,4
2023-02,337,4
2023-02,338,4
2023-02,339,4
2023-02,340,4
2023-02,341,4
2023-02,342,4
2023-02,343,4
2023-02,345,5
2023-02,346,1
2023-02,347,1
2023-02,348,1
2023-02,349,1
2023-02,351,1
2023-02,352,1
2023-02,354,5
2023-02,355,5
2023-02,356,3
2023-02,357,3
2023-02,358,1
2023-02,359,3
2023-02,360,3
2023-02,361,2
2023-02,362,5
2023-02,363,2
2023-02,364,2
2023-02,365,2
2023-02,366,3
2023-02,367,2
2023-02,368,3
2023-02,369,2
2023-02,370,5
2023-02,371,2
2023-02,372,2
2023-02,373,5
2023-02,374,3
2023-02,375,5
2023-02,376,2
2023-02,377,3
2023-02,378,2
2023-02,379,5
2023-02,380,3
2023-02,381,2
2023-02,382,3
2023-02,383,3
2023-02,384,2
2023-02,385,5
2023-02,386,2
2023-02,387,3
2023-02,388,2
2023-02,390,2
2023-02,391,2
2023-02,392,3
2023-02,393,3
2023-02,395,2
2023-02,396,2
2023-02,397,3
2023-02,398,3
2023-02,401,2
2023-02,402,2
2023-02,403,2
2023-02,404,3
2023-02,405,2
2023-02,408,1
2023-02,410,2
2023-02,413,2
2023-02,414,2
2023-02,416,2
2023-02,418,5
2023-02,419,3
2023-02,420,3
2023-02,421,3
2023-02,422,3
2023-02,423,2
2023-02,424,3
2023-02,425,2
2023-02,428,1
2023-02,429,1
2023-02,430,2
2023-02,431,2
2023-02,432,3
2023-02,433,1
2023-02,434,1
2023-02,435,2
2023-02,436,1
2023-02,437,1
2023-02,438,2
2023-02,440,3
2023-02,441,1
2023-02,442,2
2023-02,443,2
2023-02,444,2
2023-02,445,1
2023-02,446,2
2023-02,447,1
2023-02,448,5
2023-02,449,3
2023-02,450,3
2023-02,451,3
2023-02,452,3
2023-02,453,2
2023-02,455,2
2023-02,456,1
2023-02,457,1
2023-02,458,2
2023-02,459,2
2023-02,460,2
2023-02,478,5
2023-02,479,1
2023-02,480,3
2023-02,481,5
2023-02,482,3
2023-02,484,2
2023-02,485,2
2023-02,486,3
2023-02,487,1
2023-02,489,3
2023-02,490,2
2023-02,491,2
2023-02,492,3
2023-02,493,3
2023-02,494,2
2023-02,495,1
2023-02,496,1
2023-02,497,3
2023-02,498,3
2023-02,499,2
2023-02,501,2
2023-02,502,2
2023-02,503,2
2023-02,504,5
2023-02,505,3
2023-02,506,3
2023-02,507,3
2023-02,508,3
2023-02,509,3
2023-02,510,3
2023-02,511,3
2023-02,512,3
2023-02,515,2
2023-02,516,1
2023-02,517,2
2023-02,518,3
2023-02,519,1
2023-02,520,1
2023-02,521,1
2023-02,522,1
2023-02,523,1
2023-02,524,1
2023-02,525,1
2023-02,527,3
2023-02,528,1
2023-02,529,1
2023-02,530,1
2023-02,531,3
2023-02,532,1
2023-02,533,1
2023-02,534,1
2023-02,535,2
2023-02,536,1
2023-02,537,2
2023-02,538,1
2023-02,539,1
2023-02,540,1
2023-02,541,1
2023-02,542,1
2023-02,543,3
2023-02,544,1
2023-02,545,2
2023-02,546,1
2023-02,547,1
2023-02,548,1
2023-02,549,1
2023-02,550,1
2023-02,552,1
2023-02,553,1
2023-02,554,1
2023-02,555,1
2023-02,556,1
2023-02,557,1
2023-02,558,2
2023-02,559,3
2023-02,560,1
2023-02,561,1
2023-02,562,1
2023-02,563,1
2023-02,564,1
2023-02,565,1
2023-02,566,1
2023-02,567,1
2023-02,568,1
2023-02,569,1
2023-02,570,1
2023-02,571,1
2023-02,572,1
2023-02,574,1
2023-02,578,3
2023-02,579,2
2023-02,580,2
2023-02,581,5
2023-02,582,4
2023-02,583,2
2023-02,584,3
2023-02,585,3
2023-02,586,2
2023-02,587,2
2023-02,588,4
2023-02,589,2
2023-02,591,2
2023-02,592,2
2023-02,593,2
2023-02,594,2
2023-02,595,2
2023-02,598,2
2023-02,599,1
2023-02,600,2
2023-02,601,2
2023-02,602,2
2023-02,603,3
2023-02,604,2
2023-02,605,2
2023-02,606,2
2023-02,607,2
2023-02,608,4
2023-02,612,4
2023-02,613,4
2023-02,614,4
2023-02,615,4
2023-02,616,4
2023-02,618,4
2023-02,619,4
2023-02,621,4
2023-02,666,5
2023-02,667,5
2023-02,668,3
2023-02,669,3
2023-02,670,3
2023-02,671,3
2023-02,674,3
2023-02,675,3
2023-02,676,3
2023-02,677,3
2023-02,678,4
2023-02,679,3
2023-02,680,3
2023-02,683,1
2023-02,685,1
2023-02,686,3
2023-02,687,1
2023-02,689,3
2023-02,690,2
2023-02,691,1
2023-02,692,1
2023-02,693,2
2023-02,694,3
2023-02,695,1
2023-02,696,1
2023-02,697,3
2023-02,698,2
2023-02,699,1
2023-02,701,1
2023-02,702,3
2023-02,703,3
2023-02,704,2
2023-02,705,1
2023-02,706,1
2023-02,708,4
2023-02,710,1
2023-02,711,2
2023-02,712,1
2023-02,713,1
2023-02,714,3
2023-02,715,1
2023-02,716,4
2023-02,717,2
2023-02,718,4
2023-02,719,1
2023-02,720,4
2023-02,721,1
2023-02,722,2
2023-02,723,3
2023-02,725,2
2023-02,726,4
2023-02,727,5
2023-02,731,3
2023-02,734,3
2023-02,735,2
2023-02,736,2
2023-02,737,3
2023-02,738,3
2023-02,739,3
2023-02,741,3
2023-02,742,3
2023-02,743,3
2023-02,744,2
2023-02,745,3
2023-02,746,2
2023-02,747,3
2023-02,748,3
2023-02,749,3
2023-02,751,3
2023-02,752,2
2023-02,753,2
2023-02,754,3
2023-02,755,3
2023-02,756,3
2023-02,757,3
2023-02,758,1
2023-02,760,1
2023-02,761,1
2023-02,763,3
2023-02,764,1
2023-02,765,1
2023-02,766,3
2023-02,767,3
2023-02,769,3
2023-02,770,2
2023-02,771,2
2023-02,773,2
2023-02,774,2
2023-02,775,4
2023-02,776,4
2023-02,777,4
2023-02,778,4
2023-02,779,4
2023-02,780,4
2023-02,781,4
2023-02,782,4
2023-02,783,4
2023-02,784,4
2023-02,785,4
2023-02,787,4
2023-02,788,2
2023-02,789,4
2023-02,790,2
2023-02,791,4
2023-02,792,4
2023-02,793,4
2023-02,794,4
2023-02,795,4
2023-02,796,2
2023-02,797,4
2023-02,798,3
2023-02,799,4
2023-02,800,2
2023-02,801,4
2023-02,802,2
2023-02,803,4
2023-02,804,4
2023-02,805,2
2023-02,806,3
2023-02,807,4
2023-02,808,2
2023-02,809,5
2023-02,810,1
2023-02,811,1
2023-02,812,5
2023-02,813,3
2023-02,814,3
2023-02,815,3
2023-02,817,3
2023-02,818,3
2023-02,819,5
2023-02,820,3
2023-02,821,1
2023-02,822,1
2023-02,823,1
2023-02,824,5
2023-02,825,1
2023-02,826,1
2023-02,827,1
2023-02,828,1
2023-02,829,3
2023-02,830,3
2023-02,831,1
2023-02,832,1
2023-02,833,3
2023-02,834,1
2023-02,835,1
2023-02,836,1
2023-02,838,1
2023-02,839,1
2023-02,840,1
2023-02,841,5
2023-02,842,4
2023-02,843,5
2023-02,844,4
2023-02,846,5
2023-02,847,4
2023-02,848,4
2023-02,849,2
2023-02,851,4
2023-02,852,2
2023-02,853,4
2023-02,854,4
2023-02,855,4
2023-02,856,4
2023-02,857,4
2023-02,859,4
2023-02,860,4
2023-02,870,4
2023-02,871,2
2023-02,872,5
2023-02,873,4
2023-02,874,4
2023-02,875,4
2023-02,876,4
2023-02,877,4
2023-02,878,4
2023-02,879,4
2023-02,880,2
2023-02,881,3
2023-02,882,4
2023-02,883,3
2023-02,884,4
2023-02,885,3
2023-02,886,4
2023-02,888,4
2023-02,889,4
2023-02,890,5
2023-02,891,3
2023-02,892,3
2023-02,895,3
2023-02,896,5
2023-02,897,3
2023-02,898,3
2023-02,899,3
2023-02,900,1
2023-02,901,3
2023-02,902,3
2023-02,903,3
2023-02,904,1
2023-02,905,3
2023-02,907,4
2023-02,908,3
2023-02,909,3
2023-02,911,3
2023-02,912,5
2023-02,913,3
2023-02,914,3
2023-02,915,3
2023-02,916,4
2023-02,917,4
2023-02,918,5
2023-02,920,3
2023-02,922,1
2023-02,923,1
2023-02,924,1
2023-02,925,3
2023-02,926,1
2023-02,927,3
2023-02,928,2
2023-02,929,1
2023-02,930,1
2023-02,986,5
2023-02,987,3
2023-02,988,3
2023-02,989,3
2023-02,991,3
2023-02,992,3
2023-02,993,3
2023-02,994,3
2023-02,995,3
2023-02,996,3
2023-02,998,3
2023-02,999,3
2023-02,1001,3
2023-02,1002,3
2023-02,1003,3
2023-02,1004,3
2023-02,1005,3
2023-02,1006,3
2023-02,1007,5
2023-02,1008,5
2023-02,1009,3
2023-02,1010,3
2023-02,1011,1
2023-02,1012,1
2023-02,1013,1
2023-02,1014,1
2023-02,1015,3
2023-02,1016,1
2023-02,1017,3
2023-02,1018,1
2023-02,1019,3
2023-02,1020,3
2023-02,1021,3
2023-02,1023,1
2023-02,1024,1
2023-02,1025,3
2023-02,1026,3
2023-02,1027,1
2023-02,1028,1
2023-02,1029,1
2023-02,1030,1
2023-02,1031,1
2023-02,1032,1
2023-02,1033,1
2023-02,1034,1
2023-02,1035,1
2023-02,1036,1
2023-02,1037,3
2023-02,1038,1
2023-02,1039,3
2023-02,1040,1
2023-02,1041,1
2023-02,1044,1
2023-02,1047,3
2023-02,1048,2
2023-02,1049,3
2023-02,1051,3
2023-02,1052,2
2023-02,1053,3
2023-02,1054,3
2023-02,1055,2
2023-02,1056,3
2023-02,1057,3
2023-02,1058,3
2023-02,1059,2
2023-02,1060,1
2023-02,1061,2
2023-02,1062,2
2023-02,1063,3
2023-02,1064,2
2023-02,1065,2
2023-02,1066,3
2023-02,1067,2
2023-02,1068,3
2023-02,1069,3
2023-02,1070,3
2023-02,1071,2
2023-02,1072,3
2023-02,1107,5
2023-02,1108,3
2023-02,1109,3
2023-02,1110,3
2023-02,1111,3
2023-02,1112,3
2023-02,1113,3
2023-02,1115,1
2023-02,1116,1
2023-02,1117,5
2023-02,1118,1
2023-02,1119,3
2023-02,1120,3
2023-02,1121,3
2023-02,1122,1
2023-02,1123,3
2023-02,1124,1
2023-02,1125,3
2023-02,1126,1
2023-02,1127,3
2023-02,1128,3
2023-02,1129,3
2023-02,1130,3
2023-02,1131,2
2023-02,1132,3
2023-02,1133,1
2023-02,1134,5
2023-02,1135,5
2023-02,1136,5
2023-02,1137,2
2023-02,1138,3
2023-02,1139,2
2023-02,1140,3
2023-02,1141,5
2023-02,1142,2
2023-02,1143,3
2023-02,1144,2
2023-02,1146,3
2023-02,1147,2
2023-02,1148,2
2023-02,1149,2
2023-02,1150,5
2023-02,1151,4
2023-02,1152,4
2023-02,1153,5
2023-02,1154,4
2023-02,1155,2
2023-02,1157,3
2023-02,1158,3
2023-02,1159,2
2023-02,1160,3
2023-02,1161,3
2023-02,1163,3
2023-02,1164,3
2023-02,1165,3
2023-02,1166,2
2023-02,1167,1
2023-02,1168,3
2023-02,1169,5
2023-02,1170,2
2023-02,1171,2
2023-02,1172,2
2023-02,1173,2
2023-02,1174,2
2023-02,1175,2
2023-02,1176,5
2023-02,1178,2
2023-02,1179,3
2023-02,1180,3
2023-02,1181,3
2023-02,1184,3
2023-02,1185,3
2023-02,1186,5
2023-02,1187,3
2023-02,1188,5
2023-02,1189,2
2023-02,1190,5
2023-02,1191,3
2023-02,1192,2
2023-02,1193,3
2023-02,1194,1
2023-02,1195,3
2023-02,1196,3
2023-02,1197,3
2023-02,1198,5
2023-02,1200,3
2023-02,1201,1
2023-02,1203,3
2023-02,1204,1
2023-02,1205,1
2023-02,1206,3
2023-02,1207,3
2023-02,1208,1
2023-02,1209,3
2023-02,1210,1
2023-02,1211,3
2023-02,1212,3
2023-02,1213,3
2023-02,1214,1
2023-02,1215,1
2023-02,1217,1
2023-02,1218,3
2023-02,1219,3
2023-02,1220,1
2023-02,1221,3
2023-02,1222,1
2023-02,1223,1
2023-02,1224,5
2023-02,1225,3
2023-02,1226,3
2023-02,1227,3
2023-02,1228,3
2023-02,1229,3
2023-02,1230,3
2023-02,1231,3
2023-02,1232,3
2023-02,1233,5
2023-02,1234,3
2023-02,1235,3
2023-02,1236,5
2023-02,1237,3
2023-02,1238,3
2023-02,1240,2
2023-02,1241,3
2023-02,1242,1
2023-02,1243,5
2023-02,1244,3
2023-02,1246,1
2023-02,1249,2
2023-02,1250,5
2023-02,1251,1
2023-02,1252,3
2023-02,1253,1
2023-02,1254,2
2023-02,1256,1
2023-02,1257,1
2023-02,1258,5
2023-02,1259,3
2023-02,1260,3
2023-02,1261,3
2023-02,1262,3
2023-02,1264,2
2023-02,1265,3
2023-02,1266,1
2023-02,1267,1
2023-02,1268,3
2023-02,1269,1
2023-02,1270,3
2023-02,1271,1
2023-02,1272,3
2023-02,1273,1
2023-02,1274,1
2023-02,1275,3
2023-02,1276,2
2023-02,1277,3
2023-02,1278,2
2023-02,1279,1
2023-02,1280,3
2023-02,1281,1
2023-02,1282,2
2023-02,1284,3
2023-02,1285,3
2023-02,1286,3
2023-02,1287,3
2023-02,1288,3
2023-02,1289,2
2023-02,1290,2
2023-02,1291,2
2023-02,1292,1
2023-02,1293,3
2023-02,1294,3
2023-02,1295,3
2023-02,1296,2
2023-02,1297,2
2023-02,1298,1
2023-02,1299,1
2023-02,1300,2
2023-02,1301,3
2023-02,1302,3
2023-02,1303,5
2023-02,1304,3
2023-02,1305,3
2023-02,1306,3
2023-02,1308,3
2023-02,1309,1
2023-02,1310,3
2023-02,1311,1
2023-02,1312,3
2023-02,1313,1
2023-02,1314,1
2023-02,1315,5
2023-02,1316,3
2023-02,1317,1
2023-02,1319,1
2023-02,1320,1
2023-02,1321,3
2023-02,1322,1
2023-02,1323,1
2023-02,1324,1
2023-02,1325,1
2023-02,1326,2
2023-02,1327,1
2023-02,1328,1
2023-02,1329,1
2023-02,1330,3
2023-02,1331,1
2023-02,1333,3
2023-02,1334,3
2023-02,1335,1
2023-02,1336,1
2023-02,1337,2
2023-02,1338,3
2023-02,1339,1
2023-02,1340,1
2023-02,1341,3
2023-02,1343,2
2023-02,1344,1
2023-02,1345,1
2023-02,1346,1
2023-02,1347,3
2023-02,1348,1
2023-02,1349,1
2023-02,1350,1
2023-02,1351,2
2023-02,1352,1
2023-02,1353,2
2023-02,1355,1
2023-02,1356,1
2023-02,1357,2
2023-02,1358,1
2023-02,1392,3
2023-02,1393,3
2023-02,1394,3
2023-02,1395,5
2023-02,1396,5
2023-02,1397,5
2023-02,1398,5
2023-02,1399,3
2023-02,1400,5
2023-02,1401,3
2023-02,1402,5
2023-02,1403,5
2023-02,1404,3
2023-02,1405,3
2023-02,1406,3
2023-02,1407,3
2023-02,1408,5
2023-02,1409,5
2023-02,1410,5
2023-02,1411,3
2023-02,1412,1
2023-02,1413,3
2023-02,1414,3
2023-02,1415,1
2023-02,1416,1
2023-02,1417,1
2023-02,1419,1
2023-02,1420,1
2023-02,1421,1
2023-02,1422,3
2023-02,1423,1
2023-02,1425,3
2023-02,1426,1
2023-02,1427,3
2023-02,1428,1
2023-02,1429,3
2023-02,1430,4
2023-02,1431,4
2023-02,1438,4
2023-02,1439,5
2023-02,1440,5
2023-02,1443,5
2023-02,1444,5
2023-02,1445,5
2023-02,1446,5
2023-02,1447,5
2023-02,1448,5
2023-02,1449,3
2023-02,1453,5
2023-02,1454,5
2023-02,1456,5
2023-02,1457,5
2023-02,1459,5
2023-02,1461,5
2023-02,1463,3
2023-02,1464,5
2023-02,1465,5
2023-02,1467,5
2023-02,1468,5
2023-02,1472,5
2023-02,1473,3
2023-02,1474,3
2023-02,1475,5
2023-02,1477,3
2023-02,1478,3
2023-02,1480,5
2023-02,1481,5
2023-02,1483,3
2023-02,1484,5
2023-02,1486,3
2023-02,1488,5
2023-02,1489,3
2023-02,1490,5
2023-02,1491,5
2023-02,1492,5
2023-02,1493,5
2023-02,1494,3
2023-02,1495,5
2023-02,1496,5
2023-02,1500,5
2023-02,1501,5
2023-02,1504,3
2023-02,1506,5
2023-02,1507,5
2023-02,1508,5
2023-02,1509,3
2023-02,1510,3
2023-02,1511,5
2023-02,1512,3
2023-02,1518,3
2023-02,1519,3
2023-02,1520,3
2023-02,1521,5
2023-02,1522,3
2023-02,1523,5
2023-02,1525,3
2023-02,1526,3
2023-02,1527,5
2023-02,1528,3
2023-02,1529,3
2023-02,1530,3
2023-02,1532,1
2023-02,1533,3
2023-02,1534,3
2023-02,1535,3
2023-02,1536,3
2023-02,1537,1
2023-02,1539,3
2023-02,1540,3
2023-02,1541,1
2023-02,1542,1
2023-02,1543,1
2023-02,1544,1
2023-02,1545,1
2023-02,1546,3
2023-02,1547,1
2023-02,1548,1
2023-02,1549,3
2023-02,1550,3
2023-02,1551,1
2023-02,1552,1
2023-02,1553,3
2023-02,1554,3
2023-02,1555,1
2023-02,1556,3
2023-02,1557,3
2023-02,1558,1
2023-02,1559,1
2023-02,1560,5
2023-02,1561,1
2023-02,1562,3
2023-02,1563,3
2023-02,1564,3
2023-02,1565,3
2023-02,1566,1
2023-02,1567,1
2023-02,1568,3
2023-02,1569,1
2023-02,1570,1
2023-02,1571,1
2023-02,1572,1
2023-02,1573,1
2023-02,1574,3
2023-02,1575,5
2023-02,1577,3
2023-02,1578,3
2023-02,1579,3
2023-02,1580,1
2023-02,1581,3
2023-02,1582,1
2023-02,1583,3
2023-02,1584,1
2023-02,1585,1
2023-02,1586,5
2023-02,1587,3
2023-02,1588,3
2023-02,1589,3
2023-02,1590,1
2023-02,1591,1
2023-02,1592,3
2023-02,1593,1
2023-02,1594,1
2023-02,1595,3
2023-02,1596,1
2023-02,1597,5
2023-02,1598,5
2023-02,1599,3
2023-02,1600,5
2023-02,1601,5
2023-02,1602,1
2023-02,1603,3
2023-02,1604,3
2023-02,1605,1
2023-02,1606,1
2023-02,1607,1
2023-02,1608,3
2023-02,1609,1
2023-02,1610,3
2023-02,1611,1
2023-02,1612,3
2023-02,1613,1
2023-02,1614,1
2023-02,1615,3
2023-02,1616,1
2023-02,1617,1
2023-02,1618,1
2023-02,1619,3
2023-02,1620,5
2023-02,1621,2
2023-02,1622,1
2023-02,1623,3
2023-02,1624,3
2023-02,1625,2
2023-02,1626,1
2023-02,1627,3
2023-02,1628,1
2023-02,1629,1
2023-02,1630,1
2023-02,1631,3
2023-02,1632,5
2023-02,1633,3
2023-02,1634,3
2023-02,1635,1
2023-02,1636,3
2023-02,1637,2
2023-02,1638,2
2023-02,1639,3
2023-02,1640,1
2023-02,1641,3
2023-02,1642,1
2023-02,1643,3
2023-02,1644,3
2023-02,1645,2
2023-02,1646,1
2023-02,1647,1
2023-02,1648,1
2023-02,1649,2
2023-02,1650,2
2023-02,1651,2
2023-02,1652,3
2023-02,1653,2
2023-02,1654,3
2023-02,1655,1
2023-02,1656,3
2023-02,1657,2
2023-02,1658,3
2023-02,1659,3
2023-02,1660,1
2023-02,1661,2
2023-02,1662,2
2023-02,1663,3
2023-02,1664,1
2023-02,1665,5
2023-02,1666,1
2023-02,1667,3
2023-02,1668,3
2023-02,1669,3
2023-02,1670,3
2023-02,1671,3
2023-02,1672,3
2023-02,1673,3
2023-02,1674,3
2023-02,1675,3
2023-02,1676,3
2023-02,1678,3
2023-02,1679,3
2023-02,1680,1
2023-02,1681,1
2023-02,1682,3
2023-02,1683,3
2023-02,1685,3
2023-02,1686,3
2023-02,1687,2
2023-02,1688,3
2023-02,1689,1
2023-02,1690,3
2023-02,1691,1
2023-02,1692,3
2023-02,1693,2
2023-02,1694,3
2023-02,1696,3
2023-02,1697,3
2023-02,1698,1
2023-02,1699,3
2023-02,1700,3
2023-02,1701,3
2023-02,1702,1
2023-02,1703,3
2023-02,1704,3
2023-02,1705,3
2023-02,1706,3
2023-02,1707,5
2023-02,1708,3
2023-02,1709,3
2023-02,1710,3
2023-02,1711,1
2023-02,1712,1
2023-02,1714,1
2023-02,1715,3
2023-02,1717,3
2023-02,1718,1
2023-02,1719,3
2023-02,1722,1
2023-02,1724,1
2023-02,1725,1
2023-02,1726,5
2023-02,1727,1
2023-02,1728,3
2023-02,1730,3
2023-02,1731,3
2023-02,1732,1
2023-02,1733,3
2023-02,1737,1
2023-02,1738,1
2023-02,1739,1
2023-02,1740,1
2023-02,1741,1
2023-02,1742,3
2023-02,1743,1
2023-02,1744,1
2023-02,1745,3
2023-02,1746,1
2023-02,1747,1
2023-02,1749,1
2023-02,1750,1
2023-02,1751,1
2023-02,1752,1
2023-02,1753,1
2023-02,1754,2
2023-02,1755,1
2023-02,1756,1
2023-02,1757,1
2023-02,1758,5
2023-02,1759,3
2023-02,1760,1
2023-02,1761,1
2023-02,1762,1
2023-02,1764,5
2023-02,1765,3
2023-02,1766,3
2023-02,1768,3
2023-02,1769,3
2023-02,1770,3
2023-02,1771,1
2023-02,1773,1
2023-02,1774,1
2023-02,1775,1
2023-02,1776,3
2023-02,1777,1
2023-02,1778,3
2023-02,1780,3
2023-02,1781,1
2023-02,1782,3
2023-02,1783,5
2023-02,1784,1
2023-02,1785,3
2023-02,1786,3
2023-02,1787,1
2023-02,1788,3
2023-02,1845,5
2023-02,1846,3
2023-02,1848,1
2023-02,1849,1
2023-02,1850,1
2023-02,1851,1
2023-02,1852,1
2023-02,1853,1
2023-02,1854,1
2023-02,1855,1
2023-02,1856,1
2023-02,1857,1
2023-02,1858,3
2023-02,1859,3
2023-02,1860,1
2023-02,1861,3
2023-02,1862,1
2023-02,1863,3
2023-02,1864,1
2023-02,1865,1
2023-02,1868,1
2023-02,1869,1
2023-02,1870,1
2023-02,1871,3
2023-02,1872,1
2023-02,1873,1
2023-02,1874,5
2023-02,1875,3
2023-02,1876,3
2023-02,1877,3
2023-02,1878,3
2023-02,1879,3
2023-02,1880,1
2023-02,1881,5
2023-02,1883,3
2023-02,1884,1
2023-02,1885,3
2023-02,1886,3
2023-02,1887,1
2023-02,1888,1
2023-02,1889,3
2023-02,1890,5
2023-02,1891,1
2023-02,1892,1
2023-02,1893,1
2023-02,1894,3
2023-02,1895,3
2023-02,1896,1
2023-02,1897,1
2023-02,1898,3
2023-02,1899,3
2023-02,1900,3
2023-02,1901,1
2023-02,1902,1
2023-02,1903,3
2023-02,1904,3
2023-02,1905,5
2023-02,1906,3
2023-02,1907,1
2023-02,1908,1
2023-02,1909,1
2023-02,1910,1
2023-02,1912,3
2023-02,1915,1
2023-02,1916,1
2023-02,1917,3
2023-02,1918,1
2023-02,1919,3
2023-02,1920,3
2023-02,1921,1
2023-02,1922,3
2023-02,1923,3
2023-02,1924,1
2023-02,1925,1
2023-02,1926,1
2023-02,1927,1
2023-02,1928,1
2023-02,1929,1
2023-02,1930,1
2023-02,1931,3
2023-02,1932,1
2023-02,1933,1
2023-02,1934,3
2023-02,1935,1
2023-02,1936,1
2023-02,1937,3
2023-02,1938,3
2023-02,1939,3
2023-02,1940,1
2023-02,1941,1
2023-02,1942,1
2023-02,1943,1
2023-02,1944,1
2023-02,1945,1
2023-02,1947,3
2023-02,1948,3
2023-02,1949,1
2023-02,1950,3
2023-02,1951,3
2023-02,1952,5
2023-02,1954,4
2023-02,1955,4
2023-02,1956,4
2023-02,1957,4
2023-02,1958,4
2023-02,1959,4
2023-02,1960,4
2023-02,1961,4
2023-02,1962,4
2023-02,1963,4
2023-02,1965,4
2023-02,1966,4
2023-02,1967,4
2023-02,1968,4
2023-02,1969,4
2023-02,1970,4
2023-02,1971,5
2023-02,1972,3
2023-02,1973,3
2023-02,1974,3
2023-02,1975,3
2023-02,1976,3
2023-02,1977,5
2023-02,1978,3
2023-02,1979,5
2023-02,1980,5
2023-02,1981,3
2023-02,1982,5
2023-02,1983,3
2023-02,1984,3
2023-02,1985,3
2023-02,1986,5
2023-02,1987,2
2023-02,1988,3
2023-02,1989,3
2023-02,1990,3
2023-02,1991,3
2023-02,1992,3
2023-02,1993,3
2023-02,1994,3
2023-02,1995,3
2023-02,1996,3
2023-02,1997,3
2023-02,1999,5
2023-02,2000,5
2023-02,2001,3
2023-02,2002,3
2023-02,2004,5
2023-02,2005,3
2023-02,2006,5
2023-02,2007,3
2023-02,2008,3
2023-02,2009,3
2023-02,2010,3
2023-02,2011,3
2023-02,2012,3
2023-02,2015,3
2023-02,2017,2
2023-02,2018,2
2023-02,2019,3
2023-02,2021,3
2023-02,2022,1
2023-02,2023,3
2023-02,2024,3
2023-02,2025,2
2023-02,2027,3
2023-02,2028,3
2023-02,2030,3
2023-02,2031,3
2023-02,2032,5
2023-02,2033,5
2023-02,2034,3
2023-02,2035,3
2023-02,2036,3
2023-02,2037,3
2023-02,2039,3
2023-02,2040,3
2023-02,2041,2
2023-02,2042,3
2023-02,2043,1
2023-02,2044,5
2023-02,2045,3
2023-02,2046,1
2023-02,2047,3
2023-02,2048,3
2023-02,2049,1
2023-02,2050,1
2023-02,2051,3
2023-02,2052,3
2023-02,2053,1
2023-02,2054,1
2023-02,2055,3
2023-02,2056,1
2023-02,2057,1
2023-02,2058,1
2023-02,2059,3
2023-02,2060,3
2023-02,2061,1
2023-02,2062,3
2023-02,2063,5
2023-02,2064,3
2023-02,2065,1
2023-02,2066,1
2023-02,2067,1
2023-02,2068,1
2023-02,2069,1
2023-02,2070,3
2023-02,2072,1
2023-02,2073,3
2023-02,2074,3
2023-02,2075,1
2023-02,2076,1
2023-02,2077,1
2023-02,2078,1
2023-02,2079,1
2023-02,2080,1
2023-02,2081,1
2023-02,2082,1
2023-02,2085,1
2023-02,2087,1
2023-02,2088,1
2023-02,2089,1
2023-02,2090,1
2023-02,2091,1
2023-02,2093,1
2023-02,2094,1
2023-02,2095,1
2023-02,2096,1
2023-02,2098,1
2023-02,2100,3
2023-02,2101,5
2023-02,2105,3
2023-02,2108,3
2023-02,2109,3
2023-02,2110,1
2023-02,2111,3
2023-02,2112,1
2023-02,2113,1
2023-02,2114,3
2023-02,2116,1
2023-02,2117,1
2023-02,2118,1
2023-02,2119,5
2023-02,2120,1
2023-02,2121,3
2023-02,2122,3
2023-02,2124,3
2023-02,2125,1
2023-02,2126,1
2023-02,2127,1
2023-02,2128,3
2023-02,2129,1
2023-02,2130,2
2023-02,2131,3
2023-02,2132,1
2023-02,2133,1
2023-02,2134,1
2023-02,2136,1
2023-02,2137,1
2023-02,2138,1
2023-02,2139,3
2023-02,2140,1
2023-02,2142,1
2023-02,2143,1
2023-02,2144,5
2023-02,2145,3
2023-02,2146,3
2023-02,2148,4
2023-02,2149,3
2023-02,2150,1
2023-02,2151,3
2023-02,2152,1
2023-02,2153,3
2023-02,2154,3
2023-02,2155,3
2023-02,2156,1
2023-02,2157,1
2023-02,2158,3
2023-02,2159,1
2023-02,2160,1
2023-02,2161,5
2023-02,2162,1
2023-02,2163,3
2023-02,2164,5
2023-02,2165,3
2023-02,2167,3
2023-02,2168,3
2023-02,2169,3
2023-02,2171,1
2023-02,2172,3
2023-02,2173,3
2023-02,2174,3
2023-02,2175,1
2023-02,2176,3
2023-02,2177,3
2023-02,2178,3
2023-02,2179,3
2023-02,2180,3
2023-02,2181,3
2023-02,2182,3
2023-02,2183,3
2023-02,2184,3
2023-02,2185,1
2023-02,2186,3
2023-02,2187,3
2023-02,2188,3
2023-02,2189,3
2023-02,2190,5
2023-02,2191,2
2023-02,2192,2
2023-02,2193,5
2023-02,2194,2
2023-02,2195,2
2023-02,2196,1
2023-02,2197,1
2023-02,2198,2
2023-02,2199,2
2023-02,2200,1
2023-02,2201,2
2023-02,2202,2
2023-02,2203,2
2023-02,2204,3
2023-02,2205,2
2023-02,2206,2
2023-02,2207,1
2023-02,2208,2
2023-02,2210,5
2023-02,2211,3
2023-02,2212,2
2023-02,2213,1
2023-02,2215,2
2023-02,2216,5
2023-02,2217,5
2023-02,2218,3
2023-02,2219,3
2023-02,2220,5
2023-02,2221,5
2023-02,2222,3
2023-02,2223,3
2023-02,2224,5
2023-02,2225,3
2023-02,2226,5
2023-02,2227,5
2023-02,2228,5
2023-02,2229,3
2023-02,2230,3
2023-02,2231,3
2023-02,2232,3
2023-02,2233,3
2023-02,2234,3
2023-02,2235,5
2023-02,2236,3
2023-02,2237,5
2023-02,2238,5
2023-02,2241,3
2023-02,2242,5
2023-02,2243,5
2023-02,2244,4
2023-02,2245,3
2023-02,2248,3
2023-02,2249,4
2023-02,2250,4
2023-02,2251,5
2023-02,2252,3
2023-02,2253,3
2023-02,2254,1
2023-02,2255,1
2023-02,2256,1
2023-02,2257,1
2023-02,2258,1
2023-02,2259,1
2023-02,2260,1
2023-02,2262,1
2023-02,2264,3
2023-02,2265,1
2023-02,2266,1
2023-02,2267,1
2023-02,2268,1
2023-02,2269,1
2023-02,2270,1
2023-02,2271,1
2023-02,2272,3
2023-02,2274,1
2023-02,2275,5
2023-02,2276,3
2023-02,2278,3
2023-02,2279,3
2023-02,2280,3
2023-02,2281,5
2023-02,2282,5
2023-02,2286,3
2023-02,2287,3
2023-02,2288,3
2023-02,2289,3
2023-02,2292,3
2023-02,2293,3
2023-02,2294,3
2023-02,2295,3
2023-02,2296,3
2023-02,2297,3
2023-02,2298,3
2023-02,2299,3
2023-02,2300,3
2023-02,2301,3
2023-02,2302,3
2023-02,2303,3
2023-02,2304,3
2023-02,2305,2
2023-02,2307,3
2023-02,2308,1
2023-02,2309,3
2023-02,2310,3
2023-02,2311,3
2023-02,2312,5
2023-02,2314,3
2023-02,2315,3
2023-02,2316,3
2023-02,2317,2
2023-02,2318,5
2023-02,2320,3
2023-02,2321,3
2023-02,2322,3
2023-02,2323,1
2023-02,2324,3
2023-02,2325,3
2023-02,2326,3
2023-02,2327,3
2023-02,2328,3
2023-02,2329,3
2023-02,2330,3
2023-02,2332,3
2023-02,2333,3
2023-02,2334,3
2023-02,2335,3
2023-02,2336,3
2023-02,2337,5
2023-02,2338,4
2023-02,2339,4
2023-02,2340,3
2023-02,2341,4
2023-02,2342,4
2023-02,2343,4
2023-02,2344,4
2023-02,2345,4
2023-02,2348,4
2023-02,2349,4
2023-02,2351,5
2023-02,2352,5
2023-02,2353,5
2023-02,2354,5
2023-02,2355,5
2023-02,2356,5
2023-02,2357,5
2023-02,2358,5
2023-02,2359,5
2023-02,2360,5
2023-02,2361,5
2023-02,2362,5
2023-02,2363,5
2023-02,2364,5
2023-02,2365,5
2023-02,2366,5
2023-02,2367,5
2023-02,2368,5
2023-02,2369,5
2023-02,2370,5
2023-02,2371,5
2023-02,2372,5
2023-02,2373,5
2023-02,2374,5
2023-02,2375,5
2023-02,2376,5
2023-02,2377,5
2023-02,2378,5
2023-02,2379,5
2023-02,2380,5
2023-02,2381,5
2023-02,2382,5
2023-02,2383,5
2023-02,2384,5
2023-02,2385,5
2023-02,2386,5
2023-02,2387,5
2023-02,2388,5
2023-02,2389,5
2023-02,2390,5
2023-02,2391,5
2023-02,2392,5
2023-02,2393,5
2023-02,2395,5
2023-02,2398,5
2023-02,2399,5
2023-02,2400,5
2023-02,2401,5
2023-02,2402,5
2023-02,2403,5
2023-02,2404,5
2023-02,2405,5
2023-02,2406,5
2023-02,2407,5
2023-02,2408,5
2023-02,2409,5
2023-02,2410,5
2023-02,2411,5
2023-02,2412,5
2023-02,2416,5
2023-02,2422,5
2023-02,2423,5
2023-02,2424,5
2023-02,2425,5
2023-02,2426,5
2023-02,2427,5
2023-02,2428,5
2023-02,2429,5
2023-02,2430,5
2023-02,2431,5
2023-02,2432,5
2023-02,2433,5
2023-02,2434,5
2023-02,2435,5
2023-02,2436,5
2023-02,2437,5
2023-02,2439,5
2023-02,2440,5
2023-02,2441,5
2023-02,2442,5
2023-02,2443,5
2023-02,2444,5
2023-02,2445,5
2023-02,2446,5
2023-02,2447,5
2023-02,2449,5
2023-02,2450,5
2023-02,2451,5
2023-02,2452,5
2023-02,2453,5
2023-02,2454,5
2023-02,2455,5
2023-02,2456,5
2023-02,2457,5
2023-02,2458,5
2023-02,2459,5
2023-02,2460,5
2023-02,2461,5
2023-02,2462,5
2023-02,2463,5
2023-02,2464,5
2023-02,2465,5
2023-02,2466,5
2023-02,2467,5
2023-02,2468,5
2023-02,2469,5
2023-02,2470,5
2023-02,2471,5
2023-02,2472,5
2023-02,2473,5
2023-02,2474,5
2023-02,2475,5
2023-02,2476,5
2023-02,2477,5
2023-02,2478,5
2023-02,2479,5
2023-02,2480,5
2023-02,2481,5
2023-02,2482,5
2023-02,2483,5
2023-02,2484,5
2023-02,2485,5
2023-02,2486,5
2023-02,2487,5
2023-02,2488,5
2023-02,2489,5
2023-02,2490,5
2023-02,2491,5
2023-02,2492,5
2023-02,2493,5
2023-02,2494,5
2023-02,2495,5
2023-02,2496,5
2023-02,2497,5
2023-02,2498,5
2023-02,2499,5
2023-02,2500,5
2023-02,2501,5
2023-02,2502,5
2023-02,2503,5
2023-02,2504,5
2023-02,2505,5
2023-02,2506,5
2023-02,2507,5
2023-02,2508,5
2023-02,2509,5
2023-02,2510,5
2023-02,2511,5
2023-02,2512,5
2023-02,2513,5
2023-02,2514,5
2023-02,2515,5
2023-02,2516,5
2023-02,2517,5
2023-02,2518,5
2023-02,2519,5
2023-02,2520,5
2023-02,2521,5
2023-02,2522,5
2023-02,2523,5
2023-02,2524,5
2023-02,2525,5
2023-02,2526,5
2023-02,2527,5
2023-02,2528,5
2023-02,2529,5
2023-02,2530,5
2023-02,2531,5
2023-02,2532,5
2023-02,2533,5
2023-02,2534,5
2023-02,2535,5
2023-02,2536,5
2023-02,2537,5
2023-02,2538,5
2023-02,2539,5
2023-02,2540,5
2023-02,2541,5
2023-02,2542,5
2023-02,2543,5
2023-02,2544,5
2023-02,2545,5
2023-02,2546,5
2023-02,2547,5
2023-02,2548,5
2023-02,2549,5
2023-02,2550,5
2023-02,2551,5
2023-02,2552,5
2023-02,2553,5
2023-02,2554,5
2023-02,2555,5
2023-02,2556,5
2023-02,2557,5
2023-02,2558,5
2023-02,2559,5
2023-02,2560,5
2023-02,2561,5
2023-02,2562,5
2023-02,2563,5
2023-02,2564,5
2023-02,2565,5
2023-02,2566,5
2023-02,2567,5
2023-02,2568,5
2023-02,2569,5
2023-02,2570,5
2023-02,2571,5
2023-02,2572,5
2023-02,2573,5
2023-02,2574,5
2023-02,2575,5
2023-02,2576,5
2023-02,2577,5
2023-02,2578,5
2023-02,2579,5
2023-02,2580,5
2023-02,2581,5
2023-02,2582,5
2023-02,2583,5
2023-02,2584,5
2023-02,2585,5
2023-02,2586,5
2023-02,2587,5
2023-02,2588,5
2023-02,2589,5
2023-02,2590,5
2023-02,2591,5
2023-02,2592,5
2023-02,2593,3
2023-02,2595,5
2023-02,2596,5
2023-02,2597,5
2023-02,2598,5
2023-02,2599,5
2023-02,2600,5
2023-02,2601,5
2023-02,2602,5
2023-02,2604,5
2023-02,2605,5
2023-02,2606,5
2023-02,2607,5
2023-02,2618,3
2023-02,2619,3
2023-02,2620,5
2023-02,2621,5
2023-02,2644,5
2023-02,2646,5
2023-02,2647,3
2023-02,2648,5
2023-02,2649,5
2023-02,2651,5
2023-02,2652,5
2023-02,2710,3
2023-02,2808,5
2023-02,2809,3
2023-02,2813,3
2023-02,2814,5
2023-02,2872,3
2023-02,2876,5
2023-02,2879,3
2023-02,2880,5
2023-02,2881,1
2023-02,2882,5
2023-02,2883,3
2023-02,2884,3
2023-02,2885,3
2023-02,2886,3
2023-02,2887,5
2023-02,3005,3
2023-02,3007,3
2023-02,3009,5
2023-02,3011,3
2023-02,3012,3
2023-02,3013,5
2023-03,1,5
2023-03,2,1
2023-03,3,3
2023-03,4,1
2023-03,5,1
2023-03,6,3
2023-03,7,5
2023-03,8,2
2023-03,9,2
2023-03,10,2
2023-03,11,2
2023-03,12,2
2023-03,13,2
2023-03,14,2
2023-03,15,2
2023-03,16,2
2023-03,17,2
2023-03,18,2
2023-03,19,2
2023-03,20,2
2023-03,21,5
2023-03,22,3
2023-03,23,3
2023-03,25,5
2023-03,26,5
2023-03,27,5
2023-03,28,3
2023-03,29,5
2023-03,30,2
2023-03,31,2
2023-03,32,2
2023-03,33,2
2023-03,34,2
2023-03,35,2
2023-03,36,2
2023-03,37,2
2023-03,38,3
2023-03,39,2
2023-03,40,2
2023-03,41,2
2023-03,42,3
2023-03,43,2
2023-03,44,3
2023-03,45,2
2023-03,46,2
2023-03,47,2
2023-03,48,2
2023-03,49,3
2023-03,50,2
2023-03,51,3
2023-03,52,2
2023-03,53,2
2023-03,54,2
2023-03,55,2
2023-03,56,2
2023-03,57,3
2023-03,58,2
2023-03,59,2
2023-03,60,2
2023-03,61,2
2023-03,62,2
2023-03,63,2
2023-03,65,2
2023-03,66,3
2023-03,67,2
2023-03,68,2
2023-03,69,2
2023-03,70,3
2023-03,71,3
2023-03,72,2
2023-03,73,5
2023-03,74,2
2023-03,75,3
2023-03,76,5
2023-03,77,3
2023-03,78,2
2023-03,79,2
2023-03,80,2
2023-03,81,3
2023-03,82,2
2023-03,83,2
2023-03,167,1
2023-03,168,1
2023-03,169,3
2023-03,173,1
2023-03,181,1
2023-03,184,3
2023-03,185,1
2023-03,188,1
2023-03,191,2
2023-03,194,1
2023-03,195,1
2023-03,196,1
2023-03,198,1
2023-03,201,1
2023-03,203,3
2023-03,204,1
2023-03,205,1
2023-03,206,5
2023-03,207,5
2023-03,208,3
2023-03,209,1
2023-03,210,3
2023-03,211,3
2023-03,212,3
2023-03,213,3
2023-03,214,3
2023-03,215,3
2023-03,216,3
2023-03,217,3
2023-03,218,5
2023-03,219,3
2023-03,220,3
2023-03,221,3
2023-03,222,3
2023-03,223,3
2023-03,224,5
2023-03,225,3
2023-03,226,3
2023-03,227,3
2023-03,228,3
2023-03,229,3
2023-03,230,2
2023-03,231,3
2023-03,232,2
2023-03,233,3
2023-03,234,3
2023-03,235,3
2023-03,236,3
2023-03,237,3
2023-03,238,1
2023-03,239,3
2023-03,240,3
2023-03,241,3
2023-03,242,2
2023-03,243,2
2023-03,269,5
2023-03,270,3
2023-03,271,3
2023-03,272,3
2023-03,273,2
2023-03,274,3
2023-03,275,1
2023-03,276,3
2023-03,277,2
2023-03,278,5
2023-03,279,2
2023-03,280,3
2023-03,281,3
2023-03,282,2
2023-03,283,3
2023-03,284,3
2023-03,285,1
2023-03,287,1
2023-03,288,1
2023-03,289,1
2023-03,290,1
2023-03,292,1
2023-03,293,1
2023-03,294,1
2023-03,295,1
2023-03,296,1
2023-03,297,1
2023-03,298,3
2023-03,300,1
2023-03,301,2
2023-03,302,1
2023-03,303,3
2023-03,304,1
2023-03,305,1
2023-03,306,1
2023-03,307,1
2023-03,308,3
2023-03,309,4
2023-03,312,4
2023-03,314,4
2023-03,316,4
2023-03,317,4
2023-03,318,4
2023-03,319,4
2023-03,320,4
2023-03,321,4
2023-03,323,4
2023-03,324,4
2023-03,325,4
2023-03,326,4
2023-03,327,3
2023-03,329,4
2023-03,330,4
2023-03,331,4
2023-03,332,4
2023-03,333,3
2023-03,334,4
2023-03,335,4
2023-03,336,4
2023-03,337,4
2023-03,338,4
2023-03,339,4
2023-03,340,4
2023-03,341,4
2023-03,342,4
2023-03,343,4
2023-03,345,5
2023-03,346,1
2023-03,347,1
2023-03,348,1
2023-03,349,1
2023-03,351,1
2023-03,352,1
2023-03,354,5
2023-03,355,5
2023-03,356,3
2023-03,357,3
2023-03,358,1
2023-03,359,3
2023-03,360,3
2023-03,361,2
2023-03,362,5
2023-03,363,2
2023-03,364,2
2023-03,365,2
2023-03,366,3
2023-03,367,2
2023-03,368,3
2023-03,369,2
2023-03,370,5
2023-03,371,2
2023-03,372,2
2023-03,373,5
2023-03,374,3
2023-03,375,5
2023-03,376,2
2023-03,377,1
2023-03,378,2
2023-03,379,5
2023-03,380,3
2023-03,381,2
2023-03,382,3
2023-03,383,3
2023-03,384,2
2023-03,385,5
2023-03,386,2
2023-03,387,3
2023-03,388,2
2023-03,390,2
2023-03,391,2
2023-03,392,1
2023-03,393,3
2023-03,395,2
2023-03,396,2
2023-03,397,3
2023-03,398,3
2023-03,401,2
2023-03,402,2
2023-03,403,2
2023-03,404,1
2023-03,405,2
2023-03,408,1
2023-03,410,2
2023-03,413,2
2023-03,414,2
2023-03,416,2
2023-03,418,5
2023-03,419,3
2023-03,420,3
2023-03,421,3
2023-03,422,3
2023-03,423,2
2023-03,424,3
2023-03,425,2
2023-03,428,1
2023-03,429,1
2023-03,430,2
2023-03,431,3
2023-03,432,3
2023-03,433,2
2023-03,434,1
2023-03,435,2
2023-03,436,1
2023-03,437,1
2023-03,438,2
2023-03,440,3
2023-03,441,1
2023-03,442,2
2023-03,443,2
2023-03,444,2
2023-03,445,1
2023-03,446,2
2023-03,447,1
2023-03,448,5
2023-03,449,3
2023-03,450,3
2023-03,451,3
2023-03,452,3
2023-03,453,2
2023-03,455,2
2023-03,456,2
2023-03,457,1
2023-03,458,2
2023-03,459,2
2023-03,460,2
2023-03,478,5
2023-03,479,1
2023-03,480,3
2023-03,481,5
2023-03,482,3
2023-03,484,2
2023-03,485,2
2023-03,486,3
2023-03,487,2
2023-03,489,3
2023-03,490,2
2023-03,491,2
2023-03,492,3
2023-03,493,3
2023-03,494,2
2023-03,495,1
2023-03,496,1
2023-03,497,3
2023-03,498,3
2023-03,499,2
2023-03,501,3
2023-03,502,1
2023-03,503,2
2023-03,504,5
2023-03,505,3
2023-03,506,3
2023-03,507,2
2023-03,508,3
2023-03,509,3
2023-03,510,3
2023-03,511,3
2023-03,512,3
2023-03,515,2
2023-03,516,1
2023-03,517,2
2023-03,518,3
2023-03,519,1
2023-03,520,1
2023-03,521,1
2023-03,522,1
2023-03,523,1
2023-03,524,2
2023-03,525,1
2023-03,527,3
2023-03,528,1
2023-03,529,1
2023-03,530,2
2023-03,531,2
2023-03,532,1
2023-03,533,1
2023-03,534,1
2023-03,535,2
2023-03,536,1
2023-03,537,2
2023-03,538,3
2023-03,539,1
2023-03,540,3
2023-03,541,1
2023-03,542,1
2023-03,543,3
2023-03,544,1
2023-03,545,2
2023-03,546,1
2023-03,547,1
2023-03,548,1
2023-03,549,1
2023-03,550,1
2023-03,552,1
2023-03,553,1
2023-03,554,1
2023-03,555,1
2023-03,556,1
2023-03,557,1
2023-03,558,2
2023-03,559,3
2023-03,560,1
2023-03,561,1
2023-03,562,1
2023-03,563,1
2023-03,564,1
2023-03,565,1
2023-03,566,1
2023-03,567,1
2023-03,568,2
2023-03,569,1
2023-03,570,1
2023-03,571,1
2023-03,572,1
2023-03,574,1
2023-03,578,5
2023-03,579,3
2023-03,580,4
2023-03,581,5
2023-03,582,4
2023-03,583,2
2023-03,584,3
2023-03,585,3
2023-03,586,2
2023-03,587,2
2023-03,588,4
2023-03,589,2
2023-03,591,2
2023-03,592,2
2023-03,593,2
2023-03,594,2
2023-03,595,2
2023-03,598,2
2023-03,599,1
2023-03,600,4
2023-03,601,2
2023-03,602,2
2023-03,603,2
2023-03,604,2
2023-03,605,4
2023-03,606,2
2023-03,607,2
2023-03,608,4
2023-03,612,4
2023-03,613,4
2023-03,614,4
2023-03,615,4
2023-03,616,4
2023-03,618,4
2023-03,619,4
2023-03,621,4
2023-03,666,5
2023-03,667,3
2023-03,668,3
2023-03,669,3
2023-03,670,3
2023-03,671,3
2023-03,674,3
2023-03,675,3
2023-03,676,3
2023-03,677,3
2023-03,678,4
2023-03,679,3
2023-03,680,3
2023-03,683,1
2023-03,685,2
2023-03,686,3
2023-03,687,1
2023-03,689,3
2023-03,690,2
2023-03,691,1
2023-03,692,1
2023-03,693,2
2023-03,694,3
2023-03,695,1
2023-03,696,1
2023-03,697,3
2023-03,698,2
2023-03,699,1
2023-03,701,1
2023-03,702,3
2023-03,703,3
2023-03,704,2
2023-03,705,1
2023-03,706,1
2023-03,708,4
2023-03,710,1
2023-03,711,2
2023-03,712,2
2023-03,713,1
2023-03,714,3
2023-03,715,1
2023-03,716,4
2023-03,717,2
2023-03,718,4
2023-03,719,1
2023-03,720,4
2023-03,721,1
2023-03,722,2
2023-03,723,3
2023-03,725,2
2023-03,726,4
2023-03,727,5
2023-03,731,3
2023-03,734,3
2023-03,735,2
2023-03,736,2
2023-03,737,3
2023-03,738,3
2023-03,739,3
2023-03,741,3
2023-03,742,3
2023-03,743,2
2023-03,744,2
2023-03,745,3
2023-03,746,2
2023-03,747,3
2023-03,748,3
2023-03,749,3
2023-03,751,3
2023-03,752,2
2023-03,753,2
2023-03,754,3
2023-03,755,3
2023-03,756,3
2023-03,757,2
2023-03,758,2
2023-03,760,1
2023-03,761,2
2023-03,763,3
2023-03,764,1
2023-03,765,1
2023-03,766,3
2023-03,767,3
2023-03,769,1
2023-03,770,2
2023-03,771,2
2023-03,773,2
2023-03,774,2
2023-03,775,4
2023-03,776,4
2023-03,777,4
2023-03,778,4
2023-03,779,4
2023-03,780,4
2023-03,781,4
2023-03,782,4
2023-03,783,4
2023-03,784,4
2023-03,785,4
2023-03,787,4
2023-03,788,2
2023-03,789,4
2023-03,790,2
2023-03,791,4
2023-03,792,4
2023-03,793,4
2023-03,794,4
2023-03,795,4
2023-03,796,2
2023-03,797,4
2023-03,798,4
2023-03,799,4
2023-03,800,4
2023-03,801,4
2023-03,802,2
2023-03,803,4
2023-03,804,4
2023-03,805,4
2023-03,806,3
2023-03,807,4
2023-03,808,2
2023-03,809,5
2023-03,810,1
2023-03,811,1
2023-03,812,5
2023-03,813,3
2023-03,814,1
2023-03,815,3
2023-03,817,3
2023-03,818,3
2023-03,819,5
2023-03,820,3
2023-03,821,1
2023-03,822,1
2023-03,823,1
2023-03,824,5
2023-03,825,1
2023-03,826,1
2023-03,827,1
2023-03,828,1
2023-03,829,1
2023-03,830,1
2023-03,831,1
2023-03,832,1
2023-03,833,1
2023-03,834,1
2023-03,835,1
2023-03,836,1
2023-03,838,1
2023-03,839,1
2023-03,840,1
2023-03,841,5
2023-03,842,4
2023-03,843,4
2023-03,844,4
2023-03,846,3
2023-03,847,4
2023-03,848,4
2023-03,849,4
2023-03,851,4
2023-03,852,4
2023-03,853,4
2023-03,854,4
2023-03,855,4
2023-03,856,4
2023-03,857,4
2023-03,859,4
2023-03,860,4
2023-03,870,4
2023-03,871,4
2023-03,872,4
2023-03,873,4
2023-03,874,4
2023-03,875,4
2023-03,876,4
2023-03,877,4
2023-03,878,4
2023-03,879,4
2023-03,880,4
2023-03,881,3
2023-03,882,4
2023-03,883,3
2023-03,884,4
2023-03,885,4
2023-03,886,4
2023-03,888,4
2023-03,889,4
2023-03,890,5
2023-03,891,3
2023-03,892,3
2023-03,895,3
2023-03,896,5
2023-03,897,3
2023-03,898,2
2023-03,899,3
2023-03,900,1
2023-03,901,1
2023-03,902,3
2023-03,903,3
2023-03,904,1
2023-03,905,3
2023-03,907,4
2023-03,908,3
2023-03,909,3
2023-03,911,3
2023-03,912,3
2023-03,913,3
2023-03,914,1
2023-03,915,3
2023-03,916,4
2023-03,917,4
2023-03,918,5
2023-03,920,3
2023-03,922,1
2023-03,923,1
2023-03,924,1
2023-03,925,1
2023-03,926,1
2023-03,927,3
2023-03,928,2
2023-03,929,1
2023-03,930,1
2023-03,986,5
2023-03,987,3
2023-03,988,3
2023-03,989,3
2023-03,991,3
2023-03,992,3
2023-03,993,3
2023-03,994,3
2023-03,995,3
2023-03,996,3
2023-03,998,3
2023-03,999,3
2023-03,1001,3
2023-03,1002,3
2023-03,1003,3
2023-03,1004,3
2023-03,1005,3
2023-03,1006,3
2023-03,1007,5
2023-03,1008,5
2023-03,1009,3
2023-03,1010,1
2023-03,1011,1
2023-03,1012,1
2023-03,1013,1
2023-03,1014,1
2023-03,1015,3
2023-03,1016,1
2023-03,1017,1
2023-03,1018,1
2023-03,1019,3
2023-03,1020,3
2023-03,1021,3
2023-03,1023,1
2023-03,1024,1
2023-03,1025,3
2023-03,1026,3
2023-03,1027,1
2023-03,1028,1
2023-03,1029,1
2023-03,1030,1
2023-03,1031,1
2023-03,1032,1
2023-03,1033,1
2023-03,1034,1
2023-03,1035,1
2023-03,1036,1
2023-03,1037,3
2023-03,1038,1
2023-03,1039,3
2023-03,1040,1
2023-03,1041,1
2023-03,1044,1
2023-03,1047,3
2023-03,1048,2
2023-03,1049,3
2023-03,1051,3
2023-03,1052,2
2023-03,1053,3
2023-03,1054,3
2023-03,1055,2
2023-03,1056,3
2023-03,1057,3
2023-03,1058,2
2023-03,1059,2
2023-03,1060,1
2023-03,1061,2
2023-03,1062,2
2023-03,1063,3
2023-03,1064,2
2023-03,1065,2
2023-03,1066,3
2023-03,1067,2
2023-03,1068,3
2023-03,1069,3
2023-03,1070,3
2023-03,1071,2
2023-03,1072,3
2023-03,1107,5
2023-03,1108,3
2023-03,1109,3
2023-03,1110,3
2023-03,1111,3
2023-03,1112,3
2023-03,1113,3
2023-03,1115,1
2023-03,1116,1
2023-03,1117,5
2023-03,1118,1
2023-03,1119,3
2023-03,1120,3
2023-03,1121,3
2023-03,1122,2
2023-03,1123,3
2023-03,1124,2
2023-03,1125,3
2023-03,1126,1
2023-03,1127,3
2023-03,1128,3
2023-03,1129,3
2023-03,1130,3
2023-03,1131,3
2023-03,1132,3
2023-03,1133,1
2023-03,1134,5
2023-03,1135,5
2023-03,1136,5
2023-03,1137,2
2023-03,1138,3
2023-03,1139,2
2023-03,1140,3
2023-03,1141,3
2023-03,1142,2
2023-03,1143,3
2023-03,1144,2
2023-03,1146,3
2023-03,1147,2
2023-03,1148,2
2023-03,1149,2
2023-03,1150,5
2023-03,1151,4
2023-03,1152,4
2023-03,1153,5
2023-03,1154,4
2023-03,1155,2
2023-03,1157,3
2023-03,1158,3
2023-03,1159,2
2023-03,1160,3
2023-03,1161,3
2023-03,1163,3
2023-03,1164,3
2023-03,1165,3
2023-03,1166,2
2023-03,1167,2
2023-03,1168,3
2023-03,1169,3
2023-03,1170,2
2023-03,1171,2
2023-03,1172,2
2023-03,1173,2
2023-03,1174,2
2023-03,1175,2
2023-03,1176,5
2023-03,1178,2
2023-03,1179,3
2023-03,1180,3
2023-03,1181,3
2023-03,1184,3
2023-03,1185,3
2023-03,1186,5
2023-03,1187,3
2023-03,1188,5
2023-03,1189,2
2023-03,1190,5
2023-03,1191,3
2023-03,1192,2
2023-03,1193,3
2023-03,1194,1
2023-03,1195,1
2023-03,1196,2
2023-03,1197,3
2023-03,1198,5
2023-03,1200,3
2023-03,1201,1
2023-03,1203,3
2023-03,1204,1
2023-03,1205,1
2023-03,1206,3
2023-03,1207,3
2023-03,1208,1
2023-03,1209,3
2023-03,1210,1
2023-03,1211,3
2023-03,1212,3
2023-03,1213,3
2023-03,1214,1
2023-03,1215,1
2023-03,1217,1
2023-03,1218,1
2023-03,1219,3
2023-03,1220,1
2023-03,1221,1
2023-03,1222,1
2023-03,1223,1
2023-03,1224,5
2023-03,1225,3
2023-03,1226,3
2023-03,1227,3
2023-03,1228,3
2023-03,1229,3
2023-03,1230,3
2023-03,1231,3
2023-03,1232,3
2023-03,1233,5
2023-03,1234,3
2023-03,1235,3
2023-03,1236,5
2023-03,1237,3
2023-03,1238,3
2023-03,1240,1
2023-03,1241,3
2023-03,1242,1
2023-03,1243,5
2023-03,1244,3
2023-03,1246,2
2023-03,1249,2
2023-03,1250,5
2023-03,1251,1
2023-03,1252,3
2023-03,1253,1
2023-03,1254,2
2023-03,1256,1
2023-03,1257,1
2023-03,1258,5
2023-03,1259,3
2023-03,1260,3
2023-03,1261,3
2023-03,1262,3
2023-03,1264,2
2023-03,1265,3
2023-03,1266,1
2023-03,1267,1
2023-03,1268,3
2023-03,1269,1
2023-03,1270,3
2023-03,1271,1
2023-03,1272,3
2023-03,1273,1
2023-03,1274,1
2023-03,1275,3
2023-03,1276,2
2023-03,1277,3
2023-03,1278,2
2023-03,1279,1
2023-03,1280,3
2023-03,1281,1
2023-03,1282,2
2023-03,1284,3
2023-03,1285,3
2023-03,1286,3
2023-03,1287,3
2023-03,1288,3
2023-03,1289,2
2023-03,1290,3
2023-03,1291,2
2023-03,1292,2
2023-03,1293,3
2023-03,1294,3
2023-03,1295,3
2023-03,1296,2
2023-03,1297,2
2023-03,1298,1
2023-03,1299,1
2023-03,1300,1
2023-03,1301,3
2023-03,1302,3
2023-03,1303,5
2023-03,1304,3
2023-03,1305,3
2023-03,1306,3
2023-03,1308,3
2023-03,1309,1
2023-03,1310,3
2023-03,1311,1
2023-03,1312,1
2023-03,1313,1
2023-03,1314,1
2023-03,1315,3
2023-03,1316,3
2023-03,1317,1
2023-03,1319,1
2023-03,1320,1
2023-03,1321,3
2023-03,1322,1
2023-03,1323,1
2023-03,1324,1
2023-03,1325,1
2023-03,1326,2
2023-03,1327,1
2023-03,1328,1
2023-03,1329,1
2023-03,1330,3
2023-03,1331,1
2023-03,1333,3
2023-03,1334,3
2023-03,1335,1
2023-03,1336,1
2023-03,1337,2
2023-03,1338,3
2023-03,1339,1
2023-03,1340,1
2023-03,1341,3
2023-03,1343,2
2023-03,1344,1
2023-03,1345,1
2023-03,1346,1
2023-03,1347,1
2023-03,1348,1
2023-03,1349,1
2023-03,1350,1
2023-03,1351,1
2023-03,1352,1
2023-03,1353,1
2023-03,1355,1
2023-03,1356,2
2023-03,1357,2
2023-03,1358,2
2023-03,1392,3
2023-03,1393,3
2023-03,1394,3
2023-03,1395,5
2023-03,1396,5
2023-03,1397,5
2023-03,1398,5
2023-03,1399,3
2023-03,1400,5
2023-03,1401,3
2023-03,1402,5
2023-03,1403,5
2023-03,1404,3
2023-03,1405,3
2023-03,1406,3
2023-03,1407,3
2023-03,1408,5
2023-03,1409,5
2023-03,1410,5
2023-03,1411,3
2023-03,1412,1
2023-03,1413,3
2023-03,1414,3
2023-03,1415,1
2023-03,1416,1
2023-03,1417,1
2023-03,1419,1
2023-03,1420,1
2023-03,1421,1
2023-03,1422,3
2023-03,1423,1
2023-03,1425,3
2023-03,1426,1
2023-03,1427,3
2023-03,1428,1
2023-03,1429,3
2023-03,1430,4
2023-03,1431,4
2023-03,1438,4
2023-03,1439,5
2023-03,1440,5
2023-03,1443,5
2023-03,1444,5
2023-03,1445,5
2023-03,1446,5
2023-03,1447,5
2023-03,1448,5
2023-03,1449,3
2023-03,1453,5
2023-03,1454,5
2023-03,1456,5
2023-03,1457,5
2023-03,1459,5
2023-03,1461,5
2023-03,1463,3
2023-03,1464,5
2023-03,1465,5
2023-03,1467,5
2023-03,1468,5
2023-03,1472,5
2023-03,1473,3
2023-03,1474,3
2023-03,1475,5
2023-03,1477,3
2023-03,1478,3
2023-03,1480,5
2023-03,1481,5
2023-03,1483,3
2023-03,1484,5
2023-03,1486,3
2023-03,1488,5
2023-03,1489,5
2023-03,1490,5
2023-03,1491,5
2023-03,1492,5
2023-03,1493,5
2023-03,1494,1
2023-03,1495,5
2023-03,1496,5
2023-03,1500,5
2023-03,1501,5
2023-03,1504,3
2023-03,1506,5
2023-03,1507,5
2023-03,1508,5
2023-03,1509,3
2023-03,1510,3
2023-03,1511,5
2023-03,1512,3
2023-03,1518,3
2023-03,1519,3
2023-03,1520,3
2023-03,1521,5
2023-03,1522,3
2023-03,1523,5
2023-03,1525,3
2023-03,1526,3
2023-03,1527,5
2023-03,1528,3
2023-03,1529,3
2023-03,1530,3
2023-03,1532,1
2023-03,1533,3
2023-03,1534,3
2023-03,1535,3
2023-03,1536,3
2023-03,1537,1
2023-03,1539,3
2023-03,1540,3
2023-03,1541,1
2023-03,1542,3
2023-03,1543,1
2023-03,1544,2
2023-03,1545,1
2023-03,1546,3
2023-03,1547,1
2023-03,1548,1
2023-03,1549,3
2023-03,1550,3
2023-03,1551,1
2023-03,1552,1
2023-03,1553,3
2023-03,1554,3
2023-03,1555,1
2023-03,1556,3
2023-03,1557,3
2023-03,1558,1
2023-03,1559,1
2023-03,1560,5
2023-03,1561,1
2023-03,1562,3
2023-03,1563,3
2023-03,1564,3
2023-03,1565,3
2023-03,1566,1
2023-03,1567,1
2023-03,1568,3
2023-03,1569,1
2023-03,1570,1
2023-03,1571,1
2023-03,1572,1
2023-03,1573,1
2023-03,1574,3
2023-03,1575,5
2023-03,1577,3
2023-03,1578,3
2023-03,1579,3
2023-03,1580,1
2023-03,1581,3
2023-03,1582,1
2023-03,1583,3
2023-03,1584,1
2023-03,1585,1
2023-03,1586,5
2023-03,1587,1
2023-03,1588,3
2023-03,1589,3
2023-03,1590,1
2023-03,1591,1
2023-03,1592,3
2023-03,1593,1
2023-03,1594,1
2023-03,1595,3
2023-03,1596,1
2023-03,1597,5
2023-03,1598,5
2023-03,1599,3
2023-03,1600,5
2023-03,1601,5
2023-03,1602,1
2023-03,1603,3
2023-03,1604,3
2023-03,1605,1
2023-03,1606,1
2023-03,1607,1
2023-03,1608,3
2023-03,1609,2
2023-03,1610,3
2023-03,1611,1
2023-03,1612,3
2023-03,1613,1
2023-03,1614,1
2023-03,1615,3
2023-03,1616,1
2023-03,1617,1
2023-03,1618,1
2023-03,1619,3
2023-03,1620,5
2023-03,1621,2
2023-03,1622,1
2023-03,1623,3
2023-03,1624,3
2023-03,1625,2
2023-03,1626,1
2023-03,1627,1
2023-03,1628,1
2023-03,1629,1
2023-03,1630,2
2023-03,1631,3
2023-03,1632,5
2023-03,1633,3
2023-03,1634,3
2023-03,1635,1
2023-03,1636,3
2023-03,1637,1
2023-03,1638,2
2023-03,1639,3
2023-03,1640,1
2023-03,1641,3
2023-03,1642,1
2023-03,1643,3
2023-03,1644,3
2023-03,1645,2
2023-03,1646,1
2023-03,1647,2
2023-03,1648,1
2023-03,1649,2
2023-03,1650,2
2023-03,1651,2
2023-03,1652,3
2023-03,1653,3
2023-03,1654,2
2023-03,1655,2
2023-03,1656,3
2023-03,1657,1
2023-03,1658,3
2023-03,1659,3
2023-03,1660,1
2023-03,1661,2
2023-03,1662,2
2023-03,1663,1
2023-03,1664,1
2023-03,1665,5
2023-03,1666,1
2023-03,1667,3
2023-03,1668,3
2023-03,1669,3
2023-03,1670,3
2023-03,1671,3
2023-03,1672,3
2023-03,1673,3
2023-03,1674,3
2023-03,1675,3
2023-03,1676,3
2023-03,1678,3
2023-03,1679,3
2023-03,1680,1
2023-03,1681,1
2023-03,1682,3
2023-03,1683,3
2023-03,1685,3
2023-03,1686,3
2023-03,1687,2
2023-03,1688,3
2023-03,1689,1
2023-03,1690,3
2023-03,1691,1
2023-03,1692,3
2023-03,1693,2
2023-03,1694,3
2023-03,1696,3
2023-03,1697,3
2023-03,1698,1
2023-03,1699,3
2023-03,1700,3
2023-03,1701,3
2023-03,1702,1
2023-03,1703,3
2023-03,1704,3
2023-03,1705,3
2023-03,1706,3
2023-03,1707,5
2023-03,1708,3
2023-03,1709,3
2023-03,1710,3
2023-03,1711,1
2023-03,1712,1
2023-03,1714,1
2023-03,1715,1
2023-03,1717,1
2023-03,1718,1
2023-03,1719,3
2023-03,1722,1
2023-03,1724,1
2023-03,1725,1
2023-03,1726,5
2023-03,1727,1
2023-03,1728,3
2023-03,1730,2
2023-03,1731,3
2023-03,1732,1
2023-03,1733,3
2023-03,1737,1
2023-03,1738,1
2023-03,1739,1
2023-03,1740,1
2023-03,1741,1
2023-03,1742,3
2023-03,1743,1
2023-03,1744,1
2023-03,1745,1
2023-03,1746,1
2023-03,1747,1
2023-03,1749,1
2023-03,1750,1
2023-03,1751,1
2023-03,1752,1
2023-03,1753,1
2023-03,1754,2
2023-03,1755,1
2023-03,1756,1
2023-03,1757,1
2023-03,1758,5
2023-03,1759,1
2023-03,1760,1
2023-03,1761,1
2023-03,1762,1
2023-03,1764,5
2023-03,1765,3
2023-03,1766,3
2023-03,1768,3
2023-03,1769,1
2023-03,1770,3
2023-03,1771,1
2023-03,1773,1
2023-03,1774,1
2023-03,1775,1
2023-03,1776,3
2023-03,1777,1
2023-03,1778,3
2023-03,1780,3
2023-03,1781,1
2023-03,1782,3
2023-03,1783,5
2023-03,1784,1
2023-03,1785,3
2023-03,1786,3
2023-03,1787,1
2023-03,1788,3
2023-03,1845,5
2023-03,1846,3
2023-03,1848,1
2023-03,1849,1
2023-03,1850,1
2023-03,1851,1
2023-03,1852,1
2023-03,1853,1
2023-03,1854,1
2023-03,1855,1
2023-03,1856,1
2023-03,1857,1
2023-03,1858,1
2023-03,1859,3
2023-03,1860,1
2023-03,1861,3
2023-03,1862,1
2023-03,1863,3
2023-03,1864,1
2023-03,1865,1
2023-03,1868,1
2023-03,1869,1
2023-03,1870,1
2023-03,1871,3
2023-03,1872,1
2023-03,1873,1
2023-03,1874,5
2023-03,1875,3
2023-03,1876,3
2023-03,1877,3
2023-03,1878,3
2023-03,1879,3
2023-03,1880,1
2023-03,1881,5
2023-03,1883,3
2023-03,1884,1
2023-03,1885,3
2023-03,1886,3
2023-03,1887,1
2023-03,1888,1
2023-03,1889,1
2023-03,1890,5
2023-03,1891,1
2023-03,1892,1
2023-03,1893,1
2023-03,1894,3
2023-03,1895,3
2023-03,1896,1
2023-03,1897,1
2023-03,1898,3
2023-03,1899,3
2023-03,1900,3
2023-03,1901,1
2023-03,1902,1
2023-03,1903,3
2023-03,1904,3
2023-03,1905,5
2023-03,1906,3
2023-03,1907,1
2023-03,1908,1
2023-03,1909,1
2023-03,1910,1
2023-03,1912,3
2023-03,1915,1
2023-03,1916,1
2023-03,1917,3
2023-03,1918,1
2023-03,1919,3
2023-03,1920,3
2023-03,1921,1
2023-03,1922,3
2023-03,1923,3
2023-03,1924,1
2023-03,1925,1
2023-03,1926,1
2023-03,1927,1
2023-03,1928,1
2023-03,1929,1
2023-03,1930,3
2023-03,1931,3
2023-03,1932,1
2023-03,1933,1
2023-03,1934,3
2023-03,1935,1
2023-03,1936,1
2023-03,1937,3
2023-03,1938,3
2023-03,1939,3
2023-03,1940,1
2023-03,1941,1
2023-03,1942,1
2023-03,1943,1
2023-03,1944,3
2023-03,1945,1
2023-03,1947,3
2023-03,1948,3
2023-03,1949,1
2023-03,1950,3
2023-03,1951,3
2023-03,1952,5
2023-03,1954,4
2023-03,1955,4
2023-03,1956,4
2023-03,1957,4
2023-03,1958,4
2023-03,1959,4
2023-03,1960,4
2023-03,1961,4
2023-03,1962,4
2023-03,1963,4
2023-03,1965,4
2023-03,1966,4
2023-03,1967,4
2023-03,1968,4
2023-03,1969,4
2023-03,1970,4
2023-03,1971,5
2023-03,1972,3
2023-03,1973,3
2023-03,1974,3
2023-03,1975,3
2023-03,1976,3
2023-03,1977,5
2023-03,1978,3
2023-03,1979,5
2023-03,1980,5
2023-03,1981,3
2023-03,1982,3
2023-03,1983,3
2023-03,1984,3
2023-03,1985,3
2023-03,1986,5
2023-03,1987,3
2023-03,1988,3
2023-03,1989,3
2023-03,1990,3
2023-03,1991,3
2023-03,1992,3
2023-03,1993,3
2023-03,1994,3
2023-03,1995,3
2023-03,1996,3
2023-03,1997,3
2023-03,1999,5
2023-03,2000,5
2023-03,2001,3
2023-03,2002,3
2023-03,2004,5
2023-03,2005,3
2023-03,2006,5
2023-03,2007,3
2023-03,2008,3
2023-03,2009,3
2023-03,2010,3
2023-03,2011,3
2023-03,2012,3
2023-03,2015,3
2023-03,2017,2
2023-03,2018,2
2023-03,2019,3
2023-03,2021,3
2023-03,2022,1
2023-03,2023,3
2023-03,2024,3
2023-03,2025,2
2023-03,2027,3
2023-03,2028,3
2023-03,2030,3
2023-03,2031,3
2023-03,2032,5
2023-03,2033,5
2023-03,2034,3
2023-03,2035,3
2023-03,2036,3
2023-03,2037,2
2023-03,2039,3
2023-03,2040,3
2023-03,2041,2
2023-03,2042,3
2023-03,2043,1
2023-03,2044,5
2023-03,2045,3
2023-03,2046,1
2023-03,2047,3
2023-03,2048,3
2023-03,2049,1
2023-03,2050,1
2023-03,2051,3
2023-03,2052,1
2023-03,2053,3
2023-03,2054,1
2023-03,2055,3
2023-03,2056,1
2023-03,2057,1
2023-03,2058,1
2023-03,2059,3
2023-03,2060,3
2023-03,2061,1
2023-03,2062,3
2023-03,2063,5
2023-03,2064,1
2023-03,2065,1
2023-03,2066,1
2023-03,2067,1
2023-03,2068,1
2023-03,2069,1
2023-03,2070,3
2023-03,2072,1
2023-03,2073,3
2023-03,2074,3
2023-03,2075,1
2023-03,2076,1
2023-03,2077,1
2023-03,2078,1
2023-03,2079,1
2023-03,2080,1
2023-03,2081,1
2023-03,2082,1
2023-03,2085,1
2023-03,2087,1
2023-03,2088,1
2023-03,2089,1
2023-03,2090,1
2023-03,2091,1
2023-03,2093,1
2023-03,2094,1
2023-03,2095,1
2023-03,2096,1
2023-03,2098,1
2023-03,2100,1
2023-03,2101,5
2023-03,2105,3
2023-03,2108,3
2023-03,2109,3
2023-03,2110,1
2023-03,2111,3
2023-03,2112,1
2023-03,2113,1
2023-03,2114,1
2023-03,2116,1
2023-03,2117,1
2023-03,2118,1
2023-03,2119,5
2023-03,2120,1
2023-03,2121,3
2023-03,2122,3
2023-03,2124,3
2023-03,2125,1
2023-03,2126,1
2023-03,2127,1
2023-03,2128,3
2023-03,2129,1
2023-03,2130,1
2023-03,2131,3
2023-03,2132,1
2023-03,2133,1
2023-03,2134,1
2023-03,2136,1
2023-03,2137,1
2023-03,2138,1
2023-03,2139,3
2023-03,2140,1
2023-03,2142,1
2023-03,2143,1
2023-03,2144,5
2023-03,2145,3
2023-03,2146,3
2023-03,2148,4
2023-03,2149,3
2023-03,2150,2
2023-03,2151,3
2023-03,2152,1
2023-03,2153,3
2023-03,2154,2
2023-03,2155,3
2023-03,2156,1
2023-03,2157,1
2023-03,2158,3
2023-03,2159,1
2023-03,2160,1
2023-03,2161,5
2023-03,2162,1
2023-03,2163,3
2023-03,2164,5
2023-03,2165,3
2023-03,2167,3
2023-03,2168,3
2023-03,2169,3
2023-03,2171,1
2023-03,2172,1
2023-03,2173,3
2023-03,2174,3
2023-03,2175,1
2023-03,2176,3
2023-03,2177,3
2023-03,2178,3
2023-03,2179,3
2023-03,2180,3
2023-03,2181,1
2023-03,2182,1
2023-03,2183,3
2023-03,2184,1
2023-03,2185,1
2023-03,2186,3
2023-03,2187,3
2023-03,2188,3
2023-03,2189,3
2023-03,2190,5
2023-03,2191,2
2023-03,2192,3
2023-03,2193,5
2023-03,2194,2
2023-03,2195,2
2023-03,2196,1
2023-03,2197,1
2023-03,2198,2
2023-03,2199,2
2023-03,2200,1
2023-03,2201,2
2023-03,2202,2
2023-03,2203,2
2023-03,2204,2
2023-03,2205,2
2023-03,2206,2
2023-03,2207,1
2023-03,2208,2
2023-03,2210,5
2023-03,2211,3
2023-03,2212,2
2023-03,2213,1
2023-03,2215,2
2023-03,2216,5
2023-03,2217,5
2023-03,2218,3
2023-03,2219,3
2023-03,2220,5
2023-03,2221,5
2023-03,2222,3
2023-03,2223,3
2023-03,2224,3
2023-03,2225,3
2023-03,2226,5
2023-03,2227,5
2023-03,2228,5
2023-03,2229,3
2023-03,2230,3
2023-03,2231,3
2023-03,2232,3
2023-03,2233,3
2023-03,2234,3
2023-03,2235,5
2023-03,2236,3
2023-03,2237,5
2023-03,2238,5
2023-03,2241,3
2023-03,2242,5
2023-03,2243,5
2023-03,2244,4
2023-03,2245,3
2023-03,2248,3
2023-03,2249,4
2023-03,2250,4
2023-03,2251,5
2023-03,2252,3
2023-03,2253,3
2023-03,2254,1
2023-03,2255,1
2023-03,2256,1
2023-03,2257,1
2023-03,2258,1
2023-03,2259,1
2023-03,2260,1
2023-03,2262,1
2023-03,2264,3
2023-03,2265,1
2023-03,2266,1
2023-03,2267,1
2023-03,2268,1
2023-03,2269,1
2023-03,2270,1
2023-03,2271,1
2023-03,2272,3
2023-03,2274,1
2023-03,2275,5
2023-03,2276,3
2023-03,2278,3
2023-03,2279,3
2023-03,2280,3
2023-03,2281,5
2023-03,2282,5
2023-03,2286,3
2023-03,2287,3
2023-03,2288,3
2023-03,2289,3
2023-03,2292,2
2023-03,2293,3
2023-03,2294,3
2023-03,2295,2
2023-03,2296,3
2023-03,2297,3
2023-03,2298,3
2023-03,2299,3
2023-03,2300,3
2023-03,2301,3
2023-03,2302,3
2023-03,2303,3
2023-03,2304,3
2023-03,2305,2
2023-03,2307,3
2023-03,2308,1
2023-03,2309,3
2023-03,2310,3
2023-03,2311,3
2023-03,2312,5
2023-03,2314,3
2023-03,2315,3
2023-03,2316,3
2023-03,2317,2
2023-03,2318,5
2023-03,2320,3
2023-03,2321,3
2023-03,2322,3
2023-03,2323,1
2023-03,2324,3
2023-03,2325,3
2023-03,2326,3
2023-03,2327,3
2023-03,2328,3
2023-03,2329,3
2023-03,2330,3
2023-03,2332,3
2023-03,2333,3
2023-03,2334,3
2023-03,2335,3
2023-03,2336,3
2023-03,2337,5
2023-03,2338,4
2023-03,2339,4
2023-03,2340,3
2023-03,2341,4
2023-03,2342,4
2023-03,2343,4
2023-03,2344,4
2023-03,2345,4
2023-03,2348,4
2023-03,2349,4
2023-03,2351,5
2023-03,2352,5
2023-03,2353,5
2023-03,2354,5
2023-03,2355,5
2023-03,2356,5
2023-03,2357,5
2023-03,2358,5
2023-03,2359,5
2023-03,2360,5
2023-03,2361,5
2023-03,2362,5
2023-03,2363,5
2023-03,2364,5
2023-03,2365,5
2023-03,2366,5
2023-03,2367,5
2023-03,2368,5
2023-03,2369,5
2023-03,2370,5
2023-03,2371,5
2023-03,2372,5
2023-03,2373,5
2023-03,2374,5
2023-03,2375,5
2023-03,2376,5
2023-03,2377,5
2023-03,2378,5
2023-03,2379,5
2023-03,2380,5
2023-03,2381,5
2023-03,2382,5
2023-03,2383,5
2023-03,2384,5
2023-03,2385,5
2023-03,2386,5
2023-03,2387,5
2023-03,2388,5
2023-03,2389,5
2023-03,2390,5
2023-03,2391,5
2023-03,2392,5
2023-03,2393,5
2023-03,2395,5
2023-03,2398,5
2023-03,2399,5
2023-03,2400,5
2023-03,2401,5
2023-03,2402,5
2023-03,2403,5
2023-03,2404,5
2023-03,2405,5
2023-03,2406,5
2023-03,2407,5
2023-03,2408,5
2023-03,2409,5
2023-03,2410,5
2023-03,2411,5
2023-03,2412,5
2023-03,2416,5
2023-03,2422,5
2023-03,2423,5
2023-03,2424,5
2023-03,2425,5
2023-03,2426,5
2023-03,2427,5
2023-03,2428,5
2023-03,2429,5
2023-03,2430,5
2023-03,2431,5
2023-03,2432,5
2023-03,2433,5
2023-03,2434,5
2023-03,2435,5
2023-03,2436,5
2023-03,2437,5
2023-03,2439,5
2023-03,2440,5
2023-03,2441,5
2023-03,2442,5
2023-03,2443,5
2023-03,2444,5
2023-03,2445,5
2023-03,2446,5
2023-03,2447,5
2023-03,2449,5
2023-03,2450,5
2023-03,2451,5
2023-03,2452,5
2023-03,2453,5
2023-03,2454,5
2023-03,2455,5
2023-03,2456,5
2023-03,2457,5
2023-03,2458,5
2023-03,2459,5
2023-03,2460,5
2023-03,2461,5
2023-03,2462,5
2023-03,2463,5
2023-03,2464,5
2023-03,2465,5
2023-03,2466,5
2023-03,2467,5
2023-03,2468,5
2023-03,2469,5
2023-03,2470,5
2023-03,2471,5
2023-03,2472,5
2023-03,2473,5
2023-03,2474,5
2023-03,2475,5
2023-03,2476,5
2023-03,2477,5
2023-03,2478,5
2023-03,2479,5
2023-03,2480,5
2023-03,2481,5
2023-03,2482,5
2023-03,2483,5
2023-03,2484,5
2023-03,2485,5
2023-03,2486,5
2023-03,2487,5
2023-03,2488,5
2023-03,2489,5
2023-03,2490,5
2023-03,2491,5
2023-03,2492,5
2023-03,2493,5
2023-03,2494,5
2023-03,2495,5
2023-03,2496,5
2023-03,2497,5
2023-03,2498,5
2023-03,2499,5
2023-03,2500,5
2023-03,2501,5
2023-03,2502,5
2023-03,2503,5
2023-03,2504,5
2023-03,2505,5
2023-03,2506,5
2023-03,2507,5
2023-03,2508,5
2023-03,2509,5
2023-03,2510,5
2023-03,2511,5
2023-03,2512,5
2023-03,2513,5
2023-03,2514,5
2023-03,2515,5
2023-03,2516,5
2023-03,2517,5
2023-03,2518,5
2023-03,2519,5
2023-03,2520,5
2023-03,2521,5
2023-03,2522,5
2023-03,2523,5
2023-03,2524,5
2023-03,2525,5
2023-03,2526,5
2023-03,2527,5
2023-03,2528,5
2023-03,2529,5
2023-03,2530,5
2023-03,2531,5
2023-03,2532,5
2023-03,2533,5
2023-03,2534,5
2023-03,2535,5
2023-03,2536,5
2023-03,2537,5
2023-03,2538,5
2023-03,2539,5
2023-03,2540,5
2023-03,2541,5
2023-03,2542,5
2023-03,2543,5
2023-03,2544,5
2023-03,2545,5
2023-03,2546,5
2023-03,2547,5
2023-03,2548,5
2023-03,2549,5
2023-03,2550,5
2023-03,2551,5
2023-03,2552,5
2023-03,2553,5
2023-03,2554,5
2023-03,2555,5
2023-03,2556,5
2023-03,2557,5
2023-03,2558,5
2023-03,2559,5
2023-03,2560,5
2023-03,2561,5
2023-03,2562,5
2023-03,2563,5
2023-03,2564,5
2023-03,2565,5
2023-03,2566,5
2023-03,2567,5
2023-03,2568,5
2023-03,2569,5
2023-03,2570,5
2023-03,2571,5
2023-03,2572,5
2023-03,2573,5
2023-03,2574,5
2023-03,2575,5
2023-03,2576,5
2023-03,2577,5
2023-03,2578,5
2023-03,2579,5
2023-03,2580,5
2023-03,2581,5
2023-03,2582,5
2023-03,2583,5
2023-03,2584,5
2023-03,2585,5
2023-03,2586,5
2023-03,2587,5
2023-03,2588,5
2023-03,2589,5
2023-03,2590,5
2023-03,2591,5
2023-03,2592,5
2023-03,2593,3
2023-03,2595,5
2023-03,2596,5
2023-03,2597,5
2023-03,2598,5
2023-03,2599,5
2023-03,2600,5
2023-03,2601,5
2023-03,2602,5
2023-03,2604,5
2023-03,2605,5
2023-03,2606,5
2023-03,2607,5
2023-03,2618,1
2023-03,2619,3
2023-03,2620,5
2023-03,2621,5
2023-03,2644,5
2023-03,2646,5
2023-03,2647,3
2023-03,2648,5
2023-03,2649,5
2023-03,2651,5
2023-03,2652,5
2023-03,2710,3
2023-03,2808,5
2023-03,2809,3
2023-03,2813,3
2023-03,2814,5
2023-03,2872,3
2023-03,2876,5
2023-03,2879,3
2023-03,2880,5
2023-03,2881,1
2023-03,2882,5
2023-03,2883,3
2023-03,2884,3
2023-03,2885,3
2023-03,2886,3
2023-03,2887,5
2023-03,3005,3
2023-03,3007,3
2023-03,3009,5
2023-03,3011,3
2023-03,3012,3
2023-03,3013,5
2023-04,1,5
2023-04,2,3
2023-04,3,3
2023-04,4,2
2023-04,5,1
2023-04,6,2
2023-04,7,5
2023-04,8,2
2023-04,9,2
2023-04,10,5
2023-04,11,2
2023-04,12,2
2023-04,13,2
2023-04,14,2
2023-04,15,2
2023-04,16,2
2023-04,17,2
2023-04,18,2
2023-04,19,1
2023-04,20,2
2023-04,21,5
2023-04,22,3
2023-04,23,3
2023-04,25,5
2023-04,26,5
2023-04,27,5
2023-04,28,3
2023-04,29,5
2023-04,30,2
2023-04,31,2
2023-04,32,2
2023-04,33,2
2023-04,34,2
2023-04,35,2
2023-04,36,2
2023-04,37,2
2023-04,38,3
2023-04,39,2
2023-04,40,2
2023-04,41,2
2023-04,42,3
2023-04,43,2
2023-04,44,3
2023-04,45,2
2023-04,46,2
2023-04,47,2
2023-04,48,2
2023-04,49,3
2023-04,50,2
2023-04,51,3
2023-04,52,2
2023-04,53,2
2023-04,54,2
2023-04,55,2
2023-04,56,2
2023-04,57,3
2023-04,58,2
2023-04,59,2
2023-04,60,2
2023-04,61,2
2023-04,62,2
2023-04,63,2
2023-04,65,2
2023-04,66,3
2023-04,67,2
2023-04,68,2
2023-04,69,2
2023-04,70,3
2023-04,71,2
2023-04,72,2
2023-04,73,5
2023-04,74,2
2023-04,75,3
2023-04,76,5
2023-04,77,3
2023-04,78,2
2023-04,79,2
2023-04,80,2
2023-04,81,3
2023-04,82,2
2023-04,83,2
2023-04,167,2
2023-04,168,2
2023-04,169,3
2023-04,173,1
2023-04,181,1
2023-04,184,1
2023-04,185,1
2023-04,188,1
2023-04,191,1
2023-04,194,3
2023-04,195,3
2023-04,196,2
2023-04,198,1
2023-04,201,2
2023-04,203,3
2023-04,204,3
2023-04,205,2
2023-04,206,5
2023-04,207,5
2023-04,208,3
2023-04,209,2
2023-04,210,3
2023-04,211,3
2023-04,212,3
2023-04,213,3
2023-04,214,3
2023-04,215,3
2023-04,216,3
2023-04,217,3
2023-04,218,5
2023-04,219,3
2023-04,220,2
2023-04,221,3
2023-04,222,3
2023-04,223,3
2023-04,224,5
2023-04,225,3
2023-04,226,3
2023-04,227,3
2023-04,228,3
2023-04,229,3
2023-04,230,2
2023-04,231,3
2023-04,232,2
2023-04,233,3
2023-04,234,3
2023-04,235,3
2023-04,236,3
2023-04,237,3
2023-04,238,1
2023-04,239,3
2023-04,240,3
2023-04,241,3
2023-04,242,2
2023-04,243,2
2023-04,269,5
2023-04,270,3
2023-04,271,3
2023-04,272,2
2023-04,273,2
2023-04,274,3
2023-04,275,2
2023-04,276,3
2023-04,277,2
2023-04,278,5
2023-04,279,2
2023-04,280,3
2023-04,281,2
2023-04,282,2
2023-04,283,3
2023-04,284,3
2023-04,285,1
2023-04,287,1
2023-04,288,1
2023-04,289,1
2023-04,290,1
2023-04,292,1
2023-04,293,1
2023-04,294,1
2023-04,295,1
2023-04,296,1
2023-04,297,1
2023-04,298,3
2023-04,300,1
2023-04,301,2
2023-04,302,1
2023-04,303,3
2023-04,304,1
2023-04,305,1
2023-04,306,1
2023-04,307,1
2023-04,308,3
2023-04,309,4
2023-04,312,4
2023-04,314,4
2023-04,316,4
2023-04,317,4
2023-04,318,4
2023-04,319,4
2023-04,320,4
2023-04,321,4
2023-04,323,4
2023-04,324,4
2023-04,325,4
2023-04,326,4
2023-04,327,3
2023-04,329,4
2023-04,330,4
2023-04,331,4
2023-04,332,4
2023-04,333,3
2023-04,334,4
2023-04,335,4
2023-04,336,4
2023-04,337,4
2023-04,338,4
2023-04,339,4
2023-04,340,4
2023-04,341,4
2023-04,342,4
2023-04,343,4
2023-04,345,5
2023-04,346,2
2023-04,347,2
2023-04,348,3
2023-04,349,1
2023-04,351,3
2023-04,352,2
2023-04,354,5
2023-04,355,5
2023-04,356,3
2023-04,357,3
2023-04,358,2
2023-04,359,3
2023-04,360,2
2023-04,361,2
2023-04,362,5
2023-04,363,2
2023-04,364,2
2023-04,365,2
2023-04,366,3
2023-04,367,2
2023-04,368,3
2023-04,369,2
2023-04,370,5
2023-04,371,2
2023-04,372,2
2023-04,373,5
2023-04,374,3
2023-04,375,5
2023-04,376,2
2023-04,377,1
2023-04,378,2
2023-04,379,5
2023-04,380,3
2023-04,381,2
2023-04,382,3
2023-04,383,3
2023-04,384,2
2023-04,385,5
2023-04,386,2
2023-04,387,3
2023-04,388,2
2023-04,390,2
2023-04,391,2
2023-04,392,1
2023-04,393,2
2023-04,395,2
2023-04,396,2
2023-04,397,3
2023-04,398,2
2023-04,401,2
2023-04,402,2
2023-04,403,2
2023-04,404,1
2023-04,405,2
2023-04,408,1
2023-04,410,2
2023-04,413,2
2023-04,414,2
2023-04,416,2
2023-04,418,5
2023-04,419,3
2023-04,420,3
2023-04,421,3
2023-04,422,3
2023-04,423,2
2023-04,424,3
2023-04,425,1
2023-04,428,1
2023-04,429,1
2023-04,430,5
2023-04,431,3
2023-04,432,3
2023-04,433,1
2023-04,434,1
2023-04,435,2
2023-04,436,1
2023-04,437,1
2023-04,438,2
2023-04,440,3
2023-04,441,1
2023-04,442,2
2023-04,443,2
2023-04,444,2
2023-04,445,1
2023-04,446,1
2023-04,447,1
2023-04,448,5
2023-04,449,1
2023-04,450,3
2023-04,451,3
2023-04,452,3
2023-04,453,2
2023-04,455,2
2023-04,456,2
2023-04,457,1
2023-04,458,2
2023-04,459,2
2023-04,460,2
2023-04,478,5
2023-04,479,1
2023-04,480,3
2023-04,481,5
2023-04,482,3
2023-04,484,2
2023-04,485,2
2023-04,486,3
2023-04,487,2
2023-04,489,2
2023-04,490,2
2023-04,491,2
2023-04,492,3
2023-04,493,1
2023-04,494,2
2023-04,495,1
2023-04,496,2
2023-04,497,3
2023-04,498,2
2023-04,499,2
2023-04,501,3
2023-04,502,2
2023-04,503,2
2023-04,504,5
2023-04,505,3
2023-04,506,3
2023-04,507,5
2023-04,508,3
2023-04,509,3
2023-04,510,3
2023-04,511,3
2023-04,512,3
2023-04,515,2
2023-04,516,1
2023-04,517,2
2023-04,518,3
2023-04,519,1
2023-04,520,1
2023-04,521,1
2023-04,522,1
2023-04,523,1
2023-04,524,2
2023-04,525,1
2023-04,527,3
2023-04,528,1
2023-04,529,1
2023-04,530,3
2023-04,531,2
2023-04,532,1
2023-04,533,1
2023-04,534,1
2023-04,535,2
2023-04,536,1
2023-04,537,2
2023-04,538,3
2023-04,539,1
2023-04,540,1
2023-04,541,1
2023-04,542,1
2023-04,543,3
2023-04,544,1
2023-04,545,3
2023-04,546,1
2023-04,547,1
2023-04,548,1
2023-04,549,1
2023-04,550,1
2023-04,552,1
2023-04,553,1
2023-04,554,1
2023-04,555,1
2023-04,556,2
2023-04,557,1
2023-04,558,1
2023-04,559,3
2023-04,560,1
2023-04,561,1
2023-04,562,1
2023-04,563,1
2023-04,564,1
2023-04,565,1
2023-04,566,1
2023-04,567,1
2023-04,568,2
2023-04,569,1
2023-04,570,1
2023-04,571,1
2023-04,572,1
2023-04,574,3
2023-04,578,5
2023-04,579,3
2023-04,580,4
2023-04,581,5
2023-04,582,4
2023-04,583,2
2023-04,584,3
2023-04,585,3
2023-04,586,2
2023-04,587,2
2023-04,588,4
2023-04,589,2
2023-04,591,2
2023-04,592,2
2023-04,593,2
2023-04,594,2
2023-04,595,2
2023-04,598,2
2023-04,599,3
2023-04,600,4
2023-04,601,2
2023-04,602,2
2023-04,603,3
2023-04,604,2
2023-04,605,2
2023-04,606,2
2023-04,607,2
2023-04,608,4
2023-04,612,4
2023-04,613,4
2023-04,614,4
2023-04,615,4
2023-04,616,4
2023-04,618,4
2023-04,619,4
2023-04,621,4
2023-04,666,5
2023-04,667,3
2023-04,668,3
2023-04,669,3
2023-04,670,3
2023-04,671,3
2023-04,674,3
2023-04,675,3
2023-04,676,3
2023-04,677,3
2023-04,678,4
2023-04,679,3
2023-04,680,3
2023-04,683,1
2023-04,685,1
2023-04,686,3
2023-04,687,1
2023-04,689,3
2023-04,690,1
2023-04,691,1
2023-04,692,1
2023-04,693,5
2023-04,694,3
2023-04,695,1
2023-04,696,1
2023-04,697,3
2023-04,698,1
2023-04,699,1
2023-04,701,1
2023-04,702,3
2023-04,703,1
2023-04,704,2
2023-04,705,1
2023-04,706,1
2023-04,708,4
2023-04,710,1
2023-04,711,2
2023-04,712,1
2023-04,713,1
2023-04,714,2
2023-04,715,1
2023-04,716,4
2023-04,717,1
2023-04,718,4
2023-04,719,1
2023-04,720,4
2023-04,721,1
2023-04,722,2
2023-04,723,1
2023-04,725,2
2023-04,726,4
2023-04,727,5
2023-04,731,3
2023-04,734,3
2023-04,735,2
2023-04,736,2
2023-04,737,3
2023-04,738,3
2023-04,739,3
2023-04,741,3
2023-04,742,3
2023-04,743,3
2023-04,744,2
2023-04,745,3
2023-04,746,2
2023-04,747,3
2023-04,748,3
2023-04,749,3
2023-04,751,3
2023-04,752,2
2023-04,753,2
2023-04,754,3
2023-04,755,2
2023-04,756,3
2023-04,757,5
2023-04,758,2
2023-04,760,1
2023-04,761,1
2023-04,763,3
2023-04,764,1
2023-04,765,1
2023-04,766,3
2023-04,767,3
2023-04,769,1
2023-04,770,2
2023-04,771,2
2023-04,773,2
2023-04,774,3
2023-04,775,4
2023-04,776,4
2023-04,777,4
2023-04,778,4
2023-04,779,4
2023-04,780,4
2023-04,781,4
2023-04,782,4
2023-04,783,4
2023-04,784,4
2023-04,785,4
2023-04,787,4
2023-04,788,2
2023-04,789,3
2023-04,790,2
2023-04,791,4
2023-04,792,4
2023-04,793,4
2023-04,794,4
2023-04,795,4
2023-04,796,2
2023-04,797,4
2023-04,798,3
2023-04,799,4
2023-04,800,4
2023-04,801,4
2023-04,802,2
2023-04,803,4
2023-04,804,4
2023-04,805,4
2023-04,806,3
2023-04,807,4
2023-04,808,1
2023-04,809,5
2023-04,810,1
2023-04,811,3
2023-04,812,5
2023-04,813,3
2023-04,814,1
2023-04,815,3
2023-04,817,3
2023-04,818,3
2023-04,819,5
2023-04,820,3
2023-04,821,1
2023-04,822,1
2023-04,823,1
2023-04,824,5
2023-04,825,1
2023-04,826,1
2023-04,827,1
2023-04,828,1
2023-04,829,1
2023-04,830,3
2023-04,831,1
2023-04,832,1
2023-04,833,1
2023-04,834,1
2023-04,835,1
2023-04,836,1
2023-04,838,1
2023-04,839,1
2023-04,840,1
2023-04,841,5
2023-04,842,4
2023-04,843,4
2023-04,844,4
2023-04,846,3
2023-04,847,4
2023-04,848,4
2023-04,849,4
2023-04,851,4
2023-04,852,4
2023-04,853,4
2023-04,854,4
2023-04,855,4
2023-04,856,4
2023-04,857,4
2023-04,859,4
2023-04,860,4
2023-04,870,4
2023-04,871,4
2023-04,872,4
2023-04,873,3
2023-04,874,4
2023-04,875,4
2023-04,876,4
2023-04,877,4
2023-04,878,3
2023-04,879,4
2023-04,880,4
2023-04,881,3
2023-04,882,4
2023-04,883,3
2023-04,884,4
2023-04,885,4
2023-04,886,4
2023-04,888,4
2023-04,889,4
2023-04,890,5
2023-04,891,3
2023-04,892,3
2023-04,895,3
2023-04,896,5
2023-04,897,3
2023-04,898,3
2023-04,899,3
2023-04,900,1
2023-04,901,1
2023-04,902,3
2023-04,903,3
2023-04,904,3
2023-04,905,3
2023-04,907,4
2023-04,908,3
2023-04,909,3
2023-04,911,3
2023-04,912,3
2023-04,913,3
2023-04,914,1
2023-04,915,3
2023-04,916,4
2023-04,917,4
2023-04,918,5
2023-04,920,3
2023-04,922,1
2023-04,923,1
2023-04,924,1
2023-04,925,1
2023-04,926,1
2023-04,927,2
2023-04,928,2
2023-04,929,1
2023-04,930,1
2023-04,986,5
2023-04,987,3
2023-04,988,3
2023-04,989,3
2023-04,991,3
2023-04,992,3
2023-04,993,2
2023-04,994,3
2023-04,995,3
2023-04,996,3
2023-04,998,3
2023-04,999,3
2023-04,1001,3
2023-04,1002,3
2023-04,1003,3
2023-04,1004,3
2023-04,1005,3
2023-04,1006,3
2023-04,1007,5
2023-04,1008,5
2023-04,1009,3
2023-04,1010,3
2023-04,1011,1
2023-04,1012,1
2023-04,1013,1
2023-04,1014,1
2023-04,1015,3
2023-04,1016,1
2023-04,1017,1
2023-04,1018,1
2023-04,1019,1
2023-04,1020,3
2023-04,1021,3
2023-04,1023,1
2023-04,1024,1
2023-04,1025,1
2023-04,1026,3
2023-04,1027,1
2023-04,1028,1
2023-04,1029,1
2023-04,1030,1
2023-04,1031,1
2023-04,1032,1
2023-04,1033,1
2023-04,1034,1
2023-04,1035,1
2023-04,1036,1
2023-04,1037,3
2023-04,1038,1
2023-04,1039,3
2023-04,1040,2
2023-04,1041,1
2023-04,1044,1
2023-04,1047,3
2023-04,1048,2
2023-04,1049,3
2023-04,1051,3
2023-04,1052,2
2023-04,1053,3
2023-04,1054,3
2023-04,1055,2
2023-04,1056,3
2023-04,1057,3
2023-04,1058,2
2023-04,1059,2
2023-04,1060,1
2023-04,1061,2
2023-04,1062,2
2023-04,1063,3
2023-04,1064,1
2023-04,1065,1
2023-04,1066,3
2023-04,1067,1
2023-04,1068,3
2023-04,1069,3
2023-04,1070,3
2023-04,1071,2
2023-04,1072,3
2023-04,1107,5
2023-04,1108,3
2023-04,1109,3
2023-04,1110,3
2023-04,1111,3
2023-04,1112,3
2023-04,1113,3
2023-04,1115,1
2023-04,1116,1
2023-04,1117,5
2023-04,1118,1
2023-04,1119,3
2023-04,1120,3
2023-04,1121,3
2023-04,1122,1
2023-04,1123,3
2023-04,1124,1
2023-04,1125,3
2023-04,1126,1
2023-04,1127,3
2023-04,1128,3
2023-04,1129,3
2023-04,1130,3
2023-04,1131,3
2023-04,1132,3
2023-04,1133,1
2023-04,1134,5
2023-04,1135,5
2023-04,1136,5
2023-04,1137,2
2023-04,1138,3
2023-04,1139,2
2023-04,1140,3
2023-04,1141,3
2023-04,1142,2
2023-04,1143,3
2023-04,1144,1
2023-04,1146,3
2023-04,1147,2
2023-04,1148,2
2023-04,1149,2
2023-04,1150,5
2023-04,1151,3
2023-04,1152,4
2023-04,1153,3
2023-04,1154,3
2023-04,1155,2
2023-04,1157,3
2023-04,1158,3
2023-04,1159,1
2023-04,1160,3
2023-04,1161,3
2023-04,1163,3
2023-04,1164,3
2023-04,1165,3
2023-04,1166,1
2023-04,1167,2
2023-04,1168,3
2023-04,1169,3
2023-04,1170,2
2023-04,1171,2
2023-04,1172,2
2023-04,1173,1
2023-04,1174,2
2023-04,1175,2
2023-04,1176,4
2023-04,1178,2
2023-04,1179,3
2023-04,1180,3
2023-04,1181,3
2023-04,1184,3
2023-04,1185,3
2023-04,1186,4
2023-04,1187,3
2023-04,1188,5
2023-04,1189,2
2023-04,1190,5
2023-04,1191,2
2023-04,1192,2
2023-04,1193,3
2023-04,1194,1
2023-04,1195,1
2023-04,1196,2
2023-04,1197,3
2023-04,1198,5
2023-04,1200,3
2023-04,1201,1
2023-04,1203,3
2023-04,1204,1
2023-04,1205,1
2023-04,1206,3
2023-04,1207,3
2023-04,1208,2
2023-04,1209,3
2023-04,1210,1
2023-04,1211,3
2023-04,1212,3
2023-04,1213,3
2023-04,1214,1
2023-04,1215,1
2023-04,1217,1
2023-04,1218,1
2023-04,1219,3
2023-04,1220,1
2023-04,1221,3
2023-04,1222,1
2023-04,1223,1
2023-04,1224,5
2023-04,1225,3
2023-04,1226,3
2023-04,1227,3
2023-04,1228,3
2023-04,1229,3
2023-04,1230,3
2023-04,1231,3
2023-04,1232,3
2023-04,1233,5
2023-04,1234,3
2023-04,1235,3
2023-04,1236,3
2023-04,1237,3
2023-04,1238,3
2023-04,1240,2
2023-04,1241,3
2023-04,1242,1
2023-04,1243,5
2023-04,1244,3
2023-04,1246,2
2023-04,1249,2
2023-04,1250,5
2023-04,1251,1
2023-04,1252,3
2023-04,1253,1
2023-04,1254,2
2023-04,1256,1
2023-04,1257,1
2023-04,1258,5
2023-04,1259,3
2023-04,1260,3
2023-04,1261,3
2023-04,1262,3
2023-04,1264,2
2023-04,1265,3
2023-04,1266,1
2023-04,1267,2
2023-04,1268,3
2023-04,1269,1
2023-04,1270,3
2023-04,1271,1
2023-04,1272,3
2023-04,1273,1
2023-04,1274,2
2023-04,1275,3
2023-04,1276,3
2023-04,1277,3
2023-04,1278,2
2023-04,1279,1
2023-04,1280,3
2023-04,1281,1
2023-04,1282,2
2023-04,1284,3
2023-04,1285,3
2023-04,1286,3
2023-04,1287,3
2023-04,1288,1
2023-04,1289,2
2023-04,1290,3
2023-04,1291,2
2023-04,1292,2
2023-04,1293,3
2023-04,1294,3
2023-04,1295,3
2023-04,1296,2
2023-04,1297,2
2023-04,1298,3
2023-04,1299,1
2023-04,1300,2
2023-04,1301,3
2023-04,1302,3
2023-04,1303,3
2023-04,1304,3
2023-04,1305,3
2023-04,1306,3
2023-04,1308,3
2023-04,1309,1
2023-04,1310,2
2023-04,1311,1
2023-04,1312,1
2023-04,1313,1
2023-04,1314,1
2023-04,1315,3
2023-04,1316,3
2023-04,1317,1
2023-04,1319,1
2023-04,1320,1
2023-04,1321,3
2023-04,1322,1
2023-04,1323,1
2023-04,1324,1
2023-04,1325,1
2023-04,1326,2
2023-04,1327,1
2023-04,1328,1
2023-04,1329,1
2023-04,1330,1
2023-04,1331,1
2023-04,1333,3
2023-04,1334,3
2023-04,1335,1
2023-04,1336,1
2023-04,1337,2
2023-04,1338,3
2023-04,1339,2
2023-04,1340,1
2023-04,1341,3
2023-04,1343,2
2023-04,1344,1
2023-04,1345,1
2023-04,1346,1
2023-04,1347,1
2023-04,1348,1
2023-04,1349,1
2023-04,1350,1
2023-04,1351,1
2023-04,1352,2
2023-04,1353,1
2023-04,1355,1
2023-04,1356,2
2023-04,1357,2
2023-04,1358,2
2023-04,1392,3
2023-04,1393,3
2023-04,1394,3
2023-04,1395,5
2023-04,1396,5
2023-04,1397,5
2023-04,1398,5
2023-04,1399,3
2023-04,1400,5
2023-04,1401,3
2023-04,1402,5
2023-04,1403,5
2023-04,1404,3
2023-04,1405,3
2023-04,1406,3
2023-04,1407,3
2023-04,1408,5
2023-04,1409,5
2023-04,1410,5
2023-04,1411,3
2023-04,1412,1
2023-04,1413,3
2023-04,1414,3
2023-04,1415,1
2023-04,1416,1
2023-04,1417,1
2023-04,1419,1
2023-04,1420,1
2023-04,1421,1
2023-04,1422,3
2023-04,1423,1
2023-04,1425,3
2023-04,1426,1
2023-04,1427,3
2023-04,1428,1
2023-04,1429,3
2023-04,1430,4
2023-04,1431,3
2023-04,1438,3
2023-04,1439,5
2023-04,1440,5
2023-04,1443,5
2023-04,1444,5
2023-04,1445,5
2023-04,1446,5
2023-04,1447,5
2023-04,1448,5
2023-04,1449,3
2023-04,1453,5
2023-04,1454,5
2023-04,1456,5
2023-04,1457,5
2023-04,1459,5
2023-04,1461,5
2023-04,1463,5
2023-04,1464,5
2023-04,1465,5
2023-04,1467,5
2023-04,1468,5
2023-04,1472,5
2023-04,1473,3
2023-04,1474,3
2023-04,1475,5
2023-04,1477,3
2023-04,1478,3
2023-04,1480,5
2023-04,1481,5
2023-04,1483,3
2023-04,1484,5
2023-04,1486,3
2023-04,1488,5
2023-04,1489,5
2023-04,1490,5
2023-04,1491,5
2023-04,1492,5
2023-04,1493,5
2023-04,1494,3
2023-04,1495,5
2023-04,1496,5
2023-04,1500,5
2023-04,1501,5
2023-04,1504,3
2023-04,1506,5
2023-04,1507,5
2023-04,1508,5
2023-04,1509,3
2023-04,1510,3
2023-04,1511,5
2023-04,1512,3
2023-04,1518,3
2023-04,1519,3
2023-04,1520,3
2023-04,1521,5
2023-04,1522,3
2023-04,1523,5
2023-04,1525,3
2023-04,1526,3
2023-04,1527,5
2023-04,1528,3
2023-04,1529,3
2023-04,1530,3
2023-04,1532,1
2023-04,1533,3
2023-04,1534,1
2023-04,1535,3
2023-04,1536,3
2023-04,1537,1
2023-04,1539,3
2023-04,1540,3
2023-04,1541,1
2023-04,1542,3
2023-04,1543,1
2023-04,1544,1
2023-04,1545,1
2023-04,1546,1
2023-04,1547,1
2023-04,1548,1
2023-04,1549,3
2023-04,1550,3
2023-04,1551,1
2023-04,1552,1
2023-04,1553,3
2023-04,1554,3
2023-04,1555,1
2023-04,1556,1
2023-04,1557,3
2023-04,1558,1
2023-04,1559,1
2023-04,1560,5
2023-04,1561,1
2023-04,1562,3
2023-04,1563,3
2023-04,1564,1
2023-04,1565,3
2023-04,1566,1
2023-04,1567,1
2023-04,1568,3
2023-04,1569,1
2023-04,1570,1
2023-04,1571,1
2023-04,1572,2
2023-04,1573,1
2023-04,1574,3
2023-04,1575,3
2023-04,1577,3
2023-04,1578,3
2023-04,1579,1
2023-04,1580,1
2023-04,1581,1
2023-04,1582,1
2023-04,1583,3
2023-04,1584,1
2023-04,1585,1
2023-04,1586,5
2023-04,1587,1
2023-04,1588,3
2023-04,1589,3
2023-04,1590,1
2023-04,1591,1
2023-04,1592,3
2023-04,1593,1
2023-04,1594,1
2023-04,1595,3
2023-04,1596,3
2023-04,1597,5
2023-04,1598,5
2023-04,1599,3
2023-04,1600,5
2023-04,1601,5
2023-04,1602,1
2023-04,1603,3
2023-04,1604,3
2023-04,1605,1
2023-04,1606,1
2023-04,1607,1
2023-04,1608,3
2023-04,1609,2
2023-04,1610,1
2023-04,1611,1
2023-04,1612,3
2023-04,1613,1
2023-04,1614,1
2023-04,1615,3
2023-04,1616,1
2023-04,1617,1
2023-04,1618,1
2023-04,1619,3
2023-04,1620,5
2023-04,1621,1
2023-04,1622,1
2023-04,1623,3
2023-04,1624,3
2023-04,1625,1
2023-04,1626,1
2023-04,1627,1
2023-04,1628,1
2023-04,1629,1
2023-04,1630,1
2023-04,1631,3
2023-04,1632,5
2023-04,1633,3
2023-04,1634,3
2023-04,1635,2
2023-04,1636,3
2023-04,1637,1
2023-04,1638,2
2023-04,1639,3
2023-04,1640,2
2023-04,1641,3
2023-04,1642,1
2023-04,1643,3
2023-04,1644,3
2023-04,1645,2
2023-04,1646,1
2023-04,1647,2
2023-04,1648,1
2023-04,1649,3
2023-04,1650,2
2023-04,1651,1
2023-04,1652,5
2023-04,1653,3
2023-04,1654,2
2023-04,1655,1
2023-04,1656,3
2023-04,1657,1
2023-04,1658,3
2023-04,1659,3
2023-04,1660,1
2023-04,1661,2
2023-04,1662,2
2023-04,1663,1
2023-04,1664,1
2023-04,1665,5
2023-04,1666,1
2023-04,1667,3
2023-04,1668,3
2023-04,1669,3
2023-04,1670,3
2023-04,1671,3
2023-04,1672,3
2023-04,1673,3
2023-04,1674,3
2023-04,1675,3
2023-04,1676,3
2023-04,1678,3
2023-04,1679,3
2023-04,1680,1
2023-04,1681,1
2023-04,1682,3
2023-04,1683,3
2023-04,1685,3
2023-04,1686,3
2023-04,1687,2
2023-04,1688,3
2023-04,1689,1
2023-04,1690,3
2023-04,1691,1
2023-04,1692,3
2023-04,1693,2
2023-04,1694,3
2023-04,1696,3
2023-04,1697,3
2023-04,1698,1
2023-04,1699,3
2023-04,1700,3
2023-04,1701,3
2023-04,1702,1
2023-04,1703,3
2023-04,1704,3
2023-04,1705,3
2023-04,1706,2
2023-04,1707,5
2023-04,1708,3
2023-04,1709,3
2023-04,1710,3
2023-04,1711,1
2023-04,1712,1
2023-04,1714,1
2023-04,1715,1
2023-04,1717,1
2023-04,1718,1
2023-04,1719,3
2023-04,1722,1
2023-04,1724,1
2023-04,1725,1
2023-04,1726,5
2023-04,1727,1
2023-04,1728,3
2023-04,1730,2
2023-04,1731,3
2023-04,1732,1
2023-04,1733,1
2023-04,1737,1
2023-04,1738,1
2023-04,1739,1
2023-04,1740,1
2023-04,1741,1
2023-04,1742,3
2023-04,1743,1
2023-04,1744,1
2023-04,1745,1
2023-04,1746,1
2023-04,1747,1
2023-04,1749,1
2023-04,1750,1
2023-04,1751,1
2023-04,1752,1
2023-04,1753,1
2023-04,1754,2
2023-04,1755,1
2023-04,1756,1
2023-04,1757,1
2023-04,1758,5
2023-04,1759,1
2023-04,1760,1
2023-04,1761,1
2023-04,1762,1
2023-04,1764,5
2023-04,1765,3
2023-04,1766,3
2023-04,1768,3
2023-04,1769,1
2023-04,1770,3
2023-04,1771,1
2023-04,1773,1
2023-04,1774,1
2023-04,1775,1
2023-04,1776,3
2023-04,1777,1
2023-04,1778,3
2023-04,1780,3
2023-04,1781,1
2023-04,1782,3
2023-04,1783,5
2023-04,1784,1
2023-04,1785,3
2023-04,1786,3
2023-04,1787,1
2023-04,1788,1
2023-04,1845,5
2023-04,1846,3
2023-04,1848,1
2023-04,1849,1
2023-04,1850,1
2023-04,1851,1
2023-04,1852,1
2023-04,1853,1
2023-04,1854,1
2023-04,1855,1
2023-04,1856,1
2023-04,1857,1
2023-04,1858,1
2023-04,1859,1
2023-04,1860,1
2023-04,1861,3
2023-04,1862,1
2023-04,1863,3
2023-04,1864,1
2023-04,1865,1
2023-04,1868,1
2023-04,1869,1
2023-04,1870,1
2023-04,1871,1
2023-04,1872,1
2023-04,1873,1
2023-04,1874,5
2023-04,1875,3
2023-04,1876,3
2023-04,1877,3
2023-04,1878,3
2023-04,1879,3
2023-04,1880,3
2023-04,1881,5
2023-04,1883,3
2023-04,1884,1
2023-04,1885,3
2023-04,1886,3
2023-04,1887,1
2023-04,1888,1
2023-04,1889,1
2023-04,1890,5
2023-04,1891,1
2023-04,1892,1
2023-04,1893,3
2023-04,1894,3
2023-04,1895,3
2023-04,1896,1
2023-04,1897,1
2023-04,1898,1
2023-04,1899,3
2023-04,1900,3
2023-04,1901,1
2023-04,1902,1
2023-04,1903,1
2023-04,1904,3
2023-04,1905,5
2023-04,1906,3
2023-04,1907,1
2023-04,1908,1
2023-04,1909,1
2023-04,1910,1
2023-04,1912,3
2023-04,1915,1
2023-04,1916,1
2023-04,1917,1
2023-04,1918,1
2023-04,1919,3
2023-04,1920,3
2023-04,1921,1
2023-04,1922,3
2023-04,1923,3
2023-04,1924,1
2023-04,1925,1
2023-04,1926,1
2023-04,1927,1
2023-04,1928,1
2023-04,1929,1
2023-04,1930,3
2023-04,1931,1
2023-04,1932,1
2023-04,1933,1
2023-04,1934,3
2023-04,1935,1
2023-04,1936,3
2023-04,1937,3
2023-04,1938,3
2023-04,1939,3
2023-04,1940,1
2023-04,1941,1
2023-04,1942,1
2023-04,1943,1
2023-04,1944,1
2023-04,1945,1
2023-04,1947,3
2023-04,1948,1
2023-04,1949,1
2023-04,1950,3
2023-04,1951,1
2023-04,1952,5
2023-04,1954,4
2023-04,1955,4
2023-04,1956,4
2023-04,1957,4
2023-04,1958,4
2023-04,1959,4
2023-04,1960,4
2023-04,1961,4
2023-04,1962,4
2023-04,1963,4
2023-04,1965,4
2023-04,1966,4
2023-04,1967,4
2023-04,1968,4
2023-04,1969,4
2023-04,1970,4
2023-04,1971,5
2023-04,1972,3
2023-04,1973,3
2023-04,1974,3
2023-04,1975,3
2023-04,1976,3
2023-04,1977,5
2023-04,1978,3
2023-04,1979,5
2023-04,1980,3
2023-04,1981,3
2023-04,1982,3
2023-04,1983,3
2023-04,1984,1
2023-04,1985,3
2023-04,1986,3
2023-04,1987,3
2023-04,1988,3
2023-04,1989,3
2023-04,1990,3
2023-04,1991,3
2023-04,1992,3
2023-04,1993,3
2023-04,1994,3
2023-04,1995,3
2023-04,1996,3
2023-04,1997,3
2023-04,1999,3
2023-04,2000,5
2023-04,2001,3
2023-04,2002,3
2023-04,2004,5
2023-04,2005,3
2023-04,2006,3
2023-04,2007,3
2023-04,2008,3
2023-04,2009,3
2023-04,2010,3
2023-04,2011,3
2023-04,2012,3
2023-04,2015,3
2023-04,2017,2
2023-04,2018,2
2023-04,2019,3
2023-04,2021,3
2023-04,2022,3
2023-04,2023,3
2023-04,2024,3
2023-04,2025,2
2023-04,2027,3
2023-04,2028,3
2023-04,2030,2
2023-04,2031,3
2023-04,2032,5
2023-04,2033,5
2023-04,2034,3
2023-04,2035,3
2023-04,2036,3
2023-04,2037,3
2023-04,2039,2
2023-04,2040,3
2023-04,2041,2
2023-04,2042,3
2023-04,2043,1
2023-04,2044,5
2023-04,2045,3
2023-04,2046,1
2023-04,2047,3
2023-04,2048,3
2023-04,2049,1
2023-04,2050,1
2023-04,2051,3
2023-04,2052,1
2023-04,2053,1
2023-04,2054,1
2023-04,2055,3
2023-04,2056,1
2023-04,2057,1
2023-04,2058,1
2023-04,2059,3
2023-04,2060,3
2023-04,2061,3
2023-04,2062,3
2023-04,2063,5
2023-04,2064,1
2023-04,2065,1
2023-04,2066,1
2023-04,2067,1
2023-04,2068,1
2023-04,2069,3
2023-04,2070,3
2023-04,2072,1
2023-04,2073,3
2023-04,2074,3
2023-04,2075,1
2023-04,2076,1
2023-04,2077,1
2023-04,2078,1
2023-04,2079,1
2023-04,2080,1
2023-04,2081,1
2023-04,2082,1
2023-04,2085,1
2023-04,2087,1
2023-04,2088,1
2023-04,2089,1
2023-04,2090,1
2023-04,2091,1
2023-04,2093,1
2023-04,2094,1
2023-04,2095,1
2023-04,2096,1
2023-04,2098,1
2023-04,2100,1
2023-04,2101,5
2023-04,2105,3
2023-04,2108,3
2023-04,2109,3
2023-04,2110,1
2023-04,2111,3
2023-04,2112,1
2023-04,2113,1
2023-04,2114,1
2023-04,2116,1
2023-04,2117,1
2023-04,2118,1
2023-04,2119,5
2023-04,2120,1
2023-04,2121,3
2023-04,2122,3
2023-04,2124,3
2023-04,2125,1
2023-04,2126,1
2023-04,2127,1
2023-04,2128,1
2023-04,2129,1
2023-04,2130,1
2023-04,2131,3
2023-04,2132,1
2023-04,2133,1
2023-04,2134,1
2023-04,2136,1
2023-04,2137,1
2023-04,2138,1
2023-04,2139,1
2023-04,2140,1
2023-04,2142,1
2023-04,2143,1
2023-04,2144,5
2023-04,2145,1
2023-04,2146,3
2023-04,2148,3
2023-04,2149,3
2023-04,2150,1
2023-04,2151,3
2023-04,2152,1
2023-04,2153,3
2023-04,2154,3
2023-04,2155,3
2023-04,2156,1
2023-04,2157,3
2023-04,2158,3
2023-04,2159,1
2023-04,2160,1
2023-04,2161,5
2023-04,2162,1
2023-04,2163,3
2023-04,2164,5
2023-04,2165,3
2023-04,2167,3
2023-04,2168,3
2023-04,2169,3
2023-04,2171,1
2023-04,2172,1
2023-04,2173,3
2023-04,2174,3
2023-04,2175,1
2023-04,2176,3
2023-04,2177,3
2023-04,2178,1
2023-04,2179,3
2023-04,2180,3
2023-04,2181,1
2023-04,2182,3
2023-04,2183,3
2023-04,2184,1
2023-04,2185,1
2023-04,2186,3
2023-04,2187,2
2023-04,2188,3
2023-04,2189,3
2023-04,2190,5
2023-04,2191,2
2023-04,2192,3
2023-04,2193,5
2023-04,2194,2
2023-04,2195,2
2023-04,2196,1
2023-04,2197,1
2023-04,2198,1
2023-04,2199,2
2023-04,2200,1
2023-04,2201,2
2023-04,2202,2
2023-04,2203,2
2023-04,2204,2
2023-04,2205,2
2023-04,2206,2
2023-04,2207,1
2023-04,2208,2
2023-04,2210,5
2023-04,2211,3
2023-04,2212,2
2023-04,2213,1
2023-04,2215,2
2023-04,2216,5
2023-04,2217,5
2023-04,2218,3
2023-04,2219,3
2023-04,2220,5
2023-04,2221,5
2023-04,2222,3
2023-04,2223,3
2023-04,2224,3
2023-04,2225,3
2023-04,2226,5
2023-04,2227,5
2023-04,2228,5
2023-04,2229,3
2023-04,2230,4
2023-04,2231,3
2023-04,2232,3
2023-04,2233,3
2023-04,2234,3
2023-04,2235,5
2023-04,2236,3
2023-04,2237,5
2023-04,2238,5
2023-04,2241,3
2023-04,2242,5
2023-04,2243,5
2023-04,2244,4
2023-04,2245,3
2023-04,2248,3
2023-04,2249,4
2023-04,2250,4
2023-04,2251,5
2023-04,2252,3
2023-04,2253,3
2023-04,2254,1
2023-04,2255,1
2023-04,2256,1
2023-04,2257,1
2023-04,2258,1
2023-04,2259,1
2023-04,2260,1
2023-04,2262,2
2023-04,2264,3
2023-04,2265,1
2023-04,2266,1
2023-04,2267,1
2023-04,2268,1
2023-04,2269,1
2023-04,2270,1
2023-04,2271,1
2023-04,2272,3
2023-04,2274,3
2023-04,2275,5
2023-04,2276,3
2023-04,2278,3
2023-04,2279,3
2023-04,2280,3
2023-04,2281,5
2023-04,2282,5
2023-04,2286,3
2023-04,2287,3
2023-04,2288,3
2023-04,2289,3
2023-04,2292,2
2023-04,2293,3
2023-04,2294,3
2023-04,2295,1
2023-04,2296,3
2023-04,2297,3
2023-04,2298,3
2023-04,2299,3
2023-04,2300,3
2023-04,2301,3
2023-04,2302,3
2023-04,2303,3
2023-04,2304,2
2023-04,2305,2
2023-04,2307,3
2023-04,2308,3
2023-04,2309,3
2023-04,2310,3
2023-04,2311,3
2023-04,2312,5
2023-04,2314,3
2023-04,2315,3
2023-04,2316,2
2023-04,2317,2
2023-04,2318,5
2023-04,2320,3
2023-04,2321,3
2023-04,2322,3
2023-04,2323,1
2023-04,2324,3
2023-04,2325,3
2023-04,2326,3
2023-04,2327,3
2023-04,2328,3
2023-04,2329,3
2023-04,2330,3
2023-04,2332,3
2023-04,2333,3
2023-04,2334,3
2023-04,2335,3
2023-04,2336,3
2023-04,2337,5
2023-04,2338,4
2023-04,2339,4
2023-04,2340,3
2023-04,2341,4
2023-04,2342,4
2023-04,2343,4
2023-04,2344,4
2023-04,2345,4
2023-04,2348,4
2023-04,2349,4
2023-04,2351,5
2023-04,2352,5
2023-04,2353,5
2023-04,2354,5
2023-04,2355,5
2023-04,2356,5
2023-04,2357,5
2023-04,2358,5
2023-04,2359,5
2023-04,2360,5
2023-04,2361,5
2023-04,2362,5
2023-04,2363,5
2023-04,2364,5
2023-04,2365,5
2023-04,2366,5
2023-04,2367,5
2023-04,2368,5
2023-04,2369,5
2023-04,2370,5
2023-04,2371,5
2023-04,2372,5
2023-04,2373,5
2023-04,2374,5
2023-04,2375,5
2023-04,2376,5
2023-04,2377,5
2023-04,2378,5
2023-04,2379,5
2023-04,2380,5
2023-04,2381,5
2023-04,2382,5
2023-04,2383,5
2023-04,2384,5
2023-04,2385,5
2023-04,2386,5
2023-04,2387,5
2023-04,2388,5
2023-04,2389,5
2023-04,2390,5
2023-04,2391,5
2023-04,2392,5
2023-04,2393,5
2023-04,2395,5
2023-04,2398,5
2023-04,2399,5
2023-04,2400,5
2023-04,2401,5
2023-04,2402,5
2023-04,2403,5
2023-04,2404,5
2023-04,2405,5
2023-04,2406,5
2023-04,2407,5
2023-04,2408,5
2023-04,2409,5
2023-04,2410,5
2023-04,2411,5
2023-04,2412,5
2023-04,2416,5
2023-04,2422,5
2023-04,2423,5
2023-04,2424,5
2023-04,2425,5
2023-04,2426,5
2023-04,2427,5
2023-04,2428,5
2023-04,2429,5
2023-04,2430,5
2023-04,2431,5
2023-04,2432,5
2023-04,2433,5
2023-04,2434,5
2023-04,2435,5
2023-04,2436,5
2023-04,2437,5
2023-04,2439,5
2023-04,2440,5
2023-04,2441,5
2023-04,2442,5
2023-04,2443,5
2023-04,2444,5
2023-04,2445,5
2023-04,2446,5
2023-04,2447,5
2023-04,2449,5
2023-04,2450,5
2023-04,2451,5
2023-04,2452,5
2023-04,2453,5
2023-04,2454,5
2023-04,2455,5
2023-04,2456,5
2023-04,2457,5
2023-04,2458,5
2023-04,2459,5
2023-04,2460,5
2023-04,2461,5
2023-04,2462,5
2023-04,2463,5
2023-04,2464,5
2023-04,2465,5
2023-04,2466,5
2023-04,2467,5
2023-04,2468,5
2023-04,2469,5
2023-04,2470,5
2023-04,2471,5
2023-04,2472,5
2023-04,2473,5
2023-04,2474,5
2023-04,2475,5
2023-04,2476,5
2023-04,2477,5
2023-04,2478,5
2023-04,2479,5
2023-04,2480,5
2023-04,2481,5
2023-04,2482,5
2023-04,2483,5
2023-04,2484,5
2023-04,2485,5
2023-04,2486,5
2023-04,2487,5
2023-04,2488,5
2023-04,2489,5
2023-04,2490,5
2023-04,2491,5
2023-04,2492,5
2023-04,2493,5
2023-04,2494,5
2023-04,2495,5
2023-04,2496,5
2023-04,2497,5
2023-04,2498,5
2023-04,2499,5
2023-04,2500,5
2023-04,2501,5
2023-04,2502,5
2023-04,2503,5
2023-04,2504,5
2023-04,2505,5
2023-04,2506,5
2023-04,2507,5
2023-04,2508,5
2023-04,2509,5
2023-04,2510,5
2023-04,2511,5
2023-04,2512,5
2023-04,2513,5
2023-04,2514,5
2023-04,2515,5
2023-04,2516,5
2023-04,2517,5
2023-04,2518,5
2023-04,2519,5
2023-04,2520,5
2023-04,2521,5
2023-04,2522,5
2023-04,2523,5
2023-04,2524,5
2023-04,2525,5
2023-04,2526,5
2023-04,2527,5
2023-04,2528,5
2023-04,2529,5
2023-04,2530,5
2023-04,2531,5
2023-04,2532,5
2023-04,2533,5
2023-04,2534,5
2023-04,2535,5
2023-04,2536,5
2023-04,2537,5
2023-04,2538,5
2023-04,2539,5
2023-04,2540,5
2023-04,2541,5
2023-04,2542,5
2023-04,2543,5
2023-04,2544,5
2023-04,2545,5
2023-04,2546,5
2023-04,2547,5
2023-04,2548,5
2023-04,2549,5
2023-04,2550,5
2023-04,2551,5
2023-04,2552,5
2023-04,2553,5
2023-04,2554,5
2023-04,2555,5
2023-04,2556,5
2023-04,2557,5
2023-04,2558,5
2023-04,2559,5
2023-04,2560,5
2023-04,2561,5
2023-04,2562,5
2023-04,2563,5
2023-04,2564,5
2023-04,2565,5
2023-04,2566,5
2023-04,2567,5
2023-04,2568,5
2023-04,2569,5
2023-04,2570,5
2023-04,2571,5
2023-04,2572,5
2023-04,2573,5
2023-04,2574,5
2023-04,2575,5
2023-04,2576,5
2023-04,2577,5
2023-04,2578,5
2023-04,2579,5
2023-04,2580,5
2023-04,2581,5
2023-04,2582,5
2023-04,2583,5
2023-04,2584,5
2023-04,2585,5
2023-04,2586,5
2023-04,2587,5
2023-04,2588,5
2023-04,2589,5
2023-04,2590,5
2023-04,2591,5
2023-04,2592,5
2023-04,2593,3
2023-04,2595,5
2023-04,2596,5
2023-04,2597,5
2023-04,2598,5
2023-04,2599,5
2023-04,2600,5
2023-04,2601,5
2023-04,2602,5
2023-04,2604,5
2023-04,2605,5
2023-04,2606,5
2023-04,2607,5
2023-04,2618,1
2023-04,2619,3
2023-04,2620,3
2023-04,2621,5
2023-04,2644,5
2023-04,2646,5
2023-04,2647,3
2023-04,2648,5
2023-04,2649,5
2023-04,2651,5
2023-04,2652,5
2023-04,2710,3
2023-04,2808,5
2023-04,2809,3
2023-04,2813,3
2023-04,2814,5
2023-04,2872,4
2023-04,2876,5
2023-04,2879,5
2023-04,2880,4
2023-04,2881,2
2023-04,2882,5
2023-04,2883,3
2023-04,2884,3
2023-04,2885,3
2023-04,2886,3
2023-04,2887,5
2023-04,3005,3
2023-04,3007,3
2023-04,3009,5
2023-04,3011,3
2023-04,3012,3
2023-04,3013,5
2023-05,1,5
2023-05,2,3
2023-05,3,3
2023-05,4,2
2023-05,5,1
2023-05,6,2
2023-05,7,5
2023-05,8,5
2023-05,9,2
2023-05,10,5
2023-05,11,2
2023-05,12,2
2023-05,13,2
2023-05,14,2
2023-05,15,2
2023-05,16,2
2023-05,17,2
2023-05,18,2
2023-05,19,2
2023-05,20,2
2023-05,21,5
2023-05,22,3
2023-05,23,3
2023-05,25,5
2023-05,26,5
2023-05,27,5
2023-05,28,3
2023-05,29,5
2023-05,30,2
2023-05,31,2
2023-05,32,2
2023-05,33,2
2023-05,34,2
2023-05,35,2
2023-05,36,2
2023-05,37,2
2023-05,38,3
2023-05,39,2
2023-05,40,2
2023-05,41,2
2023-05,42,5
2023-05,43,2
2023-05,44,3
2023-05,45,2
2023-05,46,2
2023-05,47,2
2023-05,48,2
2023-05,49,3
2023-05,50,2
2023-05,51,3
2023-05,52,2
2023-05,53,2
2023-05,54,2
2023-05,55,2
2023-05,56,2
2023-05,57,3
2023-05,58,2
2023-05,59,2
2023-05,60,2
2023-05,61,2
2023-05,62,2
2023-05,63,2
2023-05,65,2
2023-05,66,5
2023-05,67,2
2023-05,68,2
2023-05,69,2
2023-05,70,3
2023-05,71,2
2023-05,72,2
2023-05,73,5
2023-05,74,2
2023-05,75,3
2023-05,76,5
2023-05,77,3
2023-05,78,2
2023-05,79,2
2023-05,80,2
2023-05,81,3
2023-05,82,2
2023-05,83,2
2023-05,167,5
2023-05,168,5
2023-05,169,3
2023-05,173,1
2023-05,181,1
2023-05,184,1
2023-05,185,1
2023-05,188,1
2023-05,191,1
2023-05,194,5
2023-05,195,3
2023-05,196,5
2023-05,198,1
2023-05,201,5
2023-05,203,3
2023-05,204,3
2023-05,205,5
2023-05,206,5
2023-05,207,5
2023-05,208,3
2023-05,209,2
2023-05,210,3
2023-05,211,3
2023-05,212,3
2023-05,213,3
2023-05,214,3
2023-05,215,3
2023-05,216,3
2023-05,217,3
2023-05,218,5
2023-05,219,3
2023-05,220,2
2023-05,221,3
2023-05,222,3
2023-05,223,3
2023-05,224,5
2023-05,225,4
2023-05,226,3
2023-05,227,3
2023-05,228,3
2023-05,229,3
2023-05,230,3
2023-05,231,3
2023-05,232,2
2023-05,233,2
2023-05,234,3
2023-05,235,2
2023-05,236,3
2023-05,237,3
2023-05,238,1
2023-05,239,3
2023-05,240,3
2023-05,241,3
2023-05,242,2
2023-05,243,2
2023-05,269,5
2023-05,270,3
2023-05,271,3
2023-05,272,2
2023-05,273,2
2023-05,274,3
2023-05,275,2
2023-05,276,2
2023-05,277,2
2023-05,278,5
2023-05,279,2
2023-05,280,3
2023-05,281,2
2023-05,282,2
2023-05,283,3
2023-05,284,3
2023-05,285,1
2023-05,287,1
2023-05,288,1
2023-05,289,1
2023-05,290,1
2023-05,292,1
2023-05,293,1
2023-05,294,1
2023-05,295,1
2023-05,296,1
2023-05,297,1
2023-05,298,3
2023-05,300,1
2023-05,301,2
2023-05,302,1
2023-05,303,3
2023-05,304,1
2023-05,305,1
2023-05,306,1
2023-05,307,1
2023-05,308,3
2023-05,309,4
2023-05,312,4
2023-05,314,4
2023-05,316,4
2023-05,317,4
2023-05,318,4
2023-05,319,4
2023-05,320,4
2023-05,321,4
2023-05,323,4
2023-05,324,4
2023-05,325,4
2023-05,326,4
2023-05,327,3
2023-05,329,4
2023-05,330,4
2023-05,331,4
2023-05,332,4
2023-05,333,3
2023-05,334,4
2023-05,335,4
2023-05,336,4
2023-05,337,4
2023-05,338,4
2023-05,339,4
2023-05,340,4
2023-05,341,4
2023-05,342,4
2023-05,343,4
2023-05,345,5
2023-05,346,5
2023-05,347,5
2023-05,348,1
2023-05,349,1
2023-05,351,3
2023-05,352,5
2023-05,354,5
2023-05,355,5
2023-05,356,2
2023-05,357,3
2023-05,358,2
2023-05,359,2
2023-05,360,3
2023-05,361,2
2023-05,362,5
2023-05,363,2
2023-05,364,2
2023-05,365,2
2023-05,366,3
2023-05,367,2
2023-05,368,3
2023-05,369,2
2023-05,370,5
2023-05,371,3
2023-05,372,2
2023-05,373,5
2023-05,374,3
2023-05,375,5
2023-05,376,2
2023-05,377,1
2023-05,378,2
2023-05,379,5
2023-05,380,3
2023-05,381,2
2023-05,382,3
2023-05,383,3
2023-05,384,2
2023-05,385,5
2023-05,386,2
2023-05,387,3
2023-05,388,5
2023-05,390,2
2023-05,391,3
2023-05,392,3
2023-05,393,2
2023-05,395,2
2023-05,396,3
2023-05,397,3
2023-05,398,2
2023-05,401,2
2023-05,402,2
2023-05,403,2
2023-05,404,3
2023-05,405,2
2023-05,408,1
2023-05,410,2
2023-05,413,2
2023-05,414,2
2023-05,416,2
2023-05,418,5
2023-05,419,3
2023-05,420,3
2023-05,421,3
2023-05,422,3
2023-05,423,2
2023-05,424,3
2023-05,425,2
2023-05,428,1
2023-05,429,1
2023-05,430,5
2023-05,431,2
2023-05,432,3
2023-05,433,2
2023-05,434,2
2023-05,435,2
2023-05,436,1
2023-05,437,1
2023-05,438,2
2023-05,440,3
2023-05,441,1
2023-05,442,2
2023-05,443,2
2023-05,444,2
2023-05,445,1
2023-05,446,2
2023-05,447,1
2023-05,448,5
2023-05,449,1
2023-05,450,3
2023-05,451,3
2023-05,452,3
2023-05,453,2
2023-05,455,2
2023-05,456,2
2023-05,457,1
2023-05,458,2
2023-05,459,2
2023-05,460,2
2023-05,478,5
2023-05,479,1
2023-05,480,3
2023-05,481,5
2023-05,482,3
2023-05,484,2
2023-05,485,2
2023-05,486,3
2023-05,487,2
2023-05,489,3
2023-05,490,2
2023-05,491,2
2023-05,492,3
2023-05,493,3
2023-05,494,2
2023-05,495,1
2023-05,496,1
2023-05,497,3
2023-05,498,3
2023-05,499,2
2023-05,501,3
2023-05,502,2
2023-05,503,2
2023-05,504,5
2023-05,505,3
2023-05,506,3
2023-05,507,5
2023-05,508,3
2023-05,509,3
2023-05,510,3
2023-05,511,3
2023-05,512,3
2023-05,515,2
2023-05,516,1
2023-05,517,2
2023-05,518,3
2023-05,519,1
2023-05,520,1
2023-05,521,1
2023-05,522,1
2023-05,523,1
2023-05,524,2
2023-05,525,1
2023-05,527,3
2023-05,528,1
2023-05,529,2
2023-05,530,3
2023-05,531,2
2023-05,532,1
2023-05,533,1
2023-05,534,2
2023-05,535,2
2023-05,536,2
2023-05,537,2
2023-05,538,3
2023-05,539,2
2023-05,540,2
2023-05,541,1
2023-05,542,3
2023-05,543,3
2023-05,544,2
2023-05,545,2
2023-05,546,2
2023-05,547,1
2023-05,548,2
2023-05,549,1
2023-05,550,2
2023-05,552,2
2023-05,553,1
2023-05,554,2
2023-05,555,1
2023-05,556,2
2023-05,557,1
2023-05,558,2
2023-05,559,3
2023-05,560,1
2023-05,561,1
2023-05,562,1
2023-05,563,1
2023-05,564,1
2023-05,565,1
2023-05,566,1
2023-05,567,1
2023-05,568,2
2023-05,569,1
2023-05,570,1
2023-05,571,1
2023-05,572,1
2023-05,574,3
2023-05,578,5
2023-05,579,3
2023-05,580,4
2023-05,581,5
2023-05,582,4
2023-05,583,2
2023-05,584,3
2023-05,585,3
2023-05,586,2
2023-05,587,2
2023-05,588,4
2023-05,589,2
2023-05,591,2
2023-05,592,2
2023-05,593,2
2023-05,594,2
2023-05,595,2
2023-05,598,2
2023-05,599,3
2023-05,600,4
2023-05,601,2
2023-05,602,2
2023-05,603,2
2023-05,604,2
2023-05,605,2
2023-05,606,2
2023-05,607,2
2023-05,608,5
2023-05,612,5
2023-05,613,4
2023-05,614,4
2023-05,615,4
2023-05,616,4
2023-05,618,4
2023-05,619,4
2023-05,621,4
2023-05,666,5
2023-05,667,3
2023-05,668,3
2023-05,669,3
2023-05,670,3
2023-05,671,3
2023-05,674,3
2023-05,675,3
2023-05,676,3
2023-05,677,3
2023-05,678,4
2023-05,679,3
2023-05,680,3
2023-05,683,1
2023-05,685,1
2023-05,686,3
2023-05,687,1
2023-05,689,3
2023-05,690,2
2023-05,691,1
2023-05,692,1
2023-05,693,5
2023-05,694,3
2023-05,695,1
2023-05,696,1
2023-05,697,3
2023-05,698,2
2023-05,699,1
2023-05,701,1
2023-05,702,3
2023-05,703,2
2023-05,704,2
2023-05,705,1
2023-05,706,1
2023-05,708,4
2023-05,710,1
2023-05,711,2
2023-05,712,2
2023-05,713,1
2023-05,714,2
2023-05,715,3
2023-05,716,4
2023-05,717,2
2023-05,718,4
2023-05,719,1
2023-05,720,4
2023-05,721,1
2023-05,722,2
2023-05,723,3
2023-05,725,2
2023-05,726,4
2023-05,727,5
2023-05,731,3
2023-05,734,3
2023-05,735,2
2023-05,736,2
2023-05,737,3
2023-05,738,2
2023-05,739,3
2023-05,741,3
2023-05,742,2
2023-05,743,2
2023-05,744,2
2023-05,745,3
2023-05,746,2
2023-05,747,3
2023-05,748,3
2023-05,749,2
2023-05,751,3
2023-05,752,2
2023-05,753,2
2023-05,754,3
2023-05,755,2
2023-05,756,3
2023-05,757,5
2023-05,758,2
2023-05,760,1
2023-05,761,1
2023-05,763,3
2023-05,764,1
2023-05,765,1
2023-05,766,3
2023-05,767,3
2023-05,769,3
2023-05,770,2
2023-05,771,2
2023-05,773,2
2023-05,774,2
2023-05,775,5
2023-05,776,4
2023-05,777,5
2023-05,778,4
2023-05,779,2
2023-05,780,2
2023-05,781,2
2023-05,782,5
2023-05,783,2
2023-05,784,2
2023-05,785,5
2023-05,787,2
2023-05,788,2
2023-05,789,3
2023-05,790,2
2023-05,791,4
2023-05,792,4
2023-05,793,2
2023-05,794,4
2023-05,795,2
2023-05,796,2
2023-05,797,4
2023-05,798,3
2023-05,799,4
2023-05,800,2
2023-05,801,4
2023-05,802,2
2023-05,803,4
2023-05,804,2
2023-05,805,2
2023-05,806,3
2023-05,807,3
2023-05,808,1
2023-05,809,5
2023-05,810,1
2023-05,811,5
2023-05,812,5
2023-05,813,3
2023-05,814,1
2023-05,815,3
2023-05,817,3
2023-05,818,3
2023-05,819,5
2023-05,820,5
2023-05,821,1
2023-05,822,1
2023-05,823,1
2023-05,824,5
2023-05,825,1
2023-05,826,1
2023-05,827,1
2023-05,828,1
2023-05,829,1
2023-05,830,3
2023-05,831,1
2023-05,832,1
2023-05,833,1
2023-05,834,1
2023-05,835,1
2023-05,836,1
2023-05,838,1
2023-05,839,1
2023-05,840,1
2023-05,841,5
2023-05,842,5
2023-05,843,4
2023-05,844,4
2023-05,846,3
2023-05,847,3
2023-05,848,4
2023-05,849,4
2023-05,851,4
2023-05,852,4
2023-05,853,4
2023-05,854,4
2023-05,855,4
2023-05,856,4
2023-05,857,4
2023-05,859,4
2023-05,860,4
2023-05,870,4
2023-05,871,4
2023-05,872,5
2023-05,873,3
2023-05,874,2
2023-05,875,4
2023-05,876,4
2023-05,877,4
2023-05,878,3
2023-05,879,4
2023-05,880,4
2023-05,881,3
2023-05,882,4
2023-05,883,3
2023-05,884,4
2023-05,885,2
2023-05,886,4
2023-05,888,4
2023-05,889,4
2023-05,890,5
2023-05,891,3
2023-05,892,3
2023-05,895,3
2023-05,896,5
2023-05,897,3
2023-05,898,2
2023-05,899,3
2023-05,900,1
2023-05,901,1
2023-05,902,3
2023-05,903,3
2023-05,904,3
2023-05,905,3
2023-05,907,4
2023-05,908,3
2023-05,909,3
2023-05,911,3
2023-05,912,3
2023-05,913,3
2023-05,914,1
2023-05,915,3
2023-05,916,4
2023-05,917,4
2023-05,918,5
2023-05,920,3
2023-05,922,1
2023-05,923,1
2023-05,924,1
2023-05,925,1
2023-05,926,1
2023-05,927,5
2023-05,928,5
2023-05,929,1
2023-05,930,1
2023-05,986,5
2023-05,987,3
2023-05,988,3
2023-05,989,3
2023-05,991,3
2023-05,992,3
2023-05,993,3
2023-05,994,3
2023-05,995,3
2023-05,996,3
2023-05,998,3
2023-05,999,3
2023-05,1001,3
2023-05,1002,3
2023-05,1003,3
2023-05,1004,3
2023-05,1005,3
2023-05,1006,3
2023-05,1007,5
2023-05,1008,5
2023-05,1009,3
2023-05,1010,3
2023-05,1011,1
2023-05,1012,1
2023-05,1013,1
2023-05,1014,1
2023-05,1015,3
2023-05,1016,1
2023-05,1017,1
2023-05,1018,1
2023-05,1019,3
2023-05,1020,3
2023-05,1021,3
2023-05,1023,1
2023-05,1024,1
2023-05,1025,1
2023-05,1026,3
2023-05,1027,1
2023-05,1028,1
2023-05,1029,1
2023-05,1030,1
2023-05,1031,1
2023-05,1032,1
2023-05,1033,1
2023-05,1034,1
2023-05,1035,1
2023-05,1036,1
2023-05,1037,3
2023-05,1038,1
2023-05,1039,3
2023-05,1040,1
2023-05,1041,1
2023-05,1044,1
2023-05,1047,3
2023-05,1048,2
2023-05,1049,3
2023-05,1051,3
2023-05,1052,2
2023-05,1053,2
2023-05,1054,5
2023-05,1055,2
2023-05,1056,3
2023-05,1057,3
2023-05,1058,2
2023-05,1059,2
2023-05,1060,1
2023-05,1061,2
2023-05,1062,2
2023-05,1063,3
2023-05,1064,2
2023-05,1065,1
2023-05,1066,3
2023-05,1067,1
2023-05,1068,3
2023-05,1069,2
2023-05,1070,3
2023-05,1071,2
2023-05,1072,3
2023-05,1107,5
2023-05,1108,3
2023-05,1109,3
2023-05,1110,3
2023-05,1111,3
2023-05,1112,3
2023-05,1113,3
2023-05,1115,1
2023-05,1116,1
2023-05,1117,5
2023-05,1118,1
2023-05,1119,3
2023-05,1120,3
2023-05,1121,3
2023-05,1122,2
2023-05,1123,3
2023-05,1124,1
2023-05,1125,3
2023-05,1126,1
2023-05,1127,3
2023-05,1128,1
2023-05,1129,3
2023-05,1130,3
2023-05,1131,3
2023-05,1132,3
2023-05,1133,1
2023-05,1134,5
2023-05,1135,5
2023-05,1136,5
2023-05,1137,2
2023-05,1138,3
2023-05,1139,2
2023-05,1140,3
2023-05,1141,3
2023-05,1142,2
2023-05,1143,3
2023-05,1144,1
2023-05,1146,3
2023-05,1147,2
2023-05,1148,2
2023-05,1149,2
2023-05,1150,5
2023-05,1151,3
2023-05,1152,4
2023-05,1153,3
2023-05,1154,3
2023-05,1155,2
2023-05,1157,3
2023-05,1158,3
2023-05,1159,1
2023-05,1160,3
2023-05,1161,3
2023-05,1163,3
2023-05,1164,3
2023-05,1165,3
2023-05,1166,2
2023-05,1167,2
2023-05,1168,3
2023-05,1169,3
2023-05,1170,2
2023-05,1171,2
2023-05,1172,2
2023-05,1173,1
2023-05,1174,2
2023-05,1175,2
2023-05,1176,5
2023-05,1178,2
2023-05,1179,3
2023-05,1180,3
2023-05,1181,3
2023-05,1184,3
2023-05,1185,3
2023-05,1186,5
2023-05,1187,3
2023-05,1188,5
2023-05,1189,2
2023-05,1190,5
2023-05,1191,3
2023-05,1192,2
2023-05,1193,3
2023-05,1194,1
2023-05,1195,1
2023-05,1196,2
2023-05,1197,3
2023-05,1198,5
2023-05,1200,3
2023-05,1201,1
2023-05,1203,1
2023-05,1204,1
2023-05,1205,1
2023-05,1206,3
2023-05,1207,3
2023-05,1208,1
2023-05,1209,3
2023-05,1210,1
2023-05,1211,3
2023-05,1212,3
2023-05,1213,1
2023-05,1214,1
2023-05,1215,1
2023-05,1217,1
2023-05,1218,1
2023-05,1219,3
2023-05,1220,1
2023-05,1221,3
2023-05,1222,1
2023-05,1223,1
2023-05,1224,5
2023-05,1225,3
2023-05,1226,3
2023-05,1227,3
2023-05,1228,3
2023-05,1229,3
2023-05,1230,3
2023-05,1231,3
2023-05,1232,3
2023-05,1233,5
2023-05,1234,3
2023-05,1235,3
2023-05,1236,3
2023-05,1237,3
2023-05,1238,3
2023-05,1240,2
2023-05,1241,3
2023-05,1242,1
2023-05,1243,5
2023-05,1244,3
2023-05,1246,2
2023-05,1249,2
2023-05,1250,5
2023-05,1251,1
2023-05,1252,3
2023-05,1253,1
2023-05,1254,2
2023-05,1256,2
2023-05,1257,2
2023-05,1258,5
2023-05,1259,3
2023-05,1260,3
2023-05,1261,3
2023-05,1262,3
2023-05,1264,2
2023-05,1265,3
2023-05,1266,1
2023-05,1267,2
2023-05,1268,3
2023-05,1269,1
2023-05,1270,3
2023-05,1271,1
2023-05,1272,3
2023-05,1273,1
2023-05,1274,2
2023-05,1275,2
2023-05,1276,2
2023-05,1277,2
2023-05,1278,2
2023-05,1279,1
2023-05,1280,2
2023-05,1281,1
2023-05,1282,2
2023-05,1284,3
2023-05,1285,3
2023-05,1286,2
2023-05,1287,3
2023-05,1288,2
2023-05,1289,2
2023-05,1290,2
2023-05,1291,1
2023-05,1292,2
2023-05,1293,3
2023-05,1294,3
2023-05,1295,3
2023-05,1296,2
2023-05,1297,2
2023-05,1298,2
2023-05,1299,1
2023-05,1300,2
2023-05,1301,3
2023-05,1302,3
2023-05,1303,3
2023-05,1304,3
2023-05,1305,3
2023-05,1306,3
2023-05,1308,3
2023-05,1309,1
2023-05,1310,2
2023-05,1311,1
2023-05,1312,2
2023-05,1313,1
2023-05,1314,1
2023-05,1315,3
2023-05,1316,3
2023-05,1317,1
2023-05,1319,1
2023-05,1320,1
2023-05,1321,3
2023-05,1322,1
2023-05,1323,1
2023-05,1324,1
2023-05,1325,1
2023-05,1326,2
2023-05,1327,1
2023-05,1328,1
2023-05,1329,1
2023-05,1330,1
2023-05,1331,1
2023-05,1333,3
2023-05,1334,3
2023-05,1335,1
2023-05,1336,1
2023-05,1337,2
2023-05,1338,3
2023-05,1339,2
2023-05,1340,1
2023-05,1341,3
2023-05,1343,2
2023-05,1344,1
2023-05,1345,1
2023-05,1346,1
2023-05,1347,1
2023-05,1348,1
2023-05,1349,1
2023-05,1350,1
2023-05,1351,1
2023-05,1352,2
2023-05,1353,1
2023-05,1355,1
2023-05,1356,2
2023-05,1357,2
2023-05,1358,1
2023-05,1392,3
2023-05,1393,3
2023-05,1394,3
2023-05,1395,5
2023-05,1396,5
2023-05,1397,5
2023-05,1398,5
2023-05,1399,3
2023-05,1400,5
2023-05,1401,3
2023-05,1402,5
2023-05,1403,5
2023-05,1404,3
2023-05,1405,3
2023-05,1406,3
2023-05,1407,3
2023-05,1408,5
2023-05,1409,5
2023-05,1410,5
2023-05,1411,3
2023-05,1412,1
2023-05,1413,3
2023-05,1414,3
2023-05,1415,1
2023-05,1416,1
2023-05,1417,1
2023-05,1419,1
2023-05,1420,1
2023-05,1421,2
2023-05,1422,3
2023-05,1423,1
2023-05,1425,3
2023-05,1426,1
2023-05,1427,3
2023-05,1428,1
2023-05,1429,1
2023-05,1430,4
2023-05,1431,3
2023-05,1438,3
2023-05,1439,5
2023-05,1440,5
2023-05,1443,5
2023-05,1444,5
2023-05,1445,5
2023-05,1446,5
2023-05,1447,5
2023-05,1448,5
2023-05,1449,3
2023-05,1453,5
2023-05,1454,5
2023-05,1456,5
2023-05,1457,5
2023-05,1459,5
2023-05,1461,5
2023-05,1463,5
2023-05,1464,5
2023-05,1465,5
2023-05,1467,5
2023-05,1468,5
2023-05,1472,5
2023-05,1473,3
2023-05,1474,3
2023-05,1475,5
2023-05,1477,3
2023-05,1478,3
2023-05,1480,5
2023-05,1481,5
2023-05,1483,3
2023-05,1484,5
2023-05,1486,3
2023-05,1488,5
2023-05,1489,5
2023-05,1490,5
2023-05,1491,5
2023-05,1492,5
2023-05,1493,5
2023-05,1494,3
2023-05,1495,5
2023-05,1496,5
2023-05,1500,5
2023-05,1501,5
2023-05,1504,3
2023-05,1506,5
2023-05,1507,5
2023-05,1508,5
2023-05,1509,3
2023-05,1510,3
2023-05,1511,5
2023-05,1512,3
2023-05,1518,3
2023-05,1519,3
2023-05,1520,3
2023-05,1521,5
2023-05,1522,3
2023-05,1523,5
2023-05,1525,3
2023-05,1526,3
2023-05,1527,5
2023-05,1528,3
2023-05,1529,3
2023-05,1530,3
2023-05,1532,1
2023-05,1533,3
2023-05,1534,3
2023-05,1535,3
2023-05,1536,3
2023-05,1537,1
2023-05,1539,3
2023-05,1540,3
2023-05,1541,1
2023-05,1542,1
2023-05,1543,1
2023-05,1544,1
2023-05,1545,1
2023-05,1546,1
2023-05,1547,1
2023-05,1548,1
2023-05,1549,3
2023-05,1550,3
2023-05,1551,1
2023-05,1552,1
2023-05,1553,3
2023-05,1554,3
2023-05,1555,1
2023-05,1556,1
2023-05,1557,3
2023-05,1558,1
2023-05,1559,1
2023-05,1560,5
2023-05,1561,1
2023-05,1562,3
2023-05,1563,3
2023-05,1564,1
2023-05,1565,3
2023-05,1566,1
2023-05,1567,1
2023-05,1568,3
2023-05,1569,1
2023-05,1570,1
2023-05,1571,1
2023-05,1572,2
2023-05,1573,1
2023-05,1574,3
2023-05,1575,3
2023-05,1577,3
2023-05,1578,3
2023-05,1579,2
2023-05,1580,1
2023-05,1581,1
2023-05,1582,1
2023-05,1583,3
2023-05,1584,1
2023-05,1585,1
2023-05,1586,5
2023-05,1587,1
2023-05,1588,3
2023-05,1589,3
2023-05,1590,1
2023-05,1591,1
2023-05,1592,3
2023-05,1593,1
2023-05,1594,1
2023-05,1595,3
2023-05,1596,3
2023-05,1597,5
2023-05,1598,5
2023-05,1599,3
2023-05,1600,5
2023-05,1601,5
2023-05,1602,1
2023-05,1603,3
2023-05,1604,3
2023-05,1605,1
2023-05,1606,1
2023-05,1607,1
2023-05,1608,3
2023-05,1609,2
2023-05,1610,3
2023-05,1611,3
2023-05,1612,3
2023-05,1613,1
2023-05,1614,1
2023-05,1615,3
2023-05,1616,1
2023-05,1617,1
2023-05,1618,1
2023-05,1619,3
2023-05,1620,5
2023-05,1621,2
2023-05,1622,3
2023-05,1623,3
2023-05,1624,3
2023-05,1625,2
2023-05,1626,1
2023-05,1627,1
2023-05,1628,1
2023-05,1629,1
2023-05,1630,2
2023-05,1631,3
2023-05,1632,5
2023-05,1633,3
2023-05,1634,3
2023-05,1635,2
2023-05,1636,2
2023-05,1637,2
2023-05,1638,2
2023-05,1639,3
2023-05,1640,1
2023-05,1641,3
2023-05,1642,1
2023-05,1643,3
2023-05,1644,2
2023-05,1645,2
2023-05,1646,2
2023-05,1647,2
2023-05,1648,1
2023-05,1649,2
2023-05,1650,2
2023-05,1651,2
2023-05,1652,5
2023-05,1653,2
2023-05,1654,2
2023-05,1655,2
2023-05,1656,3
2023-05,1657,2
2023-05,1658,3
2023-05,1659,3
2023-05,1660,1
2023-05,1661,2
2023-05,1662,2
2023-05,1663,2
2023-05,1664,1
2023-05,1665,5
2023-05,1666,1
2023-05,1667,3
2023-05,1668,3
2023-05,1669,3
2023-05,1670,3
2023-05,1671,3
2023-05,1672,3
2023-05,1673,3
2023-05,1674,3
2023-05,1675,3
2023-05,1676,3
2023-05,1678,2
2023-05,1679,3
2023-05,1680,1
2023-05,1681,1
2023-05,1682,2
2023-05,1683,3
2023-05,1685,2
2023-05,1686,3
2023-05,1687,2
2023-05,1688,2
2023-05,1689,1
2023-05,1690,1
2023-05,1691,1
2023-05,1692,3
2023-05,1693,2
2023-05,1694,3
2023-05,1696,3
2023-05,1697,3
2023-05,1698,1
2023-05,1699,3
2023-05,1700,3
2023-05,1701,3
2023-05,1702,1
2023-05,1703,3
2023-05,1704,3
2023-05,1705,3
2023-05,1706,3
2023-05,1707,3
2023-05,1708,3
2023-05,1709,3
2023-05,1710,3
2023-05,1711,1
2023-05,1712,1
2023-05,1714,1
2023-05,1715,3
2023-05,1717,1
2023-05,1718,1
2023-05,1719,3
2023-05,1722,1
2023-05,1724,1
2023-05,1725,1
2023-05,1726,5
2023-05,1727,1
2023-05,1728,1
2023-05,1730,2
2023-05,1731,3
2023-05,1732,1
2023-05,1733,1
2023-05,1737,1
2023-05,1738,1
2023-05,1739,1
2023-05,1740,3
2023-05,1741,1
2023-05,1742,3
2023-05,1743,1
2023-05,1744,1
2023-05,1745,1
2023-05,1746,1
2023-05,1747,1
2023-05,1749,1
2023-05,1750,1
2023-05,1751,1
2023-05,1752,3
2023-05,1753,1
2023-05,1754,2
2023-05,1755,1
2023-05,1756,1
2023-05,1757,1
2023-05,1758,5
2023-05,1759,1
2023-05,1760,1
2023-05,1761,1
2023-05,1762,1
2023-05,1764,5
2023-05,1765,3
2023-05,1766,1
2023-05,1768,3
2023-05,1769,1
2023-05,1770,3
2023-05,1771,1
2023-05,1773,1
2023-05,1774,1
2023-05,1775,1
2023-05,1776,3
2023-05,1777,1
2023-05,1778,3
2023-05,1780,3
2023-05,1781,1
2023-05,1782,3
2023-05,1783,5
2023-05,1784,1
2023-05,1785,1
2023-05,1786,3
2023-05,1787,1
2023-05,1788,3
2023-05,1845,5
2023-05,1846,3
2023-05,1848,1
2023-05,1849,1
2023-05,1850,1
2023-05,1851,1
2023-05,1852,1
2023-05,1853,1
2023-05,1854,1
2023-05,1855,1
2023-05,1856,1
2023-05,1857,1
2023-05,1858,1
2023-05,1859,1
2023-05,1860,1
2023-05,1861,3
2023-05,1862,1
2023-05,1863,3
2023-05,1864,1
2023-05,1865,1
2023-05,1868,1
2023-05,1869,1
2023-05,1870,1
2023-05,1871,1
2023-05,1872,1
2023-05,1873,1
2023-05,1874,5
2023-05,1875,3
2023-05,1876,3
2023-05,1877,3
2023-05,1878,3
2023-05,1879,3
2023-05,1880,1
2023-05,1881,5
2023-05,1883,3
2023-05,1884,1
2023-05,1885,3
2023-05,1886,3
2023-05,1887,1
2023-05,1888,1
2023-05,1889,1
2023-05,1890,5
2023-05,1891,1
2023-05,1892,1
2023-05,1893,3
2023-05,1894,1
2023-05,1895,3
2023-05,1896,1
2023-05,1897,1
2023-05,1898,1
2023-05,1899,3
2023-05,1900,3
2023-05,1901,1
2023-05,1902,1
2023-05,1903,1
2023-05,1904,3
2023-05,1905,5
2023-05,1906,3
2023-05,1907,1
2023-05,1908,1
2023-05,1909,1
2023-05,1910,1
2023-05,1912,3
2023-05,1915,1
2023-05,1916,1
2023-05,1917,1
2023-05,1918,1
2023-05,1919,3
2023-05,1920,3
2023-05,1921,1
2023-05,1922,3
2023-05,1923,3
2023-05,1924,1
2023-05,1925,1
2023-05,1926,1
2023-05,1927,1
2023-05,1928,1
2023-05,1929,1
2023-05,1930,3
2023-05,1931,1
2023-05,1932,1
2023-05,1933,1
2023-05,1934,3
2023-05,1935,1
2023-05,1936,3
2023-05,1937,3
2023-05,1938,2
2023-05,1939,3
2023-05,1940,1
2023-05,1941,1
2023-05,1942,1
2023-05,1943,1
2023-05,1944,3
2023-05,1945,1
2023-05,1947,3
2023-05,1948,3
2023-05,1949,1
2023-05,1950,3
2023-05,1951,1
2023-05,1952,5
2023-05,1954,4
2023-05,1955,4
2023-05,1956,4
2023-05,1957,4
2023-05,1958,4
2023-05,1959,4
2023-05,1960,4
2023-05,1961,5
2023-05,1962,4
2023-05,1963,4
2023-05,1965,4
2023-05,1966,4
2023-05,1967,4
2023-05,1968,4
2023-05,1969,4
2023-05,1970,4
2023-05,1971,5
2023-05,1972,3
2023-05,1973,3
2023-05,1974,3
2023-05,1975,3
2023-05,1976,3
2023-05,1977,5
2023-05,1978,3
2023-05,1979,5
2023-05,1980,3
2023-05,1981,3
2023-05,1982,3
2023-05,1983,3
2023-05,1984,1
2023-05,1985,3
2023-05,1986,3
2023-05,1987,3
2023-05,1988,3
2023-05,1989,3
2023-05,1990,3
2023-05,1991,3
2023-05,1992,3
2023-05,1993,3
2023-05,1994,3
2023-05,1995,3
2023-05,1996,3
2023-05,1997,3
2023-05,1999,3
2023-05,2000,5
2023-05,2001,3
2023-05,2002,3
2023-05,2004,5
2023-05,2005,3
2023-05,2006,3
2023-05,2007,3
2023-05,2008,3
2023-05,2009,3
2023-05,2010,3
2023-05,2011,3
2023-05,2012,3
2023-05,2015,3
2023-05,2017,2
2023-05,2018,2
2023-05,2019,3
2023-05,2021,3
2023-05,2022,1
2023-05,2023,3
2023-05,2024,3
2023-05,2025,2
2023-05,2027,3
2023-05,2028,3
2023-05,2030,3
2023-05,2031,3
2023-05,2032,5
2023-05,2033,5
2023-05,2034,3
2023-05,2035,3
2023-05,2036,3
2023-05,2037,2
2023-05,2039,3
2023-05,2040,3
2023-05,2041,2
2023-05,2042,3
2023-05,2043,2
2023-05,2044,5
2023-05,2045,3
2023-05,2046,1
2023-05,2047,3
2023-05,2048,3
2023-05,2049,1
2023-05,2050,1
2023-05,2051,3
2023-05,2052,1
2023-05,2053,1
2023-05,2054,1
2023-05,2055,3
2023-05,2056,1
2023-05,2057,1
2023-05,2058,1
2023-05,2059,1
2023-05,2060,3
2023-05,2061,3
2023-05,2062,3
2023-05,2063,5
2023-05,2064,1
2023-05,2065,1
2023-05,2066,1
2023-05,2067,1
2023-05,2068,1
2023-05,2069,3
2023-05,2070,3
2023-05,2072,1
2023-05,2073,3
2023-05,2074,3
2023-05,2075,1
2023-05,2076,1
2023-05,2077,1
2023-05,2078,1
2023-05,2079,1
2023-05,2080,1
2023-05,2081,1
2023-05,2082,1
2023-05,2085,1
2023-05,2087,1
2023-05,2088,1
2023-05,2089,1
2023-05,2090,1
2023-05,2091,1
2023-05,2093,1
2023-05,2094,1
2023-05,2095,1
2023-05,2096,1
2023-05,2098,1
2023-05,2100,1
2023-05,2101,5
2023-05,2105,3
2023-05,2108,3
2023-05,2109,3
2023-05,2110,1
2023-05,2111,3
2023-05,2112,1
2023-05,2113,1
2023-05,2114,1
2023-05,2116,1
2023-05,2117,1
2023-05,2118,1
2023-05,2119,5
2023-05,2120,3
2023-05,2121,3
2023-05,2122,3
2023-05,2124,3
2023-05,2125,1
2023-05,2126,1
2023-05,2127,1
2023-05,2128,1
2023-05,2129,1
2023-05,2130,2
2023-05,2131,3
2023-05,2132,1
2023-05,2133,1
2023-05,2134,1
2023-05,2136,1
2023-05,2137,1
2023-05,2138,1
2023-05,2139,1
2023-05,2140,1
2023-05,2142,1
2023-05,2143,1
2023-05,2144,5
2023-05,2145,1
2023-05,2146,3
2023-05,2148,3
2023-05,2149,3
2023-05,2150,2
2023-05,2151,3
2023-05,2152,1
2023-05,2153,3
2023-05,2154,2
2023-05,2155,3
2023-05,2156,1
2023-05,2157,3
2023-05,2158,3
2023-05,2159,2
2023-05,2160,1
2023-05,2161,5
2023-05,2162,1
2023-05,2163,3
2023-05,2164,5
2023-05,2165,3
2023-05,2167,3
2023-05,2168,3
2023-05,2169,3
2023-05,2171,1
2023-05,2172,1
2023-05,2173,3
2023-05,2174,3
2023-05,2175,1
2023-05,2176,1
2023-05,2177,3
2023-05,2178,1
2023-05,2179,3
2023-05,2180,3
2023-05,2181,1
2023-05,2182,1
2023-05,2183,3
2023-05,2184,1
2023-05,2185,1
2023-05,2186,3
2023-05,2187,3
2023-05,2188,3
2023-05,2189,3
2023-05,2190,5
2023-05,2191,2
2023-05,2192,3
2023-05,2193,5
2023-05,2194,2
2023-05,2195,2
2023-05,2196,1
2023-05,2197,1
2023-05,2198,1
2023-05,2199,2
2023-05,2200,1
2023-05,2201,2
2023-05,2202,2
2023-05,2203,2
2023-05,2204,2
2023-05,2205,2
2023-05,2206,2
2023-05,2207,1
2023-05,2208,2
2023-05,2210,5
2023-05,2211,3
2023-05,2212,2
2023-05,2213,1
2023-05,2215,2
2023-05,2216,5
2023-05,2217,5
2023-05,2218,3
2023-05,2219,3
2023-05,2220,5
2023-05,2221,5
2023-05,2222,3
2023-05,2223,3
2023-05,2224,3
2023-05,2225,3
2023-05,2226,5
2023-05,2227,5
2023-05,2228,5
2023-05,2229,3
2023-05,2230,3
2023-05,2231,3
2023-05,2232,3
2023-05,2233,3
2023-05,2234,3
2023-05,2235,5
2023-05,2236,3
2023-05,2237,5
2023-05,2238,5
2023-05,2241,3
2023-05,2242,5
2023-05,2243,5
2023-05,2244,4
2023-05,2245,3
2023-05,2248,3
2023-05,2249,4
2023-05,2250,4
2023-05,2251,5
2023-05,2252,3
2023-05,2253,3
2023-05,2254,1
2023-05,2255,1
2023-05,2256,1
2023-05,2257,1
2023-05,2258,1
2023-05,2259,1
2023-05,2260,1
2023-05,2262,1
2023-05,2264,3
2023-05,2265,1
2023-05,2266,1
2023-05,2267,1
2023-05,2268,1
2023-05,2269,1
2023-05,2270,1
2023-05,2271,1
2023-05,2272,3
2023-05,2274,3
2023-05,2275,5
2023-05,2276,3
2023-05,2278,3
2023-05,2279,3
2023-05,2280,3
2023-05,2281,5
2023-05,2282,3
2023-05,2286,3
2023-05,2287,3
2023-05,2288,3
2023-05,2289,3
2023-05,2292,2
2023-05,2293,3
2023-05,2294,2
2023-05,2295,3
2023-05,2296,3
2023-05,2297,3
2023-05,2298,3
2023-05,2299,3
2023-05,2300,3
2023-05,2301,3
2023-05,2302,2
2023-05,2303,3
2023-05,2304,2
2023-05,2305,2
2023-05,2307,3
2023-05,2308,3
2023-05,2309,3
2023-05,2310,3
2023-05,2311,3
2023-05,2312,5
2023-05,2314,2
2023-05,2315,3
2023-05,2316,3
2023-05,2317,2
2023-05,2318,5
2023-05,2320,3
2023-05,2321,1
2023-05,2322,1
2023-05,2323,1
2023-05,2324,3
2023-05,2325,3
2023-05,2326,3
2023-05,2327,3
2023-05,2328,3
2023-05,2329,3
2023-05,2330,3
2023-05,2332,2
2023-05,2333,3
2023-05,2334,3
2023-05,2335,3
2023-05,2336,3
2023-05,2337,5
2023-05,2338,4
2023-05,2339,4
2023-05,2340,3
2023-05,2341,4
2023-05,2342,4
2023-05,2343,4
2023-05,2344,4
2023-05,2345,4
2023-05,2348,4
2023-05,2349,4
2023-05,2351,5
2023-05,2352,5
2023-05,2353,5
2023-05,2354,5
2023-05,2355,5
2023-05,2356,5
2023-05,2357,5
2023-05,2358,5
2023-05,2359,5
2023-05,2360,5
2023-05,2361,5
2023-05,2362,5
2023-05,2363,5
2023-05,2364,5
2023-05,2365,5
2023-05,2366,5
2023-05,2367,5
2023-05,2368,5
2023-05,2369,5
2023-05,2370,5
2023-05,2371,5
2023-05,2372,5
2023-05,2373,5
2023-05,2374,5
2023-05,2375,5
2023-05,2376,5
2023-05,2377,5
2023-05,2378,5
2023-05,2379,5
2023-05,2380,5
2023-05,2381,5
2023-05,2382,5
2023-05,2383,5
2023-05,2384,5
2023-05,2385,5
2023-05,2386,5
2023-05,2387,5
2023-05,2388,5
2023-05,2389,5
2023-05,2390,5
2023-05,2391,5
2023-05,2392,5
2023-05,2393,5
2023-05,2395,5
2023-05,2398,5
2023-05,2399,5
2023-05,2400,5
2023-05,2401,5
2023-05,2402,5
2023-05,2403,5
2023-05,2404,5
2023-05,2405,5
2023-05,2406,5
2023-05,2407,5
2023-05,2408,5
2023-05,2409,5
2023-05,2410,5
2023-05,2411,5
2023-05,2412,5
2023-05,2416,5
2023-05,2422,5
2023-05,2423,5
2023-05,2424,5
2023-05,2425,5
2023-05,2426,5
2023-05,2427,5
2023-05,2428,5
2023-05,2429,5
2023-05,2430,5
2023-05,2431,5
2023-05,2432,5
2023-05,2433,5
2023-05,2434,5
2023-05,2435,5
2023-05,2436,5
2023-05,2437,5
2023-05,2439,5
2023-05,2440,5
2023-05,2441,5
2023-05,2442,5
2023-05,2443,5
2023-05,2444,5
2023-05,2445,5
2023-05,2446,5
2023-05,2447,5
2023-05,2449,5
2023-05,2450,5
2023-05,2451,5
2023-05,2452,5
2023-05,2453,5
2023-05,2454,5
2023-05,2455,5
2023-05,2456,5
2023-05,2457,5
2023-05,2458,5
2023-05,2459,5
2023-05,2460,5
2023-05,2461,5
2023-05,2462,5
2023-05,2463,5
2023-05,2464,5
2023-05,2465,5
2023-05,2466,5
2023-05,2467,5
2023-05,2468,5
2023-05,2469,5
2023-05,2470,5
2023-05,2471,5
2023-05,2472,5
2023-05,2473,5
2023-05,2474,5
2023-05,2475,5
2023-05,2476,5
2023-05,2477,5
2023-05,2478,5
2023-05,2479,5
2023-05,2480,5
2023-05,2481,5
2023-05,2482,5
2023-05,2483,5
2023-05,2484,5
2023-05,2485,5
2023-05,2486,5
2023-05,2487,5
2023-05,2488,5
2023-05,2489,5
2023-05,2490,5
2023-05,2491,5
2023-05,2492,5
2023-05,2493,5
2023-05,2494,5
2023-05,2495,5
2023-05,2496,5
2023-05,2497,5
2023-05,2498,5
2023-05,2499,5
2023-05,2500,5
2023-05,2501,5
2023-05,2502,5
2023-05,2503,5
2023-05,2504,5
2023-05,2505,5
2023-05,2506,5
2023-05,2507,5
2023-05,2508,5
2023-05,2509,5
2023-05,2510,5
2023-05,2511,5
2023-05,2512,5
2023-05,2513,5
2023-05,2514,5
2023-05,2515,5
2023-05,2516,5
2023-05,2517,5
2023-05,2518,5
2023-05,2519,5
2023-05,2520,5
2023-05,2521,5
2023-05,2522,5
2023-05,2523,5
2023-05,2524,5
2023-05,2525,5
2023-05,2526,5
2023-05,2527,5
2023-05,2528,5
2023-05,2529,5
2023-05,2530,5
2023-05,2531,5
2023-05,2532,5
2023-05,2533,5
2023-05,2534,5
2023-05,2535,5
2023-05,2536,5
2023-05,2537,5
2023-05,2538,5
2023-05,2539,5
2023-05,2540,5
2023-05,2541,5
2023-05,2542,5
2023-05,2543,5
2023-05,2544,5
2023-05,2545,5
2023-05,2546,5
2023-05,2547,5
2023-05,2548,5
2023-05,2549,5
2023-05,2550,5
2023-05,2551,5
2023-05,2552,5
2023-05,2553,5
2023-05,2554,5
2023-05,2555,5
2023-05,2556,5
2023-05,2557,5
2023-05,2558,5
2023-05,2559,5
2023-05,2560,5
2023-05,2561,5
2023-05,2562,5
2023-05,2563,5
2023-05,2564,5
2023-05,2565,5
2023-05,2566,5
2023-05,2567,5
2023-05,2568,5
2023-05,2569,5
2023-05,2570,5
2023-05,2571,5
2023-05,2572,5
2023-05,2573,5
2023-05,2574,5
2023-05,2575,5
2023-05,2576,5
2023-05,2577,5
2023-05,2578,5
2023-05,2579,5
2023-05,2580,5
2023-05,2581,5
2023-05,2582,5
2023-05,2583,5
2023-05,2584,5
2023-05,2585,5
2023-05,2586,5
2023-05,2587,5
2023-05,2588,5
2023-05,2589,5
2023-05,2590,5
2023-05,2591,5
2023-05,2592,5
2023-05,2593,3
2023-05,2595,3
2023-05,2596,5
2023-05,2597,5
2023-05,2598,5
2023-05,2599,5
2023-05,2600,5
2023-05,2601,5
2023-05,2602,5
2023-05,2604,5
2023-05,2605,5
2023-05,2606,5
2023-05,2607,5
2023-05,2618,1
2023-05,2619,3
2023-05,2620,5
2023-05,2621,5
2023-05,2644,5
2023-05,2646,5
2023-05,2647,3
2023-05,2648,5
2023-05,2649,5
2023-05,2651,5
2023-05,2652,5
2023-05,2710,3
2023-05,2808,5
2023-05,2809,3
2023-05,2813,3
2023-05,2814,5
2023-05,2872,4
2023-05,2876,5
2023-05,2879,5
2023-05,2880,4
2023-05,2881,5
2023-05,2882,5
2023-05,2883,3
2023-05,2884,3
2023-05,2885,3
2023-05,2886,3
2023-05,2887,5
2023-05,3005,3
2023-05,3007,3
2023-05,3009,5
2023-05,3011,3
2023-05,3012,3
2023-05,3013,5
2023-06,1,5
2023-06,2,3
2023-06,3,3
2023-06,4,2
2023-06,5,1
2023-06,6,3
2023-06,7,5
2023-06,8,5
2023-06,9,2
2023-06,10,5
2023-06,11,2
2023-06,12,2
2023-06,13,2
2023-06,14,2
2023-06,15,2
2023-06,16,2
2023-06,17,2
2023-06,18,2
2023-06,19,1
2023-06,20,2
2023-06,21,5
2023-06,22,3
2023-06,23,3
2023-06,25,5
2023-06,26,5
2023-06,27,5
2023-06,28,5
2023-06,29,5
2023-06,30,2
2023-06,31,2
2023-06,32,2
2023-06,33,2
2023-06,34,2
2023-06,35,2
2023-06,36,2
2023-06,37,2
2023-06,38,3
2023-06,39,2
2023-06,40,2
2023-06,41,2
2023-06,42,5
2023-06,43,2
2023-06,44,3
2023-06,45,2
2023-06,46,2
2023-06,47,2
2023-06,48,2
2023-06,49,3
2023-06,50,2
2023-06,51,3
2023-06,52,2
2023-06,53,2
2023-06,54,2
2023-06,55,3
2023-06,56,2
2023-06,57,3
2023-06,58,2
2023-06,59,2
2023-06,60,2
2023-06,61,2
2023-06,62,2
2023-06,63,2
2023-06,65,2
2023-06,66,5
2023-06,67,2
2023-06,68,2
2023-06,69,2
2023-06,70,3
2023-06,71,2
2023-06,72,2
2023-06,73,5
2023-06,74,2
2023-06,75,5
2023-06,76,5
2023-06,77,5
2023-06,78,2
2023-06,79,2
2023-06,80,2
2023-06,81,3
2023-06,82,2
2023-06,83,2
2023-06,167,5
2023-06,168,5
2023-06,169,3
2023-06,173,1
2023-06,181,1
2023-06,184,2
2023-06,185,1
2023-06,188,1
2023-06,191,1
2023-06,194,5
2023-06,195,3
2023-06,196,5
2023-06,198,1
2023-06,201,5
2023-06,203,3
2023-06,204,3
2023-06,205,5
2023-06,206,5
2023-06,207,5
2023-06,208,3
2023-06,209,2
2023-06,210,3
2023-06,211,3
2023-06,212,3
2023-06,213,3
2023-06,214,3
2023-06,215,3
2023-06,216,3
2023-06,217,3
2023-06,218,5
2023-06,219,3
2023-06,220,2
2023-06,221,3
2023-06,222,3
2023-06,223,3
2023-06,224,5
2023-06,225,4
2023-06,226,3
2023-06,227,3
2023-06,228,3
2023-06,229,3
2023-06,230,3
2023-06,231,3
2023-06,232,2
2023-06,233,2
2023-06,234,3
2023-06,235,2
2023-06,236,3
2023-06,237,3
2023-06,238,1
2023-06,239,3
2023-06,240,3
2023-06,241,3
2023-06,242,2
2023-06,243,2
2023-06,269,5
2023-06,270,3
2023-06,271,3
2023-06,272,2
2023-06,273,2
2023-06,274,3
2023-06,275,1
2023-06,276,2
2023-06,277,2
2023-06,278,5
2023-06,279,2
2023-06,280,2
2023-06,281,2
2023-06,282,2
2023-06,283,3
2023-06,284,3
2023-06,285,1
2023-06,287,1
2023-06,288,1
2023-06,289,1
2023-06,290,1
2023-06,292,1
2023-06,293,1
2023-06,294,1
2023-06,295,1
2023-06,296,1
2023-06,297,1
2023-06,298,3
2023-06,300,1
2023-06,301,2
2023-06,302,1
2023-06,303,3
2023-06,304,1
2023-06,305,1
2023-06,306,1
2023-06,307,1
2023-06,308,3
2023-06,309,4
2023-06,312,4
2023-06,314,4
2023-06,316,4
2023-06,317,4
2023-06,318,4
2023-06,319,4
2023-06,320,4
2023-06,321,4
2023-06,323,4
2023-06,324,4
2023-06,325,4
2023-06,326,4
2023-06,327,3
2023-06,329,4
2023-06,330,4
2023-06,331,4
2023-06,332,4
2023-06,333,3
2023-06,334,4
2023-06,335,4
2023-06,336,4
2023-06,337,4
2023-06,338,4
2023-06,339,4
2023-06,340,4
2023-06,341,4
2023-06,342,4
2023-06,343,4
2023-06,345,5
2023-06,346,5
2023-06,347,1
2023-06,348,1
2023-06,349,1
2023-06,351,5
2023-06,352,5
2023-06,354,5
2023-06,355,5
2023-06,356,2
2023-06,357,3
2023-06,358,2
2023-06,359,2
2023-06,360,3
2023-06,361,2
2023-06,362,5
2023-06,363,1
2023-06,364,2
2023-06,365,2
2023-06,366,2
2023-06,367,2
2023-06,368,3
2023-06,369,2
2023-06,370,3
2023-06,371,3
2023-06,372,1
2023-06,373,5
2023-06,374,3
2023-06,375,5
2023-06,376,2
2023-06,377,2
2023-06,378,2
2023-06,379,5
2023-06,380,3
2023-06,381,2
2023-06,382,3
2023-06,383,3
2023-06,384,2
2023-06,385,5
2023-06,386,2
2023-06,387,3
2023-06,388,5
2023-06,390,2
2023-06,391,3
2023-06,392,3
2023-06,393,2
2023-06,395,2
2023-06,396,3
2023-06,397,3
2023-06,398,2
2023-06,401,2
2023-06,402,2
2023-06,403,2
2023-06,404,3
2023-06,405,2
2023-06,408,3
2023-06,410,2
2023-06,413,2
2023-06,414,3
2023-06,416,2
2023-06,418,5
2023-06,419,5
2023-06,420,3
2023-06,421,3
2023-06,422,3
2023-06,423,2
2023-06,424,3
2023-06,425,2
2023-06,428,1
2023-06,429,1
2023-06,430,5
2023-06,431,2
2023-06,432,3
2023-06,433,1
2023-06,434,1
2023-06,435,2
2023-06,436,1
2023-06,437,1
2023-06,438,2
2023-06,440,3
2023-06,441,1
2023-06,442,2
2023-06,443,2
2023-06,444,2
2023-06,445,1
2023-06,446,2
2023-06,447,1
2023-06,448,5
2023-06,449,2
2023-06,450,3
2023-06,451,3
2023-06,452,3
2023-06,453,2
2023-06,455,2
2023-06,456,2
2023-06,457,2
2023-06,458,2
2023-06,459,2
2023-06,460,2
2023-06,478,5
2023-06,479,1
2023-06,480,3
2023-06,481,5
2023-06,482,3
2023-06,484,2
2023-06,485,2
2023-06,486,3
2023-06,487,3
2023-06,489,1
2023-06,490,2
2023-06,491,2
2023-06,492,1
2023-06,493,1
2023-06,494,2
2023-06,495,1
2023-06,496,1
2023-06,497,3
2023-06,498,3
2023-06,499,2
2023-06,501,2
2023-06,502,1
2023-06,503,2
2023-06,504,5
2023-06,505,3
2023-06,506,3
2023-06,507,5
2023-06,508,3
2023-06,509,3
2023-06,510,3
2023-06,511,3
2023-06,512,2
2023-06,515,2
2023-06,516,1
2023-06,517,2
2023-06,518,3
2023-06,519,2
2023-06,520,1
2023-06,521,2
2023-06,522,2
2023-06,523,1
2023-06,524,2
2023-06,525,1
2023-06,527,3
2023-06,528,1
2023-06,529,2
2023-06,530,3
2023-06,531,2
2023-06,532,1
2023-06,533,1
2023-06,534,2
2023-06,535,2
2023-06,536,1
2023-06,537,2
2023-06,538,3
2023-06,539,2
2023-06,540,2
2023-06,541,1
2023-06,542,3
2023-06,543,3
2023-06,544,2
2023-06,545,3
2023-06,546,2
2023-06,547,1
2023-06,548,2
2023-06,549,1
2023-06,550,2
2023-06,552,2
2023-06,553,1
2023-06,554,2
2023-06,555,1
2023-06,556,2
2023-06,557,1
2023-06,558,2
2023-06,559,3
2023-06,560,2
2023-06,561,2
2023-06,562,1
2023-06,563,1
2023-06,564,2
2023-06,565,1
2023-06,566,1
2023-06,567,1
2023-06,568,2
2023-06,569,1
2023-06,570,1
2023-06,571,1
2023-06,572,3
2023-06,574,3
2023-06,578,5
2023-06,579,3
2023-06,580,4
2023-06,581,3
2023-06,582,4
2023-06,583,2
2023-06,584,3
2023-06,585,3
2023-06,586,2
2023-06,587,2
2023-06,588,4
2023-06,589,2
2023-06,591,2
2023-06,592,2
2023-06,593,2
2023-06,594,2
2023-06,595,2
2023-06,598,2
2023-06,599,3
2023-06,600,2
2023-06,601,2
2023-06,602,2
2023-06,603,2
2023-06,604,2
2023-06,605,2
2023-06,606,2
2023-06,607,2
2023-06,608,5
2023-06,612,5
2023-06,613,4
2023-06,614,4
2023-06,615,4
2023-06,616,4
2023-06,618,4
2023-06,619,4
2023-06,621,4
2023-06,666,5
2023-06,667,3
2023-06,668,3
2023-06,669,3
2023-06,670,3
2023-06,671,3
2023-06,674,3
2023-06,675,3
2023-06,676,3
2023-06,677,3
2023-06,678,4
2023-06,679,3
2023-06,680,3
2023-06,683,1
2023-06,685,1
2023-06,686,3
2023-06,687,1
2023-06,689,3
2023-06,690,2
2023-06,691,2
2023-06,692,1
2023-06,693,5
2023-06,694,3
2023-06,695,1
2023-06,696,1
2023-06,697,3
2023-06,698,2
2023-06,699,1
2023-06,701,1
2023-06,702,3
2023-06,703,2
2023-06,704,2
2023-06,705,1
2023-06,706,1
2023-06,708,4
2023-06,710,1
2023-06,711,2
2023-06,712,2
2023-06,713,1
2023-06,714,2
2023-06,715,3
2023-06,716,4
2023-06,717,2
2023-06,718,4
2023-06,719,1
2023-06,720,4
2023-06,721,1
2023-06,722,2
2023-06,723,2
2023-06,725,3
2023-06,726,4
2023-06,727,5
2023-06,731,3
2023-06,734,3
2023-06,735,2
2023-06,736,2
2023-06,737,3
2023-06,738,2
2023-06,739,3
2023-06,741,3
2023-06,742,2
2023-06,743,3
2023-06,744,2
2023-06,745,3
2023-06,746,1
2023-06,747,3
2023-06,748,3
2023-06,749,2
2023-06,751,3
2023-06,752,2
2023-06,753,2
2023-06,754,3
2023-06,755,2
2023-06,756,3
2023-06,757,5
2023-06,758,2
2023-06,760,1
2023-06,761,1
2023-06,763,3
2023-06,764,3
2023-06,765,1
2023-06,766,3
2023-06,767,3
2023-06,769,1
2023-06,770,2
2023-06,771,2
2023-06,773,2
2023-06,774,2
2023-06,775,5
2023-06,776,4
2023-06,777,5
2023-06,778,4
2023-06,779,2
2023-06,780,3
2023-06,781,2
2023-06,782,5
2023-06,783,2
2023-06,784,2
2023-06,785,5
2023-06,787,2
2023-06,788,4
2023-06,789,2
2023-06,790,2
2023-06,791,4
2023-06,792,4
2023-06,793,2
2023-06,794,4
2023-06,795,2
2023-06,796,2
2023-06,797,2
2023-06,798,3
2023-06,799,4
2023-06,800,2
2023-06,801,4
2023-06,802,2
2023-06,803,2
2023-06,804,2
2023-06,805,2
2023-06,806,3
2023-06,807,3
2023-06,808,2
2023-06,809,5
2023-06,810,1
2023-06,811,5
2023-06,812,5
2023-06,813,3
2023-06,814,1
2023-06,815,1
2023-06,817,3
2023-06,818,3
2023-06,819,5
2023-06,820,5
2023-06,821,1
2023-06,822,1
2023-06,823,1
2023-06,824,5
2023-06,825,1
2023-06,826,1
2023-06,827,1
2023-06,828,1
2023-06,829,1
2023-06,830,3
2023-06,831,1
2023-06,832,1
2023-06,833,1
2023-06,834,1
2023-06,835,1
2023-06,836,1
2023-06,838,1
2023-06,839,1
2023-06,840,1
2023-06,841,5
2023-06,842,5
2023-06,843,4
2023-06,844,3
2023-06,846,3
2023-06,847,3
2023-06,848,4
2023-06,849,2
2023-06,851,2
2023-06,852,4
2023-06,853,4
2023-06,854,4
2023-06,855,4
2023-06,856,4
2023-06,857,4
2023-06,859,4
2023-06,860,5
2023-06,870,4
2023-06,871,4
2023-06,872,5
2023-06,873,3
2023-06,874,2
2023-06,875,4
2023-06,876,4
2023-06,877,4
2023-06,878,3
2023-06,879,4
2023-06,880,4
2023-06,881,3
2023-06,882,4
2023-06,883,3
2023-06,884,4
2023-06,885,2
2023-06,886,4
2023-06,888,4
2023-06,889,4
2023-06,890,5
2023-06,891,3
2023-06,892,3
2023-06,895,3
2023-06,896,5
2023-06,897,3
2023-06,898,2
2023-06,899,3
2023-06,900,1
2023-06,901,3
2023-06,902,3
2023-06,903,3
2023-06,904,3
2023-06,905,3
2023-06,907,4
2023-06,908,3
2023-06,909,3
2023-06,911,3
2023-06,912,3
2023-06,913,3
2023-06,914,3
2023-06,915,3
2023-06,916,4
2023-06,917,4
2023-06,918,5
2023-06,920,3
2023-06,922,1
2023-06,923,1
2023-06,924,1
2023-06,925,1
2023-06,926,1
2023-06,927,5
2023-06,928,5
2023-06,929,1
2023-06,930,1
2023-06,986,5
2023-06,987,3
2023-06,988,3
2023-06,989,3
2023-06,991,3
2023-06,992,3
2023-06,993,3
2023-06,994,3
2023-06,995,3
2023-06,996,3
2023-06,998,3
2023-06,999,3
2023-06,1001,3
2023-06,1002,3
2023-06,1003,3
2023-06,1004,1
2023-06,1005,3
2023-06,1006,3
2023-06,1007,5
2023-06,1008,5
2023-06,1009,3
2023-06,1010,3
2023-06,1011,1
2023-06,1012,1
2023-06,1013,1
2023-06,1014,1
2023-06,1015,3
2023-06,1016,1
2023-06,1017,1
2023-06,1018,1
2023-06,1019,3
2023-06,1020,3
2023-06,1021,3
2023-06,1023,1
2023-06,1024,1
2023-06,1025,1
2023-06,1026,3
2023-06,1027,1
2023-06,1028,1
2023-06,1029,1
2023-06,1030,1
2023-06,1031,1
2023-06,1032,1
2023-06,1033,1
2023-06,1034,3
2023-06,1035,1
2023-06,1036,1
2023-06,1037,3
2023-06,1038,1
2023-06,1039,3
2023-06,1040,1
2023-06,1041,1
2023-06,1044,1
2023-06,1047,3
2023-06,1048,2
2023-06,1049,3
2023-06,1051,3
2023-06,1052,2
2023-06,1053,2
2023-06,1054,5
2023-06,1055,2
2023-06,1056,3
2023-06,1057,3
2023-06,1058,2
2023-06,1059,2
2023-06,1060,3
2023-06,1061,2
2023-06,1062,2
2023-06,1063,3
2023-06,1064,1
2023-06,1065,1
2023-06,1066,3
2023-06,1067,1
2023-06,1068,3
2023-06,1069,2
2023-06,1070,3
2023-06,1071,2
2023-06,1072,3
2023-06,1107,5
2023-06,1108,3
2023-06,1109,3
2023-06,1110,3
2023-06,1111,3
2023-06,1112,3
2023-06,1113,3
2023-06,1115,1
2023-06,1116,1
2023-06,1117,5
2023-06,1118,3
2023-06,1119,3
2023-06,1120,3
2023-06,1121,3
2023-06,1122,2
2023-06,1123,2
2023-06,1124,2
2023-06,1125,3
2023-06,1126,1
2023-06,1127,3
2023-06,1128,2
2023-06,1129,3
2023-06,1130,3
2023-06,1131,3
2023-06,1132,3
2023-06,1133,1
2023-06,1134,5
2023-06,1135,5
2023-06,1136,5
2023-06,1137,2
2023-06,1138,3
2023-06,1139,2
2023-06,1140,3
2023-06,1141,3
2023-06,1142,2
2023-06,1143,3
2023-06,1144,2
2023-06,1146,3
2023-06,1147,2
2023-06,1148,2
2023-06,1149,2
2023-06,1150,5
2023-06,1151,3
2023-06,1152,4
2023-06,1153,3
2023-06,1154,3
2023-06,1155,2
2023-06,1157,3
2023-06,1158,3
2023-06,1159,1
2023-06,1160,3
2023-06,1161,3
2023-06,1163,3
2023-06,1164,2
2023-06,1165,3
2023-06,1166,2
2023-06,1167,2
2023-06,1168,3
2023-06,1169,3
2023-06,1170,2
2023-06,1171,2
2023-06,1172,2
2023-06,1173,1
2023-06,1174,2
2023-06,1175,2
2023-06,1176,5
2023-06,1178,3
2023-06,1179,3
2023-06,1180,3
2023-06,1181,3
2023-06,1184,3
2023-06,1185,3
2023-06,1186,5
2023-06,1187,3
2023-06,1188,5
2023-06,1189,2
2023-06,1190,5
2023-06,1191,3
2023-06,1192,2
2023-06,1193,2
2023-06,1194,1
2023-06,1195,1
2023-06,1196,2
2023-06,1197,3
2023-06,1198,5
2023-06,1200,3
2023-06,1201,1
2023-06,1203,3
2023-06,1204,1
2023-06,1205,1
2023-06,1206,3
2023-06,1207,3
2023-06,1208,1
2023-06,1209,3
2023-06,1210,3
2023-06,1211,3
2023-06,1212,3
2023-06,1213,1
2023-06,1214,2
2023-06,1215,1
2023-06,1217,3
2023-06,1218,1
2023-06,1219,3
2023-06,1220,3
2023-06,1221,3
2023-06,1222,1
2023-06,1223,1
2023-06,1224,5
2023-06,1225,3
2023-06,1226,3
2023-06,1227,3
2023-06,1228,3
2023-06,1229,3
2023-06,1230,3
2023-06,1231,3
2023-06,1232,3
2023-06,1233,5
2023-06,1234,3
2023-06,1235,3
2023-06,1236,3
2023-06,1237,3
2023-06,1238,3
2023-06,1240,2
2023-06,1241,3
2023-06,1242,1
2023-06,1243,5
2023-06,1244,3
2023-06,1246,2
2023-06,1249,2
2023-06,1250,5
2023-06,1251,2
2023-06,1252,3
2023-06,1253,1
2023-06,1254,2
2023-06,1256,2
2023-06,1257,2
2023-06,1258,5
2023-06,1259,3
2023-06,1260,3
2023-06,1261,3
2023-06,1262,3
2023-06,1264,2
2023-06,1265,3
2023-06,1266,1
2023-06,1267,2
2023-06,1268,3
2023-06,1269,1
2023-06,1270,3
2023-06,1271,1
2023-06,1272,3
2023-06,1273,1
2023-06,1274,2
2023-06,1275,2
2023-06,1276,2
2023-06,1277,2
2023-06,1278,2
2023-06,1279,1
2023-06,1280,2
2023-06,1281,1
2023-06,1282,2
2023-06,1284,2
2023-06,1285,3
2023-06,1286,2
2023-06,1287,3
2023-06,1288,2
2023-06,1289,2
2023-06,1290,2
2023-06,1291,1
2023-06,1292,2
2023-06,1293,3
2023-06,1294,3
2023-06,1295,2
2023-06,1296,2
2023-06,1297,2
2023-06,1298,2
2023-06,1299,1
2023-06,1300,2
2023-06,1301,1
2023-06,1302,3
2023-06,1303,5
2023-06,1304,3
2023-06,1305,3
2023-06,1306,3
2023-06,1308,3
2023-06,1309,1
2023-06,1310,1
2023-06,1311,1
2023-06,1312,2
2023-06,1313,1
2023-06,1314,1
2023-06,1315,3
2023-06,1316,3
2023-06,1317,1
2023-06,1319,1
2023-06,1320,1
2023-06,1321,3
2023-06,1322,1
2023-06,1323,1
2023-06,1324,1
2023-06,1325,1
2023-06,1326,2
2023-06,1327,1
2023-06,1328,1
2023-06,1329,3
2023-06,1330,1
2023-06,1331,1
2023-06,1333,3
2023-06,1334,3
2023-06,1335,1
2023-06,1336,1
2023-06,1337,2
2023-06,1338,3
2023-06,1339,1
2023-06,1340,1
2023-06,1341,3
2023-06,1343,2
2023-06,1344,1
2023-06,1345,1
2023-06,1346,1
2023-06,1347,3
2023-06,1348,1
2023-06,1349,1
2023-06,1350,1
2023-06,1351,1
2023-06,1352,2
2023-06,1353,1
2023-06,1355,1
2023-06,1356,2
2023-06,1357,2
2023-06,1358,1
2023-06,1392,3
2023-06,1393,3
2023-06,1394,3
2023-06,1395,5
2023-06,1396,5
2023-06,1397,5
2023-06,1398,5
2023-06,1399,3
2023-06,1400,5
2023-06,1401,3
2023-06,1402,5
2023-06,1403,5
2023-06,1404,3
2023-06,1405,3
2023-06,1406,3
2023-06,1407,3
2023-06,1408,5
2023-06,1409,5
2023-06,1410,5
2023-06,1411,3
2023-06,1412,1
2023-06,1413,3
2023-06,1414,3
2023-06,1415,1
2023-06,1416,1
2023-06,1417,1
2023-06,1419,1
2023-06,1420,1
2023-06,1421,1
2023-06,1422,3
2023-06,1423,1
2023-06,1425,3
2023-06,1426,1
2023-06,1427,3
2023-06,1428,1
2023-06,1429,1
2023-06,1430,4
2023-06,1431,3
2023-06,1438,3
2023-06,1439,5
2023-06,1440,5
2023-06,1443,5
2023-06,1444,5
2023-06,1445,5
2023-06,1446,5
2023-06,1447,5
2023-06,1448,5
2023-06,1449,3
2023-06,1453,5
2023-06,1454,5
2023-06,1456,5
2023-06,1457,5
2023-06,1459,5
2023-06,1461,5
2023-06,1463,5
2023-06,1464,5
2023-06,1465,5
2023-06,1467,5
2023-06,1468,5
2023-06,1472,5
2023-06,1473,3
2023-06,1474,3
2023-06,1475,5
2023-06,1477,3
2023-06,1478,3
2023-06,1480,5
2023-06,1481,5
2023-06,1483,3
2023-06,1484,5
2023-06,1486,3
2023-06,1488,5
2023-06,1489,5
2023-06,1490,5
2023-06,1491,5
2023-06,1492,5
2023-06,1493,5
2023-06,1494,3
2023-06,1495,5
2023-06,1496,5
2023-06,1500,5
2023-06,1501,5
2023-06,1504,3
2023-06,1506,5
2023-06,1507,5
2023-06,1508,5
2023-06,1509,3
2023-06,1510,3
2023-06,1511,5
2023-06,1512,3
2023-06,1518,3
2023-06,1519,3
2023-06,1520,3
2023-06,1521,5
2023-06,1522,3
2023-06,1523,5
2023-06,1525,3
2023-06,1526,3
2023-06,1527,5
2023-06,1528,3
2023-06,1529,3
2023-06,1530,3
2023-06,1532,1
2023-06,1533,3
2023-06,1534,3
2023-06,1535,3
2023-06,1536,3
2023-06,1537,1
2023-06,1539,3
2023-06,1540,3
2023-06,1541,1
2023-06,1542,3
2023-06,1543,1
2023-06,1544,1
2023-06,1545,1
2023-06,1546,3
2023-06,1547,1
2023-06,1548,1
2023-06,1549,3
2023-06,1550,3
2023-06,1551,1
2023-06,1552,1
2023-06,1553,3
2023-06,1554,1
2023-06,1555,1
2023-06,1556,1
2023-06,1557,3
2023-06,1558,1
2023-06,1559,1
2023-06,1560,5
2023-06,1561,1
2023-06,1562,3
2023-06,1563,3
2023-06,1564,1
2023-06,1565,3
2023-06,1566,1
2023-06,1567,1
2023-06,1568,3
2023-06,1569,1
2023-06,1570,1
2023-06,1571,1
2023-06,1572,3
2023-06,1573,1
2023-06,1574,3
2023-06,1575,5
2023-06,1577,3
2023-06,1578,3
2023-06,1579,2
2023-06,1580,1
2023-06,1581,1
2023-06,1582,1
2023-06,1583,3
2023-06,1584,1
2023-06,1585,1
2023-06,1586,5
2023-06,1587,1
2023-06,1588,3
2023-06,1589,3
2023-06,1590,1
2023-06,1591,1
2023-06,1592,3
2023-06,1593,1
2023-06,1594,3
2023-06,1595,3
2023-06,1596,1
2023-06,1597,5
2023-06,1598,5
2023-06,1599,3
2023-06,1600,5
2023-06,1601,5
2023-06,1602,1
2023-06,1603,3
2023-06,1604,3
2023-06,1605,1
2023-06,1606,3
2023-06,1607,1
2023-06,1608,3
2023-06,1609,2
2023-06,1610,3
2023-06,1611,3
2023-06,1612,3
2023-06,1613,1
2023-06,1614,1
2023-06,1615,3
2023-06,1616,1
2023-06,1617,1
2023-06,1618,3
2023-06,1619,3
2023-06,1620,5
2023-06,1621,2
2023-06,1622,3
2023-06,1623,3
2023-06,1624,3
2023-06,1625,2
2023-06,1626,1
2023-06,1627,3
2023-06,1628,1
2023-06,1629,3
2023-06,1630,2
2023-06,1631,3
2023-06,1632,5
2023-06,1633,3
2023-06,1634,3
2023-06,1635,1
2023-06,1636,2
2023-06,1637,2
2023-06,1638,2
2023-06,1639,2
2023-06,1640,1
2023-06,1641,3
2023-06,1642,1
2023-06,1643,3
2023-06,1644,2
2023-06,1645,2
2023-06,1646,2
2023-06,1647,2
2023-06,1648,2
2023-06,1649,2
2023-06,1650,2
2023-06,1651,2
2023-06,1652,5
2023-06,1653,2
2023-06,1654,2
2023-06,1655,2
2023-06,1656,3
2023-06,1657,1
2023-06,1658,3
2023-06,1659,3
2023-06,1660,1
2023-06,1661,2
2023-06,1662,2
2023-06,1663,2
2023-06,1664,1
2023-06,1665,5
2023-06,1666,1
2023-06,1667,3
2023-06,1668,3
2023-06,1669,3
2023-06,1670,3
2023-06,1671,3
2023-06,1672,3
2023-06,1673,3
2023-06,1674,3
2023-06,1675,3
2023-06,1676,3
2023-06,1678,1
2023-06,1679,3
2023-06,1680,2
2023-06,1681,1
2023-06,1682,2
2023-06,1683,3
2023-06,1685,2
2023-06,1686,3
2023-06,1687,2
2023-06,1688,2
2023-06,1689,1
2023-06,1690,1
2023-06,1691,1
2023-06,1692,3
2023-06,1693,2
2023-06,1694,3
2023-06,1696,3
2023-06,1697,3
2023-06,1698,1
2023-06,1699,3
2023-06,1700,3
2023-06,1701,3
2023-06,1702,1
2023-06,1703,3
2023-06,1704,3
2023-06,1705,3
2023-06,1706,2
2023-06,1707,5
2023-06,1708,3
2023-06,1709,3
2023-06,1710,3
2023-06,1711,3
2023-06,1712,1
2023-06,1714,1
2023-06,1715,2
2023-06,1717,1
2023-06,1718,1
2023-06,1719,3
2023-06,1722,1
2023-06,1724,1
2023-06,1725,1
2023-06,1726,5
2023-06,1727,1
2023-06,1728,1
2023-06,1730,2
2023-06,1731,3
2023-06,1732,1
2023-06,1733,3
2023-06,1737,1
2023-06,1738,1
2023-06,1739,1
2023-06,1740,3
2023-06,1741,1
2023-06,1742,3
2023-06,1743,1
2023-06,1744,1
2023-06,1745,1
2023-06,1746,1
2023-06,1747,1
2023-06,1749,1
2023-06,1750,1
2023-06,1751,1
2023-06,1752,3
2023-06,1753,1
2023-06,1754,2
2023-06,1755,1
2023-06,1756,1
2023-06,1757,1
2023-06,1758,5
2023-06,1759,1
2023-06,1760,1
2023-06,1761,1
2023-06,1762,1
2023-06,1764,5
2023-06,1765,3
2023-06,1766,1
2023-06,1768,3
2023-06,1769,1
2023-06,1770,3
2023-06,1771,1
2023-06,1773,1
2023-06,1774,1
2023-06,1775,1
2023-06,1776,3
2023-06,1777,1
2023-06,1778,3
2023-06,1780,3
2023-06,1781,1
2023-06,1782,3
2023-06,1783,5
2023-06,1784,1
2023-06,1785,3
2023-06,1786,3
2023-06,1787,1
2023-06,1788,3
2023-06,1845,5
2023-06,1846,3
2023-06,1848,1
2023-06,1849,1
2023-06,1850,1
2023-06,1851,1
2023-06,1852,1
2023-06,1853,1
2023-06,1854,1
2023-06,1855,1
2023-06,1856,1
2023-06,1857,1
2023-06,1858,3
2023-06,1859,3
2023-06,1860,1
2023-06,1861,3
2023-06,1862,1
2023-06,1863,3
2023-06,1864,1
2023-06,1865,1
2023-06,1868,3
2023-06,1869,1
2023-06,1870,1
2023-06,1871,1
2023-06,1872,1
2023-06,1873,1
2023-06,1874,5
2023-06,1875,3
2023-06,1876,3
2023-06,1877,5
2023-06,1878,3
2023-06,1879,3
2023-06,1880,3
2023-06,1881,5
2023-06,1883,3
2023-06,1884,1
2023-06,1885,3
2023-06,1886,3
2023-06,1887,1
2023-06,1888,1
2023-06,1889,1
2023-06,1890,5
2023-06,1891,1
2023-06,1892,1
2023-06,1893,1
2023-06,1894,3
2023-06,1895,3
2023-06,1896,1
2023-06,1897,1
2023-06,1898,1
2023-06,1899,3
2023-06,1900,3
2023-06,1901,1
2023-06,1902,1
2023-06,1903,1
2023-06,1904,3
2023-06,1905,5
2023-06,1906,3
2023-06,1907,1
2023-06,1908,1
2023-06,1909,1
2023-06,1910,1
2023-06,1912,3
2023-06,1915,1
2023-06,1916,1
2023-06,1917,3
2023-06,1918,1
2023-06,1919,3
2023-06,1920,3
2023-06,1921,1
2023-06,1922,3
2023-06,1923,3
2023-06,1924,1
2023-06,1925,1
2023-06,1926,1
2023-06,1927,1
2023-06,1928,1
2023-06,1929,1
2023-06,1930,3
2023-06,1931,3
2023-06,1932,1
2023-06,1933,1
2023-06,1934,3
2023-06,1935,1
2023-06,1936,3
2023-06,1937,1
2023-06,1938,2
2023-06,1939,3
2023-06,1940,1
2023-06,1941,1
2023-06,1942,1
2023-06,1943,1
2023-06,1944,1
2023-06,1945,1
2023-06,1947,3
2023-06,1948,3
2023-06,1949,1
2023-06,1950,3
2023-06,1951,3
2023-06,1952,5
2023-06,1954,4
2023-06,1955,4
2023-06,1956,4
2023-06,1957,4
2023-06,1958,4
2023-06,1959,4
2023-06,1960,4
2023-06,1961,5
2023-06,1962,4
2023-06,1963,4
2023-06,1965,4
2023-06,1966,4
2023-06,1967,4
2023-06,1968,4
2023-06,1969,4
2023-06,1970,4
2023-06,1971,5
2023-06,1972,3
2023-06,1973,3
2023-06,1974,3
2023-06,1975,3
2023-06,1976,3
2023-06,1977,5
2023-06,1978,3
2023-06,1979,5
2023-06,1980,3
2023-06,1981,3
2023-06,1982,3
2023-06,1983,3
2023-06,1984,3
2023-06,1985,3
2023-06,1986,3
2023-06,1987,3
2023-06,1988,3
2023-06,1989,3
2023-06,1990,3
2023-06,1991,3
2023-06,1992,3
2023-06,1993,3
2023-06,1994,3
2023-06,1995,3
2023-06,1996,3
2023-06,1997,3
2023-06,1999,3
2023-06,2000,5
2023-06,2001,3
2023-06,2002,3
2023-06,2004,5
2023-06,2005,3
2023-06,2006,3
2023-06,2007,3
2023-06,2008,3
2023-06,2009,3
2023-06,2010,3
2023-06,2011,3
2023-06,2012,3
2023-06,2015,3
2023-06,2017,2
2023-06,2018,2
2023-06,2019,3
2023-06,2021,3
2023-06,2022,2
2023-06,2023,3
2023-06,2024,3
2023-06,2025,2
2023-06,2027,3
2023-06,2028,3
2023-06,2030,3
2023-06,2031,3
2023-06,2032,3
2023-06,2033,5
2023-06,2034,3
2023-06,2035,3
2023-06,2036,3
2023-06,2037,2
2023-06,2039,3
2023-06,2040,3
2023-06,2041,3
2023-06,2042,3
2023-06,2043,2
2023-06,2044,5
2023-06,2045,3
2023-06,2046,1
2023-06,2047,3
2023-06,2048,3
2023-06,2049,1
2023-06,2050,1
2023-06,2051,3
2023-06,2052,1
2023-06,2053,1
2023-06,2054,1
2023-06,2055,3
2023-06,2056,1
2023-06,2057,1
2023-06,2058,1
2023-06,2059,1
2023-06,2060,3
2023-06,2061,1
2023-06,2062,3
2023-06,2063,5
2023-06,2064,3
2023-06,2065,1
2023-06,2066,1
2023-06,2067,1
2023-06,2068,1
2023-06,2069,3
2023-06,2070,3
2023-06,2072,1
2023-06,2073,3
2023-06,2074,3
2023-06,2075,1
2023-06,2076,1
2023-06,2077,1
2023-06,2078,1
2023-06,2079,1
2023-06,2080,1
2023-06,2081,1
2023-06,2082,1
2023-06,2085,1
2023-06,2087,1
2023-06,2088,1
2023-06,2089,1
2023-06,2090,1
2023-06,2091,1
2023-06,2093,1
2023-06,2094,1
2023-06,2095,1
2023-06,2096,1
2023-06,2098,1
2023-06,2100,1
2023-06,2101,5
2023-06,2105,3
2023-06,2108,3
2023-06,2109,3
2023-06,2110,3
2023-06,2111,3
2023-06,2112,3
2023-06,2113,3
2023-06,2114,3
2023-06,2116,1
2023-06,2117,3
2023-06,2118,1
2023-06,2119,5
2023-06,2120,3
2023-06,2121,3
2023-06,2122,3
2023-06,2124,3
2023-06,2125,1
2023-06,2126,3
2023-06,2127,1
2023-06,2128,1
2023-06,2129,1
2023-06,2130,1
2023-06,2131,3
2023-06,2132,1
2023-06,2133,1
2023-06,2134,3
2023-06,2136,1
2023-06,2137,1
2023-06,2138,1
2023-06,2139,3
2023-06,2140,1
2023-06,2142,1
2023-06,2143,1
2023-06,2144,5
2023-06,2145,3
2023-06,2146,3
2023-06,2148,3
2023-06,2149,2
2023-06,2150,1
2023-06,2151,3
2023-06,2152,1
2023-06,2153,3
2023-06,2154,2
2023-06,2155,3
2023-06,2156,1
2023-06,2157,2
2023-06,2158,3
2023-06,2159,2
2023-06,2160,1
2023-06,2161,5
2023-06,2162,1
2023-06,2163,2
2023-06,2164,5
2023-06,2165,3
2023-06,2167,3
2023-06,2168,3
2023-06,2169,3
2023-06,2171,3
2023-06,2172,1
2023-06,2173,3
2023-06,2174,3
2023-06,2175,1
2023-06,2176,3
2023-06,2177,3
2023-06,2178,3
2023-06,2179,3
2023-06,2180,3
2023-06,2181,1
2023-06,2182,1
2023-06,2183,3
2023-06,2184,1
2023-06,2185,1
2023-06,2186,3
2023-06,2187,3
2023-06,2188,3
2023-06,2189,3
2023-06,2190,5
2023-06,2191,2
2023-06,2192,3
2023-06,2193,5
2023-06,2194,2
2023-06,2195,1
2023-06,2196,1
2023-06,2197,1
2023-06,2198,1
2023-06,2199,2
2023-06,2200,1
2023-06,2201,2
2023-06,2202,2
2023-06,2203,2
2023-06,2204,2
2023-06,2205,2
2023-06,2206,2
2023-06,2207,1
2023-06,2208,2
2023-06,2210,5
2023-06,2211,3
2023-06,2212,2
2023-06,2213,1
2023-06,2215,2
2023-06,2216,5
2023-06,2217,5
2023-06,2218,3
2023-06,2219,3
2023-06,2220,5
2023-06,2221,5
2023-06,2222,3
2023-06,2223,3
2023-06,2224,3
2023-06,2225,3
2023-06,2226,5
2023-06,2227,5
2023-06,2228,5
2023-06,2229,3
2023-06,2230,3
2023-06,2231,3
2023-06,2232,3
2023-06,2233,3
2023-06,2234,3
2023-06,2235,3
2023-06,2236,3
2023-06,2237,5
2023-06,2238,5
2023-06,2241,3
2023-06,2242,5
2023-06,2243,5
2023-06,2244,4
2023-06,2245,3
2023-06,2248,3
2023-06,2249,4
2023-06,2250,4
2023-06,2251,5
2023-06,2252,3
2023-06,2253,3
2023-06,2254,1
2023-06,2255,1
2023-06,2256,1
2023-06,2257,1
2023-06,2258,1
2023-06,2259,1
2023-06,2260,1
2023-06,2262,1
2023-06,2264,3
2023-06,2265,1
2023-06,2266,1
2023-06,2267,1
2023-06,2268,1
2023-06,2269,1
2023-06,2270,1
2023-06,2271,1
2023-06,2272,3
2023-06,2274,3
2023-06,2275,5
2023-06,2276,3
2023-06,2278,3
2023-06,2279,3
2023-06,2280,3
2023-06,2281,5
2023-06,2282,5
2023-06,2286,3
2023-06,2287,3
2023-06,2288,3
2023-06,2289,3
2023-06,2292,2
2023-06,2293,3
2023-06,2294,2
2023-06,2295,2
2023-06,2296,3
2023-06,2297,3
2023-06,2298,3
2023-06,2299,3
2023-06,2300,3
2023-06,2301,3
2023-06,2302,3
2023-06,2303,3
2023-06,2304,2
2023-06,2305,1
2023-06,2307,1
2023-06,2308,3
2023-06,2309,1
2023-06,2310,3
2023-06,2311,3
2023-06,2312,5
2023-06,2314,3
2023-06,2315,1
2023-06,2316,3
2023-06,2317,2
2023-06,2318,5
2023-06,2320,3
2023-06,2321,1
2023-06,2322,3
2023-06,2323,1
2023-06,2324,3
2023-06,2325,3
2023-06,2326,3
2023-06,2327,3
2023-06,2328,3
2023-06,2329,3
2023-06,2330,3
2023-06,2332,2
2023-06,2333,3
2023-06,2334,3
2023-06,2335,3
2023-06,2336,3
2023-06,2337,5
2023-06,2338,4
2023-06,2339,4
2023-06,2340,3
2023-06,2341,4
2023-06,2342,4
2023-06,2343,4
2023-06,2344,4
2023-06,2345,4
2023-06,2348,4
2023-06,2349,4
2023-06,2351,5
2023-06,2352,5
2023-06,2353,5
2023-06,2354,5
2023-06,2355,5
2023-06,2356,5
2023-06,2357,5
2023-06,2358,5
2023-06,2359,5
2023-06,2360,5
2023-06,2361,5
2023-06,2362,5
2023-06,2363,5
2023-06,2364,5
2023-06,2365,5
2023-06,2366,5
2023-06,2367,5
2023-06,2368,5
2023-06,2369,5
2023-06,2370,5
2023-06,2371,5
2023-06,2372,5
2023-06,2373,5
2023-06,2374,5
2023-06,2375,5
2023-06,2376,5
2023-06,2377,5
2023-06,2378,5
2023-06,2379,5
2023-06,2380,5
2023-06,2381,5
2023-06,2382,5
2023-06,2383,5
2023-06,2384,5
2023-06,2385,5
2023-06,2386,5
2023-06,2387,5
2023-06,2388,5
2023-06,2389,5
2023-06,2390,5
2023-06,2391,5
2023-06,2392,5
2023-06,2393,5
2023-06,2395,5
2023-06,2398,5
2023-06,2399,5
2023-06,2400,5
2023-06,2401,5
2023-06,2402,5
2023-06,2403,5
2023-06,2404,5
2023-06,2405,5
2023-06,2406,5
2023-06,2407,5
2023-06,2408,5
2023-06,2409,5
2023-06,2410,5
2023-06,2411,5
2023-06,2412,5
2023-06,2416,5
2023-06,2422,5
2023-06,2423,5
2023-06,2424,5
2023-06,2425,5
2023-06,2426,5
2023-06,2427,5
2023-06,2428,5
2023-06,2429,5
2023-06,2430,5
2023-06,2431,5
2023-06,2432,5
2023-06,2433,5
2023-06,2434,5
2023-06,2435,5
2023-06,2436,5
2023-06,2437,5
2023-06,2439,5
2023-06,2440,5
2023-06,2441,5
2023-06,2442,5
2023-06,2443,5
2023-06,2444,5
2023-06,2445,5
2023-06,2446,5
2023-06,2447,5
2023-06,2449,5
2023-06,2450,5
2023-06,2451,5
2023-06,2452,5
2023-06,2453,5
2023-06,2454,5
2023-06,2455,5
2023-06,2456,5
2023-06,2457,5
2023-06,2458,5
2023-06,2459,5
2023-06,2460,5
2023-06,2461,5
2023-06,2462,5
2023-06,2463,5
2023-06,2464,5
2023-06,2465,5
2023-06,2466,5
2023-06,2467,5
2023-06,2468,5
2023-06,2469,5
2023-06,2470,5
2023-06,2471,5
2023-06,2472,5
2023-06,2473,5
2023-06,2474,5
2023-06,2475,5
2023-06,2476,5
2023-06,2477,5
2023-06,2478,5
2023-06,2479,5
2023-06,2480,5
2023-06,2481,5
2023-06,2482,5
2023-06,2483,5
2023-06,2484,5
2023-06,2485,5
2023-06,2486,5
2023-06,2487,5
2023-06,2488,5
2023-06,2489,5
2023-06,2490,5
2023-06,2491,5
2023-06,2492,5
2023-06,2493,5
2023-06,2494,5
2023-06,2495,5
2023-06,2496,5
2023-06,2497,5
2023-06,2498,5
2023-06,2499,5
2023-06,2500,5
2023-06,2501,5
2023-06,2502,5
2023-06,2503,5
2023-06,2504,5
2023-06,2505,5
2023-06,2506,5
2023-06,2507,5
2023-06,2508,5
2023-06,2509,5
2023-06,2510,5
2023-06,2511,5
2023-06,2512,5
2023-06,2513,5
2023-06,2514,5
2023-06,2515,5
2023-06,2516,5
2023-06,2517,5
2023-06,2518,5
2023-06,2519,5
2023-06,2520,5
2023-06,2521,5
2023-06,2522,5
2023-06,2523,5
2023-06,2524,5
2023-06,2525,5
2023-06,2526,5
2023-06,2527,5
2023-06,2528,5
2023-06,2529,5
2023-06,2530,5
2023-06,2531,5
2023-06,2532,5
2023-06,2533,5
2023-06,2534,5
2023-06,2535,5
2023-06,2536,5
2023-06,2537,5
2023-06,2538,5
2023-06,2539,5
2023-06,2540,5
2023-06,2541,5
2023-06,2542,5
2023-06,2543,5
2023-06,2544,5
2023-06,2545,5
2023-06,2546,5
2023-06,2547,5
2023-06,2548,5
2023-06,2549,5
2023-06,2550,5
2023-06,2551,5
2023-06,2552,5
2023-06,2553,5
2023-06,2554,5
2023-06,2555,5
2023-06,2556,5
2023-06,2557,5
2023-06,2558,5
2023-06,2559,5
2023-06,2560,5
2023-06,2561,5
2023-06,2562,5
2023-06,2563,5
2023-06,2564,5
2023-06,2565,5
2023-06,2566,5
2023-06,2567,5
2023-06,2568,5
2023-06,2569,5
2023-06,2570,5
2023-06,2571,5
2023-06,2572,5
2023-06,2573,5
2023-06,2574,5
2023-06,2575,5
2023-06,2576,5
2023-06,2577,5
2023-06,2578,5
2023-06,2579,5
2023-06,2580,5
2023-06,2581,5
2023-06,2582,5
2023-06,2583,5
2023-06,2584,5
2023-06,2585,5
2023-06,2586,5
2023-06,2587,5
2023-06,2588,5
2023-06,2589,5
2023-06,2590,5
2023-06,2591,5
2023-06,2592,5
2023-06,2593,3
2023-06,2595,3
2023-06,2596,5
2023-06,2597,5
2023-06,2598,5
2023-06,2599,5
2023-06,2600,5
2023-06,2601,5
2023-06,2602,5
2023-06,2604,5
2023-06,2605,5
2023-06,2606,5
2023-06,2607,5
2023-06,2618,1
2023-06,2619,3
2023-06,2620,5
2023-06,2621,5
2023-06,2644,5
2023-06,2646,5
2023-06,2647,3
2023-06,2648,5
2023-06,2649,5
2023-06,2651,5
2023-06,2652,5
2023-06,2710,3
2023-06,2808,5
2023-06,2809,3
2023-06,2813,3
2023-06,2814,5
2023-06,2872,4
2023-06,2876,5
2023-06,2879,5
2023-06,2880,4
2023-06,2881,5
2023-06,2882,3
2023-06,2883,3
2023-06,2884,3
2023-06,2885,3
2023-06,2886,3
2023-06,2887,5
2023-06,3005,3
2023-06,3007,3
2023-06,3009,5
2023-06,3011,3
2023-06,3012,1
2023-06,3013,5
2023-07,1,5
2023-07,2,3
2023-07,3,3
2023-07,4,2
2023-07,5,1
2023-07,6,3
2023-07,7,5
2023-07,8,5
2023-07,9,2
2023-07,10,5
2023-07,11,2
2023-07,12,2
2023-07,13,2
2023-07,14,2
2023-07,15,2
2023-07,16,2
2023-07,17,2
2023-07,18,2
2023-07,19,1
2023-07,20,2
2023-07,21,5
2023-07,22,3
2023-07,23,3
2023-07,25,5
2023-07,26,5
2023-07,27,5
2023-07,28,5
2023-07,29,5
2023-07,30,2
2023-07,31,2
2023-07,32,2
2023-07,33,2
2023-07,34,2
2023-07,35,2
2023-07,36,2
2023-07,37,2
2023-07,38,3
2023-07,39,2
2023-07,40,2
2023-07,41,2
2023-07,42,5
2023-07,43,2
2023-07,44,3
2023-07,45,2
2023-07,46,2
2023-07,47,2
2023-07,48,2
2023-07,49,3
2023-07,50,2
2023-07,51,3
2023-07,52,1
2023-07,53,2
2023-07,54,2
2023-07,55,3
2023-07,56,2
2023-07,57,3
2023-07,58,2
2023-07,59,2
2023-07,60,2
2023-07,61,2
2023-07,62,2
2023-07,63,2
2023-07,65,3
2023-07,66,5
2023-07,67,2
2023-07,68,2
2023-07,69,2
2023-07,70,3
2023-07,71,2
2023-07,72,2
2023-07,73,5
2023-07,74,2
2023-07,75,5
2023-07,76,5
2023-07,77,5
2023-07,78,2
2023-07,79,2
2023-07,80,2
2023-07,81,3
2023-07,82,2
2023-07,83,2
2023-07,167,5
2023-07,168,5
2023-07,169,3
2023-07,173,1
2023-07,181,1
2023-07,184,3
2023-07,185,1
2023-07,188,1
2023-07,191,1
2023-07,194,5
2023-07,195,3
2023-07,196,5
2023-07,198,1
2023-07,201,5
2023-07,203,3
2023-07,204,3
2023-07,205,5
2023-07,206,5
2023-07,207,5
2023-07,208,3
2023-07,209,2
2023-07,210,3
2023-07,211,3
2023-07,212,3
2023-07,213,3
2023-07,214,3
2023-07,215,3
2023-07,216,3
2023-07,217,3
2023-07,218,5
2023-07,219,3
2023-07,220,3
2023-07,221,3
2023-07,222,3
2023-07,223,3
2023-07,224,5
2023-07,225,4
2023-07,226,3
2023-07,227,4
2023-07,228,3
2023-07,229,3
2023-07,230,3
2023-07,231,3
2023-07,232,2
2023-07,233,3
2023-07,234,3
2023-07,235,2
2023-07,236,3
2023-07,237,3
2023-07,238,1
2023-07,239,3
2023-07,240,3
2023-07,241,3
2023-07,242,2
2023-07,243,2
2023-07,269,5
2023-07,270,3
2023-07,271,3
2023-07,272,2
2023-07,273,2
2023-07,274,3
2023-07,275,1
2023-07,276,3
2023-07,277,2
2023-07,278,5
2023-07,279,1
2023-07,280,3
2023-07,281,2
2023-07,282,2
2023-07,283,3
2023-07,284,3
2023-07,285,1
2023-07,287,1
2023-07,288,1
2023-07,289,1
2023-07,290,1
2023-07,292,1
2023-07,293,1
2023-07,294,1
2023-07,295,1
2023-07,296,1
2023-07,297,1
2023-07,298,3
2023-07,300,1
2023-07,301,2
2023-07,302,1
2023-07,303,3
2023-07,304,1
2023-07,305,1
2023-07,306,1
2023-07,307,1
2023-07,308,3
2023-07,309,4
2023-07,312,4
2023-07,314,4
2023-07,316,4
2023-07,317,4
2023-07,318,4
2023-07,319,4
2023-07,320,4
2023-07,321,2
2023-07,323,4
2023-07,324,4
2023-07,325,4
2023-07,326,4
2023-07,327,4
2023-07,329,4
2023-07,330,4
2023-07,331,4
2023-07,332,4
2023-07,333,4
2023-07,334,4
2023-07,335,4
2023-07,336,4
2023-07,337,4
2023-07,338,4
2023-07,339,4
2023-07,340,4
2023-07,341,4
2023-07,342,4
2023-07,343,4
2023-07,345,5
2023-07,346,5
2023-07,347,5
2023-07,348,1
2023-07,349,1
2023-07,351,5
2023-07,352,5
2023-07,354,5
2023-07,355,5
2023-07,356,3
2023-07,357,3
2023-07,358,2
2023-07,359,2
2023-07,360,3
2023-07,361,2
2023-07,362,5
2023-07,363,1
2023-07,364,2
2023-07,365,2
2023-07,366,2
2023-07,367,2
2023-07,368,3
2023-07,369,2
2023-07,370,3
2023-07,371,3
2023-07,372,1
2023-07,373,5
2023-07,374,3
2023-07,375,5
2023-07,376,2
2023-07,377,1
2023-07,378,2
2023-07,379,5
2023-07,380,3
2023-07,381,2
2023-07,382,3
2023-07,383,3
2023-07,384,1
2023-07,385,5
2023-07,386,2
2023-07,387,3
2023-07,388,5
2023-07,390,2
2023-07,391,2
2023-07,392,3
2023-07,393,2
2023-07,395,2
2023-07,396,3
2023-07,397,3
2023-07,398,3
2023-07,401,2
2023-07,402,2
2023-07,403,2
2023-07,404,3
2023-07,405,2
2023-07,408,3
2023-07,410,2
2023-07,413,2
2023-07,414,2
2023-07,416,2
2023-07,418,5
2023-07,419,5
2023-07,420,3
2023-07,421,3
2023-07,422,3
2023-07,423,2
2023-07,424,3
2023-07,425,1
2023-07,428,1
2023-07,429,1
2023-07,430,5
2023-07,431,3
2023-07,432,3
2023-07,433,1
2023-07,434,1
2023-07,435,2
2023-07,436,1
2023-07,437,3
2023-07,438,2
2023-07,440,3
2023-07,441,1
2023-07,442,2
2023-07,443,2
2023-07,444,2
2023-07,445,1
2023-07,446,2
2023-07,447,3
2023-07,448,5
2023-07,449,2
2023-07,450,3
2023-07,451,3
2023-07,452,3
2023-07,453,2
2023-07,455,2
2023-07,456,2
2023-07,457,2
2023-07,458,2
2023-07,459,2
2023-07,460,2
2023-07,478,5
2023-07,479,1
2023-07,480,3
2023-07,481,5
2023-07,482,3
2023-07,484,2
2023-07,485,2
2023-07,486,2
2023-07,487,1
2023-07,489,1
2023-07,490,2
2023-07,491,2
2023-07,492,1
2023-07,493,3
2023-07,494,3
2023-07,495,1
2023-07,496,1
2023-07,497,3
2023-07,498,3
2023-07,499,2
2023-07,501,3
2023-07,502,1
2023-07,503,2
2023-07,504,5
2023-07,505,3
2023-07,506,3
2023-07,507,5
2023-07,508,3
2023-07,509,3
2023-07,510,3
2023-07,511,3
2023-07,512,3
2023-07,515,2
2023-07,516,1
2023-07,517,2
2023-07,518,3
2023-07,519,2
2023-07,520,1
2023-07,521,2
2023-07,522,3
2023-07,523,1
2023-07,524,2
2023-07,525,1
2023-07,527,3
2023-07,528,3
2023-07,529,2
2023-07,530,3
2023-07,531,3
2023-07,532,1
2023-07,533,1
2023-07,534,2
2023-07,535,2
2023-07,536,1
2023-07,537,2
2023-07,538,3
2023-07,539,2
2023-07,540,3
2023-07,541,1
2023-07,542,3
2023-07,543,3
2023-07,544,1
2023-07,545,3
2023-07,546,2
2023-07,547,1
2023-07,548,2
2023-07,549,1
2023-07,550,2
2023-07,552,2
2023-07,553,1
2023-07,554,2
2023-07,555,1
2023-07,556,2
2023-07,557,1
2023-07,558,2
2023-07,559,3
2023-07,560,1
2023-07,561,2
2023-07,562,1
2023-07,563,1
2023-07,564,2
2023-07,565,1
2023-07,566,1
2023-07,567,1
2023-07,568,2
2023-07,569,1
2023-07,570,1
2023-07,571,1
2023-07,572,3
2023-07,574,3
2023-07,578,5
2023-07,579,3
2023-07,580,4
2023-07,581,5
2023-07,582,4
2023-07,583,2
2023-07,584,3
2023-07,585,3
2023-07,586,2
2023-07,587,2
2023-07,588,4
2023-07,589,2
2023-07,591,2
2023-07,592,2
2023-07,593,2
2023-07,594,2
2023-07,595,2
2023-07,598,2
2023-07,599,3
2023-07,600,2
2023-07,601,2
2023-07,602,2
2023-07,603,3
2023-07,604,2
2023-07,605,2
2023-07,606,2
2023-07,607,2
2023-07,608,5
2023-07,612,5
2023-07,613,4
2023-07,614,4
2023-07,615,4
2023-07,616,4
2023-07,618,4
2023-07,619,4
2023-07,621,4
2023-07,666,5
2023-07,667,3
2023-07,668,3
2023-07,669,3
2023-07,670,3
2023-07,671,3
2023-07,674,3
2023-07,675,3
2023-07,676,3
2023-07,677,3
2023-07,678,4
2023-07,679,3
2023-07,680,3
2023-07,683,1
2023-07,685,1
2023-07,686,3
2023-07,687,1
2023-07,689,3
2023-07,690,2
2023-07,691,2
2023-07,692,1
2023-07,693,5
2023-07,694,3
2023-07,695,2
2023-07,696,2
2023-07,697,3
2023-07,698,2
2023-07,699,1
2023-07,701,1
2023-07,702,3
2023-07,703,3
2023-07,704,2
2023-07,705,2
2023-07,706,1
2023-07,708,4
2023-07,710,3
2023-07,711,2
2023-07,712,2
2023-07,713,2
2023-07,714,2
2023-07,715,3
2023-07,716,4
2023-07,717,2
2023-07,718,4
2023-07,719,1
2023-07,720,4
2023-07,721,1
2023-07,722,2
2023-07,723,2
2023-07,725,3
2023-07,726,4
2023-07,727,5
2023-07,731,3
2023-07,734,3
2023-07,735,2
2023-07,736,2
2023-07,737,3
2023-07,738,3
2023-07,739,3
2023-07,741,3
2023-07,742,2
2023-07,743,3
2023-07,744,2
2023-07,745,3
2023-07,746,2
2023-07,747,3
2023-07,748,3
2023-07,749,2
2023-07,751,3
2023-07,752,3
2023-07,753,2
2023-07,754,3
2023-07,755,3
2023-07,756,3
2023-07,757,5
2023-07,758,2
2023-07,760,1
2023-07,761,1
2023-07,763,3
2023-07,764,1
2023-07,765,1
2023-07,766,3
2023-07,767,3
2023-07,769,3
2023-07,770,2
2023-07,771,2
2023-07,773,2
2023-07,774,3
2023-07,775,5
2023-07,776,4
2023-07,777,5
2023-07,778,4
2023-07,779,2
2023-07,780,3
2023-07,781,2
2023-07,782,5
2023-07,783,3
2023-07,784,2
2023-07,785,5
2023-07,787,2
2023-07,788,3
2023-07,789,2
2023-07,790,2
2023-07,791,4
2023-07,792,4
2023-07,793,3
2023-07,794,4
2023-07,795,3
2023-07,796,2
2023-07,797,4
2023-07,798,3
2023-07,799,4
2023-07,800,2
2023-07,801,4
2023-07,802,3
2023-07,803,4
2023-07,804,2
2023-07,805,2
2023-07,806,3
2023-07,807,3
2023-07,808,2
2023-07,809,5
2023-07,810,1
2023-07,811,5
2023-07,812,5
2023-07,813,5
2023-07,814,1
2023-07,815,1
2023-07,817,3
2023-07,818,3
2023-07,819,5
2023-07,820,5
2023-07,821,1
2023-07,822,1
2023-07,823,1
2023-07,824,5
2023-07,825,1
2023-07,826,1
2023-07,827,1
2023-07,828,1
2023-07,829,1
2023-07,830,5
2023-07,831,1
2023-07,832,1
2023-07,833,1
2023-07,834,1
2023-07,835,1
2023-07,836,1
2023-07,838,1
2023-07,839,1
2023-07,840,1
2023-07,841,5
2023-07,842,5
2023-07,843,4
2023-07,844,3
2023-07,846,3
2023-07,847,3
2023-07,848,4
2023-07,849,2
2023-07,851,2
2023-07,852,4
2023-07,853,4
2023-07,854,4
2023-07,855,4
2023-07,856,4
2023-07,857,4
2023-07,859,4
2023-07,860,5
2023-07,870,4
2023-07,871,4
2023-07,872,5
2023-07,873,4
2023-07,874,4
2023-07,875,4
2023-07,876,4
2023-07,877,4
2023-07,878,4
2023-07,879,4
2023-07,880,4
2023-07,881,3
2023-07,882,4
2023-07,883,3
2023-07,884,4
2023-07,885,4
2023-07,886,4
2023-07,888,4
2023-07,889,4
2023-07,890,5
2023-07,891,3
2023-07,892,3
2023-07,895,3
2023-07,896,5
2023-07,897,3
2023-07,898,3
2023-07,899,3
2023-07,900,3
2023-07,901,3
2023-07,902,3
2023-07,903,3
2023-07,904,3
2023-07,905,3
2023-07,907,4
2023-07,908,3
2023-07,909,3
2023-07,911,3
2023-07,912,3
2023-07,913,3
2023-07,914,3
2023-07,915,3
2023-07,916,4
2023-07,917,4
2023-07,918,5
2023-07,920,3
2023-07,922,1
2023-07,923,3
2023-07,924,1
2023-07,925,1
2023-07,926,1
2023-07,927,5
2023-07,928,5
2023-07,929,1
2023-07,930,1
2023-07,986,5
2023-07,987,3
2023-07,988,5
2023-07,989,3
2023-07,991,3
2023-07,992,3
2023-07,993,3
2023-07,994,3
2023-07,995,3
2023-07,996,3
2023-07,998,3
2023-07,999,3
2023-07,1001,3
2023-07,1002,3
2023-07,1003,3
2023-07,1004,3
2023-07,1005,3
2023-07,1006,3
2023-07,1007,5
2023-07,1008,5
2023-07,1009,3
2023-07,1010,3
2023-07,1011,1
2023-07,1012,1
2023-07,1013,1
2023-07,1014,1
2023-07,1015,3
2023-07,1016,1
2023-07,1017,1
2023-07,1018,1
2023-07,1019,3
2023-07,1020,3
2023-07,1021,3
2023-07,1023,1
2023-07,1024,1
2023-07,1025,1
2023-07,1026,3
2023-07,1027,1
2023-07,1028,1
2023-07,1029,1
2023-07,1030,1
2023-07,1031,1
2023-07,1032,1
2023-07,1033,1
2023-07,1034,1
2023-07,1035,1
2023-07,1036,1
2023-07,1037,3
2023-07,1038,1
2023-07,1039,3
2023-07,1040,1
2023-07,1041,1
2023-07,1044,1
2023-07,1047,3
2023-07,1048,2
2023-07,1049,3
2023-07,1051,3
2023-07,1052,2
2023-07,1053,1
2023-07,1054,5
2023-07,1055,2
2023-07,1056,3
2023-07,1057,3
2023-07,1058,2
2023-07,1059,2
2023-07,1060,3
2023-07,1061,2
2023-07,1062,2
2023-07,1063,3
2023-07,1064,1
2023-07,1065,1
2023-07,1066,3
2023-07,1067,1
2023-07,1068,3
2023-07,1069,3
2023-07,1070,3
2023-07,1071,2
2023-07,1072,3
2023-07,1107,5
2023-07,1108,3
2023-07,1109,3
2023-07,1110,3
2023-07,1111,3
2023-07,1112,3
2023-07,1113,3
2023-07,1115,1
2023-07,1116,3
2023-07,1117,5
2023-07,1118,1
2023-07,1119,3
2023-07,1120,3
2023-07,1121,3
2023-07,1122,3
2023-07,1123,3
2023-07,1124,2
2023-07,1125,3
2023-07,1126,3
2023-07,1127,3
2023-07,1128,3
2023-07,1129,3
2023-07,1130,3
2023-07,1131,3
2023-07,1132,3
2023-07,1133,3
2023-07,1134,5
2023-07,1135,5
2023-07,1136,5
2023-07,1137,2
2023-07,1138,3
2023-07,1139,2
2023-07,1140,3
2023-07,1141,3
2023-07,1142,2
2023-07,1143,3
2023-07,1144,2
2023-07,1146,3
2023-07,1147,3
2023-07,1148,2
2023-07,1149,2
2023-07,1150,5
2023-07,1151,3
2023-07,1152,4
2023-07,1153,3
2023-07,1154,3
2023-07,1155,2
2023-07,1157,3
2023-07,1158,3
2023-07,1159,2
2023-07,1160,3
2023-07,1161,3
2023-07,1163,3
2023-07,1164,3
2023-07,1165,3
2023-07,1166,2
2023-07,1167,2
2023-07,1168,3
2023-07,1169,3
2023-07,1170,2
2023-07,1171,2
2023-07,1172,2
2023-07,1173,1
2023-07,1174,2
2023-07,1175,2
2023-07,1176,5
2023-07,1178,2
2023-07,1179,3
2023-07,1180,3
2023-07,1181,3
2023-07,1184,3
2023-07,1185,3
2023-07,1186,5
2023-07,1187,3
2023-07,1188,5
2023-07,1189,2
2023-07,1190,5
2023-07,1191,3
2023-07,1192,2
2023-07,1193,3
2023-07,1194,1
2023-07,1195,1
2023-07,1196,2
2023-07,1197,3
2023-07,1198,5
2023-07,1200,3
2023-07,1201,1
2023-07,1203,3
2023-07,1204,3
2023-07,1205,1
2023-07,1206,3
2023-07,1207,3
2023-07,1208,1
2023-07,1209,3
2023-07,1210,1
2023-07,1211,3
2023-07,1212,3
2023-07,1213,1
2023-07,1214,3
2023-07,1215,1
2023-07,1217,1
2023-07,1218,1
2023-07,1219,3
2023-07,1220,1
2023-07,1221,1
2023-07,1222,1
2023-07,1223,1
2023-07,1224,5
2023-07,1225,3
2023-07,1226,3
2023-07,1227,3
2023-07,1228,3
2023-07,1229,3
2023-07,1230,3
2023-07,1231,3
2023-07,1232,3
2023-07,1233,5
2023-07,1234,3
2023-07,1235,3
2023-07,1236,3
2023-07,1237,3
2023-07,1238,3
2023-07,1240,2
2023-07,1241,3
2023-07,1242,1
2023-07,1243,5
2023-07,1244,3
2023-07,1246,2
2023-07,1249,2
2023-07,1250,3
2023-07,1251,2
2023-07,1252,3
2023-07,1253,1
2023-07,1254,2
2023-07,1256,2
2023-07,1257,2
2023-07,1258,5
2023-07,1259,3
2023-07,1260,3
2023-07,1261,3
2023-07,1262,3
2023-07,1264,2
2023-07,1265,3
2023-07,1266,1
2023-07,1267,2
2023-07,1268,1
2023-07,1269,1
2023-07,1270,3
2023-07,1271,1
2023-07,1272,3
2023-07,1273,1
2023-07,1274,2
2023-07,1275,2
2023-07,1276,2
2023-07,1277,3
2023-07,1278,2
2023-07,1279,1
2023-07,1280,2
2023-07,1281,3
2023-07,1282,2
2023-07,1284,3
2023-07,1285,3
2023-07,1286,3
2023-07,1287,3
2023-07,1288,3
2023-07,1289,2
2023-07,1290,2
2023-07,1291,1
2023-07,1292,2
2023-07,1293,3
2023-07,1294,3
2023-07,1295,3
2023-07,1296,2
2023-07,1297,2
2023-07,1298,2
2023-07,1299,1
2023-07,1300,2
2023-07,1301,3
2023-07,1302,3
2023-07,1303,5
2023-07,1304,3
2023-07,1305,3
2023-07,1306,3
2023-07,1308,3
2023-07,1309,1
2023-07,1310,2
2023-07,1311,1
2023-07,1312,3
2023-07,1313,1
2023-07,1314,1
2023-07,1315,3
2023-07,1316,3
2023-07,1317,1
2023-07,1319,1
2023-07,1320,1
2023-07,1321,3
2023-07,1322,1
2023-07,1323,1
2023-07,1324,2
2023-07,1325,1
2023-07,1326,2
2023-07,1327,1
2023-07,1328,1
2023-07,1329,3
2023-07,1330,3
2023-07,1331,1
2023-07,1333,3
2023-07,1334,3
2023-07,1335,1
2023-07,1336,1
2023-07,1337,2
2023-07,1338,3
2023-07,1339,2
2023-07,1340,1
2023-07,1341,3
2023-07,1343,2
2023-07,1344,1
2023-07,1345,1
2023-07,1346,1
2023-07,1347,3
2023-07,1348,1
2023-07,1349,1
2023-07,1350,1
2023-07,1351,1
2023-07,1352,2
2023-07,1353,1
2023-07,1355,1
2023-07,1356,2
2023-07,1357,2
2023-07,1358,1
2023-07,1392,3
2023-07,1393,3
2023-07,1394,3
2023-07,1395,5
2023-07,1396,5
2023-07,1397,5
2023-07,1398,5
2023-07,1399,3
2023-07,1400,5
2023-07,1401,3
2023-07,1402,5
2023-07,1403,5
2023-07,1404,3
2023-07,1405,3
2023-07,1406,3
2023-07,1407,3
2023-07,1408,5
2023-07,1409,5
2023-07,1410,5
2023-07,1411,3
2023-07,1412,1
2023-07,1413,3
2023-07,1414,3
2023-07,1415,1
2023-07,1416,1
2023-07,1417,1
2023-07,1419,1
2023-07,1420,1
2023-07,1421,1
2023-07,1422,3
2023-07,1423,1
2023-07,1425,3
2023-07,1426,1
2023-07,1427,3
2023-07,1428,1
2023-07,1429,1
2023-07,1430,4
2023-07,1431,4
2023-07,1438,4
2023-07,1439,5
2023-07,1440,5
2023-07,1443,5
2023-07,1444,5
2023-07,1445,5
2023-07,1446,5
2023-07,1447,5
2023-07,1448,5
2023-07,1449,3
2023-07,1453,5
2023-07,1454,5
2023-07,1456,5
2023-07,1457,5
2023-07,1459,5
2023-07,1461,5
2023-07,1463,5
2023-07,1464,5
2023-07,1465,5
2023-07,1467,5
2023-07,1468,5
2023-07,1472,5
2023-07,1473,3
2023-07,1474,3
2023-07,1475,5
2023-07,1477,3
2023-07,1478,3
2023-07,1480,5
2023-07,1481,5
2023-07,1483,3
2023-07,1484,5
2023-07,1486,3
2023-07,1488,5
2023-07,1489,3
2023-07,1490,5
2023-07,1491,5
2023-07,1492,5
2023-07,1493,5
2023-07,1494,3
2023-07,1495,5
2023-07,1496,5
2023-07,1500,5
2023-07,1501,5
2023-07,1504,3
2023-07,1506,5
2023-07,1507,5
2023-07,1508,5
2023-07,1509,3
2023-07,1510,3
2023-07,1511,5
2023-07,1512,3
2023-07,1518,3
2023-07,1519,3
2023-07,1520,3
2023-07,1521,5
2023-07,1522,3
2023-07,1523,5
2023-07,1525,3
2023-07,1526,3
2023-07,1527,5
2023-07,1528,3
2023-07,1529,3
2023-07,1530,3
2023-07,1532,1
2023-07,1533,3
2023-07,1534,3
2023-07,1535,3
2023-07,1536,3
2023-07,1537,1
2023-07,1539,3
2023-07,1540,3
2023-07,1541,1
2023-07,1542,3
2023-07,1543,1
2023-07,1544,2
2023-07,1545,1
2023-07,1546,3
2023-07,1547,1
2023-07,1548,1
2023-07,1549,3
2023-07,1550,3
2023-07,1551,1
2023-07,1552,1
2023-07,1553,3
2023-07,1554,3
2023-07,1555,3
2023-07,1556,3
2023-07,1557,3
2023-07,1558,1
2023-07,1559,1
2023-07,1560,5
2023-07,1561,1
2023-07,1562,3
2023-07,1563,3
2023-07,1564,1
2023-07,1565,3
2023-07,1566,1
2023-07,1567,1
2023-07,1568,3
2023-07,1569,1
2023-07,1570,1
2023-07,1571,1
2023-07,1572,3
2023-07,1573,2
2023-07,1574,3
2023-07,1575,5
2023-07,1577,3
2023-07,1578,3
2023-07,1579,3
2023-07,1580,1
2023-07,1581,1
2023-07,1582,1
2023-07,1583,3
2023-07,1584,1
2023-07,1585,1
2023-07,1586,5
2023-07,1587,3
2023-07,1588,3
2023-07,1589,3
2023-07,1590,3
2023-07,1591,1
2023-07,1592,3
2023-07,1593,1
2023-07,1594,1
2023-07,1595,3
2023-07,1596,3
2023-07,1597,5
2023-07,1598,5
2023-07,1599,3
2023-07,1600,5
2023-07,1601,5
2023-07,1602,1
2023-07,1603,3
2023-07,1604,3
2023-07,1605,1
2023-07,1606,3
2023-07,1607,1
2023-07,1608,3
2023-07,1609,2
2023-07,1610,3
2023-07,1611,3
2023-07,1612,3
2023-07,1613,1
2023-07,1614,1
2023-07,1615,3
2023-07,1616,3
2023-07,1617,1
2023-07,1618,1
2023-07,1619,3
2023-07,1620,5
2023-07,1621,2
2023-07,1622,1
2023-07,1623,3
2023-07,1624,3
2023-07,1625,2
2023-07,1626,1
2023-07,1627,3
2023-07,1628,2
2023-07,1629,3
2023-07,1630,2
2023-07,1631,3
2023-07,1632,5
2023-07,1633,3
2023-07,1634,3
2023-07,1635,2
2023-07,1636,2
2023-07,1637,2
2023-07,1638,2
2023-07,1639,3
2023-07,1640,2
2023-07,1641,3
2023-07,1642,1
2023-07,1643,3
2023-07,1644,3
2023-07,1645,2
2023-07,1646,1
2023-07,1647,2
2023-07,1648,1
2023-07,1649,2
2023-07,1650,2
2023-07,1651,2
2023-07,1652,3
2023-07,1653,3
2023-07,1654,2
2023-07,1655,3
2023-07,1656,3
2023-07,1657,1
2023-07,1658,3
2023-07,1659,3
2023-07,1660,1
2023-07,1661,2
2023-07,1662,2
2023-07,1663,3
2023-07,1664,2
2023-07,1665,5
2023-07,1666,1
2023-07,1667,3
2023-07,1668,3
2023-07,1669,3
2023-07,1670,3
2023-07,1671,3
2023-07,1672,3
2023-07,1673,3
2023-07,1674,3
2023-07,1675,3
2023-07,1676,3
2023-07,1678,1
2023-07,1679,3
2023-07,1680,1
2023-07,1681,1
2023-07,1682,3
2023-07,1683,3
2023-07,1685,1
2023-07,1686,3
2023-07,1687,2
2023-07,1688,3
2023-07,1689,1
2023-07,1690,3
2023-07,1691,1
2023-07,1692,3
2023-07,1693,2
2023-07,1694,3
2023-07,1696,3
2023-07,1697,3
2023-07,1698,1
2023-07,1699,3
2023-07,1700,3
2023-07,1701,3
2023-07,1702,1
2023-07,1703,3
2023-07,1704,3
2023-07,1705,3
2023-07,1706,2
2023-07,1707,5
2023-07,1708,3
2023-07,1709,3
2023-07,1710,3
2023-07,1711,3
2023-07,1712,3
2023-07,1714,1
2023-07,1715,3
2023-07,1717,1
2023-07,1718,1
2023-07,1719,3
2023-07,1722,1
2023-07,1724,1
2023-07,1725,1
2023-07,1726,5
2023-07,1727,1
2023-07,1728,1
2023-07,1730,1
2023-07,1731,3
2023-07,1732,1
2023-07,1733,3
2023-07,1737,1
2023-07,1738,1
2023-07,1739,1
2023-07,1740,3
2023-07,1741,1
2023-07,1742,3
2023-07,1743,1
2023-07,1744,1
2023-07,1745,1
2023-07,1746,1
2023-07,1747,1
2023-07,1749,1
2023-07,1750,1
2023-07,1751,1
2023-07,1752,3
2023-07,1753,1
2023-07,1754,1
2023-07,1755,1
2023-07,1756,1
2023-07,1757,1
2023-07,1758,5
2023-07,1759,1
2023-07,1760,1
2023-07,1761,1
2023-07,1762,1
2023-07,1764,5
2023-07,1765,3
2023-07,1766,3
2023-07,1768,3
2023-07,1769,3
2023-07,1770,3
2023-07,1771,1
2023-07,1773,1
2023-07,1774,3
2023-07,1775,1
2023-07,1776,3
2023-07,1777,1
2023-07,1778,3
2023-07,1780,3
2023-07,1781,3
2023-07,1782,3
2023-07,1783,5
2023-07,1784,1
2023-07,1785,3
2023-07,1786,3
2023-07,1787,1
2023-07,1788,3
2023-07,1845,5
2023-07,1846,3
2023-07,1848,1
2023-07,1849,1
2023-07,1850,1
2023-07,1851,1
2023-07,1852,1
2023-07,1853,1
2023-07,1854,1
2023-07,1855,1
2023-07,1856,1
2023-07,1857,1
2023-07,1858,3
2023-07,1859,3
2023-07,1860,1
2023-07,1861,3
2023-07,1862,1
2023-07,1863,3
2023-07,1864,1
2023-07,1865,1
2023-07,1868,1
2023-07,1869,1
2023-07,1870,1
2023-07,1871,1
2023-07,1872,1
2023-07,1873,1
2023-07,1874,5
2023-07,1875,3
2023-07,1876,3
2023-07,1877,5
2023-07,1878,3
2023-07,1879,3
2023-07,1880,3
2023-07,1881,5
2023-07,1883,3
2023-07,1884,1
2023-07,1885,3
2023-07,1886,3
2023-07,1887,1
2023-07,1888,3
2023-07,1889,1
2023-07,1890,5
2023-07,1891,1
2023-07,1892,1
2023-07,1893,1
2023-07,1894,3
2023-07,1895,3
2023-07,1896,1
2023-07,1897,1
2023-07,1898,3
2023-07,1899,3
2023-07,1900,3
2023-07,1901,3
2023-07,1902,1
2023-07,1903,1
2023-07,1904,3
2023-07,1905,3
2023-07,1906,3
2023-07,1907,1
2023-07,1908,1
2023-07,1909,1
2023-07,1910,1
2023-07,1912,3
2023-07,1915,1
2023-07,1916,1
2023-07,1917,3
2023-07,1918,1
2023-07,1919,3
2023-07,1920,3
2023-07,1921,1
2023-07,1922,3
2023-07,1923,3
2023-07,1924,1
2023-07,1925,1
2023-07,1926,1
2023-07,1927,1
2023-07,1928,1
2023-07,1929,1
2023-07,1930,1
2023-07,1931,3
2023-07,1932,1
2023-07,1933,1
2023-07,1934,3
2023-07,1935,1
2023-07,1936,3
2023-07,1937,1
2023-07,1938,1
2023-07,1939,3
2023-07,1940,1
2023-07,1941,1
2023-07,1942,1
2023-07,1943,1
2023-07,1944,1
2023-07,1945,1
2023-07,1947,3
2023-07,1948,3
2023-07,1949,1
2023-07,1950,3
2023-07,1951,3
2023-07,1952,5
2023-07,1954,4
2023-07,1955,4
2023-07,1956,4
2023-07,1957,4
2023-07,1958,4
2023-07,1959,4
2023-07,1960,4
2023-07,1961,5
2023-07,1962,4
2023-07,1963,4
2023-07,1965,2
2023-07,1966,4
2023-07,1967,4
2023-07,1968,4
2023-07,1969,4
2023-07,1970,4
2023-07,1971,5
2023-07,1972,3
2023-07,1973,3
2023-07,1974,3
2023-07,1975,3
2023-07,1976,3
2023-07,1977,5
2023-07,1978,3
2023-07,1979,5
2023-07,1980,3
2023-07,1981,3
2023-07,1982,3
2023-07,1983,3
2023-07,1984,3
2023-07,1985,3
2023-07,1986,3
2023-07,1987,3
2023-07,1988,3
2023-07,1989,3
2023-07,1990,3
2023-07,1991,3
2023-07,1992,3
2023-07,1993,3
2023-07,1994,3
2023-07,1995,3
2023-07,1996,3
2023-07,1997,3
2023-07,1999,3
2023-07,2000,5
2023-07,2001,3
2023-07,2002,3
2023-07,2004,5
2023-07,2005,3
2023-07,2006,3
2023-07,2007,3
2023-07,2008,3
2023-07,2009,3
2023-07,2010,3
2023-07,2011,3
2023-07,2012,3
2023-07,2015,3
2023-07,2017,2
2023-07,2018,3
2023-07,2019,3
2023-07,2021,3
2023-07,2022,1
2023-07,2023,3
2023-07,2024,3
2023-07,2025,2
2023-07,2027,3
2023-07,2028,3
2023-07,2030,2
2023-07,2031,3
2023-07,2032,3
2023-07,2033,5
2023-07,2034,3
2023-07,2035,3
2023-07,2036,3
2023-07,2037,1
2023-07,2039,3
2023-07,2040,3
2023-07,2041,3
2023-07,2042,3
2023-07,2043,3
2023-07,2044,5
2023-07,2045,3
2023-07,2046,3
2023-07,2047,3
2023-07,2048,3
2023-07,2049,1
2023-07,2050,1
2023-07,2051,3
2023-07,2052,1
2023-07,2053,1
2023-07,2054,1
2023-07,2055,3
2023-07,2056,1
2023-07,2057,3
2023-07,2058,3
2023-07,2059,3
2023-07,2060,3
2023-07,2061,1
2023-07,2062,3
2023-07,2063,5
2023-07,2064,3
2023-07,2065,1
2023-07,2066,1
2023-07,2067,1
2023-07,2068,1
2023-07,2069,3
2023-07,2070,3
2023-07,2072,1
2023-07,2073,3
2023-07,2074,3
2023-07,2075,1
2023-07,2076,1
2023-07,2077,1
2023-07,2078,1
2023-07,2079,1
2023-07,2080,1
2023-07,2081,1
2023-07,2082,1
2023-07,2085,1
2023-07,2087,1
2023-07,2088,1
2023-07,2089,1
2023-07,2090,1
2023-07,2091,1
2023-07,2093,1
2023-07,2094,1
2023-07,2095,1
2023-07,2096,1
2023-07,2098,1
2023-07,2100,1
2023-07,2101,5
2023-07,2105,3
2023-07,2108,3
2023-07,2109,3
2023-07,2110,3
2023-07,2111,3
2023-07,2112,3
2023-07,2113,3
2023-07,2114,3
2023-07,2116,1
2023-07,2117,3
2023-07,2118,1
2023-07,2119,5
2023-07,2120,3
2023-07,2121,3
2023-07,2122,3
2023-07,2124,3
2023-07,2125,1
2023-07,2126,3
2023-07,2127,1
2023-07,2128,1
2023-07,2129,1
2023-07,2130,2
2023-07,2131,3
2023-07,2132,3
2023-07,2133,1
2023-07,2134,3
2023-07,2136,1
2023-07,2137,1
2023-07,2138,1
2023-07,2139,3
2023-07,2140,1
2023-07,2142,1
2023-07,2143,1
2023-07,2144,5
2023-07,2145,3
2023-07,2146,3
2023-07,2148,3
2023-07,2149,3
2023-07,2150,2
2023-07,2151,3
2023-07,2152,1
2023-07,2153,3
2023-07,2154,3
2023-07,2155,3
2023-07,2156,1
2023-07,2157,3
2023-07,2158,3
2023-07,2159,2
2023-07,2160,3
2023-07,2161,5
2023-07,2162,1
2023-07,2163,3
2023-07,2164,5
2023-07,2165,3
2023-07,2167,3
2023-07,2168,3
2023-07,2169,3
2023-07,2171,3
2023-07,2172,1
2023-07,2173,3
2023-07,2174,3
2023-07,2175,1
2023-07,2176,3
2023-07,2177,3
2023-07,2178,3
2023-07,2179,3
2023-07,2180,3
2023-07,2181,1
2023-07,2182,1
2023-07,2183,3
2023-07,2184,1
2023-07,2185,1
2023-07,2186,3
2023-07,2187,3
2023-07,2188,3
2023-07,2189,3
2023-07,2190,5
2023-07,2191,2
2023-07,2192,3
2023-07,2193,5
2023-07,2194,2
2023-07,2195,1
2023-07,2196,1
2023-07,2197,1
2023-07,2198,1
2023-07,2199,2
2023-07,2200,1
2023-07,2201,2
2023-07,2202,2
2023-07,2203,2
2023-07,2204,2
2023-07,2205,2
2023-07,2206,2
2023-07,2207,1
2023-07,2208,2
2023-07,2210,5
2023-07,2211,3
2023-07,2212,2
2023-07,2213,1
2023-07,2215,2
2023-07,2216,5
2023-07,2217,5
2023-07,2218,3
2023-07,2219,3
2023-07,2220,5
2023-07,2221,5
2023-07,2222,5
2023-07,2223,3
2023-07,2224,3
2023-07,2225,3
2023-07,2226,5
2023-07,2227,5
2023-07,2228,5
2023-07,2229,3
2023-07,2230,3
2023-07,2231,3
2023-07,2232,3
2023-07,2233,3
2023-07,2234,3
2023-07,2235,3
2023-07,2236,3
2023-07,2237,5
2023-07,2238,5
2023-07,2241,3
2023-07,2242,5
2023-07,2243,5
2023-07,2244,4
2023-07,2245,3
2023-07,2248,4
2023-07,2249,4
2023-07,2250,4
2023-07,2251,5
2023-07,2252,3
2023-07,2253,3
2023-07,2254,1
2023-07,2255,1
2023-07,2256,1
2023-07,2257,1
2023-07,2258,1
2023-07,2259,1
2023-07,2260,1
2023-07,2262,1
2023-07,2264,3
2023-07,2265,1
2023-07,2266,1
2023-07,2267,1
2023-07,2268,3
2023-07,2269,1
2023-07,2270,1
2023-07,2271,1
2023-07,2272,3
2023-07,2274,3
2023-07,2275,5
2023-07,2276,3
2023-07,2278,3
2023-07,2279,3
2023-07,2280,3
2023-07,2281,5
2023-07,2282,5
2023-07,2286,3
2023-07,2287,3
2023-07,2288,3
2023-07,2289,3
2023-07,2292,2
2023-07,2293,3
2023-07,2294,3
2023-07,2295,2
2023-07,2296,3
2023-07,2297,3
2023-07,2298,3
2023-07,2299,3
2023-07,2300,3
2023-07,2301,3
2023-07,2302,3
2023-07,2303,3
2023-07,2304,3
2023-07,2305,1
2023-07,2307,1
2023-07,2308,1
2023-07,2309,3
2023-07,2310,3
2023-07,2311,3
2023-07,2312,5
2023-07,2314,3
2023-07,2315,3
2023-07,2316,3
2023-07,2317,2
2023-07,2318,5
2023-07,2320,3
2023-07,2321,3
2023-07,2322,3
2023-07,2323,1
2023-07,2324,3
2023-07,2325,3
2023-07,2326,3
2023-07,2327,3
2023-07,2328,3
2023-07,2329,3
2023-07,2330,3
2023-07,2332,3
2023-07,2333,3
2023-07,2334,3
2023-07,2335,3
2023-07,2336,3
2023-07,2337,5
2023-07,2338,4
2023-07,2339,3
2023-07,2340,3
2023-07,2341,4
2023-07,2342,4
2023-07,2343,4
2023-07,2344,4
2023-07,2345,4
2023-07,2348,4
2023-07,2349,4
2023-07,2351,5
2023-07,2352,5
2023-07,2353,5
2023-07,2354,5
2023-07,2355,5
2023-07,2356,5
2023-07,2357,5
2023-07,2358,5
2023-07,2359,5
2023-07,2360,5
2023-07,2361,5
2023-07,2362,5
2023-07,2363,5
2023-07,2364,5
2023-07,2365,5
2023-07,2366,5
2023-07,2367,5
2023-07,2368,5
2023-07,2369,5
2023-07,2370,5
2023-07,2371,5
2023-07,2372,5
2023-07,2373,5
2023-07,2374,5
2023-07,2375,5
2023-07,2376,5
2023-07,2377,5
2023-07,2378,5
2023-07,2379,5
2023-07,2380,5
2023-07,2381,5
2023-07,2382,5
2023-07,2383,5
2023-07,2384,5
2023-07,2385,5
2023-07,2386,5
2023-07,2387,5
2023-07,2388,5
2023-07,2389,5
2023-07,2390,5
2023-07,2391,5
2023-07,2392,5
2023-07,2393,5
2023-07,2395,5
2023-07,2398,5
2023-07,2399,5
2023-07,2400,5
2023-07,2401,5
2023-07,2402,5
2023-07,2403,5
2023-07,2404,5
2023-07,2405,5
2023-07,2406,5
2023-07,2407,5
2023-07,2408,5
2023-07,2409,5
2023-07,2410,5
2023-07,2411,5
2023-07,2412,5
2023-07,2416,5
2023-07,2422,5
2023-07,2423,5
2023-07,2424,5
2023-07,2425,5
2023-07,2426,5
2023-07,2427,5
2023-07,2428,5
2023-07,2429,5
2023-07,2430,5
2023-07,2431,5
2023-07,2432,5
2023-07,2433,5
2023-07,2434,5
2023-07,2435,5
2023-07,2436,5
2023-07,2437,5
2023-07,2439,5
2023-07,2440,5
2023-07,2441,5
2023-07,2442,5
2023-07,2443,5
2023-07,2444,5
2023-07,2445,5
2023-07,2446,5
2023-07,2447,5
2023-07,2449,5
2023-07,2450,5
2023-07,2451,5
2023-07,2452,5
2023-07,2453,5
2023-07,2454,5
2023-07,2455,5
2023-07,2456,5
2023-07,2457,5
2023-07,2458,5
2023-07,2459,5
2023-07,2460,5
2023-07,2461,5
2023-07,2462,5
2023-07,2463,5
2023-07,2464,5
2023-07,2465,5
2023-07,2466,5
2023-07,2467,5
2023-07,2468,5
2023-07,2469,5
2023-07,2470,5
2023-07,2471,5
2023-07,2472,5
2023-07,2473,5
2023-07,2474,5
2023-07,2475,5
2023-07,2476,5
2023-07,2477,5
2023-07,2478,5
2023-07,2479,5
2023-07,2480,5
2023-07,2481,5
2023-07,2482,5
2023-07,2483,5
2023-07,2484,5
2023-07,2485,5
2023-07,2486,5
2023-07,2487,5
2023-07,2488,5
2023-07,2489,5
2023-07,2490,5
2023-07,2491,5
2023-07,2492,5
2023-07,2493,5
2023-07,2494,5
2023-07,2495,5
2023-07,2496,5
2023-07,2497,5
2023-07,2498,5
2023-07,2499,5
2023-07,2500,5
2023-07,2501,5
2023-07,2502,5
2023-07,2503,5
2023-07,2504,5
2023-07,2505,5
2023-07,2506,5
2023-07,2507,5
2023-07,2508,5
2023-07,2509,5
2023-07,2510,5
2023-07,2511,5
2023-07,2512,5
2023-07,2513,5
2023-07,2514,5
2023-07,2515,5
2023-07,2516,5
2023-07,2517,5
2023-07,2518,5
2023-07,2519,5
2023-07,2520,5
2023-07,2521,5
2023-07,2522,5
2023-07,2523,5
2023-07,2524,5
2023-07,2525,5
2023-07,2526,5
2023-07,2527,5
2023-07,2528,5
2023-07,2529,5
2023-07,2530,5
2023-07,2531,5
2023-07,2532,5
2023-07,2533,5
2023-07,2534,5
2023-07,2535,5
2023-07,2536,5
2023-07,2537,5
2023-07,2538,5
2023-07,2539,5
2023-07,2540,5
2023-07,2541,5
2023-07,2542,5
2023-07,2543,5
2023-07,2544,5
2023-07,2545,5
2023-07,2546,5
2023-07,2547,5
2023-07,2548,5
2023-07,2549,5
2023-07,2550,5
2023-07,2551,5
2023-07,2552,5
2023-07,2553,5
2023-07,2554,5
2023-07,2555,5
2023-07,2556,5
2023-07,2557,5
2023-07,2558,5
2023-07,2559,5
2023-07,2560,5
2023-07,2561,5
2023-07,2562,5
2023-07,2563,5
2023-07,2564,5
2023-07,2565,5
2023-07,2566,5
2023-07,2567,5
2023-07,2568,5
2023-07,2569,5
2023-07,2570,5
2023-07,2571,5
2023-07,2572,5
2023-07,2573,5
2023-07,2574,5
2023-07,2575,5
2023-07,2576,5
2023-07,2577,5
2023-07,2578,5
2023-07,2579,5
2023-07,2580,5
2023-07,2581,5
2023-07,2582,5
2023-07,2583,5
2023-07,2584,5
2023-07,2585,5
2023-07,2586,5
2023-07,2587,5
2023-07,2588,5
2023-07,2589,5
2023-07,2590,5
2023-07,2591,5
2023-07,2592,5
2023-07,2593,3
2023-07,2595,3
2023-07,2596,5
2023-07,2597,5
2023-07,2598,3
2023-07,2599,5
2023-07,2600,5
2023-07,2601,5
2023-07,2602,5
2023-07,2604,5
2023-07,2605,5
2023-07,2606,5
2023-07,2607,5
2023-07,2618,1
2023-07,2619,3
2023-07,2620,5
2023-07,2621,5
2023-07,2644,5
2023-07,2646,5
2023-07,2647,3
2023-07,2648,5
2023-07,2649,5
2023-07,2651,5
2023-07,2652,5
2023-07,2710,3
2023-07,2808,5
2023-07,2809,3
2023-07,2813,3
2023-07,2814,5
2023-07,2872,4
2023-07,2876,5
2023-07,2879,5
2023-07,2880,4
2023-07,2881,5
2023-07,2882,5
2023-07,2883,3
2023-07,2884,3
2023-07,2885,3
2023-07,2886,3
2023-07,2887,5
2023-07,3005,3
2023-07,3007,3
2023-07,3009,5
2023-07,3011,3
2023-07,3012,3
2023-07,3013,5
2023-08,1,5
2023-08,2,3
2023-08,3,3
2023-08,4,2
2023-08,5,1
2023-08,6,3
2023-08,7,5
2023-08,8,5
2023-08,9,2
2023-08,10,5
2023-08,11,2
2023-08,12,2
2023-08,13,2
2023-08,14,2
2023-08,15,2
2023-08,16,2
2023-08,17,2
2023-08,18,2
2023-08,19,1
2023-08,20,2
2023-08,21,5
2023-08,22,3
2023-08,23,5
2023-08,25,5
2023-08,26,5
2023-08,27,5
2023-08,28,5
2023-08,29,5
2023-08,30,2
2023-08,31,2
2023-08,32,2
2023-08,33,2
2023-08,34,2
2023-08,35,2
2023-08,36,2
2023-08,37,2
2023-08,38,5
2023-08,39,2
2023-08,40,2
2023-08,41,2
2023-08,42,5
2023-08,43,2
2023-08,44,3
2023-08,45,2
2023-08,46,2
2023-08,47,2
2023-08,48,2
2023-08,49,3
2023-08,50,2
2023-08,51,5
2023-08,52,1
2023-08,53,2
2023-08,54,2
2023-08,55,3
2023-08,56,2
2023-08,57,5
2023-08,58,2
2023-08,59,2
2023-08,60,2
2023-08,61,2
2023-08,62,2
2023-08,63,2
2023-08,65,3
2023-08,66,5
2023-08,67,2
2023-08,68,2
2023-08,69,2
2023-08,70,3
2023-08,71,2
2023-08,72,1
2023-08,73,5
2023-08,74,2
2023-08,75,5
2023-08,76,5
2023-08,77,5
2023-08,78,2
2023-08,79,2
2023-08,80,2
2023-08,81,3
2023-08,82,2
2023-08,83,2
2023-08,167,5
2023-08,168,5
2023-08,169,3
2023-08,173,1
2023-08,181,1
2023-08,184,3
2023-08,185,1
2023-08,188,1
2023-08,191,1
2023-08,194,5
2023-08,195,3
2023-08,196,5
2023-08,198,1
2023-08,201,5
2023-08,203,3
2023-08,204,3
2023-08,205,5
2023-08,206,5
2023-08,207,5
2023-08,208,3
2023-08,209,2
2023-08,210,3
2023-08,211,3
2023-08,212,3
2023-08,213,3
2023-08,214,3
2023-08,215,3
2023-08,216,3
2023-08,217,3
2023-08,218,5
2023-08,219,3
2023-08,220,2
2023-08,221,3
2023-08,222,5
2023-08,223,3
2023-08,224,5
2023-08,225,4
2023-08,226,3
2023-08,227,4
2023-08,228,5
2023-08,229,5
2023-08,230,3
2023-08,231,3
2023-08,232,2
2023-08,233,3
2023-08,234,3
2023-08,235,3
2023-08,236,3
2023-08,237,5
2023-08,238,3
2023-08,239,3
2023-08,240,3
2023-08,241,3
2023-08,242,2
2023-08,243,2
2023-08,269,5
2023-08,270,3
2023-08,271,3
2023-08,272,2
2023-08,273,2
2023-08,274,3
2023-08,275,1
2023-08,276,2
2023-08,277,2
2023-08,278,5
2023-08,279,2
2023-08,280,3
2023-08,281,3
2023-08,282,2
2023-08,283,3
2023-08,284,3
2023-08,285,1
2023-08,287,1
2023-08,288,1
2023-08,289,1
2023-08,290,1
2023-08,292,1
2023-08,293,1
2023-08,294,1
2023-08,295,1
2023-08,296,1
2023-08,297,1
2023-08,298,1
2023-08,300,1
2023-08,301,2
2023-08,302,1
2023-08,303,3
2023-08,304,1
2023-08,305,1
2023-08,306,1
2023-08,307,1
2023-08,308,3
2023-08,309,4
2023-08,312,4
2023-08,314,4
2023-08,316,4
2023-08,317,4
2023-08,318,4
2023-08,319,4
2023-08,320,4
2023-08,321,4
2023-08,323,4
2023-08,324,4
2023-08,325,4
2023-08,326,4
2023-08,327,4
2023-08,329,4
2023-08,330,4
2023-08,331,4
2023-08,332,4
2023-08,333,4
2023-08,334,4
2023-08,335,4
2023-08,336,4
2023-08,337,4
2023-08,338,4
2023-08,339,4
2023-08,340,4
2023-08,341,4
2023-08,342,4
2023-08,343,4
2023-08,345,5
2023-08,346,5
2023-08,347,5
2023-08,348,5
2023-08,349,1
2023-08,351,5
2023-08,352,5
2023-08,354,5
2023-08,355,5
2023-08,356,3
2023-08,357,3
2023-08,358,2
2023-08,359,2
2023-08,360,3
2023-08,361,2
2023-08,362,5
2023-08,363,2
2023-08,364,2
2023-08,365,3
2023-08,366,2
2023-08,367,2
2023-08,368,5
2023-08,369,2
2023-08,370,3
2023-08,371,3
2023-08,372,1
2023-08,373,5
2023-08,374,3
2023-08,375,5
2023-08,376,1
2023-08,377,3
2023-08,378,2
2023-08,379,5
2023-08,380,3
2023-08,381,2
2023-08,382,3
2023-08,383,3
2023-08,384,1
2023-08,385,5
2023-08,386,2
2023-08,387,3
2023-08,388,5
2023-08,390,2
2023-08,391,1
2023-08,392,3
2023-08,393,3
2023-08,395,2
2023-08,396,1
2023-08,397,3
2023-08,398,3
2023-08,401,2
2023-08,402,2
2023-08,403,2
2023-08,404,3
2023-08,405,2
2023-08,408,3
2023-08,410,2
2023-08,413,2
2023-08,414,2
2023-08,416,2
2023-08,418,5
2023-08,419,5
2023-08,420,5
2023-08,421,3
2023-08,422,5
2023-08,423,2
2023-08,424,3
2023-08,425,1
2023-08,428,1
2023-08,429,3
2023-08,430,5
2023-08,431,3
2023-08,432,3
2023-08,433,1
2023-08,434,1
2023-08,435,2
2023-08,436,3
2023-08,437,3
2023-08,438,2
2023-08,440,3
2023-08,441,1
2023-08,442,2
2023-08,443,2
2023-08,444,2
2023-08,445,1
2023-08,446,2
2023-08,447,1
2023-08,448,5
2023-08,449,2
2023-08,450,3
2023-08,451,3
2023-08,452,3
2023-08,453,2
2023-08,455,2
2023-08,456,2
2023-08,457,1
2023-08,458,2
2023-08,459,2
2023-08,460,2
2023-08,478,5
2023-08,479,1
2023-08,480,3
2023-08,481,5
2023-08,482,3
2023-08,484,2
2023-08,485,2
2023-08,486,2
2023-08,487,1
2023-08,489,1
2023-08,490,2
2023-08,491,2
2023-08,492,1
2023-08,493,3
2023-08,494,3
2023-08,495,1
2023-08,496,1
2023-08,497,3
2023-08,498,3
2023-08,499,2
2023-08,501,2
2023-08,502,1
2023-08,503,2
2023-08,504,5
2023-08,505,3
2023-08,506,5
2023-08,507,5
2023-08,508,3
2023-08,509,5
2023-08,510,5
2023-08,511,3
2023-08,512,3
2023-08,515,2
2023-08,516,1
2023-08,517,2
2023-08,518,3
2023-08,519,2
2023-08,520,1
2023-08,521,2
2023-08,522,2
2023-08,523,1
2023-08,524,2
2023-08,525,2
2023-08,527,3
2023-08,528,3
2023-08,529,2
2023-08,530,3
2023-08,531,3
2023-08,532,2
2023-08,533,1
2023-08,534,2
2023-08,535,2
2023-08,536,1
2023-08,537,2
2023-08,538,3
2023-08,539,2
2023-08,540,2
2023-08,541,1
2023-08,542,3
2023-08,543,3
2023-08,544,3
2023-08,545,3
2023-08,546,2
2023-08,547,1
2023-08,548,3
2023-08,549,1
2023-08,550,2
2023-08,552,2
2023-08,553,1
2023-08,554,2
2023-08,555,2
2023-08,556,2
2023-08,557,1
2023-08,558,2
2023-08,559,3
2023-08,560,1
2023-08,561,3
2023-08,562,1
2023-08,563,1
2023-08,564,2
2023-08,565,1
2023-08,566,1
2023-08,567,1
2023-08,568,2
2023-08,569,2
2023-08,570,1
2023-08,571,2
2023-08,572,3
2023-08,574,3
2023-08,578,5
2023-08,579,2
2023-08,580,4
2023-08,581,5
2023-08,582,4
2023-08,583,2
2023-08,584,3
2023-08,585,3
2023-08,586,2
2023-08,587,2
2023-08,588,4
2023-08,589,2
2023-08,591,2
2023-08,592,2
2023-08,593,2
2023-08,594,2
2023-08,595,2
2023-08,598,2
2023-08,599,3
2023-08,600,4
2023-08,601,2
2023-08,602,2
2023-08,603,2
2023-08,604,2
2023-08,605,2
2023-08,606,2
2023-08,607,2
2023-08,608,5
2023-08,612,5
2023-08,613,4
2023-08,614,4
2023-08,615,4
2023-08,616,4
2023-08,618,4
2023-08,619,4
2023-08,621,4
2023-08,666,5
2023-08,667,5
2023-08,668,3
2023-08,669,3
2023-08,670,3
2023-08,671,3
2023-08,674,3
2023-08,675,3
2023-08,676,5
2023-08,677,3
2023-08,678,4
2023-08,679,3
2023-08,680,3
2023-08,683,1
2023-08,685,3
2023-08,686,5
2023-08,687,1
2023-08,689,3
2023-08,690,2
2023-08,691,1
2023-08,692,1
2023-08,693,5
2023-08,694,3
2023-08,695,2
2023-08,696,2
2023-08,697,3
2023-08,698,2
2023-08,699,1
2023-08,701,1
2023-08,702,3
2023-08,703,3
2023-08,704,2
2023-08,705,2
2023-08,706,1
2023-08,708,4
2023-08,710,3
2023-08,711,2
2023-08,712,2
2023-08,713,2
2023-08,714,2
2023-08,715,3
2023-08,716,4
2023-08,717,2
2023-08,718,4
2023-08,719,1
2023-08,720,4
2023-08,721,1
2023-08,722,2
2023-08,723,3
2023-08,725,2
2023-08,726,4
2023-08,727,5
2023-08,731,3
2023-08,734,3
2023-08,735,2
2023-08,736,2
2023-08,737,3
2023-08,738,3
2023-08,739,3
2023-08,741,3
2023-08,742,2
2023-08,743,3
2023-08,744,2
2023-08,745,3
2023-08,746,2
2023-08,747,3
2023-08,748,3
2023-08,749,2
2023-08,751,3
2023-08,752,2
2023-08,753,2
2023-08,754,3
2023-08,755,3
2023-08,756,3
2023-08,757,5
2023-08,758,2
2023-08,760,2
2023-08,761,1
2023-08,763,5
2023-08,764,3
2023-08,765,1
2023-08,766,3
2023-08,767,3
2023-08,769,3
2023-08,770,2
2023-08,771,2
2023-08,773,2
2023-08,774,3
2023-08,775,5
2023-08,776,4
2023-08,777,5
2023-08,778,4
2023-08,779,2
2023-08,780,3
2023-08,781,2
2023-08,782,5
2023-08,783,3
2023-08,784,4
2023-08,785,5
2023-08,787,2
2023-08,788,2
2023-08,789,2
2023-08,790,2
2023-08,791,4
2023-08,792,4
2023-08,793,3
2023-08,794,4
2023-08,795,3
2023-08,796,2
2023-08,797,4
2023-08,798,3
2023-08,799,4
2023-08,800,2
2023-08,801,4
2023-08,802,3
2023-08,803,4
2023-08,804,2
2023-08,805,2
2023-08,806,2
2023-08,807,3
2023-08,808,2
2023-08,809,5
2023-08,810,1
2023-08,811,5
2023-08,812,5
2023-08,813,5
2023-08,814,1
2023-08,815,1
2023-08,817,3
2023-08,818,3
2023-08,819,5
2023-08,820,5
2023-08,821,1
2023-08,822,1
2023-08,823,1
2023-08,824,5
2023-08,825,1
2023-08,826,1
2023-08,827,1
2023-08,828,1
2023-08,829,1
2023-08,830,5
2023-08,831,1
2023-08,832,1
2023-08,833,1
2023-08,834,1
2023-08,835,1
2023-08,836,1
2023-08,838,1
2023-08,839,3
2023-08,840,1
2023-08,841,5
2023-08,842,5
2023-08,843,4
2023-08,844,3
2023-08,846,4
2023-08,847,4
2023-08,848,4
2023-08,849,4
2023-08,851,4
2023-08,852,4
2023-08,853,4
2023-08,854,4
2023-08,855,4
2023-08,856,4
2023-08,857,4
2023-08,859,4
2023-08,860,5
2023-08,870,4
2023-08,871,4
2023-08,872,5
2023-08,873,4
2023-08,874,4
2023-08,875,4
2023-08,876,4
2023-08,877,4
2023-08,878,4
2023-08,879,4
2023-08,880,4
2023-08,881,3
2023-08,882,4
2023-08,883,3
2023-08,884,4
2023-08,885,4
2023-08,886,4
2023-08,888,4
2023-08,889,4
2023-08,890,5
2023-08,891,3
2023-08,892,5
2023-08,895,3
2023-08,896,5
2023-08,897,3
2023-08,898,3
2023-08,899,3
2023-08,900,3
2023-08,901,3
2023-08,902,3
2023-08,903,3
2023-08,904,3
2023-08,905,3
2023-08,907,4
2023-08,908,3
2023-08,909,3
2023-08,911,3
2023-08,912,5
2023-08,913,3
2023-08,914,3
2023-08,915,3
2023-08,916,4
2023-08,917,4
2023-08,918,5
2023-08,920,3
2023-08,922,1
2023-08,923,1
2023-08,924,1
2023-08,925,1
2023-08,926,1
2023-08,927,5
2023-08,928,5
2023-08,929,1
2023-08,930,1
2023-08,986,5
2023-08,987,3
2023-08,988,5
2023-08,989,3
2023-08,991,3
2023-08,992,3
2023-08,993,3
2023-08,994,3
2023-08,995,3
2023-08,996,3
2023-08,998,3
2023-08,999,3
2023-08,1001,3
2023-08,1002,3
2023-08,1003,3
2023-08,1004,3
2023-08,1005,3
2023-08,1006,3
2023-08,1007,5
2023-08,1008,5
2023-08,1009,3
2023-08,1010,3
2023-08,1011,1
2023-08,1012,1
2023-08,1013,1
2023-08,1014,1
2023-08,1015,3
2023-08,1016,1
2023-08,1017,1
2023-08,1018,1
2023-08,1019,1
2023-08,1020,3
2023-08,1021,3
2023-08,1023,1
2023-08,1024,1
2023-08,1025,1
2023-08,1026,3
2023-08,1027,1
2023-08,1028,1
2023-08,1029,2
2023-08,1030,1
2023-08,1031,1
2023-08,1032,1
2023-08,1033,1
2023-08,1034,1
2023-08,1035,1
2023-08,1036,1
2023-08,1037,3
2023-08,1038,1
2023-08,1039,3
2023-08,1040,1
2023-08,1041,1
2023-08,1044,1
2023-08,1047,3
2023-08,1048,2
2023-08,1049,3
2023-08,1051,2
2023-08,1052,2
2023-08,1053,3
2023-08,1054,5
2023-08,1055,2
2023-08,1056,3
2023-08,1057,3
2023-08,1058,2
2023-08,1059,2
2023-08,1060,3
2023-08,1061,2
2023-08,1062,2
2023-08,1063,3
2023-08,1064,1
2023-08,1065,2
2023-08,1066,3
2023-08,1067,3
2023-08,1068,3
2023-08,1069,3
2023-08,1070,3
2023-08,1071,2
2023-08,1072,3
2023-08,1107,5
2023-08,1108,3
2023-08,1109,3
2023-08,1110,3
2023-08,1111,3
2023-08,1112,3
2023-08,1113,3
2023-08,1115,3
2023-08,1116,3
2023-08,1117,5
2023-08,1118,3
2023-08,1119,3
2023-08,1120,3
2023-08,1121,3
2023-08,1122,2
2023-08,1123,3
2023-08,1124,2
2023-08,1125,3
2023-08,1126,1
2023-08,1127,3
2023-08,1128,3
2023-08,1129,3
2023-08,1130,3
2023-08,1131,3
2023-08,1132,3
2023-08,1133,3
2023-08,1134,5
2023-08,1135,5
2023-08,1136,5
2023-08,1137,2
2023-08,1138,3
2023-08,1139,2
2023-08,1140,5
2023-08,1141,5
2023-08,1142,2
2023-08,1143,3
2023-08,1144,3
2023-08,1146,3
2023-08,1147,3
2023-08,1148,2
2023-08,1149,2
2023-08,1150,5
2023-08,1151,3
2023-08,1152,4
2023-08,1153,3
2023-08,1154,3
2023-08,1155,2
2023-08,1157,3
2023-08,1158,3
2023-08,1159,2
2023-08,1160,3
2023-08,1161,3
2023-08,1163,3
2023-08,1164,3
2023-08,1165,5
2023-08,1166,2
2023-08,1167,2
2023-08,1168,3
2023-08,1169,5
2023-08,1170,2
2023-08,1171,2
2023-08,1172,2
2023-08,1173,1
2023-08,1174,2
2023-08,1175,2
2023-08,1176,5
2023-08,1178,2
2023-08,1179,3
2023-08,1180,3
2023-08,1181,3
2023-08,1184,3
2023-08,1185,3
2023-08,1186,5
2023-08,1187,3
2023-08,1188,5
2023-08,1189,2
2023-08,1190,5
2023-08,1191,2
2023-08,1192,2
2023-08,1193,3
2023-08,1194,1
2023-08,1195,1
2023-08,1196,2
2023-08,1197,3
2023-08,1198,5
2023-08,1200,3
2023-08,1201,1
2023-08,1203,3
2023-08,1204,3
2023-08,1205,1
2023-08,1206,3
2023-08,1207,3
2023-08,1208,1
2023-08,1209,3
2023-08,1210,1
2023-08,1211,3
2023-08,1212,3
2023-08,1213,1
2023-08,1214,3
2023-08,1215,1
2023-08,1217,1
2023-08,1218,1
2023-08,1219,3
2023-08,1220,1
2023-08,1221,3
2023-08,1222,3
2023-08,1223,1
2023-08,1224,5
2023-08,1225,3
2023-08,1226,3
2023-08,1227,3
2023-08,1228,3
2023-08,1229,5
2023-08,1230,5
2023-08,1231,3
2023-08,1232,3
2023-08,1233,5
2023-08,1234,3
2023-08,1235,3
2023-08,1236,5
2023-08,1237,3
2023-08,1238,5
2023-08,1240,2
2023-08,1241,3
2023-08,1242,1
2023-08,1243,5
2023-08,1244,3
2023-08,1246,2
2023-08,1249,2
2023-08,1250,5
2023-08,1251,1
2023-08,1252,3
2023-08,1253,1
2023-08,1254,2
2023-08,1256,2
2023-08,1257,2
2023-08,1258,5
2023-08,1259,3
2023-08,1260,3
2023-08,1261,3
2023-08,1262,3
2023-08,1264,2
2023-08,1265,3
2023-08,1266,1
2023-08,1267,2
2023-08,1268,1
2023-08,1269,1
2023-08,1270,3
2023-08,1271,2
2023-08,1272,3
2023-08,1273,1
2023-08,1274,2
2023-08,1275,2
2023-08,1276,2
2023-08,1277,3
2023-08,1278,2
2023-08,1279,3
2023-08,1280,3
2023-08,1281,3
2023-08,1282,2
2023-08,1284,3
2023-08,1285,3
2023-08,1286,2
2023-08,1287,3
2023-08,1288,3
2023-08,1289,2
2023-08,1290,2
2023-08,1291,1
2023-08,1292,2
2023-08,1293,3
2023-08,1294,3
2023-08,1295,3
2023-08,1296,2
2023-08,1297,2
2023-08,1298,2
2023-08,1299,1
2023-08,1300,2
2023-08,1301,1
2023-08,1302,3
2023-08,1303,5
2023-08,1304,3
2023-08,1305,3
2023-08,1306,3
2023-08,1308,3
2023-08,1309,1
2023-08,1310,3
2023-08,1311,1
2023-08,1312,1
2023-08,1313,1
2023-08,1314,1
2023-08,1315,3
2023-08,1316,3
2023-08,1317,1
2023-08,1319,2
2023-08,1320,1
2023-08,1321,3
2023-08,1322,1
2023-08,1323,1
2023-08,1324,2
2023-08,1325,1
2023-08,1326,2
2023-08,1327,1
2023-08,1328,1
2023-08,1329,3
2023-08,1330,3
2023-08,1331,1
2023-08,1333,5
2023-08,1334,3
2023-08,1335,2
2023-08,1336,1
2023-08,1337,2
2023-08,1338,3
2023-08,1339,2
2023-08,1340,3
2023-08,1341,3
2023-08,1343,2
2023-08,1344,1
2023-08,1345,1
2023-08,1346,1
2023-08,1347,3
2023-08,1348,1
2023-08,1349,1
2023-08,1350,2
2023-08,1351,1
2023-08,1352,2
2023-08,1353,2
2023-08,1355,1
2023-08,1356,3
2023-08,1357,2
2023-08,1358,2
2023-08,1392,3
2023-08,1393,3
2023-08,1394,3
2023-08,1395,5
2023-08,1396,5
2023-08,1397,5
2023-08,1398,5
2023-08,1399,3
2023-08,1400,5
2023-08,1401,3
2023-08,1402,5
2023-08,1403,5
2023-08,1404,3
2023-08,1405,3
2023-08,1406,3
2023-08,1407,3
2023-08,1408,5
2023-08,1409,5
2023-08,1410,5
2023-08,1411,3
2023-08,1412,1
2023-08,1413,3
2023-08,1414,3
2023-08,1415,1
2023-08,1416,1
2023-08,1417,1
2023-08,1419,1
2023-08,1420,1
2023-08,1421,1
2023-08,1422,3
2023-08,1423,1
2023-08,1425,3
2023-08,1426,1
2023-08,1427,3
2023-08,1428,1
2023-08,1429,1
2023-08,1430,4
2023-08,1431,4
2023-08,1438,4
2023-08,1439,5
2023-08,1440,5
2023-08,1443,5
2023-08,1444,5
2023-08,1445,5
2023-08,1446,5
2023-08,1447,5
2023-08,1448,5
2023-08,1449,3
2023-08,1453,5
2023-08,1454,5
2023-08,1456,5
2023-08,1457,5
2023-08,1459,5
2023-08,1461,5
2023-08,1463,5
2023-08,1464,5
2023-08,1465,5
2023-08,1467,5
2023-08,1468,5
2023-08,1472,5
2023-08,1473,3
2023-08,1474,3
2023-08,1475,5
2023-08,1477,3
2023-08,1478,3
2023-08,1480,5
2023-08,1481,5
2023-08,1483,3
2023-08,1484,5
2023-08,1486,3
2023-08,1488,5
2023-08,1489,3
2023-08,1490,5
2023-08,1491,5
2023-08,1492,5
2023-08,1493,5
2023-08,1494,3
2023-08,1495,5
2023-08,1496,5
2023-08,1500,5
2023-08,1501,5
2023-08,1504,3
2023-08,1506,5
2023-08,1507,5
2023-08,1508,5
2023-08,1509,5
2023-08,1510,3
2023-08,1511,5
2023-08,1512,5
2023-08,1518,5
2023-08,1519,5
2023-08,1520,3
2023-08,1521,5
2023-08,1522,3
2023-08,1523,5
2023-08,1525,5
2023-08,1526,3
2023-08,1527,5
2023-08,1528,3
2023-08,1529,3
2023-08,1530,3
2023-08,1532,1
2023-08,1533,3
2023-08,1534,3
2023-08,1535,3
2023-08,1536,3
2023-08,1537,1
2023-08,1539,3
2023-08,1540,3
2023-08,1541,1
2023-08,1542,3
2023-08,1543,1
2023-08,1544,1
2023-08,1545,1
2023-08,1546,3
2023-08,1547,1
2023-08,1548,1
2023-08,1549,3
2023-08,1550,3
2023-08,1551,1
2023-08,1552,1
2023-08,1553,3
2023-08,1554,1
2023-08,1555,3
2023-08,1556,3
2023-08,1557,3
2023-08,1558,1
2023-08,1559,1
2023-08,1560,5
2023-08,1561,1
2023-08,1562,3
2023-08,1563,3
2023-08,1564,1
2023-08,1565,3
2023-08,1566,1
2023-08,1567,1
2023-08,1568,3
2023-08,1569,1
2023-08,1570,1
2023-08,1571,1
2023-08,1572,3
2023-08,1573,1
2023-08,1574,3
2023-08,1575,5
2023-08,1577,3
2023-08,1578,3
2023-08,1579,3
2023-08,1580,1
2023-08,1581,1
2023-08,1582,1
2023-08,1583,3
2023-08,1584,1
2023-08,1585,1
2023-08,1586,5
2023-08,1587,1
2023-08,1588,3
2023-08,1589,3
2023-08,1590,3
2023-08,1591,1
2023-08,1592,3
2023-08,1593,1
2023-08,1594,1
2023-08,1595,3
2023-08,1596,3
2023-08,1597,5
2023-08,1598,5
2023-08,1599,5
2023-08,1600,5
2023-08,1601,5
2023-08,1602,2
2023-08,1603,3
2023-08,1604,2
2023-08,1605,1
2023-08,1606,1
2023-08,1607,1
2023-08,1608,3
2023-08,1609,2
2023-08,1610,3
2023-08,1611,3
2023-08,1612,3
2023-08,1613,1
2023-08,1614,1
2023-08,1615,3
2023-08,1616,1
2023-08,1617,1
2023-08,1618,1
2023-08,1619,3
2023-08,1620,5
2023-08,1621,2
2023-08,1622,1
2023-08,1623,2
2023-08,1624,3
2023-08,1625,2
2023-08,1626,1
2023-08,1627,3
2023-08,1628,2
2023-08,1629,3
2023-08,1630,2
2023-08,1631,3
2023-08,1632,5
2023-08,1633,3
2023-08,1634,3
2023-08,1635,2
2023-08,1636,2
2023-08,1637,2
2023-08,1638,2
2023-08,1639,3
2023-08,1640,2
2023-08,1641,3
2023-08,1642,1
2023-08,1643,3
2023-08,1644,3
2023-08,1645,3
2023-08,1646,2
2023-08,1647,2
2023-08,1648,1
2023-08,1649,2
2023-08,1650,2
2023-08,1651,2
2023-08,1652,5
2023-08,1653,3
2023-08,1654,2
2023-08,1655,3
2023-08,1656,3
2023-08,1657,1
2023-08,1658,3
2023-08,1659,3
2023-08,1660,1
2023-08,1661,2
2023-08,1662,2
2023-08,1663,2
2023-08,1664,2
2023-08,1665,5
2023-08,1666,1
2023-08,1667,3
2023-08,1668,5
2023-08,1669,3
2023-08,1670,3
2023-08,1671,3
2023-08,1672,3
2023-08,1673,3
2023-08,1674,3
2023-08,1675,3
2023-08,1676,3
2023-08,1678,1
2023-08,1679,3
2023-08,1680,1
2023-08,1681,1
2023-08,1682,3
2023-08,1683,3
2023-08,1685,3
2023-08,1686,3
2023-08,1687,2
2023-08,1688,3
2023-08,1689,1
2023-08,1690,1
2023-08,1691,1
2023-08,1692,3
2023-08,1693,2
2023-08,1694,3
2023-08,1696,3
2023-08,1697,3
2023-08,1698,1
2023-08,1699,3
2023-08,1700,3
2023-08,1701,3
2023-08,1702,1
2023-08,1703,3
2023-08,1704,3
2023-08,1705,3
2023-08,1706,1
2023-08,1707,5
2023-08,1708,3
2023-08,1709,3
2023-08,1710,3
2023-08,1711,3
2023-08,1712,3
2023-08,1714,1
2023-08,1715,3
2023-08,1717,1
2023-08,1718,1
2023-08,1719,3
2023-08,1722,1
2023-08,1724,1
2023-08,1725,1
2023-08,1726,5
2023-08,1727,1
2023-08,1728,1
2023-08,1730,3
2023-08,1731,3
2023-08,1732,1
2023-08,1733,3
2023-08,1737,1
2023-08,1738,1
2023-08,1739,1
2023-08,1740,3
2023-08,1741,1
2023-08,1742,3
2023-08,1743,1
2023-08,1744,1
2023-08,1745,1
2023-08,1746,1
2023-08,1747,1
2023-08,1749,1
2023-08,1750,1
2023-08,1751,2
2023-08,1752,3
2023-08,1753,1
2023-08,1754,1
2023-08,1755,1
2023-08,1756,1
2023-08,1757,1
2023-08,1758,5
2023-08,1759,1
2023-08,1760,1
2023-08,1761,1
2023-08,1762,1
2023-08,1764,5
2023-08,1765,3
2023-08,1766,3
2023-08,1768,3
2023-08,1769,1
2023-08,1770,3
2023-08,1771,1
2023-08,1773,1
2023-08,1774,3
2023-08,1775,1
2023-08,1776,3
2023-08,1777,1
2023-08,1778,3
2023-08,1780,3
2023-08,1781,3
2023-08,1782,3
2023-08,1783,5
2023-08,1784,1
2023-08,1785,3
2023-08,1786,3
2023-08,1787,1
2023-08,1788,3
2023-08,1845,5
2023-08,1846,3
2023-08,1848,1
2023-08,1849,1
2023-08,1850,3
2023-08,1851,1
2023-08,1852,1
2023-08,1853,1
2023-08,1854,1
2023-08,1855,1
2023-08,1856,1
2023-08,1857,1
2023-08,1858,3
2023-08,1859,3
2023-08,1860,1
2023-08,1861,3
2023-08,1862,1
2023-08,1863,3
2023-08,1864,1
2023-08,1865,1
2023-08,1868,1
2023-08,1869,1
2023-08,1870,1
2023-08,1871,3
2023-08,1872,1
2023-08,1873,1
2023-08,1874,5
2023-08,1875,3
2023-08,1876,3
2023-08,1877,5
2023-08,1878,3
2023-08,1879,3
2023-08,1880,3
2023-08,1881,5
2023-08,1883,3
2023-08,1884,1
2023-08,1885,3
2023-08,1886,3
2023-08,1887,1
2023-08,1888,3
2023-08,1889,3
2023-08,1890,5
2023-08,1891,1
2023-08,1892,1
2023-08,1893,1
2023-08,1894,3
2023-08,1895,3
2023-08,1896,1
2023-08,1897,1
2023-08,1898,3
2023-08,1899,3
2023-08,1900,3
2023-08,1901,3
2023-08,1902,1
2023-08,1903,3
2023-08,1904,3
2023-08,1905,5
2023-08,1906,3
2023-08,1907,1
2023-08,1908,1
2023-08,1909,1
2023-08,1910,1
2023-08,1912,3
2023-08,1915,1
2023-08,1916,1
2023-08,1917,3
2023-08,1918,1
2023-08,1919,3
2023-08,1920,3
2023-08,1921,1
2023-08,1922,3
2023-08,1923,3
2023-08,1924,1
2023-08,1925,1
2023-08,1926,1
2023-08,1927,1
2023-08,1928,1
2023-08,1929,1
2023-08,1930,1
2023-08,1931,3
2023-08,1932,1
2023-08,1933,1
2023-08,1934,3
2023-08,1935,1
2023-08,1936,3
2023-08,1937,1
2023-08,1938,1
2023-08,1939,3
2023-08,1940,1
2023-08,1941,1
2023-08,1942,1
2023-08,1943,1
2023-08,1944,1
2023-08,1945,1
2023-08,1947,3
2023-08,1948,3
2023-08,1949,1
2023-08,1950,3
2023-08,1951,3
2023-08,1952,5
2023-08,1954,4
2023-08,1955,4
2023-08,1956,4
2023-08,1957,4
2023-08,1958,4
2023-08,1959,4
2023-08,1960,4
2023-08,1961,5
2023-08,1962,4
2023-08,1963,4
2023-08,1965,2
2023-08,1966,4
2023-08,1967,4
2023-08,1968,4
2023-08,1969,4
2023-08,1970,4
2023-08,1971,5
2023-08,1972,3
2023-08,1973,3
2023-08,1974,3
2023-08,1975,3
2023-08,1976,3
2023-08,1977,5
2023-08,1978,3
2023-08,1979,5
2023-08,1980,3
2023-08,1981,3
2023-08,1982,3
2023-08,1983,3
2023-08,1984,3
2023-08,1985,3
2023-08,1986,5
2023-08,1987,3
2023-08,1988,3
2023-08,1989,3
2023-08,1990,3
2023-08,1991,3
2023-08,1992,3
2023-08,1993,5
2023-08,1994,3
2023-08,1995,3
2023-08,1996,3
2023-08,1997,3
2023-08,1999,3
2023-08,2000,5
2023-08,2001,3
2023-08,2002,3
2023-08,2004,5
2023-08,2005,3
2023-08,2006,5
2023-08,2007,3
2023-08,2008,3
2023-08,2009,3
2023-08,2010,3
2023-08,2011,3
2023-08,2012,3
2023-08,2015,3
2023-08,2017,2
2023-08,2018,2
2023-08,2019,3
2023-08,2021,3
2023-08,2022,1
2023-08,2023,3
2023-08,2024,3
2023-08,2025,2
2023-08,2027,3
2023-08,2028,3
2023-08,2030,2
2023-08,2031,3
2023-08,2032,5
2023-08,2033,5
2023-08,2034,3
2023-08,2035,3
2023-08,2036,3
2023-08,2037,1
2023-08,2039,3
2023-08,2040,5
2023-08,2041,3
2023-08,2042,3
2023-08,2043,1
2023-08,2044,5
2023-08,2045,3
2023-08,2046,3
2023-08,2047,3
2023-08,2048,3
2023-08,2049,1
2023-08,2050,1
2023-08,2051,3
2023-08,2052,3
2023-08,2053,1
2023-08,2054,1
2023-08,2055,3
2023-08,2056,1
2023-08,2057,1
2023-08,2058,3
2023-08,2059,3
2023-08,2060,3
2023-08,2061,1
2023-08,2062,3
2023-08,2063,5
2023-08,2064,3
2023-08,2065,1
2023-08,2066,1
2023-08,2067,1
2023-08,2068,1
2023-08,2069,3
2023-08,2070,3
2023-08,2072,1
2023-08,2073,3
2023-08,2074,3
2023-08,2075,1
2023-08,2076,1
2023-08,2077,1
2023-08,2078,1
2023-08,2079,1
2023-08,2080,1
2023-08,2081,1
2023-08,2082,1
2023-08,2085,1
2023-08,2087,1
2023-08,2088,1
2023-08,2089,1
2023-08,2090,1
2023-08,2091,1
2023-08,2093,1
2023-08,2094,1
2023-08,2095,1
2023-08,2096,1
2023-08,2098,1
2023-08,2100,1
2023-08,2101,5
2023-08,2105,3
2023-08,2108,3
2023-08,2109,3
2023-08,2110,1
2023-08,2111,3
2023-08,2112,1
2023-08,2113,3
2023-08,2114,1
2023-08,2116,1
2023-08,2117,1
2023-08,2118,1
2023-08,2119,5
2023-08,2120,3
2023-08,2121,3
2023-08,2122,3
2023-08,2124,3
2023-08,2125,1
2023-08,2126,3
2023-08,2127,1
2023-08,2128,1
2023-08,2129,1
2023-08,2130,2
2023-08,2131,3
2023-08,2132,3
2023-08,2133,1
2023-08,2134,3
2023-08,2136,2
2023-08,2137,1
2023-08,2138,1
2023-08,2139,3
2023-08,2140,1
2023-08,2142,1
2023-08,2143,1
2023-08,2144,5
2023-08,2145,3
2023-08,2146,3
2023-08,2148,3
2023-08,2149,3
2023-08,2150,2
2023-08,2151,3
2023-08,2152,1
2023-08,2153,3
2023-08,2154,3
2023-08,2155,3
2023-08,2156,1
2023-08,2157,3
2023-08,2158,3
2023-08,2159,2
2023-08,2160,1
2023-08,2161,5
2023-08,2162,1
2023-08,2163,3
2023-08,2164,5
2023-08,2165,3
2023-08,2167,3
2023-08,2168,3
2023-08,2169,5
2023-08,2171,3
2023-08,2172,1
2023-08,2173,3
2023-08,2174,3
2023-08,2175,1
2023-08,2176,3
2023-08,2177,3
2023-08,2178,3
2023-08,2179,3
2023-08,2180,3
2023-08,2181,1
2023-08,2182,3
2023-08,2183,3
2023-08,2184,1
2023-08,2185,1
2023-08,2186,3
2023-08,2187,3
2023-08,2188,3
2023-08,2189,3
2023-08,2190,5
2023-08,2191,2
2023-08,2192,3
2023-08,2193,5
2023-08,2194,2
2023-08,2195,2
2023-08,2196,2
2023-08,2197,2
2023-08,2198,1
2023-08,2199,2
2023-08,2200,1
2023-08,2201,2
2023-08,2202,2
2023-08,2203,2
2023-08,2204,2
2023-08,2205,3
2023-08,2206,2
2023-08,2207,1
2023-08,2208,2
2023-08,2210,5
2023-08,2211,3
2023-08,2212,2
2023-08,2213,2
2023-08,2215,2
2023-08,2216,5
2023-08,2217,5
2023-08,2218,5
2023-08,2219,5
2023-08,2220,5
2023-08,2221,5
2023-08,2222,5
2023-08,2223,5
2023-08,2224,5
2023-08,2225,5
2023-08,2226,5
2023-08,2227,5
2023-08,2228,5
2023-08,2229,5
2023-08,2230,5
2023-08,2231,5
2023-08,2232,5
2023-08,2233,3
2023-08,2234,3
2023-08,2235,5
2023-08,2236,5
2023-08,2237,5
2023-08,2238,5
2023-08,2241,5
2023-08,2242,5
2023-08,2243,5
2023-08,2244,4
2023-08,2245,5
2023-08,2248,4
2023-08,2249,4
2023-08,2250,4
2023-08,2251,5
2023-08,2252,3
2023-08,2253,3
2023-08,2254,1
2023-08,2255,1
2023-08,2256,1
2023-08,2257,1
2023-08,2258,1
2023-08,2259,1
2023-08,2260,1
2023-08,2262,1
2023-08,2264,3
2023-08,2265,1
2023-08,2266,1
2023-08,2267,1
2023-08,2268,1
2023-08,2269,1
2023-08,2270,1
2023-08,2271,1
2023-08,2272,3
2023-08,2274,3
2023-08,2275,5
2023-08,2276,3
2023-08,2278,3
2023-08,2279,5
2023-08,2280,3
2023-08,2281,5
2023-08,2282,5
2023-08,2286,3
2023-08,2287,3
2023-08,2288,3
2023-08,2289,3
2023-08,2292,2
2023-08,2293,3
2023-08,2294,3
2023-08,2295,2
2023-08,2296,3
2023-08,2297,3
2023-08,2298,3
2023-08,2299,3
2023-08,2300,3
2023-08,2301,3
2023-08,2302,3
2023-08,2303,3
2023-08,2304,3
2023-08,2305,2
2023-08,2307,3
2023-08,2308,3
2023-08,2309,3
2023-08,2310,3
2023-08,2311,3
2023-08,2312,5
2023-08,2314,3
2023-08,2315,1
2023-08,2316,3
2023-08,2317,2
2023-08,2318,5
2023-08,2320,3
2023-08,2321,3
2023-08,2322,3
2023-08,2323,1
2023-08,2324,3
2023-08,2325,3
2023-08,2326,3
2023-08,2327,3
2023-08,2328,3
2023-08,2329,3
2023-08,2330,3
2023-08,2332,3
2023-08,2333,3
2023-08,2334,3
2023-08,2335,3
2023-08,2336,3
2023-08,2337,5
2023-08,2338,4
2023-08,2339,4
2023-08,2340,3
2023-08,2341,4
2023-08,2342,4
2023-08,2343,4
2023-08,2344,4
2023-08,2345,4
2023-08,2348,4
2023-08,2349,4
2023-08,2351,5
2023-08,2352,5
2023-08,2353,5
2023-08,2354,5
2023-08,2355,5
2023-08,2356,5
2023-08,2357,5
2023-08,2358,5
2023-08,2359,5
2023-08,2360,5
2023-08,2361,5
2023-08,2362,5
2023-08,2363,5
2023-08,2364,5
2023-08,2365,5
2023-08,2366,5
2023-08,2367,5
2023-08,2368,5
2023-08,2369,5
2023-08,2370,5
2023-08,2371,5
2023-08,2372,5
2023-08,2373,5
2023-08,2374,5
2023-08,2375,5
2023-08,2376,5
2023-08,2377,5
2023-08,2378,5
2023-08,2379,5
2023-08,2380,5
2023-08,2381,5
2023-08,2382,5
2023-08,2383,5
2023-08,2384,5
2023-08,2385,5
2023-08,2386,5
2023-08,2387,5
2023-08,2388,5
2023-08,2389,5
2023-08,2390,5
2023-08,2391,5
2023-08,2392,5
2023-08,2393,5
2023-08,2395,5
2023-08,2398,5
2023-08,2399,5
2023-08,2400,5
2023-08,2401,5
2023-08,2402,5
2023-08,2403,5
2023-08,2404,5
2023-08,2405,5
2023-08,2406,5
2023-08,2407,5
2023-08,2408,5
2023-08,2409,5
2023-08,2410,5
2023-08,2411,5
2023-08,2412,5
2023-08,2416,5
2023-08,2422,5
2023-08,2423,5
2023-08,2424,5
2023-08,2425,5
2023-08,2426,5
2023-08,2427,5
2023-08,2428,5
2023-08,2429,5
2023-08,2430,5
2023-08,2431,5
2023-08,2432,5
2023-08,2433,5
2023-08,2434,5
2023-08,2435,5
2023-08,2436,5
2023-08,2437,5
2023-08,2439,5
2023-08,2440,5
2023-08,2441,5
2023-08,2442,5
2023-08,2443,5
2023-08,2444,5
2023-08,2445,5
2023-08,2446,5
2023-08,2447,5
2023-08,2449,5
2023-08,2450,5
2023-08,2451,5
2023-08,2452,5
2023-08,2453,5
2023-08,2454,5
2023-08,2455,5
2023-08,2456,5
2023-08,2457,5
2023-08,2458,5
2023-08,2459,5
2023-08,2460,5
2023-08,2461,5
2023-08,2462,5
2023-08,2463,5
2023-08,2464,5
2023-08,2465,5
2023-08,2466,5
2023-08,2467,5
2023-08,2468,5
2023-08,2469,5
2023-08,2470,5
2023-08,2471,5
2023-08,2472,5
2023-08,2473,5
2023-08,2474,5
2023-08,2475,5
2023-08,2476,5
2023-08,2477,5
2023-08,2478,5
2023-08,2479,5
2023-08,2480,5
2023-08,2481,5
2023-08,2482,5
2023-08,2483,5
2023-08,2484,5
2023-08,2485,5
2023-08,2486,5
2023-08,2487,5
2023-08,2488,5
2023-08,2489,5
2023-08,2490,5
2023-08,2491,5
2023-08,2492,5
2023-08,2493,5
2023-08,2494,5
2023-08,2495,5
2023-08,2496,5
2023-08,2497,5
2023-08,2498,5
2023-08,2499,5
2023-08,2500,5
2023-08,2501,5
2023-08,2502,5
2023-08,2503,5
2023-08,2504,5
2023-08,2505,5
2023-08,2506,5
2023-08,2507,5
2023-08,2508,5
2023-08,2509,5
2023-08,2510,5
2023-08,2511,5
2023-08,2512,5
2023-08,2513,5
2023-08,2514,5
2023-08,2515,5
2023-08,2516,5
2023-08,2517,5
2023-08,2518,5
2023-08,2519,5
2023-08,2520,5
2023-08,2521,5
2023-08,2522,5
2023-08,2523,5
2023-08,2524,5
2023-08,2525,5
2023-08,2526,5
2023-08,2527,5
2023-08,2528,5
2023-08,2529,5
2023-08,2530,5
2023-08,2531,5
2023-08,2532,5
2023-08,2533,5
2023-08,2534,5
2023-08,2535,5
2023-08,2536,5
2023-08,2537,5
2023-08,2538,5
2023-08,2539,5
2023-08,2540,5
2023-08,2541,5
2023-08,2542,5
2023-08,2543,5
2023-08,2544,5
2023-08,2545,5
2023-08,2546,5
2023-08,2547,5
2023-08,2548,5
2023-08,2549,5
2023-08,2550,5
2023-08,2551,5
2023-08,2552,5
2023-08,2553,5
2023-08,2554,5
2023-08,2555,5
2023-08,2556,5
2023-08,2557,5
2023-08,2558,5
2023-08,2559,5
2023-08,2560,5
2023-08,2561,5
2023-08,2562,5
2023-08,2563,5
2023-08,2564,5
2023-08,2565,5
2023-08,2566,5
2023-08,2567,5
2023-08,2568,5
2023-08,2569,5
2023-08,2570,5
2023-08,2571,5
2023-08,2572,5
2023-08,2573,5
2023-08,2574,5
2023-08,2575,5
2023-08,2576,5
2023-08,2577,5
2023-08,2578,5
2023-08,2579,5
2023-08,2580,5
2023-08,2581,5
2023-08,2582,5
2023-08,2583,5
2023-08,2584,5
2023-08,2585,5
2023-08,2586,5
2023-08,2587,5
2023-08,2588,5
2023-08,2589,5
2023-08,2590,5
2023-08,2591,5
2023-08,2592,5
2023-08,2593,3
2023-08,2595,3
2023-08,2596,5
2023-08,2597,5
2023-08,2598,3
2023-08,2599,5
2023-08,2600,5
2023-08,2601,5
2023-08,2602,5
2023-08,2604,5
2023-08,2605,5
2023-08,2606,5
2023-08,2607,5
2023-08,2618,1
2023-08,2619,3
2023-08,2620,5
2023-08,2621,5
2023-08,2644,5
2023-08,2646,5
2023-08,2647,3
2023-08,2648,5
2023-08,2649,5
2023-08,2651,5
2023-08,2652,5
2023-08,2710,3
2023-08,2808,5
2023-08,2809,3
2023-08,2813,3
2023-08,2814,5
2023-08,2872,4
2023-08,2876,5
2023-08,2879,5
2023-08,2880,4
2023-08,2881,5
2023-08,2882,5
2023-08,2883,3
2023-08,2884,3
2023-08,2885,3
2023-08,2886,3
2023-08,2887,5
2023-08,3005,3
2023-08,3007,3
2023-08,3009,5
2023-08,3011,3
2023-08,3012,3
2023-08,3013,5
2023-09,1,5
2023-09,2,3
2023-09,3,3
2023-09,4,2
2023-09,5,2
2023-09,6,2
2023-09,7,5
2023-09,8,2
2023-09,9,2
2023-09,10,5
2023-09,11,2
2023-09,12,5
2023-09,13,2
2023-09,14,2
2023-09,15,2
2023-09,16,2
2023-09,17,2
2023-09,18,2
2023-09,19,2
2023-09,20,2
2023-09,21,5
2023-09,22,3
2023-09,23,5
2023-09,25,5
2023-09,26,5
2023-09,27,5
2023-09,28,5
2023-09,29,5
2023-09,30,2
2023-09,31,2
2023-09,32,2
2023-09,33,2
2023-09,34,3
2023-09,35,2
2023-09,36,2
2023-09,37,2
2023-09,38,5
2023-09,39,2
2023-09,40,2
2023-09,41,2
2023-09,42,5
2023-09,43,2
2023-09,44,3
2023-09,45,2
2023-09,46,2
2023-09,47,2
2023-09,48,2
2023-09,49,3
2023-09,50,2
2023-09,51,5
2023-09,52,1
2023-09,53,2
2023-09,54,2
2023-09,55,5
2023-09,56,2
2023-09,57,5
2023-09,58,3
2023-09,59,2
2023-09,60,2
2023-09,61,2
2023-09,62,2
2023-09,63,2
2023-09,65,3
2023-09,66,5
2023-09,67,2
2023-09,68,2
2023-09,69,2
2023-09,70,3
2023-09,71,2
2023-09,72,1
2023-09,73,5
2023-09,74,2
2023-09,75,5
2023-09,76,5
2023-09,77,5
2023-09,78,2
2023-09,79,2
2023-09,80,2
2023-09,81,3
2023-09,82,2
2023-09,83,2
2023-09,167,5
2023-09,168,5
2023-09,169,3
2023-09,173,3
2023-09,181,1
2023-09,184,1
2023-09,185,1
2023-09,188,1
2023-09,191,1
2023-09,194,5
2023-09,195,3
2023-09,196,5
2023-09,198,1
2023-09,201,5
2023-09,203,3
2023-09,204,3
2023-09,205,5
2023-09,206,5
2023-09,207,5
2023-09,208,3
2023-09,209,2
2023-09,210,3
2023-09,211,3
2023-09,212,3
2023-09,213,3
2023-09,214,3
2023-09,215,3
2023-09,216,3
2023-09,217,3
2023-09,218,5
2023-09,219,3
2023-09,220,2
2023-09,221,3
2023-09,222,5
2023-09,223,3
2023-09,224,5
2023-09,225,4
2023-09,226,3
2023-09,227,4
2023-09,228,3
2023-09,229,5
2023-09,230,2
2023-09,231,3
2023-09,232,2
2023-09,233,3
2023-09,234,3
2023-09,235,3
2023-09,236,3
2023-09,237,5
2023-09,238,3
2023-09,239,3
2023-09,240,3
2023-09,241,3
2023-09,242,2
2023-09,243,2
2023-09,269,5
2023-09,270,3
2023-09,271,3
2023-09,272,2
2023-09,273,2
2023-09,274,3
2023-09,275,2
2023-09,276,3
2023-09,277,2
2023-09,278,5
2023-09,279,3
2023-09,280,2
2023-09,281,3
2023-09,282,2
2023-09,283,3
2023-09,284,3
2023-09,285,1
2023-09,287,1
2023-09,288,1
2023-09,289,1
2023-09,290,1
2023-09,292,1
2023-09,293,1
2023-09,294,1
2023-09,295,1
2023-09,296,1
2023-09,297,1
2023-09,298,1
2023-09,300,1
2023-09,301,2
2023-09,302,1
2023-09,303,3
2023-09,304,1
2023-09,305,1
2023-09,306,1
2023-09,307,1
2023-09,308,3
2023-09,309,4
2023-09,312,4
2023-09,314,4
2023-09,316,4
2023-09,317,4
2023-09,318,4
2023-09,319,4
2023-09,320,4
2023-09,321,4
2023-09,323,4
2023-09,324,4
2023-09,325,4
2023-09,326,4
2023-09,327,4
2023-09,329,4
2023-09,330,4
2023-09,331,4
2023-09,332,4
2023-09,333,4
2023-09,334,4
2023-09,335,4
2023-09,336,4
2023-09,337,4
2023-09,338,4
2023-09,339,4
2023-09,340,4
2023-09,341,4
2023-09,342,4
2023-09,343,4
2023-09,345,5
2023-09,346,5
2023-09,347,5
2023-09,348,5
2023-09,349,1
2023-09,351,5
2023-09,352,5
2023-09,354,5
2023-09,355,5
2023-09,356,3
2023-09,357,2
2023-09,358,2
2023-09,359,1
2023-09,360,3
2023-09,361,2
2023-09,362,5
2023-09,363,1
2023-09,364,2
2023-09,365,1
2023-09,366,2
2023-09,367,2
2023-09,368,5
2023-09,369,2
2023-09,370,3
2023-09,371,5
2023-09,372,2
2023-09,373,5
2023-09,374,3
2023-09,375,5
2023-09,376,2
2023-09,377,2
2023-09,378,2
2023-09,379,5
2023-09,380,5
2023-09,381,2
2023-09,382,3
2023-09,383,2
2023-09,384,1
2023-09,385,5
2023-09,386,2
2023-09,387,3
2023-09,388,5
2023-09,390,2
2023-09,391,1
2023-09,392,3
2023-09,393,3
2023-09,395,2
2023-09,396,1
2023-09,397,3
2023-09,398,3
2023-09,401,2
2023-09,402,2
2023-09,403,2
2023-09,404,2
2023-09,405,2
2023-09,408,3
2023-09,410,2
2023-09,413,2
2023-09,414,2
2023-09,416,2
2023-09,418,5
2023-09,419,5
2023-09,420,5
2023-09,421,2
2023-09,422,5
2023-09,423,1
2023-09,424,3
2023-09,425,1
2023-09,428,1
2023-09,429,3
2023-09,430,5
2023-09,431,3
2023-09,432,3
2023-09,433,1
2023-09,434,1
2023-09,435,2
2023-09,436,1
2023-09,437,3
2023-09,438,2
2023-09,440,3
2023-09,441,2
2023-09,442,2
2023-09,443,2
2023-09,444,3
2023-09,445,3
2023-09,446,2
2023-09,447,1
2023-09,448,5
2023-09,449,2
2023-09,450,3
2023-09,451,3
2023-09,452,5
2023-09,453,2
2023-09,455,2
2023-09,456,2
2023-09,457,2
2023-09,458,2
2023-09,459,2
2023-09,460,2
2023-09,478,5
2023-09,479,1
2023-09,480,3
2023-09,481,5
2023-09,482,3
2023-09,484,2
2023-09,485,1
2023-09,486,1
2023-09,487,1
2023-09,489,3
2023-09,490,1
2023-09,491,2
2023-09,492,1
2023-09,493,3
2023-09,494,3
2023-09,495,1
2023-09,496,1
2023-09,497,3
2023-09,498,3
2023-09,499,2
2023-09,501,3
2023-09,502,1
2023-09,503,2
2023-09,504,5
2023-09,505,3
2023-09,506,5
2023-09,507,5
2023-09,508,3
2023-09,509,5
2023-09,510,5
2023-09,511,3
2023-09,512,3
2023-09,515,2
2023-09,516,1
2023-09,517,2
2023-09,518,3
2023-09,519,1
2023-09,520,1
2023-09,521,3
2023-09,522,3
2023-09,523,1
2023-09,524,2
2023-09,525,2
2023-09,527,3
2023-09,528,3
2023-09,529,2
2023-09,530,3
2023-09,531,3
2023-09,532,2
2023-09,533,1
2023-09,534,2
2023-09,535,2
2023-09,536,2
2023-09,537,2
2023-09,538,3
2023-09,539,2
2023-09,540,2
2023-09,541,1
2023-09,542,3
2023-09,543,3
2023-09,544,2
2023-09,545,3
2023-09,546,2
2023-09,547,2
2023-09,548,3
2023-09,549,2
2023-09,550,2
2023-09,552,2
2023-09,553,1
2023-09,554,2
2023-09,555,2
2023-09,556,2
2023-09,557,1
2023-09,558,2
2023-09,559,3
2023-09,560,2
2023-09,561,3
2023-09,562,1
2023-09,563,1
2023-09,564,2
2023-09,565,3
2023-09,566,2
2023-09,567,1
2023-09,568,3
2023-09,569,2
2023-09,570,2
2023-09,571,2
2023-09,572,2
2023-09,574,3
2023-09,578,5
2023-09,579,4
2023-09,580,4
2023-09,581,5
2023-09,582,4
2023-09,583,2
2023-09,584,3
2023-09,585,3
2023-09,586,2
2023-09,587,2
2023-09,588,4
2023-09,589,2
2023-09,591,2
2023-09,592,2
2023-09,593,2
2023-09,594,2
2023-09,595,2
2023-09,598,2
2023-09,599,3
2023-09,600,4
2023-09,601,2
2023-09,602,2
2023-09,603,2
2023-09,604,2
2023-09,605,2
2023-09,606,2
2023-09,607,2
2023-09,608,5
2023-09,612,5
2023-09,613,4
2023-09,614,4
2023-09,615,4
2023-09,616,4
2023-09,618,4
2023-09,619,4
2023-09,621,4
2023-09,666,5
2023-09,667,5
2023-09,668,3
2023-09,669,3
2023-09,670,3
2023-09,671,3
2023-09,674,5
2023-09,675,3
2023-09,676,5
2023-09,677,3
2023-09,678,4
2023-09,679,5
2023-09,680,3
2023-09,683,1
2023-09,685,3
2023-09,686,5
2023-09,687,1
2023-09,689,3
2023-09,690,2
2023-09,691,2
2023-09,692,2
2023-09,693,5
2023-09,694,3
2023-09,695,2
2023-09,696,2
2023-09,697,3
2023-09,698,2
2023-09,699,1
2023-09,701,2
2023-09,702,3
2023-09,703,3
2023-09,704,2
2023-09,705,2
2023-09,706,1
2023-09,708,4
2023-09,710,2
2023-09,711,2
2023-09,712,2
2023-09,713,2
2023-09,714,2
2023-09,715,2
2023-09,716,4
2023-09,717,2
2023-09,718,4
2023-09,719,1
2023-09,720,4
2023-09,721,1
2023-09,722,2
2023-09,723,3
2023-09,725,2
2023-09,726,4
2023-09,727,5
2023-09,731,3
2023-09,734,3
2023-09,735,2
2023-09,736,2
2023-09,737,3
2023-09,738,3
2023-09,739,3
2023-09,741,3
2023-09,742,2
2023-09,743,3
2023-09,744,2
2023-09,745,3
2023-09,746,2
2023-09,747,3
2023-09,748,5
2023-09,749,2
2023-09,751,3
2023-09,752,2
2023-09,753,2
2023-09,754,3
2023-09,755,3
2023-09,756,3
2023-09,757,5
2023-09,758,2
2023-09,760,2
2023-09,761,1
2023-09,763,5
2023-09,764,1
2023-09,765,1
2023-09,766,3
2023-09,767,3
2023-09,769,3
2023-09,770,2
2023-09,771,2
2023-09,773,2
2023-09,774,3
2023-09,775,5
2023-09,776,4
2023-09,777,5
2023-09,778,4
2023-09,779,4
2023-09,780,4
2023-09,781,4
2023-09,782,5
2023-09,783,4
2023-09,784,4
2023-09,785,5
2023-09,787,4
2023-09,788,4
2023-09,789,2
2023-09,790,2
2023-09,791,4
2023-09,792,4
2023-09,793,3
2023-09,794,4
2023-09,795,4
2023-09,796,2
2023-09,797,4
2023-09,798,3
2023-09,799,4
2023-09,800,2
2023-09,801,4
2023-09,802,3
2023-09,803,4
2023-09,804,4
2023-09,805,4
2023-09,806,4
2023-09,807,4
2023-09,808,2
2023-09,809,5
2023-09,810,1
2023-09,811,5
2023-09,812,5
2023-09,813,5
2023-09,814,3
2023-09,815,3
2023-09,817,3
2023-09,818,3
2023-09,819,5
2023-09,820,5
2023-09,821,1
2023-09,822,1
2023-09,823,1
2023-09,824,5
2023-09,825,3
2023-09,826,1
2023-09,827,1
2023-09,828,1
2023-09,829,1
2023-09,830,5
2023-09,831,1
2023-09,832,1
2023-09,833,1
2023-09,834,1
2023-09,835,1
2023-09,836,1
2023-09,838,1
2023-09,839,1
2023-09,840,1
2023-09,841,5
2023-09,842,5
2023-09,843,4
2023-09,844,4
2023-09,846,4
2023-09,847,4
2023-09,848,4
2023-09,849,4
2023-09,851,4
2023-09,852,4
2023-09,853,4
2023-09,854,4
2023-09,855,4
2023-09,856,4
2023-09,857,4
2023-09,859,4
2023-09,860,5
2023-09,870,4
2023-09,871,4
2023-09,872,5
2023-09,873,4
2023-09,874,4
2023-09,875,4
2023-09,876,4
2023-09,877,4
2023-09,878,4
2023-09,879,4
2023-09,880,4
2023-09,881,4
2023-09,882,4
2023-09,883,3
2023-09,884,4
2023-09,885,4
2023-09,886,4
2023-09,888,4
2023-09,889,4
2023-09,890,5
2023-09,891,3
2023-09,892,5
2023-09,895,3
2023-09,896,5
2023-09,897,3
2023-09,898,3
2023-09,899,3
2023-09,900,1
2023-09,901,3
2023-09,902,3
2023-09,903,3
2023-09,904,3
2023-09,905,3
2023-09,907,3
2023-09,908,3
2023-09,909,3
2023-09,911,3
2023-09,912,5
2023-09,913,3
2023-09,914,3
2023-09,915,2
2023-09,916,4
2023-09,917,4
2023-09,918,5
2023-09,920,3
2023-09,922,1
2023-09,923,1
2023-09,924,1
2023-09,925,3
2023-09,926,2
2023-09,927,5
2023-09,928,5
2023-09,929,1
2023-09,930,1
2023-09,986,5
2023-09,987,3
2023-09,988,5
2023-09,989,5
2023-09,991,3
2023-09,992,3
2023-09,993,3
2023-09,994,3
2023-09,995,3
2023-09,996,3
2023-09,998,3
2023-09,999,3
2023-09,1001,3
2023-09,1002,3
2023-09,1003,3
2023-09,1004,3
2023-09,1005,3
2023-09,1006,3
2023-09,1007,5
2023-09,1008,5
2023-09,1009,3
2023-09,1010,3
2023-09,1011,1
2023-09,1012,1
2023-09,1013,1
2023-09,1014,1
2023-09,1015,3
2023-09,1016,1
2023-09,1017,1
2023-09,1018,1
2023-09,1019,1
2023-09,1020,3
2023-09,1021,3
2023-09,1023,1
2023-09,1024,2
2023-09,1025,1
2023-09,1026,3
2023-09,1027,1
2023-09,1028,1
2023-09,1029,1
2023-09,1030,1
2023-09,1031,1
2023-09,1032,1
2023-09,1033,1
2023-09,1034,1
2023-09,1035,1
2023-09,1036,1
2023-09,1037,3
2023-09,1038,1
2023-09,1039,3
2023-09,1040,2
2023-09,1041,1
2023-09,1044,1
2023-09,1047,3
2023-09,1048,2
2023-09,1049,3
2023-09,1051,2
2023-09,1052,2
2023-09,1053,1
2023-09,1054,5
2023-09,1055,2
2023-09,1056,3
2023-09,1057,3
2023-09,1058,2
2023-09,1059,2
2023-09,1060,3
2023-09,1061,2
2023-09,1062,2
2023-09,1063,3
2023-09,1064,2
2023-09,1065,2
2023-09,1066,3
2023-09,1067,1
2023-09,1068,3
2023-09,1069,3
2023-09,1070,3
2023-09,1071,2
2023-09,1072,3
2023-09,1107,5
2023-09,1108,3
2023-09,1109,3
2023-09,1110,3
2023-09,1111,3
2023-09,1112,3
2023-09,1113,3
2023-09,1115,3
2023-09,1116,1
2023-09,1117,5
2023-09,1118,3
2023-09,1119,3
2023-09,1120,3
2023-09,1121,3
2023-09,1122,2
2023-09,1123,3
2023-09,1124,2
2023-09,1125,3
2023-09,1126,1
2023-09,1127,3
2023-09,1128,3
2023-09,1129,3
2023-09,1130,3
2023-09,1131,3
2023-09,1132,3
2023-09,1133,3
2023-09,1134,5
2023-09,1135,5
2023-09,1136,5
2023-09,1137,2
2023-09,1138,3
2023-09,1139,2
2023-09,1140,5
2023-09,1141,5
2023-09,1142,2
2023-09,1143,3
2023-09,1144,2
2023-09,1146,3
2023-09,1147,3
2023-09,1148,2
2023-09,1149,2
2023-09,1150,5
2023-09,1151,3
2023-09,1152,4
2023-09,1153,3
2023-09,1154,3
2023-09,1155,2
2023-09,1157,3
2023-09,1158,3
2023-09,1159,2
2023-09,1160,3
2023-09,1161,3
2023-09,1163,3
2023-09,1164,3
2023-09,1165,5
2023-09,1166,2
2023-09,1167,3
2023-09,1168,3
2023-09,1169,5
2023-09,1170,2
2023-09,1171,2
2023-09,1172,2
2023-09,1173,2
2023-09,1174,2
2023-09,1175,2
2023-09,1176,5
2023-09,1178,2
2023-09,1179,3
2023-09,1180,3
2023-09,1181,3
2023-09,1184,3
2023-09,1185,3
2023-09,1186,5
2023-09,1187,3
2023-09,1188,5
2023-09,1189,2
2023-09,1190,5
2023-09,1191,3
2023-09,1192,2
2023-09,1193,2
2023-09,1194,1
2023-09,1195,1
2023-09,1196,2
2023-09,1197,3
2023-09,1198,5
2023-09,1200,3
2023-09,1201,1
2023-09,1203,3
2023-09,1204,2
2023-09,1205,1
2023-09,1206,3
2023-09,1207,3
2023-09,1208,1
2023-09,1209,3
2023-09,1210,1
2023-09,1211,3
2023-09,1212,3
2023-09,1213,3
2023-09,1214,3
2023-09,1215,1
2023-09,1217,1
2023-09,1218,1
2023-09,1219,3
2023-09,1220,1
2023-09,1221,3
2023-09,1222,1
2023-09,1223,1
2023-09,1224,5
2023-09,1225,5
2023-09,1226,5
2023-09,1227,3
2023-09,1228,3
2023-09,1229,5
2023-09,1230,5
2023-09,1231,5
2023-09,1232,3
2023-09,1233,5
2023-09,1234,3
2023-09,1235,3
2023-09,1236,5
2023-09,1237,3
2023-09,1238,5
2023-09,1240,2
2023-09,1241,3
2023-09,1242,1
2023-09,1243,5
2023-09,1244,3
2023-09,1246,2
2023-09,1249,2
2023-09,1250,5
2023-09,1251,2
2023-09,1252,3
2023-09,1253,2
2023-09,1254,2
2023-09,1256,2
2023-09,1257,2
2023-09,1258,5
2023-09,1259,3
2023-09,1260,3
2023-09,1261,3
2023-09,1262,3
2023-09,1264,2
2023-09,1265,3
2023-09,1266,1
2023-09,1267,2
2023-09,1268,1
2023-09,1269,1
2023-09,1270,3
2023-09,1271,1
2023-09,1272,3
2023-09,1273,1
2023-09,1274,2
2023-09,1275,2
2023-09,1276,2
2023-09,1277,3
2023-09,1278,2
2023-09,1279,3
2023-09,1280,3
2023-09,1281,3
2023-09,1282,2
2023-09,1284,3
2023-09,1285,3
2023-09,1286,3
2023-09,1287,3
2023-09,1288,3
2023-09,1289,2
2023-09,1290,2
2023-09,1291,1
2023-09,1292,2
2023-09,1293,3
2023-09,1294,3
2023-09,1295,3
2023-09,1296,2
2023-09,1297,2
2023-09,1298,3
2023-09,1299,3
2023-09,1300,2
2023-09,1301,3
2023-09,1302,3
2023-09,1303,5
2023-09,1304,3
2023-09,1305,3
2023-09,1306,3
2023-09,1308,3
2023-09,1309,1
2023-09,1310,3
2023-09,1311,1
2023-09,1312,2
2023-09,1313,1
2023-09,1314,1
2023-09,1315,5
2023-09,1316,3
2023-09,1317,1
2023-09,1319,2
2023-09,1320,1
2023-09,1321,3
2023-09,1322,1
2023-09,1323,1
2023-09,1324,2
2023-09,1325,3
2023-09,1326,2
2023-09,1327,1
2023-09,1328,1
2023-09,1329,3
2023-09,1330,1
2023-09,1331,1
2023-09,1333,5
2023-09,1334,3
2023-09,1335,2
2023-09,1336,2
2023-09,1337,2
2023-09,1338,3
2023-09,1339,2
2023-09,1340,1
2023-09,1341,3
2023-09,1343,2
2023-09,1344,1
2023-09,1345,1
2023-09,1346,1
2023-09,1347,3
2023-09,1348,1
2023-09,1349,1
2023-09,1350,2
2023-09,1351,1
2023-09,1352,2
2023-09,1353,1
2023-09,1355,1
2023-09,1356,3
2023-09,1357,2
2023-09,1358,2
2023-09,1392,3
2023-09,1393,3
2023-09,1394,3
2023-09,1395,5
2023-09,1396,5
2023-09,1397,5
2023-09,1398,5
2023-09,1399,3
2023-09,1400,5
2023-09,1401,3
2023-09,1402,5
2023-09,1403,5
2023-09,1404,3
2023-09,1405,3
2023-09,1406,3
2023-09,1407,3
2023-09,1408,5
2023-09,1409,5
2023-09,1410,5
2023-09,1411,5
2023-09,1412,1
2023-09,1413,3
2023-09,1414,3
2023-09,1415,1
2023-09,1416,1
2023-09,1417,1
2023-09,1419,1
2023-09,1420,1
2023-09,1421,2
2023-09,1422,3
2023-09,1423,1
2023-09,1425,3
2023-09,1426,1
2023-09,1427,3
2023-09,1428,1
2023-09,1429,1
2023-09,1430,4
2023-09,1431,4
2023-09,1438,4
2023-09,1439,5
2023-09,1440,5
2023-09,1443,5
2023-09,1444,5
2023-09,1445,5
2023-09,1446,5
2023-09,1447,5
2023-09,1448,5
2023-09,1449,3
2023-09,1453,5
2023-09,1454,5
2023-09,1456,5
2023-09,1457,5
2023-09,1459,5
2023-09,1461,5
2023-09,1463,5
2023-09,1464,5
2023-09,1465,5
2023-09,1467,5
2023-09,1468,5
2023-09,1472,5
2023-09,1473,3
2023-09,1474,3
2023-09,1475,5
2023-09,1477,5
2023-09,1478,3
2023-09,1480,5
2023-09,1481,5
2023-09,1483,3
2023-09,1484,5
2023-09,1486,3
2023-09,1488,5
2023-09,1489,5
2023-09,1490,5
2023-09,1491,5
2023-09,1492,5
2023-09,1493,5
2023-09,1494,3
2023-09,1495,5
2023-09,1496,5
2023-09,1500,5
2023-09,1501,5
2023-09,1504,3
2023-09,1506,5
2023-09,1507,5
2023-09,1508,5
2023-09,1509,5
2023-09,1510,3
2023-09,1511,5
2023-09,1512,5
2023-09,1518,5
2023-09,1519,5
2023-09,1520,3
2023-09,1521,5
2023-09,1522,3
2023-09,1523,5
2023-09,1525,5
2023-09,1526,3
2023-09,1527,5
2023-09,1528,3
2023-09,1529,3
2023-09,1530,1
2023-09,1532,1
2023-09,1533,3
2023-09,1534,1
2023-09,1535,3
2023-09,1536,3
2023-09,1537,1
2023-09,1539,3
2023-09,1540,3
2023-09,1541,1
2023-09,1542,3
2023-09,1543,2
2023-09,1544,1
2023-09,1545,1
2023-09,1546,3
2023-09,1547,1
2023-09,1548,2
2023-09,1549,3
2023-09,1550,3
2023-09,1551,1
2023-09,1552,1
2023-09,1553,3
2023-09,1554,1
2023-09,1555,3
2023-09,1556,3
2023-09,1557,3
2023-09,1558,1
2023-09,1559,1
2023-09,1560,5
2023-09,1561,1
2023-09,1562,3
2023-09,1563,3
2023-09,1564,1
2023-09,1565,3
2023-09,1566,3
2023-09,1567,1
2023-09,1568,3
2023-09,1569,1
2023-09,1570,3
2023-09,1571,3
2023-09,1572,2
2023-09,1573,1
2023-09,1574,3
2023-09,1575,5
2023-09,1577,3
2023-09,1578,3
2023-09,1579,3
2023-09,1580,1
2023-09,1581,1
2023-09,1582,3
2023-09,1583,3
2023-09,1584,1
2023-09,1585,1
2023-09,1586,5
2023-09,1587,3
2023-09,1588,3
2023-09,1589,3
2023-09,1590,2
2023-09,1591,1
2023-09,1592,3
2023-09,1593,1
2023-09,1594,2
2023-09,1595,3
2023-09,1596,3
2023-09,1597,5
2023-09,1598,5
2023-09,1599,5
2023-09,1600,5
2023-09,1601,5
2023-09,1602,2
2023-09,1603,2
2023-09,1604,2
2023-09,1605,1
2023-09,1606,1
2023-09,1607,1
2023-09,1608,3
2023-09,1609,2
2023-09,1610,3
2023-09,1611,3
2023-09,1612,3
2023-09,1613,1
2023-09,1614,1
2023-09,1615,3
2023-09,1616,3
2023-09,1617,1
2023-09,1618,3
2023-09,1619,3
2023-09,1620,5
2023-09,1621,2
2023-09,1622,1
2023-09,1623,2
2023-09,1624,3
2023-09,1625,2
2023-09,1626,1
2023-09,1627,3
2023-09,1628,2
2023-09,1629,3
2023-09,1630,2
2023-09,1631,3
2023-09,1632,5
2023-09,1633,3
2023-09,1634,3
2023-09,1635,2
2023-09,1636,2
2023-09,1637,2
2023-09,1638,2
2023-09,1639,3
2023-09,1640,2
2023-09,1641,3
2023-09,1642,1
2023-09,1643,3
2023-09,1644,3
2023-09,1645,3
2023-09,1646,2
2023-09,1647,2
2023-09,1648,1
2023-09,1649,2
2023-09,1650,3
2023-09,1651,2
2023-09,1652,5
2023-09,1653,3
2023-09,1654,2
2023-09,1655,3
2023-09,1656,3
2023-09,1657,2
2023-09,1658,3
2023-09,1659,3
2023-09,1660,2
2023-09,1661,2
2023-09,1662,2
2023-09,1663,3
2023-09,1664,3
2023-09,1665,5
2023-09,1666,1
2023-09,1667,3
2023-09,1668,5
2023-09,1669,3
2023-09,1670,3
2023-09,1671,3
2023-09,1672,3
2023-09,1673,3
2023-09,1674,3
2023-09,1675,3
2023-09,1676,3
2023-09,1678,3
2023-09,1679,3
2023-09,1680,1
2023-09,1681,1
2023-09,1682,3
2023-09,1683,3
2023-09,1685,3
2023-09,1686,3
2023-09,1687,2
2023-09,1688,3
2023-09,1689,1
2023-09,1690,1
2023-09,1691,1
2023-09,1692,3
2023-09,1693,2
2023-09,1694,3
2023-09,1696,3
2023-09,1697,3
2023-09,1698,1
2023-09,1699,3
2023-09,1700,3
2023-09,1701,3
2023-09,1702,1
2023-09,1703,3
2023-09,1704,3
2023-09,1705,3
2023-09,1706,3
2023-09,1707,5
2023-09,1708,3
2023-09,1709,3
2023-09,1710,3
2023-09,1711,3
2023-09,1712,3
2023-09,1714,1
2023-09,1715,3
2023-09,1717,1
2023-09,1718,1
2023-09,1719,3
2023-09,1722,1
2023-09,1724,1
2023-09,1725,1
2023-09,1726,5
2023-09,1727,1
2023-09,1728,1
2023-09,1730,3
2023-09,1731,3
2023-09,1732,1
2023-09,1733,3
2023-09,1737,1
2023-09,1738,1
2023-09,1739,1
2023-09,1740,3
2023-09,1741,1
2023-09,1742,3
2023-09,1743,1
2023-09,1744,1
2023-09,1745,1
2023-09,1746,1
2023-09,1747,1
2023-09,1749,1
2023-09,1750,1
2023-09,1751,1
2023-09,1752,3
2023-09,1753,1
2023-09,1754,1
2023-09,1755,1
2023-09,1756,1
2023-09,1757,1
2023-09,1758,5
2023-09,1759,1
2023-09,1760,1
2023-09,1761,1
2023-09,1762,1
2023-09,1764,5
2023-09,1765,3
2023-09,1766,3
2023-09,1768,3
2023-09,1769,3
2023-09,1770,3
2023-09,1771,1
2023-09,1773,1
2023-09,1774,3
2023-09,1775,3
2023-09,1776,3
2023-09,1777,1
2023-09,1778,3
2023-09,1780,3
2023-09,1781,1
2023-09,1782,3
2023-09,1783,5
2023-09,1784,2
2023-09,1785,3
2023-09,1786,3
2023-09,1787,1
2023-09,1788,3
2023-09,1845,5
2023-09,1846,3
2023-09,1848,1
2023-09,1849,1
2023-09,1850,3
2023-09,1851,1
2023-09,1852,1
2023-09,1853,1
2023-09,1854,1
2023-09,1855,1
2023-09,1856,1
2023-09,1857,1
2023-09,1858,1
2023-09,1859,3
2023-09,1860,1
2023-09,1861,3
2023-09,1862,1
2023-09,1863,5
2023-09,1864,1
2023-09,1865,1
2023-09,1868,1
2023-09,1869,1
2023-09,1870,1
2023-09,1871,3
2023-09,1872,1
2023-09,1873,1
2023-09,1874,5
2023-09,1875,3
2023-09,1876,3
2023-09,1877,5
2023-09,1878,3
2023-09,1879,3
2023-09,1880,3
2023-09,1881,5
2023-09,1883,3
2023-09,1884,1
2023-09,1885,3
2023-09,1886,3
2023-09,1887,1
2023-09,1888,3
2023-09,1889,3
2023-09,1890,5
2023-09,1891,1
2023-09,1892,1
2023-09,1893,1
2023-09,1894,3
2023-09,1895,3
2023-09,1896,1
2023-09,1897,1
2023-09,1898,3
2023-09,1899,3
2023-09,1900,3
2023-09,1901,3
2023-09,1902,1
2023-09,1903,1
2023-09,1904,3
2023-09,1905,5
2023-09,1906,3
2023-09,1907,1
2023-09,1908,1
2023-09,1909,1
2023-09,1910,1
2023-09,1912,3
2023-09,1915,1
2023-09,1916,1
2023-09,1917,3
2023-09,1918,1
2023-09,1919,5
2023-09,1920,3
2023-09,1921,1
2023-09,1922,3
2023-09,1923,3
2023-09,1924,1
2023-09,1925,1
2023-09,1926,1
2023-09,1927,1
2023-09,1928,1
2023-09,1929,1
2023-09,1930,3
2023-09,1931,3
2023-09,1932,1
2023-09,1933,1
2023-09,1934,3
2023-09,1935,1
2023-09,1936,3
2023-09,1937,1
2023-09,1938,3
2023-09,1939,3
2023-09,1940,1
2023-09,1941,1
2023-09,1942,1
2023-09,1943,1
2023-09,1944,1
2023-09,1945,1
2023-09,1947,3
2023-09,1948,3
2023-09,1949,1
2023-09,1950,3
2023-09,1951,3
2023-09,1952,5
2023-09,1954,4
2023-09,1955,4
2023-09,1956,4
2023-09,1957,4
2023-09,1958,4
2023-09,1959,4
2023-09,1960,4
2023-09,1961,5
2023-09,1962,4
2023-09,1963,4
2023-09,1965,4
2023-09,1966,4
2023-09,1967,4
2023-09,1968,4
2023-09,1969,4
2023-09,1970,4
2023-09,1971,5
2023-09,1972,3
2023-09,1973,3
2023-09,1974,3
2023-09,1975,3
2023-09,1976,3
2023-09,1977,5
2023-09,1978,3
2023-09,1979,5
2023-09,1980,3
2023-09,1981,3
2023-09,1982,3
2023-09,1983,3
2023-09,1984,3
2023-09,1985,3
2023-09,1986,5
2023-09,1987,3
2023-09,1988,3
2023-09,1989,3
2023-09,1990,3
2023-09,1991,3
2023-09,1992,3
2023-09,1993,5
2023-09,1994,3
2023-09,1995,3
2023-09,1996,3
2023-09,1997,3
2023-09,1999,3
2023-09,2000,5
2023-09,2001,3
2023-09,2002,3
2023-09,2004,5
2023-09,2005,3
2023-09,2006,5
2023-09,2007,3
2023-09,2008,3
2023-09,2009,3
2023-09,2010,3
2023-09,2011,3
2023-09,2012,3
2023-09,2015,3
2023-09,2017,2
2023-09,2018,3
2023-09,2019,3
2023-09,2021,3
2023-09,2022,2
2023-09,2023,3
2023-09,2024,5
2023-09,2025,2
2023-09,2027,3
2023-09,2028,3
2023-09,2030,2
2023-09,2031,3
2023-09,2032,5
2023-09,2033,5
2023-09,2034,3
2023-09,2035,3
2023-09,2036,3
2023-09,2037,2
2023-09,2039,3
2023-09,2040,5
2023-09,2041,3
2023-09,2042,3
2023-09,2043,1
2023-09,2044,5
2023-09,2045,3
2023-09,2046,3
2023-09,2047,3
2023-09,2048,3
2023-09,2049,1
2023-09,2050,2
2023-09,2051,3
2023-09,2052,1
2023-09,2053,2
2023-09,2054,1
2023-09,2055,3
2023-09,2056,1
2023-09,2057,1
2023-09,2058,3
2023-09,2059,3
2023-09,2060,3
2023-09,2061,2
2023-09,2062,3
2023-09,2063,5
2023-09,2064,3
2023-09,2065,1
2023-09,2066,1
2023-09,2067,1
2023-09,2068,1
2023-09,2069,3
2023-09,2070,3
2023-09,2072,1
2023-09,2073,3
2023-09,2074,3
2023-09,2075,1
2023-09,2076,1
2023-09,2077,1
2023-09,2078,1
2023-09,2079,1
2023-09,2080,1
2023-09,2081,1
2023-09,2082,1
2023-09,2085,1
2023-09,2087,1
2023-09,2088,1
2023-09,2089,1
2023-09,2090,1
2023-09,2091,1
2023-09,2093,1
2023-09,2094,1
2023-09,2095,1
2023-09,2096,1
2023-09,2098,1
2023-09,2100,1
2023-09,2101,5
2023-09,2105,3
2023-09,2108,3
2023-09,2109,3
2023-09,2110,1
2023-09,2111,3
2023-09,2112,3
2023-09,2113,3
2023-09,2114,1
2023-09,2116,1
2023-09,2117,1
2023-09,2118,1
2023-09,2119,5
2023-09,2120,3
2023-09,2121,3
2023-09,2122,3
2023-09,2124,3
2023-09,2125,1
2023-09,2126,3
2023-09,2127,1
2023-09,2128,1
2023-09,2129,1
2023-09,2130,2
2023-09,2131,3
2023-09,2132,2
2023-09,2133,1
2023-09,2134,3
2023-09,2136,1
2023-09,2137,1
2023-09,2138,1
2023-09,2139,3
2023-09,2140,1
2023-09,2142,1
2023-09,2143,1
2023-09,2144,5
2023-09,2145,3
2023-09,2146,3
2023-09,2148,3
2023-09,2149,3
2023-09,2150,2
2023-09,2151,3
2023-09,2152,1
2023-09,2153,3
2023-09,2154,3
2023-09,2155,3
2023-09,2156,1
2023-09,2157,3
2023-09,2158,3
2023-09,2159,2
2023-09,2160,1
2023-09,2161,5
2023-09,2162,1
2023-09,2163,3
2023-09,2164,5
2023-09,2165,3
2023-09,2167,3
2023-09,2168,3
2023-09,2169,5
2023-09,2171,3
2023-09,2172,1
2023-09,2173,3
2023-09,2174,3
2023-09,2175,1
2023-09,2176,3
2023-09,2177,3
2023-09,2178,1
2023-09,2179,3
2023-09,2180,3
2023-09,2181,1
2023-09,2182,1
2023-09,2183,3
2023-09,2184,1
2023-09,2185,1
2023-09,2186,3
2023-09,2187,3
2023-09,2188,3
2023-09,2189,3
2023-09,2190,5
2023-09,2191,2
2023-09,2192,5
2023-09,2193,5
2023-09,2194,2
2023-09,2195,2
2023-09,2196,2
2023-09,2197,2
2023-09,2198,1
2023-09,2199,2
2023-09,2200,1
2023-09,2201,2
2023-09,2202,2
2023-09,2203,2
2023-09,2204,2
2023-09,2205,3
2023-09,2206,2
2023-09,2207,1
2023-09,2208,2
2023-09,2210,5
2023-09,2211,3
2023-09,2212,2
2023-09,2213,2
2023-09,2215,2
2023-09,2216,5
2023-09,2217,5
2023-09,2218,5
2023-09,2219,5
2023-09,2220,5
2023-09,2221,5
2023-09,2222,5
2023-09,2223,3
2023-09,2224,5
2023-09,2225,3
2023-09,2226,5
2023-09,2227,5
2023-09,2228,5
2023-09,2229,5
2023-09,2230,5
2023-09,2231,5
2023-09,2232,5
2023-09,2233,3
2023-09,2234,3
2023-09,2235,5
2023-09,2236,5
2023-09,2237,2
2023-09,2238,5
2023-09,2241,5
2023-09,2242,5
2023-09,2243,5
2023-09,2244,4
2023-09,2245,5
2023-09,2248,5
2023-09,2249,4
2023-09,2250,4
2023-09,2251,5
2023-09,2252,3
2023-09,2253,3
2023-09,2254,1
2023-09,2255,1
2023-09,2256,1
2023-09,2257,1
2023-09,2258,1
2023-09,2259,1
2023-09,2260,1
2023-09,2262,1
2023-09,2264,1
2023-09,2265,1
2023-09,2266,1
2023-09,2267,1
2023-09,2268,1
2023-09,2269,3
2023-09,2270,1
2023-09,2271,1
2023-09,2272,3
2023-09,2274,3
2023-09,2275,5
2023-09,2276,3
2023-09,2278,3
2023-09,2279,5
2023-09,2280,3
2023-09,2281,5
2023-09,2282,5
2023-09,2286,3
2023-09,2287,3
2023-09,2288,3
2023-09,2289,3
2023-09,2292,3
2023-09,2293,3
2023-09,2294,3
2023-09,2295,2
2023-09,2296,3
2023-09,2297,3
2023-09,2298,3
2023-09,2299,3
2023-09,2300,3
2023-09,2301,3
2023-09,2302,3
2023-09,2303,3
2023-09,2304,3
2023-09,2305,2
2023-09,2307,1
2023-09,2308,3
2023-09,2309,1
2023-09,2310,3
2023-09,2311,3
2023-09,2312,5
2023-09,2314,3
2023-09,2315,3
2023-09,2316,3
2023-09,2317,2
2023-09,2318,5
2023-09,2320,3
2023-09,2321,1
2023-09,2322,1
2023-09,2323,1
2023-09,2324,3
2023-09,2325,3
2023-09,2326,3
2023-09,2327,3
2023-09,2328,3
2023-09,2329,3
2023-09,2330,3
2023-09,2332,3
2023-09,2333,3
2023-09,2334,3
2023-09,2335,3
2023-09,2336,3
2023-09,2337,5
2023-09,2338,4
2023-09,2339,4
2023-09,2340,3
2023-09,2341,4
2023-09,2342,4
2023-09,2343,4
2023-09,2344,4
2023-09,2345,4
2023-09,2348,4
2023-09,2349,4
2023-09,2351,5
2023-09,2352,5
2023-09,2353,5
2023-09,2354,5
2023-09,2355,5
2023-09,2356,5
2023-09,2357,5
2023-09,2358,5
2023-09,2359,5
2023-09,2360,5
2023-09,2361,5
2023-09,2362,5
2023-09,2363,5
2023-09,2364,5
2023-09,2365,5
2023-09,2366,5
2023-09,2367,5
2023-09,2368,5
2023-09,2369,5
2023-09,2370,5
2023-09,2371,5
2023-09,2372,5
2023-09,2373,5
2023-09,2374,5
2023-09,2375,5
2023-09,2376,5
2023-09,2377,5
2023-09,2378,5
2023-09,2379,5
2023-09,2380,5
2023-09,2381,5
2023-09,2382,5
2023-09,2383,5
2023-09,2384,5
2023-09,2385,5
2023-09,2386,5
2023-09,2387,5
2023-09,2388,5
2023-09,2389,5
2023-09,2390,5
2023-09,2391,5
2023-09,2392,5
2023-09,2393,5
2023-09,2395,5
2023-09,2398,5
2023-09,2399,5
2023-09,2400,5
2023-09,2401,5
2023-09,2402,5
2023-09,2403,5
2023-09,2404,5
2023-09,2405,5
2023-09,2406,5
2023-09,2407,5
2023-09,2408,5
2023-09,2409,5
2023-09,2410,5
2023-09,2411,5
2023-09,2412,5
2023-09,2416,5
2023-09,2422,5
2023-09,2423,5
2023-09,2424,5
2023-09,2425,5
2023-09,2426,5
2023-09,2427,5
2023-09,2428,5
2023-09,2429,5
2023-09,2430,5
2023-09,2431,5
2023-09,2432,5
2023-09,2433,5
2023-09,2434,5
2023-09,2435,5
2023-09,2436,5
2023-09,2437,5
2023-09,2439,5
2023-09,2440,5
2023-09,2441,5
2023-09,2442,5
2023-09,2443,5
2023-09,2444,5
2023-09,2445,5
2023-09,2446,5
2023-09,2447,5
2023-09,2449,5
2023-09,2450,5
2023-09,2451,5
2023-09,2452,5
2023-09,2453,5
2023-09,2454,5
2023-09,2455,5
2023-09,2456,5
2023-09,2457,5
2023-09,2458,5
2023-09,2459,5
2023-09,2460,5
2023-09,2461,5
2023-09,2462,5
2023-09,2463,5
2023-09,2464,5
2023-09,2465,5
2023-09,2466,5
2023-09,2467,5
2023-09,2468,5
2023-09,2469,5
2023-09,2470,5
2023-09,2471,5
2023-09,2472,5
2023-09,2473,5
2023-09,2474,5
2023-09,2475,5
2023-09,2476,5
2023-09,2477,5
2023-09,2478,5
2023-09,2479,5
2023-09,2480,5
2023-09,2481,5
2023-09,2482,5
2023-09,2483,5
2023-09,2484,5
2023-09,2485,5
2023-09,2486,5
2023-09,2487,5
2023-09,2488,5
2023-09,2489,5
2023-09,2490,5
2023-09,2491,5
2023-09,2492,5
2023-09,2493,5
2023-09,2494,5
2023-09,2495,5
2023-09,2496,5
2023-09,2497,5
2023-09,2498,5
2023-09,2499,5
2023-09,2500,5
2023-09,2501,5
2023-09,2502,5
2023-09,2503,5
2023-09,2504,5
2023-09,2505,5
2023-09,2506,5
2023-09,2507,5
2023-09,2508,5
2023-09,2509,5
2023-09,2510,5
2023-09,2511,5
2023-09,2512,5
2023-09,2513,5
2023-09,2514,5
2023-09,2515,5
2023-09,2516,5
2023-09,2517,5
2023-09,2518,5
2023-09,2519,5
2023-09,2520,5
2023-09,2521,5
2023-09,2522,5
2023-09,2523,5
2023-09,2524,5
2023-09,2525,5
2023-09,2526,5
2023-09,2527,5
2023-09,2528,5
2023-09,2529,5
2023-09,2530,5
2023-09,2531,5
2023-09,2532,5
2023-09,2533,5
2023-09,2534,5
2023-09,2535,5
2023-09,2536,5
2023-09,2537,5
2023-09,2538,5
2023-09,2539,5
2023-09,2540,5
2023-09,2541,5
2023-09,2542,5
2023-09,2543,5
2023-09,2544,5
2023-09,2545,5
2023-09,2546,5
2023-09,2547,5
2023-09,2548,5
2023-09,2549,5
2023-09,2550,5
2023-09,2551,5
2023-09,2552,5
2023-09,2553,5
2023-09,2554,5
2023-09,2555,5
2023-09,2556,5
2023-09,2557,5
2023-09,2558,5
2023-09,2559,5
2023-09,2560,5
2023-09,2561,5
2023-09,2562,5
2023-09,2563,5
2023-09,2564,5
2023-09,2565,5
2023-09,2566,5
2023-09,2567,5
2023-09,2568,5
2023-09,2569,5
2023-09,2570,5
2023-09,2571,5
2023-09,2572,5
2023-09,2573,5
2023-09,2574,5
2023-09,2575,5
2023-09,2576,5
2023-09,2577,5
2023-09,2578,5
2023-09,2579,5
2023-09,2580,5
2023-09,2581,5
2023-09,2582,5
2023-09,2583,5
2023-09,2584,5
2023-09,2585,5
2023-09,2586,5
2023-09,2587,5
2023-09,2588,5
2023-09,2589,5
2023-09,2590,5
2023-09,2591,5
2023-09,2592,5
2023-09,2593,3
2023-09,2595,3
2023-09,2596,5
2023-09,2597,5
2023-09,2598,3
2023-09,2599,5
2023-09,2600,5
2023-09,2601,5
2023-09,2602,5
2023-09,2604,5
2023-09,2605,5
2023-09,2606,5
2023-09,2607,5
2023-09,2618,1
2023-09,2619,3
2023-09,2620,5
2023-09,2621,5
2023-09,2644,5
2023-09,2646,5
2023-09,2647,5
2023-09,2648,5
2023-09,2649,5
2023-09,2651,5
2023-09,2652,5
2023-09,2710,3
2023-09,2808,5
2023-09,2809,5
2023-09,2813,3
2023-09,2814,5
2023-09,2872,4
2023-09,2876,5
2023-09,2879,5
2023-09,2880,4
2023-09,2881,5
2023-09,2882,5
2023-09,2883,3
2023-09,2884,3
2023-09,2885,2
2023-09,2886,3
2023-09,2887,5
2023-09,3005,5
2023-09,3007,3
2023-09,3009,5
2023-09,3011,5
2023-09,3012,3
2023-09,3013,5
2023-10,1,5
2023-10,2,3
2023-10,3,3
2023-10,4,2
2023-10,5,2
2023-10,6,5
2023-10,7,5
2023-10,8,5
2023-10,9,2
2023-10,10,5
2023-10,11,2
2023-10,12,5
2023-10,13,2
2023-10,14,3
2023-10,15,2
2023-10,16,2
2023-10,17,2
2023-10,18,2
2023-10,19,3
2023-10,20,2
2023-10,21,5
2023-10,22,3
2023-10,23,5
2023-10,25,5
2023-10,26,5
2023-10,27,5
2023-10,28,5
2023-10,29,5
2023-10,30,2
2023-10,31,2
2023-10,32,2
2023-10,33,2
2023-10,34,3
2023-10,35,2
2023-10,36,2
2023-10,37,2
2023-10,38,5
2023-10,39,2
2023-10,40,2
2023-10,41,2
2023-10,42,5
2023-10,43,2
2023-10,44,5
2023-10,45,2
2023-10,46,2
2023-10,47,2
2023-10,48,2
2023-10,49,3
2023-10,50,2
2023-10,51,5
2023-10,52,3
2023-10,53,2
2023-10,54,2
2023-10,55,5
2023-10,56,2
2023-10,57,5
2023-10,58,3
2023-10,59,2
2023-10,60,2
2023-10,61,2
2023-10,62,2
2023-10,63,2
2023-10,65,2
2023-10,66,5
2023-10,67,2
2023-10,68,2
2023-10,69,2
2023-10,70,3
2023-10,71,2
2023-10,72,2
2023-10,73,5
2023-10,74,2
2023-10,75,5
2023-10,76,5
2023-10,77,5
2023-10,78,2
2023-10,79,2
2023-10,80,2
2023-10,81,5
2023-10,82,3
2023-10,83,2
2023-10,167,5
2023-10,168,5
2023-10,169,3
2023-10,173,1
2023-10,181,1
2023-10,184,3
2023-10,185,1
2023-10,188,1
2023-10,191,1
2023-10,194,5
2023-10,195,3
2023-10,196,5
2023-10,198,1
2023-10,201,5
2023-10,203,3
2023-10,204,3
2023-10,205,5
2023-10,206,5
2023-10,207,5
2023-10,208,3
2023-10,209,2
2023-10,210,3
2023-10,211,3
2023-10,212,3
2023-10,213,3
2023-10,214,3
2023-10,215,3
2023-10,216,3
2023-10,217,3
2023-10,218,5
2023-10,219,3
2023-10,220,3
2023-10,221,3
2023-10,222,5
2023-10,223,3
2023-10,224,5
2023-10,225,4
2023-10,226,3
2023-10,227,4
2023-10,228,3
2023-10,229,3
2023-10,230,2
2023-10,231,3
2023-10,232,2
2023-10,233,3
2023-10,234,3
2023-10,235,3
2023-10,236,3
2023-10,237,5
2023-10,238,1
2023-10,239,3
2023-10,240,3
2023-10,241,3
2023-10,242,2
2023-10,243,2
2023-10,269,5
2023-10,270,3
2023-10,271,3
2023-10,272,2
2023-10,273,2
2023-10,274,3
2023-10,275,1
2023-10,276,3
2023-10,277,2
2023-10,278,5
2023-10,279,3
2023-10,280,3
2023-10,281,3
2023-10,282,2
2023-10,283,3
2023-10,284,3
2023-10,285,1
2023-10,287,1
2023-10,288,1
2023-10,289,1
2023-10,290,2
2023-10,292,1
2023-10,293,1
2023-10,294,1
2023-10,295,1
2023-10,296,1
2023-10,297,1
2023-10,298,1
2023-10,300,1
2023-10,301,2
2023-10,302,1
2023-10,303,3
2023-10,304,1
2023-10,305,1
2023-10,306,1
2023-10,307,1
2023-10,308,3
2023-10,309,4
2023-10,312,4
2023-10,314,4
2023-10,316,4
2023-10,317,4
2023-10,318,4
2023-10,319,4
2023-10,320,4
2023-10,321,4
2023-10,323,4
2023-10,324,4
2023-10,325,4
2023-10,326,4
2023-10,327,4
2023-10,329,4
2023-10,330,4
2023-10,331,4
2023-10,332,4
2023-10,333,4
2023-10,334,4
2023-10,335,4
2023-10,336,4
2023-10,337,4
2023-10,338,4
2023-10,339,4
2023-10,340,4
2023-10,341,4
2023-10,342,4
2023-10,343,4
2023-10,345,5
2023-10,346,5
2023-10,347,5
2023-10,348,5
2023-10,349,1
2023-10,351,5
2023-10,352,5
2023-10,354,5
2023-10,355,5
2023-10,356,3
2023-10,357,2
2023-10,358,2
2023-10,359,2
2023-10,360,3
2023-10,361,2
2023-10,362,5
2023-10,363,1
2023-10,364,2
2023-10,365,2
2023-10,366,3
2023-10,367,2
2023-10,368,5
2023-10,369,2
2023-10,370,3
2023-10,371,5
2023-10,372,2
2023-10,373,5
2023-10,374,3
2023-10,375,5
2023-10,376,2
2023-10,377,1
2023-10,378,2
2023-10,379,5
2023-10,380,5
2023-10,381,2
2023-10,382,3
2023-10,383,3
2023-10,384,2
2023-10,385,5
2023-10,386,2
2023-10,387,2
2023-10,388,5
2023-10,390,2
2023-10,391,3
2023-10,392,3
2023-10,393,3
2023-10,395,2
2023-10,396,1
2023-10,397,3
2023-10,398,3
2023-10,401,2
2023-10,402,2
2023-10,403,2
2023-10,404,2
2023-10,405,2
2023-10,408,1
2023-10,410,2
2023-10,413,2
2023-10,414,2
2023-10,416,2
2023-10,418,5
2023-10,419,5
2023-10,420,5
2023-10,421,2
2023-10,422,5
2023-10,423,1
2023-10,424,3
2023-10,425,1
2023-10,428,1
2023-10,429,3
2023-10,430,5
2023-10,431,3
2023-10,432,3
2023-10,433,3
2023-10,434,1
2023-10,435,2
2023-10,436,1
2023-10,437,3
2023-10,438,2
2023-10,440,3
2023-10,441,2
2023-10,442,2
2023-10,443,2
2023-10,444,3
2023-10,445,3
2023-10,446,2
2023-10,447,3
2023-10,448,5
2023-10,449,2
2023-10,450,3
2023-10,451,3
2023-10,452,5
2023-10,453,2
2023-10,455,2
2023-10,456,1
2023-10,457,3
2023-10,458,2
2023-10,459,2
2023-10,460,2
2023-10,478,5
2023-10,479,1
2023-10,480,3
2023-10,481,5
2023-10,482,3
2023-10,484,2
2023-10,485,2
2023-10,486,2
2023-10,487,2
2023-10,489,3
2023-10,490,2
2023-10,491,2
2023-10,492,2
2023-10,493,3
2023-10,494,3
2023-10,495,1
2023-10,496,2
2023-10,497,3
2023-10,498,3
2023-10,499,2
2023-10,501,3
2023-10,502,1
2023-10,503,2
2023-10,504,5
2023-10,505,3
2023-10,506,5
2023-10,507,5
2023-10,508,3
2023-10,509,5
2023-10,510,5
2023-10,511,3
2023-10,512,3
2023-10,515,2
2023-10,516,1
2023-10,517,2
2023-10,518,3
2023-10,519,2
2023-10,520,1
2023-10,521,3
2023-10,522,3
2023-10,523,1
2023-10,524,2
2023-10,525,2
2023-10,527,3
2023-10,528,3
2023-10,529,2
2023-10,530,3
2023-10,531,3
2023-10,532,2
2023-10,533,1
2023-10,534,2
2023-10,535,2
2023-10,536,1
2023-10,537,2
2023-10,538,3
2023-10,539,2
2023-10,540,3
2023-10,541,1
2023-10,542,3
2023-10,543,3
2023-10,544,2
2023-10,545,3
2023-10,546,2
2023-10,547,1
2023-10,548,3
2023-10,549,2
2023-10,550,2
2023-10,552,2
2023-10,553,1
2023-10,554,2
2023-10,555,1
2023-10,556,2
2023-10,557,1
2023-10,558,2
2023-10,559,3
2023-10,560,1
2023-10,561,3
2023-10,562,1
2023-10,563,1
2023-10,564,2
2023-10,565,3
2023-10,566,1
2023-10,567,1
2023-10,568,3
2023-10,569,1
2023-10,570,1
2023-10,571,2
2023-10,572,1
2023-10,574,2
2023-10,578,5
2023-10,579,4
2023-10,580,4
2023-10,581,5
2023-10,582,4
2023-10,583,2
2023-10,584,3
2023-10,585,3
2023-10,586,2
2023-10,587,2
2023-10,588,4
2023-10,589,2
2023-10,591,2
2023-10,592,2
2023-10,593,2
2023-10,594,2
2023-10,595,2
2023-10,598,2
2023-10,599,3
2023-10,600,4
2023-10,601,2
2023-10,602,2
2023-10,603,2
2023-10,604,2
2023-10,605,2
2023-10,606,2
2023-10,607,2
2023-10,608,5
2023-10,612,5
2023-10,613,4
2023-10,614,4
2023-10,615,4
2023-10,616,4
2023-10,618,4
2023-10,619,4
2023-10,621,4
2023-10,666,5
2023-10,667,5
2023-10,668,3
2023-10,669,3
2023-10,670,3
2023-10,671,3
2023-10,674,5
2023-10,675,3
2023-10,676,5
2023-10,677,3
2023-10,678,4
2023-10,679,5
2023-10,680,3
2023-10,683,1
2023-10,685,3
2023-10,686,5
2023-10,687,2
2023-10,689,3
2023-10,690,2
2023-10,691,2
2023-10,692,2
2023-10,693,5
2023-10,694,3
2023-10,695,2
2023-10,696,2
2023-10,697,3
2023-10,698,2
2023-10,699,1
2023-10,701,2
2023-10,702,3
2023-10,703,2
2023-10,704,2
2023-10,705,2
2023-10,706,1
2023-10,708,4
2023-10,710,1
2023-10,711,2
2023-10,712,2
2023-10,713,1
2023-10,714,2
2023-10,715,2
2023-10,716,4
2023-10,717,2
2023-10,718,4
2023-10,719,1
2023-10,720,4
2023-10,721,1
2023-10,722,2
2023-10,723,3
2023-10,725,2
2023-10,726,4
2023-10,727,5
2023-10,731,3
2023-10,734,3
2023-10,735,2
2023-10,736,2
2023-10,737,3
2023-10,738,2
2023-10,739,3
2023-10,741,3
2023-10,742,2
2023-10,743,3
2023-10,744,2
2023-10,745,3
2023-10,746,2
2023-10,747,3
2023-10,748,5
2023-10,749,2
2023-10,751,3
2023-10,752,2
2023-10,753,2
2023-10,754,3
2023-10,755,3
2023-10,756,3
2023-10,757,5
2023-10,758,2
2023-10,760,1
2023-10,761,1
2023-10,763,5
2023-10,764,3
2023-10,765,1
2023-10,766,3
2023-10,767,3
2023-10,769,3
2023-10,770,2
2023-10,771,2
2023-10,773,2
2023-10,774,3
2023-10,775,5
2023-10,776,4
2023-10,777,5
2023-10,778,5
2023-10,779,4
2023-10,780,4
2023-10,781,4
2023-10,782,5
2023-10,783,4
2023-10,784,4
2023-10,785,5
2023-10,787,2
2023-10,788,4
2023-10,789,2
2023-10,790,2
2023-10,791,4
2023-10,792,4
2023-10,793,3
2023-10,794,4
2023-10,795,4
2023-10,796,2
2023-10,797,4
2023-10,798,3
2023-10,799,4
2023-10,800,2
2023-10,801,4
2023-10,802,2
2023-10,803,4
2023-10,804,4
2023-10,805,4
2023-10,806,2
2023-10,807,4
2023-10,808,2
2023-10,809,5
2023-10,810,1
2023-10,811,5
2023-10,812,5
2023-10,813,5
2023-10,814,3
2023-10,815,3
2023-10,817,3
2023-10,818,3
2023-10,819,5
2023-10,820,5
2023-10,821,1
2023-10,822,1
2023-10,823,1
2023-10,824,5
2023-10,825,1
2023-10,826,1
2023-10,827,1
2023-10,828,1
2023-10,829,1
2023-10,830,5
2023-10,831,1
2023-10,832,1
2023-10,833,1
2023-10,834,1
2023-10,835,1
2023-10,836,1
2023-10,838,1
2023-10,839,1
2023-10,840,1
2023-10,841,5
2023-10,842,5
2023-10,843,5
2023-10,844,4
2023-10,846,4
2023-10,847,4
2023-10,848,4
2023-10,849,4
2023-10,851,4
2023-10,852,4
2023-10,853,4
2023-10,854,4
2023-10,855,4
2023-10,856,4
2023-10,857,4
2023-10,859,4
2023-10,860,5
2023-10,870,4
2023-10,871,4
2023-10,872,5
2023-10,873,4
2023-10,874,4
2023-10,875,4
2023-10,876,4
2023-10,877,4
2023-10,878,4
2023-10,879,4
2023-10,880,4
2023-10,881,3
2023-10,882,4
2023-10,883,3
2023-10,884,4
2023-10,885,4
2023-10,886,4
2023-10,888,4
2023-10,889,4
2023-10,890,5
2023-10,891,3
2023-10,892,5
2023-10,895,3
2023-10,896,5
2023-10,897,3
2023-10,898,3
2023-10,899,3
2023-10,900,1
2023-10,901,3
2023-10,902,3
2023-10,903,3
2023-10,904,3
2023-10,905,3
2023-10,907,3
2023-10,908,3
2023-10,909,3
2023-10,911,3
2023-10,912,5
2023-10,913,3
2023-10,914,3
2023-10,915,3
2023-10,916,4
2023-10,917,4
2023-10,918,5
2023-10,920,3
2023-10,922,1
2023-10,923,3
2023-10,924,1
2023-10,925,1
2023-10,926,1
2023-10,927,5
2023-10,928,5
2023-10,929,1
2023-10,930,1
2023-10,986,5
2023-10,987,3
2023-10,988,5
2023-10,989,5
2023-10,991,3
2023-10,992,3
2023-10,993,3
2023-10,994,3
2023-10,995,3
2023-10,996,3
2023-10,998,3
2023-10,999,3
2023-10,1001,3
2023-10,1002,3
2023-10,1003,3
2023-10,1004,3
2023-10,1005,3
2023-10,1006,3
2023-10,1007,5
2023-10,1008,5
2023-10,1009,3
2023-10,1010,3
2023-10,1011,1
2023-10,1012,1
2023-10,1013,1
2023-10,1014,1
2023-10,1015,3
2023-10,1016,1
2023-10,1017,3
2023-10,1018,1
2023-10,1019,1
2023-10,1020,3
2023-10,1021,3
2023-10,1023,1
2023-10,1024,1
2023-10,1025,1
2023-10,1026,3
2023-10,1027,1
2023-10,1028,1
2023-10,1029,1
2023-10,1030,1
2023-10,1031,1
2023-10,1032,1
2023-10,1033,1
2023-10,1034,1
2023-10,1035,1
2023-10,1036,1
2023-10,1037,3
2023-10,1038,1
2023-10,1039,3
2023-10,1040,2
2023-10,1041,1
2023-10,1044,1
2023-10,1047,3
2023-10,1048,2
2023-10,1049,3
2023-10,1051,2
2023-10,1052,2
2023-10,1053,3
2023-10,1054,5
2023-10,1055,2
2023-10,1056,3
2023-10,1057,3
2023-10,1058,2
2023-10,1059,2
2023-10,1060,3
2023-10,1061,2
2023-10,1062,2
2023-10,1063,3
2023-10,1064,2
2023-10,1065,2
2023-10,1066,3
2023-10,1067,1
2023-10,1068,3
2023-10,1069,2
2023-10,1070,3
2023-10,1071,2
2023-10,1072,3
2023-10,1107,5
2023-10,1108,3
2023-10,1109,3
2023-10,1110,3
2023-10,1111,3
2023-10,1112,3
2023-10,1113,3
2023-10,1115,3
2023-10,1116,1
2023-10,1117,5
2023-10,1118,3
2023-10,1119,3
2023-10,1120,3
2023-10,1121,3
2023-10,1122,2
2023-10,1123,3
2023-10,1124,3
2023-10,1125,3
2023-10,1126,3
2023-10,1127,3
2023-10,1128,3
2023-10,1129,3
2023-10,1130,3
2023-10,1131,3
2023-10,1132,3
2023-10,1133,3
2023-10,1134,5
2023-10,1135,5
2023-10,1136,5
2023-10,1137,2
2023-10,1138,3
2023-10,1139,2
2023-10,1140,5
2023-10,1141,5
2023-10,1142,2
2023-10,1143,3
2023-10,1144,2
2023-10,1146,3
2023-10,1147,2
2023-10,1148,2
2023-10,1149,2
2023-10,1150,5
2023-10,1151,3
2023-10,1152,4
2023-10,1153,2
2023-10,1154,3
2023-10,1155,2
2023-10,1157,3
2023-10,1158,3
2023-10,1159,2
2023-10,1160,3
2023-10,1161,3
2023-10,1163,3
2023-10,1164,3
2023-10,1165,5
2023-10,1166,2
2023-10,1167,2
2023-10,1168,3
2023-10,1169,5
2023-10,1170,2
2023-10,1171,2
2023-10,1172,2
2023-10,1173,2
2023-10,1174,2
2023-10,1175,2
2023-10,1176,5
2023-10,1178,3
2023-10,1179,3
2023-10,1180,3
2023-10,1181,3
2023-10,1184,3
2023-10,1185,3
2023-10,1186,5
2023-10,1187,3
2023-10,1188,5
2023-10,1189,2
2023-10,1190,5
2023-10,1191,2
2023-10,1192,2
2023-10,1193,3
2023-10,1194,3
2023-10,1195,1
2023-10,1196,2
2023-10,1197,3
2023-10,1198,5
2023-10,1200,3
2023-10,1201,1
2023-10,1203,3
2023-10,1204,2
2023-10,1205,1
2023-10,1206,3
2023-10,1207,3
2023-10,1208,1
2023-10,1209,3
2023-10,1210,1
2023-10,1211,3
2023-10,1212,3
2023-10,1213,3
2023-10,1214,3
2023-10,1215,1
2023-10,1217,1
2023-10,1218,1
2023-10,1219,3
2023-10,1220,1
2023-10,1221,3
2023-10,1222,1
2023-10,1223,1
2023-10,1224,5
2023-10,1225,5
2023-10,1226,5
2023-10,1227,3
2023-10,1228,3
2023-10,1229,5
2023-10,1230,5
2023-10,1231,5
2023-10,1232,3
2023-10,1233,5
2023-10,1234,3
2023-10,1235,3
2023-10,1236,5
2023-10,1237,3
2023-10,1238,5
2023-10,1240,2
2023-10,1241,3
2023-10,1242,1
2023-10,1243,5
2023-10,1244,3
2023-10,1246,2
2023-10,1249,2
2023-10,1250,5
2023-10,1251,2
2023-10,1252,3
2023-10,1253,1
2023-10,1254,2
2023-10,1256,2
2023-10,1257,3
2023-10,1258,5
2023-10,1259,3
2023-10,1260,3
2023-10,1261,3
2023-10,1262,3
2023-10,1264,2
2023-10,1265,3
2023-10,1266,1
2023-10,1267,3
2023-10,1268,1
2023-10,1269,2
2023-10,1270,3
2023-10,1271,1
2023-10,1272,3
2023-10,1273,1
2023-10,1274,2
2023-10,1275,3
2023-10,1276,2
2023-10,1277,3
2023-10,1278,2
2023-10,1279,1
2023-10,1280,3
2023-10,1281,3
2023-10,1282,2
2023-10,1284,3
2023-10,1285,3
2023-10,1286,3
2023-10,1287,3
2023-10,1288,3
2023-10,1289,2
2023-10,1290,2
2023-10,1291,1
2023-10,1292,2
2023-10,1293,3
2023-10,1294,3
2023-10,1295,3
2023-10,1296,2
2023-10,1297,2
2023-10,1298,2
2023-10,1299,1
2023-10,1300,2
2023-10,1301,3
2023-10,1302,3
2023-10,1303,5
2023-10,1304,3
2023-10,1305,3
2023-10,1306,3
2023-10,1308,3
2023-10,1309,1
2023-10,1310,3
2023-10,1311,1
2023-10,1312,2
2023-10,1313,1
2023-10,1314,1
2023-10,1315,5
2023-10,1316,3
2023-10,1317,1
2023-10,1319,2
2023-10,1320,1
2023-10,1321,3
2023-10,1322,1
2023-10,1323,1
2023-10,1324,2
2023-10,1325,1
2023-10,1326,2
2023-10,1327,1
2023-10,1328,1
2023-10,1329,3
2023-10,1330,3
2023-10,1331,1
2023-10,1333,5
2023-10,1334,3
2023-10,1335,2
2023-10,1336,2
2023-10,1337,2
2023-10,1338,3
2023-10,1339,2
2023-10,1340,3
2023-10,1341,3
2023-10,1343,2
2023-10,1344,1
2023-10,1345,1
2023-10,1346,1
2023-10,1347,3
2023-10,1348,1
2023-10,1349,1
2023-10,1350,2
2023-10,1351,2
2023-10,1352,2
2023-10,1353,1
2023-10,1355,2
2023-10,1356,3
2023-10,1357,2
2023-10,1358,2
2023-10,1392,3
2023-10,1393,3
2023-10,1394,3
2023-10,1395,5
2023-10,1396,5
2023-10,1397,5
2023-10,1398,5
2023-10,1399,3
2023-10,1400,5
2023-10,1401,3
2023-10,1402,5
2023-10,1403,5
2023-10,1404,3
2023-10,1405,3
2023-10,1406,3
2023-10,1407,3
2023-10,1408,5
2023-10,1409,5
2023-10,1410,5
2023-10,1411,5
2023-10,1412,1
2023-10,1413,3
2023-10,1414,3
2023-10,1415,1
2023-10,1416,1
2023-10,1417,1
2023-10,1419,1
2023-10,1420,1
2023-10,1421,1
2023-10,1422,3
2023-10,1423,1
2023-10,1425,1
2023-10,1426,1
2023-10,1427,3
2023-10,1428,1
2023-10,1429,1
2023-10,1430,4
2023-10,1431,4
2023-10,1438,4
2023-10,1439,5
2023-10,1440,5
2023-10,1443,5
2023-10,1444,5
2023-10,1445,5
2023-10,1446,5
2023-10,1447,5
2023-10,1448,5
2023-10,1449,3
2023-10,1453,5
2023-10,1454,5
2023-10,1456,5
2023-10,1457,5
2023-10,1459,5
2023-10,1461,5
2023-10,1463,5
2023-10,1464,5
2023-10,1465,5
2023-10,1467,5
2023-10,1468,5
2023-10,1472,5
2023-10,1473,3
2023-10,1474,3
2023-10,1475,5
2023-10,1477,5
2023-10,1478,3
2023-10,1480,5
2023-10,1481,5
2023-10,1483,3
2023-10,1484,5
2023-10,1486,3
2023-10,1488,5
2023-10,1489,5
2023-10,1490,5
2023-10,1491,5
2023-10,1492,5
2023-10,1493,5
2023-10,1494,3
2023-10,1495,5
2023-10,1496,5
2023-10,1500,5
2023-10,1501,5
2023-10,1504,3
2023-10,1506,5
2023-10,1507,5
2023-10,1508,5
2023-10,1509,5
2023-10,1510,3
2023-10,1511,5
2023-10,1512,3
2023-10,1518,5
2023-10,1519,3
2023-10,1520,3
2023-10,1521,5
2023-10,1522,3
2023-10,1523,5
2023-10,1525,5
2023-10,1526,3
2023-10,1527,5
2023-10,1528,1
2023-10,1529,3
2023-10,1530,3
2023-10,1532,1
2023-10,1533,3
2023-10,1534,1
2023-10,1535,3
2023-10,1536,3
2023-10,1537,1
2023-10,1539,3
2023-10,1540,3
2023-10,1541,1
2023-10,1542,3
2023-10,1543,1
2023-10,1544,2
2023-10,1545,1
2023-10,1546,3
2023-10,1547,1
2023-10,1548,1
2023-10,1549,3
2023-10,1550,3
2023-10,1551,1
2023-10,1552,1
2023-10,1553,3
2023-10,1554,3
2023-10,1555,1
2023-10,1556,3
2023-10,1557,3
2023-10,1558,1
2023-10,1559,1
2023-10,1560,5
2023-10,1561,1
2023-10,1562,3
2023-10,1563,3
2023-10,1564,1
2023-10,1565,3
2023-10,1566,1
2023-10,1567,1
2023-10,1568,3
2023-10,1569,1
2023-10,1570,2
2023-10,1571,1
2023-10,1572,2
2023-10,1573,1
2023-10,1574,3
2023-10,1575,5
2023-10,1577,3
2023-10,1578,3
2023-10,1579,3
2023-10,1580,1
2023-10,1581,1
2023-10,1582,1
2023-10,1583,3
2023-10,1584,1
2023-10,1585,1
2023-10,1586,5
2023-10,1587,3
2023-10,1588,3
2023-10,1589,3
2023-10,1590,1
2023-10,1591,1
2023-10,1592,3
2023-10,1593,1
2023-10,1594,2
2023-10,1595,3
2023-10,1596,3
2023-10,1597,5
2023-10,1598,5
2023-10,1599,5
2023-10,1600,5
2023-10,1601,5
2023-10,1602,2
2023-10,1603,2
2023-10,1604,3
2023-10,1605,1
2023-10,1606,1
2023-10,1607,1
2023-10,1608,3
2023-10,1609,2
2023-10,1610,3
2023-10,1611,3
2023-10,1612,3
2023-10,1613,1
2023-10,1614,1
2023-10,1615,3
2023-10,1616,1
2023-10,1617,1
2023-10,1618,3
2023-10,1619,3
2023-10,1620,5
2023-10,1621,2
2023-10,1622,1
2023-10,1623,2
2023-10,1624,3
2023-10,1625,2
2023-10,1626,1
2023-10,1627,3
2023-10,1628,3
2023-10,1629,3
2023-10,1630,2
2023-10,1631,3
2023-10,1632,5
2023-10,1633,3
2023-10,1634,3
2023-10,1635,2
2023-10,1636,2
2023-10,1637,1
2023-10,1638,2
2023-10,1639,3
2023-10,1640,2
2023-10,1641,3
2023-10,1642,1
2023-10,1643,3
2023-10,1644,3
2023-10,1645,3
2023-10,1646,2
2023-10,1647,2
2023-10,1648,2
2023-10,1649,2
2023-10,1650,3
2023-10,1651,2
2023-10,1652,5
2023-10,1653,3
2023-10,1654,2
2023-10,1655,3
2023-10,1656,2
2023-10,1657,2
2023-10,1658,3
2023-10,1659,3
2023-10,1660,3
2023-10,1661,2
2023-10,1662,2
2023-10,1663,3
2023-10,1664,3
2023-10,1665,5
2023-10,1666,1
2023-10,1667,3
2023-10,1668,5
2023-10,1669,3
2023-10,1670,3
2023-10,1671,3
2023-10,1672,3
2023-10,1673,3
2023-10,1674,3
2023-10,1675,3
2023-10,1676,3
2023-10,1678,1
2023-10,1679,3
2023-10,1680,2
2023-10,1681,1
2023-10,1682,3
2023-10,1683,1
2023-10,1685,3
2023-10,1686,3
2023-10,1687,3
2023-10,1688,3
2023-10,1689,1
2023-10,1690,1
2023-10,1691,1
2023-10,1692,3
2023-10,1693,2
2023-10,1694,3
2023-10,1696,3
2023-10,1697,3
2023-10,1698,2
2023-10,1699,3
2023-10,1700,3
2023-10,1701,3
2023-10,1702,1
2023-10,1703,3
2023-10,1704,3
2023-10,1705,3
2023-10,1706,3
2023-10,1707,5
2023-10,1708,3
2023-10,1709,3
2023-10,1710,3
2023-10,1711,3
2023-10,1712,3
2023-10,1714,1
2023-10,1715,3
2023-10,1717,3
2023-10,1718,3
2023-10,1719,3
2023-10,1722,1
2023-10,1724,1
2023-10,1725,1
2023-10,1726,5
2023-10,1727,1
2023-10,1728,3
2023-10,1730,2
2023-10,1731,3
2023-10,1732,1
2023-10,1733,3
2023-10,1737,1
2023-10,1738,1
2023-10,1739,1
2023-10,1740,3
2023-10,1741,1
2023-10,1742,3
2023-10,1743,1
2023-10,1744,1
2023-10,1745,1
2023-10,1746,1
2023-10,1747,1
2023-10,1749,1
2023-10,1750,1
2023-10,1751,1
2023-10,1752,3
2023-10,1753,1
2023-10,1754,1
2023-10,1755,1
2023-10,1756,1
2023-10,1757,1
2023-10,1758,5
2023-10,1759,1
2023-10,1760,1
2023-10,1761,1
2023-10,1762,1
2023-10,1764,5
2023-10,1765,3
2023-10,1766,3
2023-10,1768,3
2023-10,1769,1
2023-10,1770,3
2023-10,1771,1
2023-10,1773,1
2023-10,1774,3
2023-10,1775,1
2023-10,1776,3
2023-10,1777,1
2023-10,1778,3
2023-10,1780,3
2023-10,1781,3
2023-10,1782,3
2023-10,1783,5
2023-10,1784,2
2023-10,1785,3
2023-10,1786,3
2023-10,1787,1
2023-10,1788,3
2023-10,1845,5
2023-10,1846,3
2023-10,1848,1
2023-10,1849,1
2023-10,1850,3
2023-10,1851,1
2023-10,1852,1
2023-10,1853,1
2023-10,1854,1
2023-10,1855,1
2023-10,1856,1
2023-10,1857,3
2023-10,1858,3
2023-10,1859,3
2023-10,1860,1
2023-10,1861,3
2023-10,1862,1
2023-10,1863,5
2023-10,1864,1
2023-10,1865,1
2023-10,1868,1
2023-10,1869,3
2023-10,1870,1
2023-10,1871,1
2023-10,1872,1
2023-10,1873,1
2023-10,1874,5
2023-10,1875,3
2023-10,1876,3
2023-10,1877,5
2023-10,1878,3
2023-10,1879,3
2023-10,1880,3
2023-10,1881,5
2023-10,1883,3
2023-10,1884,1
2023-10,1885,3
2023-10,1886,3
2023-10,1887,1
2023-10,1888,1
2023-10,1889,1
2023-10,1890,5
2023-10,1891,2
2023-10,1892,1
2023-10,1893,1
2023-10,1894,3
2023-10,1895,3
2023-10,1896,1
2023-10,1897,1
2023-10,1898,3
2023-10,1899,3
2023-10,1900,3
2023-10,1901,3
2023-10,1902,1
2023-10,1903,1
2023-10,1904,3
2023-10,1905,5
2023-10,1906,3
2023-10,1907,1
2023-10,1908,1
2023-10,1909,1
2023-10,1910,1
2023-10,1912,3
2023-10,1915,1
2023-10,1916,1
2023-10,1917,1
2023-10,1918,1
2023-10,1919,5
2023-10,1920,3
2023-10,1921,1
2023-10,1922,3
2023-10,1923,3
2023-10,1924,1
2023-10,1925,1
2023-10,1926,1
2023-10,1927,1
2023-10,1928,1
2023-10,1929,1
2023-10,1930,3
2023-10,1931,3
2023-10,1932,1
2023-10,1933,1
2023-10,1934,3
2023-10,1935,1
2023-10,1936,3
2023-10,1937,3
2023-10,1938,3
2023-10,1939,3
2023-10,1940,1
2023-10,1941,1
2023-10,1942,1
2023-10,1943,1
2023-10,1944,1
2023-10,1945,1
2023-10,1947,3
2023-10,1948,3
2023-10,1949,1
2023-10,1950,3
2023-10,1951,3
2023-10,1952,5
2023-10,1954,4
2023-10,1955,4
2023-10,1956,4
2023-10,1957,4
2023-10,1958,4
2023-10,1959,4
2023-10,1960,4
2023-10,1961,5
2023-10,1962,4
2023-10,1963,4
2023-10,1965,4
2023-10,1966,4
2023-10,1967,4
2023-10,1968,4
2023-10,1969,4
2023-10,1970,4
2023-10,1971,5
2023-10,1972,3
2023-10,1973,3
2023-10,1974,3
2023-10,1975,3
2023-10,1976,3
2023-10,1977,5
2023-10,1978,3
2023-10,1979,5
2023-10,1980,3
2023-10,1981,3
2023-10,1982,3
2023-10,1983,3
2023-10,1984,3
2023-10,1985,3
2023-10,1986,5
2023-10,1987,3
2023-10,1988,3
2023-10,1989,3
2023-10,1990,3
2023-10,1991,3
2023-10,1992,3
2023-10,1993,5
2023-10,1994,3
2023-10,1995,3
2023-10,1996,3
2023-10,1997,3
2023-10,1999,3
2023-10,2000,5
2023-10,2001,3
2023-10,2002,3
2023-10,2004,5
2023-10,2005,3
2023-10,2006,5
2023-10,2007,3
2023-10,2008,3
2023-10,2009,3
2023-10,2010,3
2023-10,2011,3
2023-10,2012,3
2023-10,2015,3
2023-10,2017,2
2023-10,2018,2
2023-10,2019,3
2023-10,2021,3
2023-10,2022,1
2023-10,2023,3
2023-10,2024,5
2023-10,2025,2
2023-10,2027,3
2023-10,2028,3
2023-10,2030,2
2023-10,2031,3
2023-10,2032,5
2023-10,2033,5
2023-10,2034,3
2023-10,2035,3
2023-10,2036,3
2023-10,2037,2
2023-10,2039,3
2023-10,2040,5
2023-10,2041,3
2023-10,2042,3
2023-10,2043,2
2023-10,2044,5
2023-10,2045,3
2023-10,2046,3
2023-10,2047,3
2023-10,2048,3
2023-10,2049,1
2023-10,2050,1
2023-10,2051,3
2023-10,2052,1
2023-10,2053,1
2023-10,2054,1
2023-10,2055,3
2023-10,2056,1
2023-10,2057,1
2023-10,2058,3
2023-10,2059,3
2023-10,2060,3
2023-10,2061,1
2023-10,2062,3
2023-10,2063,5
2023-10,2064,3
2023-10,2065,1
2023-10,2066,3
2023-10,2067,1
2023-10,2068,1
2023-10,2069,3
2023-10,2070,3
2023-10,2072,1
2023-10,2073,3
2023-10,2074,3
2023-10,2075,1
2023-10,2076,1
2023-10,2077,1
2023-10,2078,1
2023-10,2079,1
2023-10,2080,1
2023-10,2081,1
2023-10,2082,1
2023-10,2085,1
2023-10,2087,1
2023-10,2088,1
2023-10,2089,1
2023-10,2090,1
2023-10,2091,2
2023-10,2093,1
2023-10,2094,1
2023-10,2095,1
2023-10,2096,1
2023-10,2098,1
2023-10,2100,3
2023-10,2101,5
2023-10,2105,3
2023-10,2108,3
2023-10,2109,3
2023-10,2110,1
2023-10,2111,3
2023-10,2112,1
2023-10,2113,3
2023-10,2114,3
2023-10,2116,1
2023-10,2117,1
2023-10,2118,1
2023-10,2119,5
2023-10,2120,3
2023-10,2121,3
2023-10,2122,3
2023-10,2124,3
2023-10,2125,1
2023-10,2126,3
2023-10,2127,1
2023-10,2128,3
2023-10,2129,1
2023-10,2130,2
2023-10,2131,3
2023-10,2132,2
2023-10,2133,1
2023-10,2134,3
2023-10,2136,1
2023-10,2137,1
2023-10,2138,1
2023-10,2139,1
2023-10,2140,1
2023-10,2142,1
2023-10,2143,3
2023-10,2144,5
2023-10,2145,3
2023-10,2146,3
2023-10,2148,3
2023-10,2149,3
2023-10,2150,2
2023-10,2151,3
2023-10,2152,1
2023-10,2153,3
2023-10,2154,3
2023-10,2155,3
2023-10,2156,1
2023-10,2157,3
2023-10,2158,3
2023-10,2159,1
2023-10,2160,1
2023-10,2161,5
2023-10,2162,1
2023-10,2163,3
2023-10,2164,5
2023-10,2165,3
2023-10,2167,3
2023-10,2168,3
2023-10,2169,5
2023-10,2171,3
2023-10,2172,1
2023-10,2173,3
2023-10,2174,3
2023-10,2175,1
2023-10,2176,3
2023-10,2177,3
2023-10,2178,3
2023-10,2179,3
2023-10,2180,3
2023-10,2181,1
2023-10,2182,1
2023-10,2183,3
2023-10,2184,1
2023-10,2185,1
2023-10,2186,3
2023-10,2187,3
2023-10,2188,3
2023-10,2189,3
2023-10,2190,5
2023-10,2191,2
2023-10,2192,5
2023-10,2193,5
2023-10,2194,2
2023-10,2195,2
2023-10,2196,2
2023-10,2197,2
2023-10,2198,2
2023-10,2199,2
2023-10,2200,1
2023-10,2201,2
2023-10,2202,2
2023-10,2203,2
2023-10,2204,2
2023-10,2205,3
2023-10,2206,2
2023-10,2207,1
2023-10,2208,2
2023-10,2210,5
2023-10,2211,3
2023-10,2212,2
2023-10,2213,2
2023-10,2215,2
2023-10,2216,5
2023-10,2217,5
2023-10,2218,3
2023-10,2219,3
2023-10,2220,5
2023-10,2221,5
2023-10,2222,5
2023-10,2223,3
2023-10,2224,5
2023-10,2225,3
2023-10,2226,5
2023-10,2227,5
2023-10,2228,5
2023-10,2229,3
2023-10,2230,3
2023-10,2231,5
2023-10,2232,5
2023-10,2233,3
2023-10,2234,3
2023-10,2235,5
2023-10,2236,5
2023-10,2237,2
2023-10,2238,5
2023-10,2241,3
2023-10,2242,5
2023-10,2243,5
2023-10,2244,4
2023-10,2245,5
2023-10,2248,3
2023-10,2249,4
2023-10,2250,4
2023-10,2251,5
2023-10,2252,3
2023-10,2253,3
2023-10,2254,1
2023-10,2255,1
2023-10,2256,1
2023-10,2257,1
2023-10,2258,1
2023-10,2259,1
2023-10,2260,2
2023-10,2262,1
2023-10,2264,1
2023-10,2265,1
2023-10,2266,1
2023-10,2267,1
2023-10,2268,1
2023-10,2269,3
2023-10,2270,1
2023-10,2271,1
2023-10,2272,3
2023-10,2274,3
2023-10,2275,5
2023-10,2276,3
2023-10,2278,3
2023-10,2279,5
2023-10,2280,3
2023-10,2281,5
2023-10,2282,5
2023-10,2286,3
2023-10,2287,3
2023-10,2288,3
2023-10,2289,3
2023-10,2292,2
2023-10,2293,3
2023-10,2294,3
2023-10,2295,2
2023-10,2296,3
2023-10,2297,3
2023-10,2298,3
2023-10,2299,3
2023-10,2300,3
2023-10,2301,3
2023-10,2302,3
2023-10,2303,3
2023-10,2304,3
2023-10,2305,2
2023-10,2307,1
2023-10,2308,3
2023-10,2309,1
2023-10,2310,3
2023-10,2311,3
2023-10,2312,5
2023-10,2314,3
2023-10,2315,3
2023-10,2316,3
2023-10,2317,2
2023-10,2318,5
2023-10,2320,3
2023-10,2321,3
2023-10,2322,3
2023-10,2323,1
2023-10,2324,3
2023-10,2325,3
2023-10,2326,3
2023-10,2327,3
2023-10,2328,3
2023-10,2329,3
2023-10,2330,3
2023-10,2332,3
2023-10,2333,3
2023-10,2334,3
2023-10,2335,3
2023-10,2336,3
2023-10,2337,5
2023-10,2338,5
2023-10,2339,4
2023-10,2340,3
2023-10,2341,4
2023-10,2342,4
2023-10,2343,4
2023-10,2344,4
2023-10,2345,4
2023-10,2348,4
2023-10,2349,4
2023-10,2351,5
2023-10,2352,5
2023-10,2353,5
2023-10,2354,5
2023-10,2355,5
2023-10,2356,5
2023-10,2357,5
2023-10,2358,5
2023-10,2359,5
2023-10,2360,5
2023-10,2361,5
2023-10,2362,5
2023-10,2363,5
2023-10,2364,5
2023-10,2365,5
2023-10,2366,5
2023-10,2367,5
2023-10,2368,5
2023-10,2369,5
2023-10,2370,5
2023-10,2371,5
2023-10,2372,5
2023-10,2373,5
2023-10,2374,5
2023-10,2375,5
2023-10,2376,5
2023-10,2377,5
2023-10,2378,5
2023-10,2379,5
2023-10,2380,5
2023-10,2381,5
2023-10,2382,5
2023-10,2383,5
2023-10,2384,5
2023-10,2385,5
2023-10,2386,5
2023-10,2387,5
2023-10,2388,5
2023-10,2389,5
2023-10,2390,5
2023-10,2391,5
2023-10,2392,5
2023-10,2393,5
2023-10,2395,5
2023-10,2398,5
2023-10,2399,5
2023-10,2400,5
2023-10,2401,5
2023-10,2402,5
2023-10,2403,5
2023-10,2404,5
2023-10,2405,5
2023-10,2406,5
2023-10,2407,5
2023-10,2408,5
2023-10,2409,5
2023-10,2410,5
2023-10,2411,5
2023-10,2412,5
2023-10,2416,5
2023-10,2422,5
2023-10,2423,5
2023-10,2424,5
2023-10,2425,5
2023-10,2426,5
2023-10,2427,5
2023-10,2428,5
2023-10,2429,5
2023-10,2430,5
2023-10,2431,5
2023-10,2432,5
2023-10,2433,5
2023-10,2434,5
2023-10,2435,5
2023-10,2436,5
2023-10,2437,5
2023-10,2439,5
2023-10,2440,5
2023-10,2441,5
2023-10,2442,5
2023-10,2443,5
2023-10,2444,5
2023-10,2445,5
2023-10,2446,5
2023-10,2447,5
2023-10,2449,5
2023-10,2450,5
2023-10,2451,5
2023-10,2452,5
2023-10,2453,5
2023-10,2454,5
2023-10,2455,5
2023-10,2456,5
2023-10,2457,5
2023-10,2458,5
2023-10,2459,5
2023-10,2460,5
2023-10,2461,5
2023-10,2462,5
2023-10,2463,5
2023-10,2464,5
2023-10,2465,5
2023-10,2466,5
2023-10,2467,5
2023-10,2468,5
2023-10,2469,5
2023-10,2470,5
2023-10,2471,5
2023-10,2472,5
2023-10,2473,5
2023-10,2474,5
2023-10,2475,5
2023-10,2476,5
2023-10,2477,5
2023-10,2478,5
2023-10,2479,5
2023-10,2480,5
2023-10,2481,5
2023-10,2482,5
2023-10,2483,5
2023-10,2484,5
2023-10,2485,5
2023-10,2486,5
2023-10,2487,5
2023-10,2488,5
2023-10,2489,5
2023-10,2490,5
2023-10,2491,5
2023-10,2492,5
2023-10,2493,5
2023-10,2494,5
2023-10,2495,5
2023-10,2496,5
2023-10,2497,5
2023-10,2498,5
2023-10,2499,5
2023-10,2500,5
2023-10,2501,5
2023-10,2502,5
2023-10,2503,5
2023-10,2504,5
2023-10,2505,5
2023-10,2506,5
2023-10,2507,5
2023-10,2508,5
2023-10,2509,5
2023-10,2510,5
2023-10,2511,5
2023-10,2512,5
2023-10,2513,5
2023-10,2514,5
2023-10,2515,5
2023-10,2516,5
2023-10,2517,5
2023-10,2518,5
2023-10,2519,5
2023-10,2520,5
2023-10,2521,5
2023-10,2522,5
2023-10,2523,5
2023-10,2524,5
2023-10,2525,5
2023-10,2526,5
2023-10,2527,5
2023-10,2528,5
2023-10,2529,5
2023-10,2530,5
2023-10,2531,5
2023-10,2532,5
2023-10,2533,5
2023-10,2534,5
2023-10,2535,5
2023-10,2536,5
2023-10,2537,5
2023-10,2538,5
2023-10,2539,5
2023-10,2540,5
2023-10,2541,5
2023-10,2542,5
2023-10,2543,5
2023-10,2544,5
2023-10,2545,5
2023-10,2546,5
2023-10,2547,5
2023-10,2548,5
2023-10,2549,5
2023-10,2550,5
2023-10,2551,5
2023-10,2552,5
2023-10,2553,5
2023-10,2554,5
2023-10,2555,5
2023-10,2556,5
2023-10,2557,5
2023-10,2558,5
2023-10,2559,5
2023-10,2560,5
2023-10,2561,5
2023-10,2562,5
2023-10,2563,5
2023-10,2564,5
2023-10,2565,5
2023-10,2566,5
2023-10,2567,5
2023-10,2568,5
2023-10,2569,5
2023-10,2570,5
2023-10,2571,5
2023-10,2572,5
2023-10,2573,5
2023-10,2574,5
2023-10,2575,5
2023-10,2576,5
2023-10,2577,5
2023-10,2578,5
2023-10,2579,5
2023-10,2580,5
2023-10,2581,5
2023-10,2582,5
2023-10,2583,5
2023-10,2584,5
2023-10,2585,5
2023-10,2586,5
2023-10,2587,5
2023-10,2588,5
2023-10,2589,5
2023-10,2590,5
2023-10,2591,5
2023-10,2592,5
2023-10,2593,3
2023-10,2595,3
2023-10,2596,5
2023-10,2597,5
2023-10,2598,3
2023-10,2599,5
2023-10,2600,5
2023-10,2601,5
2023-10,2602,5
2023-10,2604,5
2023-10,2605,5
2023-10,2606,5
2023-10,2607,5
2023-10,2618,1
2023-10,2619,3
2023-10,2620,5
2023-10,2621,5
2023-10,2644,5
2023-10,2646,5
2023-10,2647,5
2023-10,2648,5
2023-10,2649,5
2023-10,2651,5
2023-10,2652,5
2023-10,2710,3
2023-10,2808,5
2023-10,2809,5
2023-10,2813,3
2023-10,2814,5
2023-10,2872,4
2023-10,2876,5
2023-10,2879,5
2023-10,2880,4
2023-10,2881,5
2023-10,2882,5
2023-10,2883,3
2023-10,2884,3
2023-10,2885,2
2023-10,2886,3
2023-10,2887,5
2023-10,3005,5
2023-10,3007,3
2023-10,3009,5
2023-10,3011,5
2023-10,3012,3
2023-10,3013,5
2023-11,1,5
2023-11,2,3
2023-11,3,3
2023-11,4,2
2023-11,5,2
2023-11,6,5
2023-11,7,5
2023-11,8,5
2023-11,9,2
2023-11,10,5
2023-11,11,2
2023-11,12,5
2023-11,13,2
2023-11,14,2
2023-11,15,2
2023-11,16,2
2023-11,17,2
2023-11,18,2
2023-11,19,2
2023-11,20,2
2023-11,21,5
2023-11,22,3
2023-11,23,5
2023-11,25,5
2023-11,26,5
2023-11,27,5
2023-11,28,5
2023-11,29,5
2023-11,30,2
2023-11,31,2
2023-11,32,2
2023-11,33,2
2023-11,34,2
2023-11,35,2
2023-11,36,2
2023-11,37,2
2023-11,38,5
2023-11,39,2
2023-11,40,2
2023-11,41,2
2023-11,42,5
2023-11,43,2
2023-11,44,5
2023-11,45,2
2023-11,46,2
2023-11,47,2
2023-11,48,2
2023-11,49,3
2023-11,50,2
2023-11,51,5
2023-11,52,3
2023-11,53,2
2023-11,54,2
2023-11,55,5
2023-11,56,2
2023-11,57,5
2023-11,58,3
2023-11,59,2
2023-11,60,2
2023-11,61,2
2023-11,62,2
2023-11,63,2
2023-11,65,3
2023-11,66,5
2023-11,67,2
2023-11,68,2
2023-11,69,2
2023-11,70,3
2023-11,71,2
2023-11,72,2
2023-11,73,5
2023-11,74,2
2023-11,75,5
2023-11,76,5
2023-11,77,5
2023-11,78,2
2023-11,79,2
2023-11,80,2
2023-11,81,5
2023-11,82,2
2023-11,83,2
2023-11,167,5
2023-11,168,5
2023-11,169,3
2023-11,173,1
2023-11,181,1
2023-11,184,1
2023-11,185,1
2023-11,188,1
2023-11,191,1
2023-11,194,5
2023-11,195,3
2023-11,196,5
2023-11,198,1
2023-11,201,5
2023-11,203,3
2023-11,204,3
2023-11,205,5
2023-11,206,5
2023-11,207,5
2023-11,208,3
2023-11,209,2
2023-11,210,3
2023-11,211,3
2023-11,212,3
2023-11,213,3
2023-11,214,3
2023-11,215,3
2023-11,216,3
2023-11,217,3
2023-11,218,5
2023-11,219,3
2023-11,220,3
2023-11,221,3
2023-11,222,5
2023-11,223,3
2023-11,224,5
2023-11,225,4
2023-11,226,3
2023-11,227,3
2023-11,228,3
2023-11,229,3
2023-11,230,3
2023-11,231,3
2023-11,232,2
2023-11,233,3
2023-11,234,3
2023-11,235,3
2023-11,236,3
2023-11,237,5
2023-11,238,1
2023-11,239,3
2023-11,240,3
2023-11,241,3
2023-11,242,2
2023-11,243,2
2023-11,269,5
2023-11,270,3
2023-11,271,3
2023-11,272,2
2023-11,273,2
2023-11,274,3
2023-11,275,2
2023-11,276,3
2023-11,277,3
2023-11,278,5
2023-11,279,3
2023-11,280,2
2023-11,281,2
2023-11,282,2
2023-11,283,3
2023-11,284,3
2023-11,285,1
2023-11,287,1
2023-11,288,1
2023-11,289,1
2023-11,290,1
2023-11,292,1
2023-11,293,1
2023-11,294,1
2023-11,295,3
2023-11,296,1
2023-11,297,1
2023-11,298,1
2023-11,300,1
2023-11,301,2
2023-11,302,1
2023-11,303,3
2023-11,304,1
2023-11,305,1
2023-11,306,1
2023-11,307,1
2023-11,308,3
2023-11,309,4
2023-11,312,4
2023-11,314,4
2023-11,316,4
2023-11,317,4
2023-11,318,4
2023-11,319,4
2023-11,320,4
2023-11,321,2
2023-11,323,4
2023-11,324,4
2023-11,325,4
2023-11,326,4
2023-11,327,3
2023-11,329,4
2023-11,330,4
2023-11,331,4
2023-11,332,4
2023-11,333,4
2023-11,334,4
2023-11,335,4
2023-11,336,4
2023-11,337,4
2023-11,338,4
2023-11,339,4
2023-11,340,4
2023-11,341,4
2023-11,342,4
2023-11,343,4
2023-11,345,5
2023-11,346,5
2023-11,347,5
2023-11,348,5
2023-11,349,1
2023-11,351,5
2023-11,352,5
2023-11,354,5
2023-11,355,5
2023-11,356,3
2023-11,357,2
2023-11,358,2
2023-11,359,2
2023-11,360,3
2023-11,361,2
2023-11,362,5
2023-11,363,1
2023-11,364,2
2023-11,365,2
2023-11,366,2
2023-11,367,2
2023-11,368,5
2023-11,369,2
2023-11,370,3
2023-11,371,5
2023-11,372,2
2023-11,373,5
2023-11,374,3
2023-11,375,5
2023-11,376,2
2023-11,377,1
2023-11,378,2
2023-11,379,5
2023-11,380,5
2023-11,381,2
2023-11,382,3
2023-11,383,3
2023-11,384,1
2023-11,385,5
2023-11,386,2
2023-11,387,2
2023-11,388,5
2023-11,390,2
2023-11,391,3
2023-11,392,3
2023-11,393,2
2023-11,395,2
2023-11,396,2
2023-11,397,3
2023-11,398,3
2023-11,401,2
2023-11,402,2
2023-11,403,2
2023-11,404,2
2023-11,405,2
2023-11,408,2
2023-11,410,2
2023-11,413,2
2023-11,414,2
2023-11,416,2
2023-11,418,5
2023-11,419,5
2023-11,420,5
2023-11,421,2
2023-11,422,5
2023-11,423,1
2023-11,424,3
2023-11,425,3
2023-11,428,1
2023-11,429,1
2023-11,430,5
2023-11,431,3
2023-11,432,3
2023-11,433,1
2023-11,434,1
2023-11,435,2
2023-11,436,1
2023-11,437,1
2023-11,438,2
2023-11,440,3
2023-11,441,2
2023-11,442,2
2023-11,443,2
2023-11,444,3
2023-11,445,3
2023-11,446,2
2023-11,447,3
2023-11,448,5
2023-11,449,2
2023-11,450,3
2023-11,451,3
2023-11,452,5
2023-11,453,2
2023-11,455,2
2023-11,456,2
2023-11,457,3
2023-11,458,2
2023-11,459,2
2023-11,460,2
2023-11,478,5
2023-11,479,1
2023-11,480,3
2023-11,481,5
2023-11,482,3
2023-11,484,2
2023-11,485,2
2023-11,486,2
2023-11,487,2
2023-11,489,1
2023-11,490,2
2023-11,491,3
2023-11,492,1
2023-11,493,3
2023-11,494,3
2023-11,495,1
2023-11,496,2
2023-11,497,3
2023-11,498,3
2023-11,499,2
2023-11,501,3
2023-11,502,2
2023-11,503,2
2023-11,504,5
2023-11,505,3
2023-11,506,5
2023-11,507,5
2023-11,508,3
2023-11,509,5
2023-11,510,5
2023-11,511,3
2023-11,512,3
2023-11,515,2
2023-11,516,1
2023-11,517,2
2023-11,518,3
2023-11,519,2
2023-11,520,1
2023-11,521,2
2023-11,522,3
2023-11,523,1
2023-11,524,2
2023-11,525,1
2023-11,527,3
2023-11,528,3
2023-11,529,2
2023-11,530,3
2023-11,531,3
2023-11,532,3
2023-11,533,1
2023-11,534,2
2023-11,535,2
2023-11,536,1
2023-11,537,2
2023-11,538,3
2023-11,539,2
2023-11,540,2
2023-11,541,1
2023-11,542,3
2023-11,543,3
2023-11,544,2
2023-11,545,3
2023-11,546,2
2023-11,547,1
2023-11,548,3
2023-11,549,2
2023-11,550,2
2023-11,552,2
2023-11,553,1
2023-11,554,2
2023-11,555,2
2023-11,556,2
2023-11,557,1
2023-11,558,2
2023-11,559,3
2023-11,560,1
2023-11,561,3
2023-11,562,1
2023-11,563,1
2023-11,564,2
2023-11,565,1
2023-11,566,1
2023-11,567,1
2023-11,568,2
2023-11,569,1
2023-11,570,1
2023-11,571,1
2023-11,572,1
2023-11,574,2
2023-11,578,5
2023-11,579,2
2023-11,580,4
2023-11,581,2
2023-11,582,4
2023-11,583,2
2023-11,584,2
2023-11,585,3
2023-11,586,2
2023-11,587,2
2023-11,588,4
2023-11,589,2
2023-11,591,2
2023-11,592,2
2023-11,593,2
2023-11,594,2
2023-11,595,2
2023-11,598,2
2023-11,599,3
2023-11,600,4
2023-11,601,2
2023-11,602,2
2023-11,603,2
2023-11,604,2
2023-11,605,2
2023-11,606,2
2023-11,607,2
2023-11,608,5
2023-11,612,5
2023-11,613,4
2023-11,614,4
2023-11,615,4
2023-11,616,4
2023-11,618,4
2023-11,619,4
2023-11,621,4
2023-11,666,5
2023-11,667,5
2023-11,668,3
2023-11,669,3
2023-11,670,3
2023-11,671,3
2023-11,674,5
2023-11,675,3
2023-11,676,5
2023-11,677,3
2023-11,678,4
2023-11,679,5
2023-11,680,3
2023-11,683,1
2023-11,685,3
2023-11,686,5
2023-11,687,1
2023-11,689,3
2023-11,690,2
2023-11,691,1
2023-11,692,2
2023-11,693,5
2023-11,694,3
2023-11,695,2
2023-11,696,2
2023-11,697,3
2023-11,698,2
2023-11,699,1
2023-11,701,2
2023-11,702,3
2023-11,703,1
2023-11,704,2
2023-11,705,2
2023-11,706,1
2023-11,708,4
2023-11,710,1
2023-11,711,2
2023-11,712,2
2023-11,713,1
2023-11,714,2
2023-11,715,2
2023-11,716,4
2023-11,717,2
2023-11,718,4
2023-11,719,1
2023-11,720,4
2023-11,721,1
2023-11,722,2
2023-11,723,2
2023-11,725,2
2023-11,726,4
2023-11,727,5
2023-11,731,3
2023-11,734,3
2023-11,735,2
2023-11,736,2
2023-11,737,2
2023-11,738,2
2023-11,739,3
2023-11,741,3
2023-11,742,2
2023-11,743,3
2023-11,744,2
2023-11,745,3
2023-11,746,2
2023-11,747,3
2023-11,748,5
2023-11,749,2
2023-11,751,3
2023-11,752,2
2023-11,753,2
2023-11,754,3
2023-11,755,3
2023-11,756,3
2023-11,757,5
2023-11,758,2
2023-11,760,1
2023-11,761,1
2023-11,763,5
2023-11,764,3
2023-11,765,1
2023-11,766,3
2023-11,767,3
2023-11,769,3
2023-11,770,2
2023-11,771,3
2023-11,773,2
2023-11,774,3
2023-11,775,5
2023-11,776,4
2023-11,777,5
2023-11,778,5
2023-11,779,2
2023-11,780,2
2023-11,781,4
2023-11,782,5
2023-11,783,4
2023-11,784,2
2023-11,785,5
2023-11,787,4
2023-11,788,5
2023-11,789,2
2023-11,790,2
2023-11,791,2
2023-11,792,4
2023-11,793,3
2023-11,794,5
2023-11,795,4
2023-11,796,2
2023-11,797,4
2023-11,798,3
2023-11,799,4
2023-11,800,2
2023-11,801,2
2023-11,802,4
2023-11,803,4
2023-11,804,4
2023-11,805,4
2023-11,806,2
2023-11,807,4
2023-11,808,1
2023-11,809,5
2023-11,810,1
2023-11,811,5
2023-11,812,5
2023-11,813,5
2023-11,814,3
2023-11,815,3
2023-11,817,3
2023-11,818,3
2023-11,819,5
2023-11,820,5
2023-11,821,1
2023-11,822,1
2023-11,823,1
2023-11,824,5
2023-11,825,1
2023-11,826,1
2023-11,827,1
2023-11,828,1
2023-11,829,1
2023-11,830,5
2023-11,831,1
2023-11,832,1
2023-11,833,1
2023-11,834,1
2023-11,835,1
2023-11,836,1
2023-11,838,1
2023-11,839,1
2023-11,840,1
2023-11,841,5
2023-11,842,5
2023-11,843,5
2023-11,844,4
2023-11,846,4
2023-11,847,4
2023-11,848,4
2023-11,849,4
2023-11,851,4
2023-11,852,4
2023-11,853,4
2023-11,854,4
2023-11,855,4
2023-11,856,4
2023-11,857,4
2023-11,859,4
2023-11,860,5
2023-11,870,4
2023-11,871,4
2023-11,872,5
2023-11,873,4
2023-11,874,3
2023-11,875,4
2023-11,876,4
2023-11,877,4
2023-11,878,4
2023-11,879,4
2023-11,880,4
2023-11,881,2
2023-11,882,2
2023-11,883,3
2023-11,884,4
2023-11,885,2
2023-11,886,4
2023-11,888,4
2023-11,889,2
2023-11,890,5
2023-11,891,3
2023-11,892,3
2023-11,895,3
2023-11,896,5
2023-11,897,3
2023-11,898,3
2023-11,899,3
2023-11,900,3
2023-11,901,3
2023-11,902,3
2023-11,903,3
2023-11,904,3
2023-11,905,3
2023-11,907,3
2023-11,908,3
2023-11,909,3
2023-11,911,3
2023-11,912,5
2023-11,913,3
2023-11,914,3
2023-11,915,3
2023-11,916,4
2023-11,917,4
2023-11,918,5
2023-11,920,3
2023-11,922,1
2023-11,923,3
2023-11,924,1
2023-11,925,1
2023-11,926,1
2023-11,927,5
2023-11,928,5
2023-11,929,1
2023-11,930,1
2023-11,986,5
2023-11,987,3
2023-11,988,5
2023-11,989,5
2023-11,991,3
2023-11,992,3
2023-11,993,3
2023-11,994,3
2023-11,995,3
2023-11,996,3
2023-11,998,3
2023-11,999,3
2023-11,1001,3
2023-11,1002,3
2023-11,1003,3
2023-11,1004,3
2023-11,1005,3
2023-11,1006,3
2023-11,1007,5
2023-11,1008,5
2023-11,1009,3
2023-11,1010,3
2023-11,1011,1
2023-11,1012,1
2023-11,1013,1
2023-11,1014,1
2023-11,1015,3
2023-11,1016,1
2023-11,1017,1
2023-11,1018,1
2023-11,1019,1
2023-11,1020,3
2023-11,1021,3
2023-11,1023,1
2023-11,1024,1
2023-11,1025,1
2023-11,1026,3
2023-11,1027,1
2023-11,1028,1
2023-11,1029,1
2023-11,1030,1
2023-11,1031,1
2023-11,1032,1
2023-11,1033,1
2023-11,1034,1
2023-11,1035,1
2023-11,1036,1
2023-11,1037,3
2023-11,1038,1
2023-11,1039,3
2023-11,1040,2
2023-11,1041,1
2023-11,1044,1
2023-11,1047,3
2023-11,1048,2
2023-11,1049,3
2023-11,1051,3
2023-11,1052,2
2023-11,1053,3
2023-11,1054,5
2023-11,1055,2
2023-11,1056,3
2023-11,1057,3
2023-11,1058,2
2023-11,1059,2
2023-11,1060,3
2023-11,1061,2
2023-11,1062,2
2023-11,1063,3
2023-11,1064,1
2023-11,1065,2
2023-11,1066,3
2023-11,1067,1
2023-11,1068,3
2023-11,1069,2
2023-11,1070,3
2023-11,1071,2
2023-11,1072,3
2023-11,1107,5
2023-11,1108,3
2023-11,1109,3
2023-11,1110,3
2023-11,1111,3
2023-11,1112,3
2023-11,1113,3
2023-11,1115,3
2023-11,1116,1
2023-11,1117,5
2023-11,1118,3
2023-11,1119,3
2023-11,1120,3
2023-11,1121,3
2023-11,1122,2
2023-11,1123,3
2023-11,1124,2
2023-11,1125,3
2023-11,1126,3
2023-11,1127,3
2023-11,1128,3
2023-11,1129,3
2023-11,1130,3
2023-11,1131,3
2023-11,1132,3
2023-11,1133,3
2023-11,1134,5
2023-11,1135,5
2023-11,1136,5
2023-11,1137,2
2023-11,1138,3
2023-11,1139,2
2023-11,1140,5
2023-11,1141,5
2023-11,1142,2
2023-11,1143,3
2023-11,1144,2
2023-11,1146,3
2023-11,1147,2
2023-11,1148,2
2023-11,1149,2
2023-11,1150,5
2023-11,1151,3
2023-11,1152,4
2023-11,1153,2
2023-11,1154,3
2023-11,1155,2
2023-11,1157,3
2023-11,1158,3
2023-11,1159,2
2023-11,1160,3
2023-11,1161,3
2023-11,1163,3
2023-11,1164,2
2023-11,1165,5
2023-11,1166,2
2023-11,1167,2
2023-11,1168,3
2023-11,1169,5
2023-11,1170,2
2023-11,1171,2
2023-11,1172,2
2023-11,1173,2
2023-11,1174,2
2023-11,1175,2
2023-11,1176,5
2023-11,1178,1
2023-11,1179,3
2023-11,1180,3
2023-11,1181,3
2023-11,1184,3
2023-11,1185,3
2023-11,1186,5
2023-11,1187,3
2023-11,1188,5
2023-11,1189,2
2023-11,1190,5
2023-11,1191,2
2023-11,1192,2
2023-11,1193,3
2023-11,1194,1
2023-11,1195,1
2023-11,1196,2
2023-11,1197,5
2023-11,1198,5
2023-11,1200,3
2023-11,1201,1
2023-11,1203,3
2023-11,1204,1
2023-11,1205,1
2023-11,1206,3
2023-11,1207,3
2023-11,1208,1
2023-11,1209,3
2023-11,1210,1
2023-11,1211,3
2023-11,1212,3
2023-11,1213,3
2023-11,1214,3
2023-11,1215,1
2023-11,1217,1
2023-11,1218,1
2023-11,1219,3
2023-11,1220,1
2023-11,1221,3
2023-11,1222,1
2023-11,1223,1
2023-11,1224,5
2023-11,1225,5
2023-11,1226,5
2023-11,1227,3
2023-11,1228,3
2023-11,1229,5
2023-11,1230,5
2023-11,1231,5
2023-11,1232,3
2023-11,1233,5
2023-11,1234,3
2023-11,1235,3
2023-11,1236,5
2023-11,1237,3
2023-11,1238,5
2023-11,1240,2
2023-11,1241,3
2023-11,1242,1
2023-11,1243,5
2023-11,1244,3
2023-11,1246,2
2023-11,1249,2
2023-11,1250,3
2023-11,1251,2
2023-11,1252,3
2023-11,1253,1
2023-11,1254,2
2023-11,1256,2
2023-11,1257,2
2023-11,1258,5
2023-11,1259,3
2023-11,1260,3
2023-11,1261,3
2023-11,1262,3
2023-11,1264,1
2023-11,1265,3
2023-11,1266,1
2023-11,1267,2
2023-11,1268,1
2023-11,1269,1
2023-11,1270,3
2023-11,1271,1
2023-11,1272,3
2023-11,1273,1
2023-11,1274,1
2023-11,1275,3
2023-11,1276,2
2023-11,1277,3
2023-11,1278,1
2023-11,1279,1
2023-11,1280,3
2023-11,1281,3
2023-11,1282,2
2023-11,1284,3
2023-11,1285,3
2023-11,1286,1
2023-11,1287,3
2023-11,1288,1
2023-11,1289,2
2023-11,1290,3
2023-11,1291,1
2023-11,1292,1
2023-11,1293,3
2023-11,1294,3
2023-11,1295,3
2023-11,1296,2
2023-11,1297,2
2023-11,1298,3
2023-11,1299,3
2023-11,1300,2
2023-11,1301,3
2023-11,1302,3
2023-11,1303,5
2023-11,1304,3
2023-11,1305,3
2023-11,1306,3
2023-11,1308,3
2023-11,1309,1
2023-11,1310,3
2023-11,1311,1
2023-11,1312,2
2023-11,1313,1
2023-11,1314,1
2023-11,1315,5
2023-11,1316,3
2023-11,1317,1
2023-11,1319,1
2023-11,1320,1
2023-11,1321,3
2023-11,1322,1
2023-11,1323,1
2023-11,1324,2
2023-11,1325,1
2023-11,1326,2
2023-11,1327,1
2023-11,1328,1
2023-11,1329,3
2023-11,1330,1
2023-11,1331,1
2023-11,1333,5
2023-11,1334,3
2023-11,1335,1
2023-11,1336,2
2023-11,1337,2
2023-11,1338,3
2023-11,1339,2
2023-11,1340,1
2023-11,1341,3
2023-11,1343,2
2023-11,1344,1
2023-11,1345,1
2023-11,1346,1
2023-11,1347,3
2023-11,1348,1
2023-11,1349,1
2023-11,1350,1
2023-11,1351,2
2023-11,1352,2
2023-11,1353,1
2023-11,1355,1
2023-11,1356,3
2023-11,1357,2
2023-11,1358,2
2023-11,1392,3
2023-11,1393,3
2023-11,1394,3
2023-11,1395,5
2023-11,1396,5
2023-11,1397,5
2023-11,1398,5
2023-11,1399,3
2023-11,1400,5
2023-11,1401,3
2023-11,1402,5
2023-11,1403,5
2023-11,1404,3
2023-11,1405,3
2023-11,1406,3
2023-11,1407,3
2023-11,1408,5
2023-11,1409,5
2023-11,1410,5
2023-11,1411,5
2023-11,1412,1
2023-11,1413,3
2023-11,1414,3
2023-11,1415,1
2023-11,1416,1
2023-11,1417,1
2023-11,1419,1
2023-11,1420,1
2023-11,1421,2
2023-11,1422,3
2023-11,1423,1
2023-11,1425,3
2023-11,1426,1
2023-11,1427,3
2023-11,1428,1
2023-11,1429,1
2023-11,1430,4
2023-11,1431,3
2023-11,1438,3
2023-11,1439,5
2023-11,1440,5
2023-11,1443,5
2023-11,1444,5
2023-11,1445,5
2023-11,1446,5
2023-11,1447,5
2023-11,1448,5
2023-11,1449,3
2023-11,1453,5
2023-11,1454,5
2023-11,1456,5
2023-11,1457,5
2023-11,1459,5
2023-11,1461,5
2023-11,1463,5
2023-11,1464,5
2023-11,1465,5
2023-11,1467,5
2023-11,1468,5
2023-11,1472,5
2023-11,1473,3
2023-11,1474,3
2023-11,1475,5
2023-11,1477,5
2023-11,1478,3
2023-11,1480,5
2023-11,1481,5
2023-11,1483,3
2023-11,1484,5
2023-11,1486,3
2023-11,1488,5
2023-11,1489,5
2023-11,1490,5
2023-11,1491,5
2023-11,1492,5
2023-11,1493,5
2023-11,1494,3
2023-11,1495,5
2023-11,1496,5
2023-11,1500,5
2023-11,1501,5
2023-11,1504,3
2023-11,1506,5
2023-11,1507,5
2023-11,1508,5
2023-11,1509,5
2023-11,1510,3
2023-11,1511,5
2023-11,1512,3
2023-11,1518,5
2023-11,1519,3
2023-11,1520,3
2023-11,1521,5
2023-11,1522,3
2023-11,1523,5
2023-11,1525,5
2023-11,1526,3
2023-11,1527,5
2023-11,1528,3
2023-11,1529,3
2023-11,1530,3
2023-11,1532,1
2023-11,1533,3
2023-11,1534,3
2023-11,1535,3
2023-11,1536,3
2023-11,1537,1
2023-11,1539,3
2023-11,1540,3
2023-11,1541,1
2023-11,1542,3
2023-11,1543,1
2023-11,1544,2
2023-11,1545,1
2023-11,1546,3
2023-11,1547,1
2023-11,1548,1
2023-11,1549,3
2023-11,1550,3
2023-11,1551,1
2023-11,1552,1
2023-11,1553,3
2023-11,1554,1
2023-11,1555,3
2023-11,1556,3
2023-11,1557,3
2023-11,1558,1
2023-11,1559,1
2023-11,1560,5
2023-11,1561,1
2023-11,1562,3
2023-11,1563,3
2023-11,1564,1
2023-11,1565,1
2023-11,1566,1
2023-11,1567,1
2023-11,1568,3
2023-11,1569,1
2023-11,1570,1
2023-11,1571,1
2023-11,1572,2
2023-11,1573,1
2023-11,1574,3
2023-11,1575,5
2023-11,1577,3
2023-11,1578,3
2023-11,1579,3
2023-11,1580,1
2023-11,1581,3
2023-11,1582,1
2023-11,1583,3
2023-11,1584,1
2023-11,1585,1
2023-11,1586,5
2023-11,1587,3
2023-11,1588,3
2023-11,1589,3
2023-11,1590,2
2023-11,1591,1
2023-11,1592,3
2023-11,1593,1
2023-11,1594,1
2023-11,1595,3
2023-11,1596,3
2023-11,1597,5
2023-11,1598,5
2023-11,1599,5
2023-11,1600,5
2023-11,1601,5
2023-11,1602,2
2023-11,1603,2
2023-11,1604,2
2023-11,1605,1
2023-11,1606,1
2023-11,1607,1
2023-11,1608,3
2023-11,1609,2
2023-11,1610,3
2023-11,1611,3
2023-11,1612,3
2023-11,1613,1
2023-11,1614,1
2023-11,1615,3
2023-11,1616,1
2023-11,1617,1
2023-11,1618,3
2023-11,1619,3
2023-11,1620,5
2023-11,1621,2
2023-11,1622,1
2023-11,1623,2
2023-11,1624,3
2023-11,1625,2
2023-11,1626,1
2023-11,1627,3
2023-11,1628,3
2023-11,1629,3
2023-11,1630,2
2023-11,1631,3
2023-11,1632,5
2023-11,1633,3
2023-11,1634,3
2023-11,1635,1
2023-11,1636,3
2023-11,1637,2
2023-11,1638,2
2023-11,1639,3
2023-11,1640,2
2023-11,1641,3
2023-11,1642,2
2023-11,1643,3
2023-11,1644,3
2023-11,1645,3
2023-11,1646,2
2023-11,1647,2
2023-11,1648,2
2023-11,1649,3
2023-11,1650,2
2023-11,1651,2
2023-11,1652,5
2023-11,1653,3
2023-11,1654,2
2023-11,1655,3
2023-11,1656,2
2023-11,1657,2
2023-11,1658,3
2023-11,1659,3
2023-11,1660,1
2023-11,1661,2
2023-11,1662,2
2023-11,1663,3
2023-11,1664,3
2023-11,1665,5
2023-11,1666,1
2023-11,1667,3
2023-11,1668,5
2023-11,1669,3
2023-11,1670,3
2023-11,1671,3
2023-11,1672,3
2023-11,1673,3
2023-11,1674,3
2023-11,1675,3
2023-11,1676,3
2023-11,1678,1
2023-11,1679,3
2023-11,1680,2
2023-11,1681,1
2023-11,1682,3
2023-11,1683,3
2023-11,1685,3
2023-11,1686,3
2023-11,1687,2
2023-11,1688,2
2023-11,1689,1
2023-11,1690,1
2023-11,1691,1
2023-11,1692,3
2023-11,1693,3
2023-11,1694,3
2023-11,1696,2
2023-11,1697,2
2023-11,1698,1
2023-11,1699,3
2023-11,1700,3
2023-11,1701,3
2023-11,1702,1
2023-11,1703,2
2023-11,1704,3
2023-11,1705,3
2023-11,1706,3
2023-11,1707,5
2023-11,1708,3
2023-11,1709,3
2023-11,1710,3
2023-11,1711,3
2023-11,1712,1
2023-11,1714,1
2023-11,1715,3
2023-11,1717,3
2023-11,1718,1
2023-11,1719,3
2023-11,1722,1
2023-11,1724,1
2023-11,1725,1
2023-11,1726,5
2023-11,1727,1
2023-11,1728,3
2023-11,1730,3
2023-11,1731,3
2023-11,1732,1
2023-11,1733,3
2023-11,1737,1
2023-11,1738,1
2023-11,1739,1
2023-11,1740,3
2023-11,1741,1
2023-11,1742,3
2023-11,1743,1
2023-11,1744,1
2023-11,1745,1
2023-11,1746,1
2023-11,1747,1
2023-11,1749,1
2023-11,1750,1
2023-11,1751,1
2023-11,1752,1
2023-11,1753,1
2023-11,1754,1
2023-11,1755,1
2023-11,1756,1
2023-11,1757,1
2023-11,1758,5
2023-11,1759,3
2023-11,1760,1
2023-11,1761,1
2023-11,1762,1
2023-11,1764,5
2023-11,1765,3
2023-11,1766,3
2023-11,1768,3
2023-11,1769,3
2023-11,1770,3
2023-11,1771,1
2023-11,1773,3
2023-11,1774,3
2023-11,1775,1
2023-11,1776,3
2023-11,1777,1
2023-11,1778,3
2023-11,1780,3
2023-11,1781,1
2023-11,1782,3
2023-11,1783,5
2023-11,1784,1
2023-11,1785,3
2023-11,1786,3
2023-11,1787,1
2023-11,1788,3
2023-11,1845,5
2023-11,1846,3
2023-11,1848,1
2023-11,1849,3
2023-11,1850,3
2023-11,1851,1
2023-11,1852,1
2023-11,1853,1
2023-11,1854,1
2023-11,1855,1
2023-11,1856,1
2023-11,1857,1
2023-11,1858,3
2023-11,1859,3
2023-11,1860,1
2023-11,1861,3
2023-11,1862,3
2023-11,1863,5
2023-11,1864,1
2023-11,1865,1
2023-11,1868,3
2023-11,1869,3
2023-11,1870,1
2023-11,1871,3
2023-11,1872,1
2023-11,1873,3
2023-11,1874,5
2023-11,1875,3
2023-11,1876,3
2023-11,1877,5
2023-11,1878,3
2023-11,1879,3
2023-11,1880,3
2023-11,1881,5
2023-11,1883,3
2023-11,1884,1
2023-11,1885,3
2023-11,1886,3
2023-11,1887,1
2023-11,1888,1
2023-11,1889,1
2023-11,1890,5
2023-11,1891,1
2023-11,1892,1
2023-11,1893,1
2023-11,1894,3
2023-11,1895,3
2023-11,1896,1
2023-11,1897,1
2023-11,1898,3
2023-11,1899,3
2023-11,1900,3
2023-11,1901,3
2023-11,1902,1
2023-11,1903,3
2023-11,1904,3
2023-11,1905,5
2023-11,1906,3
2023-11,1907,1
2023-11,1908,1
2023-11,1909,1
2023-11,1910,1
2023-11,1912,3
2023-11,1915,1
2023-11,1916,1
2023-11,1917,1
2023-11,1918,1
2023-11,1919,5
2023-11,1920,3
2023-11,1921,1
2023-11,1922,3
2023-11,1923,3
2023-11,1924,2
2023-11,1925,1
2023-11,1926,2
2023-11,1927,1
2023-11,1928,1
2023-11,1929,1
2023-11,1930,3
2023-11,1931,3
2023-11,1932,3
2023-11,1933,1
2023-11,1934,3
2023-11,1935,3
2023-11,1936,3
2023-11,1937,3
2023-11,1938,1
2023-11,1939,3
2023-11,1940,1
2023-11,1941,1
2023-11,1942,1
2023-11,1943,1
2023-11,1944,1
2023-11,1945,1
2023-11,1947,3
2023-11,1948,3
2023-11,1949,1
2023-11,1950,3
2023-11,1951,3
2023-11,1952,5
2023-11,1954,4
2023-11,1955,4
2023-11,1956,4
2023-11,1957,4
2023-11,1958,4
2023-11,1959,4
2023-11,1960,4
2023-11,1961,5
2023-11,1962,4
2023-11,1963,4
2023-11,1965,2
2023-11,1966,4
2023-11,1967,4
2023-11,1968,4
2023-11,1969,4
2023-11,1970,4
2023-11,1971,5
2023-11,1972,3
2023-11,1973,3
2023-11,1974,3
2023-11,1975,3
2023-11,1976,3
2023-11,1977,5
2023-11,1978,3
2023-11,1979,5
2023-11,1980,3
2023-11,1981,3
2023-11,1982,3
2023-11,1983,3
2023-11,1984,1
2023-11,1985,3
2023-11,1986,5
2023-11,1987,2
2023-11,1988,3
2023-11,1989,3
2023-11,1990,3
2023-11,1991,3
2023-11,1992,3
2023-11,1993,3
2023-11,1994,3
2023-11,1995,5
2023-11,1996,3
2023-11,1997,3
2023-11,1999,3
2023-11,2000,5
2023-11,2001,3
2023-11,2002,3
2023-11,2004,5
2023-11,2005,3
2023-11,2006,5
2023-11,2007,3
2023-11,2008,3
2023-11,2009,3
2023-11,2010,3
2023-11,2011,3
2023-11,2012,3
2023-11,2015,3
2023-11,2017,2
2023-11,2018,2
2023-11,2019,3
2023-11,2021,3
2023-11,2022,1
2023-11,2023,3
2023-11,2024,5
2023-11,2025,2
2023-11,2027,3
2023-11,2028,3
2023-11,2030,2
2023-11,2031,3
2023-11,2032,5
2023-11,2033,5
2023-11,2034,2
2023-11,2035,3
2023-11,2036,3
2023-11,2037,1
2023-11,2039,3
2023-11,2040,5
2023-11,2041,3
2023-11,2042,3
2023-11,2043,1
2023-11,2044,5
2023-11,2045,3
2023-11,2046,1
2023-11,2047,3
2023-11,2048,3
2023-11,2049,1
2023-11,2050,1
2023-11,2051,3
2023-11,2052,3
2023-11,2053,1
2023-11,2054,1
2023-11,2055,3
2023-11,2056,1
2023-11,2057,3
2023-11,2058,3
2023-11,2059,3
2023-11,2060,3
2023-11,2061,1
2023-11,2062,3
2023-11,2063,5
2023-11,2064,3
2023-11,2065,1
2023-11,2066,2
2023-11,2067,1
2023-11,2068,1
2023-11,2069,3
2023-11,2070,3
2023-11,2072,1
2023-11,2073,3
2023-11,2074,3
2023-11,2075,1
2023-11,2076,1
2023-11,2077,1
2023-11,2078,1
2023-11,2079,1
2023-11,2080,1
2023-11,2081,3
2023-11,2082,1
2023-11,2085,1
2023-11,2087,1
2023-11,2088,1
2023-11,2089,1
2023-11,2090,1
2023-11,2091,2
2023-11,2093,1
2023-11,2094,1
2023-11,2095,1
2023-11,2096,1
2023-11,2098,1
2023-11,2100,3
2023-11,2101,5
2023-11,2105,3
2023-11,2108,3
2023-11,2109,3
2023-11,2110,1
2023-11,2111,3
2023-11,2112,1
2023-11,2113,3
2023-11,2114,1
2023-11,2116,1
2023-11,2117,1
2023-11,2118,1
2023-11,2119,5
2023-11,2120,3
2023-11,2121,3
2023-11,2122,3
2023-11,2124,3
2023-11,2125,1
2023-11,2126,3
2023-11,2127,1
2023-11,2128,3
2023-11,2129,1
2023-11,2130,1
2023-11,2131,3
2023-11,2132,2
2023-11,2133,1
2023-11,2134,3
2023-11,2136,2
2023-11,2137,1
2023-11,2138,1
2023-11,2139,1
2023-11,2140,1
2023-11,2142,1
2023-11,2143,1
2023-11,2144,5
2023-11,2145,3
2023-11,2146,3
2023-11,2148,3
2023-11,2149,2
2023-11,2150,2
2023-11,2151,3
2023-11,2152,1
2023-11,2153,3
2023-11,2154,3
2023-11,2155,3
2023-11,2156,1
2023-11,2157,3
2023-11,2158,3
2023-11,2159,1
2023-11,2160,1
2023-11,2161,5
2023-11,2162,1
2023-11,2163,3
2023-11,2164,5
2023-11,2165,3
2023-11,2167,3
2023-11,2168,3
2023-11,2169,5
2023-11,2171,3
2023-11,2172,1
2023-11,2173,3
2023-11,2174,3
2023-11,2175,1
2023-11,2176,3
2023-11,2177,3
2023-11,2178,1
2023-11,2179,3
2023-11,2180,3
2023-11,2181,1
2023-11,2182,3
2023-11,2183,3
2023-11,2184,1
2023-11,2185,1
2023-11,2186,3
2023-11,2187,3
2023-11,2188,3
2023-11,2189,3
2023-11,2190,5
2023-11,2191,2
2023-11,2192,5
2023-11,2193,5
2023-11,2194,2
2023-11,2195,2
2023-11,2196,2
2023-11,2197,1
2023-11,2198,2
2023-11,2199,2
2023-11,2200,1
2023-11,2201,2
2023-11,2202,2
2023-11,2203,2
2023-11,2204,2
2023-11,2205,3
2023-11,2206,2
2023-11,2207,1
2023-11,2208,2
2023-11,2210,5
2023-11,2211,3
2023-11,2212,2
2023-11,2213,2
2023-11,2215,2
2023-11,2216,5
2023-11,2217,5
2023-11,2218,3
2023-11,2219,3
2023-11,2220,5
2023-11,2221,5
2023-11,2222,5
2023-11,2223,3
2023-11,2224,5
2023-11,2225,3
2023-11,2226,5
2023-11,2227,5
2023-11,2228,5
2023-11,2229,3
2023-11,2230,4
2023-11,2231,5
2023-11,2232,5
2023-11,2233,3
2023-11,2234,3
2023-11,2235,5
2023-11,2236,5
2023-11,2237,2
2023-11,2238,5
2023-11,2241,3
2023-11,2242,5
2023-11,2243,5
2023-11,2244,4
2023-11,2245,5
2023-11,2248,3
2023-11,2249,4
2023-11,2250,4
2023-11,2251,5
2023-11,2252,3
2023-11,2253,3
2023-11,2254,2
2023-11,2255,1
2023-11,2256,1
2023-11,2257,1
2023-11,2258,1
2023-11,2259,1
2023-11,2260,1
2023-11,2262,1
2023-11,2264,1
2023-11,2265,1
2023-11,2266,1
2023-11,2267,1
2023-11,2268,1
2023-11,2269,2
2023-11,2270,1
2023-11,2271,3
2023-11,2272,3
2023-11,2274,3
2023-11,2275,5
2023-11,2276,3
2023-11,2278,3
2023-11,2279,5
2023-11,2280,3
2023-11,2281,5
2023-11,2282,5
2023-11,2286,3
2023-11,2287,3
2023-11,2288,3
2023-11,2289,3
2023-11,2292,2
2023-11,2293,3
2023-11,2294,3
2023-11,2295,2
2023-11,2296,3
2023-11,2297,3
2023-11,2298,3
2023-11,2299,3
2023-11,2300,3
2023-11,2301,3
2023-11,2302,3
2023-11,2303,3
2023-11,2304,3
2023-11,2305,2
2023-11,2307,3
2023-11,2308,3
2023-11,2309,1
2023-11,2310,3
2023-11,2311,3
2023-11,2312,5
2023-11,2314,3
2023-11,2315,3
2023-11,2316,3
2023-11,2317,2
2023-11,2318,5
2023-11,2320,3
2023-11,2321,3
2023-11,2322,3
2023-11,2323,1
2023-11,2324,3
2023-11,2325,3
2023-11,2326,3
2023-11,2327,3
2023-11,2328,3
2023-11,2329,3
2023-11,2330,3
2023-11,2332,3
2023-11,2333,3
2023-11,2334,3
2023-11,2335,3
2023-11,2336,3
2023-11,2337,5
2023-11,2338,5
2023-11,2339,4
2023-11,2340,3
2023-11,2341,4
2023-11,2342,2
2023-11,2343,2
2023-11,2344,4
2023-11,2345,4
2023-11,2348,4
2023-11,2349,4
2023-11,2351,5
2023-11,2352,5
2023-11,2353,5
2023-11,2354,5
2023-11,2355,5
2023-11,2356,5
2023-11,2357,5
2023-11,2358,5
2023-11,2359,5
2023-11,2360,5
2023-11,2361,5
2023-11,2362,5
2023-11,2363,5
2023-11,2364,5
2023-11,2365,5
2023-11,2366,5
2023-11,2367,5
2023-11,2368,5
2023-11,2369,5
2023-11,2370,5
2023-11,2371,5
2023-11,2372,5
2023-11,2373,5
2023-11,2374,5
2023-11,2375,5
2023-11,2376,5
2023-11,2377,5
2023-11,2378,5
2023-11,2379,5
2023-11,2380,5
2023-11,2381,5
2023-11,2382,5
2023-11,2383,5
2023-11,2384,5
2023-11,2385,5
2023-11,2386,5
2023-11,2387,5
2023-11,2388,5
2023-11,2389,5
2023-11,2390,5
2023-11,2391,5
2023-11,2392,5
2023-11,2393,5
2023-11,2395,5
2023-11,2398,5
2023-11,2399,5
2023-11,2400,5
2023-11,2401,5
2023-11,2402,5
2023-11,2403,5
2023-11,2404,5
2023-11,2405,5
2023-11,2406,5
2023-11,2407,5
2023-11,2408,5
2023-11,2409,5
2023-11,2410,5
2023-11,2411,5
2023-11,2412,5
2023-11,2416,5
2023-11,2422,5
2023-11,2423,5
2023-11,2424,5
2023-11,2425,5
2023-11,2426,5
2023-11,2427,5
2023-11,2428,5
2023-11,2429,5
2023-11,2430,5
2023-11,2431,5
2023-11,2432,5
2023-11,2433,5
2023-11,2434,5
2023-11,2435,5
2023-11,2436,5
2023-11,2437,5
2023-11,2439,5
2023-11,2440,5
2023-11,2441,5
2023-11,2442,5
2023-11,2443,5
2023-11,2444,5
2023-11,2445,5
2023-11,2446,5
2023-11,2447,5
2023-11,2449,5
2023-11,2450,5
2023-11,2451,5
2023-11,2452,5
2023-11,2453,5
2023-11,2454,5
2023-11,2455,5
2023-11,2456,5
2023-11,2457,5
2023-11,2458,5
2023-11,2459,5
2023-11,2460,5
2023-11,2461,5
2023-11,2462,5
2023-11,2463,5
2023-11,2464,5
2023-11,2465,5
2023-11,2466,5
2023-11,2467,5
2023-11,2468,5
2023-11,2469,5
2023-11,2470,5
2023-11,2471,5
2023-11,2472,5
2023-11,2473,5
2023-11,2474,5
2023-11,2475,5
2023-11,2476,5
2023-11,2477,5
2023-11,2478,5
2023-11,2479,5
2023-11,2480,5
2023-11,2481,5
2023-11,2482,5
2023-11,2483,5
2023-11,2484,5
2023-11,2485,5
2023-11,2486,5
2023-11,2487,5
2023-11,2488,5
2023-11,2489,5
2023-11,2490,5
2023-11,2491,5
2023-11,2492,5
2023-11,2493,5
2023-11,2494,5
2023-11,2495,5
2023-11,2496,5
2023-11,2497,5
2023-11,2498,5
2023-11,2499,5
2023-11,2500,5
2023-11,2501,5
2023-11,2502,5
2023-11,2503,5
2023-11,2504,5
2023-11,2505,5
2023-11,2506,5
2023-11,2507,5
2023-11,2508,5
2023-11,2509,5
2023-11,2510,5
2023-11,2511,5
2023-11,2512,5
2023-11,2513,5
2023-11,2514,5
2023-11,2515,5
2023-11,2516,5
2023-11,2517,5
2023-11,2518,5
2023-11,2519,5
2023-11,2520,5
2023-11,2521,5
2023-11,2522,5
2023-11,2523,5
2023-11,2524,5
2023-11,2525,5
2023-11,2526,5
2023-11,2527,5
2023-11,2528,5
2023-11,2529,5
2023-11,2530,5
2023-11,2531,5
2023-11,2532,5
2023-11,2533,5
2023-11,2534,5
2023-11,2535,5
2023-11,2536,5
2023-11,2537,5
2023-11,2538,5
2023-11,2539,5
2023-11,2540,5
2023-11,2541,5
2023-11,2542,5
2023-11,2543,5
2023-11,2544,5
2023-11,2545,5
2023-11,2546,5
2023-11,2547,5
2023-11,2548,5
2023-11,2549,5
2023-11,2550,5
2023-11,2551,5
2023-11,2552,5
2023-11,2553,5
2023-11,2554,5
2023-11,2555,5
2023-11,2556,5
2023-11,2557,5
2023-11,2558,5
2023-11,2559,5
2023-11,2560,5
2023-11,2561,5
2023-11,2562,5
2023-11,2563,5
2023-11,2564,5
2023-11,2565,5
2023-11,2566,5
2023-11,2567,5
2023-11,2568,5
2023-11,2569,5
2023-11,2570,5
2023-11,2571,5
2023-11,2572,5
2023-11,2573,5
2023-11,2574,5
2023-11,2575,5
2023-11,2576,5
2023-11,2577,5
2023-11,2578,5
2023-11,2579,5
2023-11,2580,5
2023-11,2581,5
2023-11,2582,5
2023-11,2583,5
2023-11,2584,5
2023-11,2585,5
2023-11,2586,5
2023-11,2587,5
2023-11,2588,5
2023-11,2589,5
2023-11,2590,5
2023-11,2591,5
2023-11,2592,5
2023-11,2593,3
2023-11,2595,3
2023-11,2596,5
2023-11,2597,5
2023-11,2598,3
2023-11,2599,5
2023-11,2600,5
2023-11,2601,5
2023-11,2602,5
2023-11,2604,5
2023-11,2605,5
2023-11,2606,5
2023-11,2607,5
2023-11,2618,1
2023-11,2619,3
2023-11,2620,5
2023-11,2621,5
2023-11,2644,5
2023-11,2646,5
2023-11,2647,5
2023-11,2648,5
2023-11,2649,5
2023-11,2651,5
2023-11,2652,5
2023-11,2710,3
2023-11,2808,5
2023-11,2809,5
2023-11,2813,3
2023-11,2814,5
2023-11,2872,4
2023-11,2876,5
2023-11,2879,5
2023-11,2880,4
2023-11,2881,5
2023-11,2882,5
2023-11,2883,3
2023-11,2884,3
2023-11,2885,2
2023-11,2886,3
2023-11,2887,5
2023-11,3005,5
2023-11,3007,3
2023-11,3009,5
2023-11,3011,5
2023-11,3012,3
2023-11,3013,5
2023-12,1,5
2023-12,2,3
2023-12,3,3
2023-12,4,2
2023-12,5,1
2023-12,6,5
2023-12,7,5
2023-12,8,5
2023-12,9,2
2023-12,10,5
2023-12,11,2
2023-12,12,5
2023-12,13,2
2023-12,14,2
2023-12,15,2
2023-12,16,2
2023-12,17,2
2023-12,18,2
2023-12,19,3
2023-12,20,2
2023-12,21,5
2023-12,22,3
2023-12,23,5
2023-12,25,5
2023-12,26,5
2023-12,27,5
2023-12,28,5
2023-12,29,5
2023-12,30,2
2023-12,31,2
2023-12,32,2
2023-12,33,2
2023-12,34,2
2023-12,35,5
2023-12,36,2
2023-12,37,2
2023-12,38,5
2023-12,39,2
2023-12,40,2
2023-12,41,2
2023-12,42,5
2023-12,43,2
2023-12,44,5
2023-12,45,2
2023-12,46,2
2023-12,47,2
2023-12,48,2
2023-12,49,3
2023-12,50,2
2023-12,51,5
2023-12,52,2
2023-12,53,2
2023-12,54,2
2023-12,55,5
2023-12,56,2
2023-12,57,5
2023-12,58,3
2023-12,59,2
2023-12,60,2
2023-12,61,2
2023-12,62,2
2023-12,63,2
2023-12,65,3
2023-12,66,5
2023-12,67,2
2023-12,68,2
2023-12,69,2
2023-12,70,3
2023-12,71,2
2023-12,72,2
2023-12,73,5
2023-12,74,2
2023-12,75,5
2023-12,76,5
2023-12,77,5
2023-12,78,2
2023-12,79,2
2023-12,80,2
2023-12,81,5
2023-12,82,2
2023-12,83,2
2023-12,167,5
2023-12,168,5
2023-12,169,1
2023-12,173,1
2023-12,181,1
2023-12,184,3
2023-12,185,1
2023-12,188,1
2023-12,191,1
2023-12,194,5
2023-12,195,3
2023-12,196,5
2023-12,198,1
2023-12,201,5
2023-12,203,3
2023-12,204,3
2023-12,205,5
2023-12,206,5
2023-12,207,5
2023-12,208,3
2023-12,209,2
2023-12,210,3
2023-12,211,3
2023-12,212,3
2023-12,213,3
2023-12,214,3
2023-12,215,3
2023-12,216,3
2023-12,217,3
2023-12,218,5
2023-12,219,3
2023-12,220,3
2023-12,221,3
2023-12,222,5
2023-12,223,3
2023-12,224,5
2023-12,225,4
2023-12,226,3
2023-12,227,3
2023-12,228,3
2023-12,229,3
2023-12,230,2
2023-12,231,3
2023-12,232,2
2023-12,233,3
2023-12,234,3
2023-12,235,1
2023-12,236,3
2023-12,237,5
2023-12,238,1
2023-12,239,3
2023-12,240,3
2023-12,241,3
2023-12,242,2
2023-12,243,2
2023-12,269,5
2023-12,270,3
2023-12,271,3
2023-12,272,2
2023-12,273,2
2023-12,274,1
2023-12,275,2
2023-12,276,3
2023-12,277,2
2023-12,278,5
2023-12,279,3
2023-12,280,2
2023-12,281,3
2023-12,282,2
2023-12,283,3
2023-12,284,3
2023-12,285,1
2023-12,287,1
2023-12,288,1
2023-12,289,1
2023-12,290,1
2023-12,292,1
2023-12,293,1
2023-12,294,1
2023-12,295,1
2023-12,296,1
2023-12,297,1
2023-12,298,1
2023-12,300,1
2023-12,301,2
2023-12,302,1
2023-12,303,3
2023-12,304,1
2023-12,305,1
2023-12,306,1
2023-12,307,1
2023-12,308,1
2023-12,309,4
2023-12,312,4
2023-12,314,4
2023-12,316,4
2023-12,317,4
2023-12,318,4
2023-12,319,4
2023-12,320,4
2023-12,321,2
2023-12,323,4
2023-12,324,4
2023-12,325,4
2023-12,326,4
2023-12,327,5
2023-12,329,4
2023-12,330,4
2023-12,331,4
2023-12,332,4
2023-12,333,4
2023-12,334,4
2023-12,335,4
2023-12,336,4
2023-12,337,4
2023-12,338,4
2023-12,339,4
2023-12,340,4
2023-12,341,4
2023-12,342,4
2023-12,343,4
2023-12,345,5
2023-12,346,5
2023-12,347,5
2023-12,348,5
2023-12,349,1
2023-12,351,5
2023-12,352,5
2023-12,354,5
2023-12,355,5
2023-12,356,3
2023-12,357,2
2023-12,358,2
2023-12,359,2
2023-12,360,3
2023-12,361,2
2023-12,362,5
2023-12,363,1
2023-12,364,2
2023-12,365,2
2023-12,366,2
2023-12,367,2
2023-12,368,5
2023-12,369,2
2023-12,370,3
2023-12,371,5
2023-12,372,2
2023-12,373,5
2023-12,374,3
2023-12,375,5
2023-12,376,2
2023-12,377,1
2023-12,378,2
2023-12,379,5
2023-12,380,5
2023-12,381,2
2023-12,382,3
2023-12,383,3
2023-12,384,2
2023-12,385,5
2023-12,386,2
2023-12,387,2
2023-12,388,5
2023-12,390,2
2023-12,391,3
2023-12,392,3
2023-12,393,2
2023-12,395,2
2023-12,396,2
2023-12,397,2
2023-12,398,3
2023-12,401,2
2023-12,402,2
2023-12,403,2
2023-12,404,2
2023-12,405,2
2023-12,408,2
2023-12,410,2
2023-12,413,2
2023-12,414,5
2023-12,416,2
2023-12,418,5
2023-12,419,5
2023-12,420,5
2023-12,421,2
2023-12,422,5
2023-12,423,2
2023-12,424,3
2023-12,425,2
2023-12,428,1
2023-12,429,1
2023-12,430,5
2023-12,431,2
2023-12,432,3
2023-12,433,1
2023-12,434,2
2023-12,435,2
2023-12,436,1
2023-12,437,1
2023-12,438,2
2023-12,440,3
2023-12,441,1
2023-12,442,2
2023-12,443,2
2023-12,444,1
2023-12,445,3
2023-12,446,2
2023-12,447,1
2023-12,448,5
2023-12,449,2
2023-12,450,3
2023-12,451,3
2023-12,452,5
2023-12,453,2
2023-12,455,2
2023-12,456,2
2023-12,457,3
2023-12,458,2
2023-12,459,2
2023-12,460,2
2023-12,478,5
2023-12,479,1
2023-12,480,2
2023-12,481,5
2023-12,482,3
2023-12,484,2
2023-12,485,2
2023-12,486,2
2023-12,487,2
2023-12,489,1
2023-12,490,2
2023-12,491,3
2023-12,492,2
2023-12,493,3
2023-12,494,3
2023-12,495,1
2023-12,496,3
2023-12,497,3
2023-12,498,2
2023-12,499,2
2023-12,501,3
2023-12,502,1
2023-12,503,2
2023-12,504,5
2023-12,505,3
2023-12,506,5
2023-12,507,5
2023-12,508,3
2023-12,509,5
2023-12,510,5
2023-12,511,3
2023-12,512,3
2023-12,515,2
2023-12,516,1
2023-12,517,2
2023-12,518,3
2023-12,519,2
2023-12,520,1
2023-12,521,1
2023-12,522,3
2023-12,523,1
2023-12,524,2
2023-12,525,1
2023-12,527,3
2023-12,528,1
2023-12,529,2
2023-12,530,3
2023-12,531,3
2023-12,532,2
2023-12,533,1
2023-12,534,2
2023-12,535,2
2023-12,536,1
2023-12,537,2
2023-12,538,3
2023-12,539,2
2023-12,540,2
2023-12,541,1
2023-12,542,3
2023-12,543,3
2023-12,544,1
2023-12,545,3
2023-12,546,2
2023-12,547,1
2023-12,548,3
2023-12,549,1
2023-12,550,1
2023-12,552,2
2023-12,553,1
2023-12,554,2
2023-12,555,1
2023-12,556,2
2023-12,557,1
2023-12,558,2
2023-12,559,3
2023-12,560,1
2023-12,561,3
2023-12,562,1
2023-12,563,1
2023-12,564,2
2023-12,565,1
2023-12,566,1
2023-12,567,1
2023-12,568,3
2023-12,569,1
2023-12,570,1
2023-12,571,1
2023-12,572,1
2023-12,574,2
2023-12,578,5
2023-12,579,2
2023-12,580,4
2023-12,581,2
2023-12,582,4
2023-12,583,2
2023-12,584,3
2023-12,585,3
2023-12,586,2
2023-12,587,2
2023-12,588,4
2023-12,589,2
2023-12,591,2
2023-12,592,2
2023-12,593,2
2023-12,594,2
2023-12,595,2
2023-12,598,2
2023-12,599,2
2023-12,600,4
2023-12,601,2
2023-12,602,2
2023-12,603,2
2023-12,604,2
2023-12,605,2
2023-12,606,2
2023-12,607,2
2023-12,608,4
2023-12,612,4
2023-12,613,4
2023-12,614,4
2023-12,615,4
2023-12,616,4
2023-12,618,4
2023-12,619,4
2023-12,621,4
2023-12,666,5
2023-12,667,5
2023-12,668,3
2023-12,669,3
2023-12,670,3
2023-12,671,3
2023-12,674,5
2023-12,675,3
2023-12,676,5
2023-12,677,3
2023-12,678,4
2023-12,679,5
2023-12,680,3
2023-12,683,1
2023-12,685,3
2023-12,686,5
2023-12,687,1
2023-12,689,3
2023-12,690,2
2023-12,691,3
2023-12,692,1
2023-12,693,5
2023-12,694,3
2023-12,695,1
2023-12,696,2
2023-12,697,3
2023-12,698,2
2023-12,699,1
2023-12,701,1
2023-12,702,3
2023-12,703,1
2023-12,704,2
2023-12,705,2
2023-12,706,1
2023-12,708,4
2023-12,710,3
2023-12,711,2
2023-12,712,2
2023-12,713,1
2023-12,714,3
2023-12,715,1
2023-12,716,4
2023-12,717,2
2023-12,718,4
2023-12,719,1
2023-12,720,4
2023-12,721,1
2023-12,722,3
2023-12,723,3
2023-12,725,2
2023-12,726,4
2023-12,727,5
2023-12,731,3
2023-12,734,3
2023-12,735,2
2023-12,736,2
2023-12,737,3
2023-12,738,2
2023-12,739,3
2023-12,741,3
2023-12,742,2
2023-12,743,3
2023-12,744,2
2023-12,745,3
2023-12,746,3
2023-12,747,3
2023-12,748,5
2023-12,749,2
2023-12,751,3
2023-12,752,2
2023-12,753,2
2023-12,754,3
2023-12,755,2
2023-12,756,2
2023-12,757,5
2023-12,758,2
2023-12,760,1
2023-12,761,1
2023-12,763,5
2023-12,764,2
2023-12,765,1
2023-12,766,2
2023-12,767,3
2023-12,769,3
2023-12,770,2
2023-12,771,3
2023-12,773,2
2023-12,774,2
2023-12,775,4
2023-12,776,4
2023-12,777,4
2023-12,778,4
2023-12,779,2
2023-12,780,2
2023-12,781,4
2023-12,782,4
2023-12,783,4
2023-12,784,4
2023-12,785,4
2023-12,787,2
2023-12,788,5
2023-12,789,2
2023-12,790,2
2023-12,791,2
2023-12,792,4
2023-12,793,3
2023-12,794,4
2023-12,795,4
2023-12,796,2
2023-12,797,4
2023-12,798,4
2023-12,799,4
2023-12,800,2
2023-12,801,2
2023-12,802,2
2023-12,803,4
2023-12,804,4
2023-12,805,4
2023-12,806,2
2023-12,807,4
2023-12,808,2
2023-12,809,5
2023-12,810,1
2023-12,811,5
2023-12,812,5
2023-12,813,5
2023-12,814,3
2023-12,815,3
2023-12,817,3
2023-12,818,3
2023-12,819,5
2023-12,820,5
2023-12,821,1
2023-12,822,1
2023-12,823,1
2023-12,824,5
2023-12,825,1
2023-12,826,1
2023-12,827,1
2023-12,828,1
2023-12,829,1
2023-12,830,5
2023-12,831,1
2023-12,832,1
2023-12,833,1
2023-12,834,1
2023-12,835,1
2023-12,836,3
2023-12,838,2
2023-12,839,3
2023-12,840,1
2023-12,841,5
2023-12,842,4
2023-12,843,4
2023-12,844,4
2023-12,846,5
2023-12,847,4
2023-12,848,4
2023-12,849,2
2023-12,851,4
2023-12,852,2
2023-12,853,4
2023-12,854,4
2023-12,855,4
2023-12,856,4
2023-12,857,4
2023-12,859,2
2023-12,860,4
2023-12,870,4
2023-12,871,4
2023-12,872,4
2023-12,873,4
2023-12,874,3
2023-12,875,4
2023-12,876,2
2023-12,877,4
2023-12,878,4
2023-12,879,4
2023-12,880,2
2023-12,881,2
2023-12,882,2
2023-12,883,3
2023-12,884,4
2023-12,885,4
2023-12,886,4
2023-12,888,4
2023-12,889,4
2023-12,890,5
2023-12,891,3
2023-12,892,5
2023-12,895,3
2023-12,896,5
2023-12,897,3
2023-12,898,3
2023-12,899,3
2023-12,900,3
2023-12,901,3
2023-12,902,2
2023-12,903,3
2023-12,904,2
2023-12,905,3
2023-12,907,2
2023-12,908,3
2023-12,909,3
2023-12,911,3
2023-12,912,5
2023-12,913,3
2023-12,914,1
2023-12,915,3
2023-12,916,4
2023-12,917,4
2023-12,918,5
2023-12,920,3
2023-12,922,1
2023-12,923,1
2023-12,924,1
2023-12,925,1
2023-12,926,1
2023-12,927,5
2023-12,928,5
2023-12,929,1
2023-12,930,1
2023-12,986,5
2023-12,987,3
2023-12,988,5
2023-12,989,5
2023-12,991,3
2023-12,992,3
2023-12,993,3
2023-12,994,3
2023-12,995,3
2023-12,996,3
2023-12,998,3
2023-12,999,3
2023-12,1001,3
2023-12,1002,3
2023-12,1003,3
2023-12,1004,3
2023-12,1005,3
2023-12,1006,3
2023-12,1007,5
2023-12,1008,5
2023-12,1009,3
2023-12,1010,3
2023-12,1011,1
2023-12,1012,1
2023-12,1013,1
2023-12,1014,1
2023-12,1015,3
2023-12,1016,1
2023-12,1017,1
2023-12,1018,1
2023-12,1019,1
2023-12,1020,3
2023-12,1021,3
2023-12,1023,1
2023-12,1024,1
2023-12,1025,1
2023-12,1026,3
2023-12,1027,1
2023-12,1028,1
2023-12,1029,1
2023-12,1030,1
2023-12,1031,1
2023-12,1032,1
2023-12,1033,1
2023-12,1034,1
2023-12,1035,1
2023-12,1036,1
2023-12,1037,3
2023-12,1038,1
2023-12,1039,3
2023-12,1040,1
2023-12,1041,1
2023-12,1044,1
2023-12,1047,3
2023-12,1048,2
2023-12,1049,3
2023-12,1051,2
2023-12,1052,2
2023-12,1053,3
2023-12,1054,5
2023-12,1055,2
2023-12,1056,3
2023-12,1057,3
2023-12,1058,2
2023-12,1059,2
2023-12,1060,3
2023-12,1061,2
2023-12,1062,2
2023-12,1063,3
2023-12,1064,1
2023-12,1065,2
2023-12,1066,3
2023-12,1067,1
2023-12,1068,3
2023-12,1069,2
2023-12,1070,3
2023-12,1071,5
2023-12,1072,3
2023-12,1107,5
2023-12,1108,3
2023-12,1109,3
2023-12,1110,3
2023-12,1111,3
2023-12,1112,3
2023-12,1113,3
2023-12,1115,3
2023-12,1116,1
2023-12,1117,5
2023-12,1118,3
2023-12,1119,3
2023-12,1120,3
2023-12,1121,3
2023-12,1122,2
2023-12,1123,3
2023-12,1124,1
2023-12,1125,3
2023-12,1126,3
2023-12,1127,3
2023-12,1128,3
2023-12,1129,3
2023-12,1130,3
2023-12,1131,3
2023-12,1132,3
2023-12,1133,1
2023-12,1134,5
2023-12,1135,5
2023-12,1136,5
2023-12,1137,2
2023-12,1138,3
2023-12,1139,2
2023-12,1140,5
2023-12,1141,5
2023-12,1142,2
2023-12,1143,3
2023-12,1144,2
2023-12,1146,3
2023-12,1147,3
2023-12,1148,2
2023-12,1149,2
2023-12,1150,5
2023-12,1151,3
2023-12,1152,4
2023-12,1153,3
2023-12,1154,3
2023-12,1155,2
2023-12,1157,3
2023-12,1158,3
2023-12,1159,2
2023-12,1160,3
2023-12,1161,3
2023-12,1163,3
2023-12,1164,2
2023-12,1165,5
2023-12,1166,2
2023-12,1167,2
2023-12,1168,3
2023-12,1169,5
2023-12,1170,2
2023-12,1171,2
2023-12,1172,2
2023-12,1173,2
2023-12,1174,2
2023-12,1175,2
2023-12,1176,5
2023-12,1178,2
2023-12,1179,3
2023-12,1180,3
2023-12,1181,3
2023-12,1184,3
2023-12,1185,3
2023-12,1186,5
2023-12,1187,3
2023-12,1188,5
2023-12,1189,2
2023-12,1190,5
2023-12,1191,2
2023-12,1192,2
2023-12,1193,3
2023-12,1194,3
2023-12,1195,1
2023-12,1196,2
2023-12,1197,3
2023-12,1198,5
2023-12,1200,3
2023-12,1201,1
2023-12,1203,3
2023-12,1204,3
2023-12,1205,1
2023-12,1206,3
2023-12,1207,3
2023-12,1208,1
2023-12,1209,3
2023-12,1210,1
2023-12,1211,3
2023-12,1212,3
2023-12,1213,3
2023-12,1214,3
2023-12,1215,1
2023-12,1217,1
2023-12,1218,1
2023-12,1219,3
2023-12,1220,1
2023-12,1221,3
2023-12,1222,1
2023-12,1223,1
2023-12,1224,5
2023-12,1225,5
2023-12,1226,5
2023-12,1227,3
2023-12,1228,3
2023-12,1229,5
2023-12,1230,5
2023-12,1231,5
2023-12,1232,3
2023-12,1233,5
2023-12,1234,3
2023-12,1235,3
2023-12,1236,5
2023-12,1237,3
2023-12,1238,5
2023-12,1240,2
2023-12,1241,3
2023-12,1242,1
2023-12,1243,5
2023-12,1244,3
2023-12,1246,2
2023-12,1249,2
2023-12,1250,5
2023-12,1251,1
2023-12,1252,3
2023-12,1253,1
2023-12,1254,2
2023-12,1256,2
2023-12,1257,2
2023-12,1258,5
2023-12,1259,3
2023-12,1260,3
2023-12,1261,3
2023-12,1262,3
2023-12,1264,1
2023-12,1265,3
2023-12,1266,1
2023-12,1267,2
2023-12,1268,3
2023-12,1269,1
2023-12,1270,3
2023-12,1271,1
2023-12,1272,3
2023-12,1273,1
2023-12,1274,1
2023-12,1275,2
2023-12,1276,2
2023-12,1277,3
2023-12,1278,1
2023-12,1279,2
2023-12,1280,3
2023-12,1281,3
2023-12,1282,2
2023-12,1284,3
2023-12,1285,3
2023-12,1286,1
2023-12,1287,3
2023-12,1288,1
2023-12,1289,2
2023-12,1290,3
2023-12,1291,1
2023-12,1292,1
2023-12,1293,3
2023-12,1294,3
2023-12,1295,3
2023-12,1296,1
2023-12,1297,1
2023-12,1298,3
2023-12,1299,3
2023-12,1300,2
2023-12,1301,3
2023-12,1302,3
2023-12,1303,5
2023-12,1304,3
2023-12,1305,3
2023-12,1306,3
2023-12,1308,3
2023-12,1309,1
2023-12,1310,3
2023-12,1311,1
2023-12,1312,3
2023-12,1313,1
2023-12,1314,1
2023-12,1315,5
2023-12,1316,3
2023-12,1317,1
2023-12,1319,1
2023-12,1320,1
2023-12,1321,3
2023-12,1322,1
2023-12,1323,1
2023-12,1324,1
2023-12,1325,1
2023-12,1326,2
2023-12,1327,1
2023-12,1328,1
2023-12,1329,3
2023-12,1330,3
2023-12,1331,1
2023-12,1333,5
2023-12,1334,3
2023-12,1335,1
2023-12,1336,1
2023-12,1337,3
2023-12,1338,3
2023-12,1339,2
2023-12,1340,1
2023-12,1341,3
2023-12,1343,2
2023-12,1344,1
2023-12,1345,1
2023-12,1346,1
2023-12,1347,3
2023-12,1348,1
2023-12,1349,1
2023-12,1350,1
2023-12,1351,2
2023-12,1352,2
2023-12,1353,1
2023-12,1355,1
2023-12,1356,2
2023-12,1357,2
2023-12,1358,2
2023-12,1392,3
2023-12,1393,3
2023-12,1394,3
2023-12,1395,5
2023-12,1396,5
2023-12,1397,5
2023-12,1398,5
2023-12,1399,3
2023-12,1400,5
2023-12,1401,3
2023-12,1402,5
2023-12,1403,5
2023-12,1404,3
2023-12,1405,3
2023-12,1406,3
2023-12,1407,3
2023-12,1408,5
2023-12,1409,5
2023-12,1410,5
2023-12,1411,5
2023-12,1412,1
2023-12,1413,3
2023-12,1414,3
2023-12,1415,1
2023-12,1416,1
2023-12,1417,1
2023-12,1419,1
2023-12,1420,1
2023-12,1421,2
2023-12,1422,3
2023-12,1423,1
2023-12,1425,3
2023-12,1426,1
2023-12,1427,3
2023-12,1428,1
2023-12,1429,3
2023-12,1430,4
2023-12,1431,4
2023-12,1438,4
2023-12,1439,5
2023-12,1440,5
2023-12,1443,5
2023-12,1444,5
2023-12,1445,5
2023-12,1446,5
2023-12,1447,5
2023-12,1448,5
2023-12,1449,3
2023-12,1453,5
2023-12,1454,5
2023-12,1456,5
2023-12,1457,5
2023-12,1459,5
2023-12,1461,5
2023-12,1463,5
2023-12,1464,5
2023-12,1465,5
2023-12,1467,5
2023-12,1468,5
2023-12,1472,5
2023-12,1473,3
2023-12,1474,3
2023-12,1475,5
2023-12,1477,5
2023-12,1478,3
2023-12,1480,5
2023-12,1481,5
2023-12,1483,3
2023-12,1484,5
2023-12,1486,3
2023-12,1488,5
2023-12,1489,5
2023-12,1490,5
2023-12,1491,5
2023-12,1492,5
2023-12,1493,5
2023-12,1494,3
2023-12,1495,5
2023-12,1496,5
2023-12,1500,5
2023-12,1501,5
2023-12,1504,3
2023-12,1506,5
2023-12,1507,5
2023-12,1508,5
2023-12,1509,5
2023-12,1510,3
2023-12,1511,5
2023-12,1512,3
2023-12,1518,5
2023-12,1519,3
2023-12,1520,3
2023-12,1521,5
2023-12,1522,3
2023-12,1523,5
2023-12,1525,5
2023-12,1526,3
2023-12,1527,5
2023-12,1528,3
2023-12,1529,3
2023-12,1530,3
2023-12,1532,1
2023-12,1533,3
2023-12,1534,3
2023-12,1535,3
2023-12,1536,3
2023-12,1537,1
2023-12,1539,3
2023-12,1540,3
2023-12,1541,1
2023-12,1542,3
2023-12,1543,1
2023-12,1544,2
2023-12,1545,1
2023-12,1546,3
2023-12,1547,1
2023-12,1548,1
2023-12,1549,3
2023-12,1550,1
2023-12,1551,1
2023-12,1552,1
2023-12,1553,3
2023-12,1554,3
2023-12,1555,1
2023-12,1556,3
2023-12,1557,3
2023-12,1558,2
2023-12,1559,1
2023-12,1560,5
2023-12,1561,1
2023-12,1562,3
2023-12,1563,3
2023-12,1564,1
2023-12,1565,1
2023-12,1566,1
2023-12,1567,1
2023-12,1568,3
2023-12,1569,1
2023-12,1570,1
2023-12,1571,1
2023-12,1572,2
2023-12,1573,1
2023-12,1574,3
2023-12,1575,5
2023-12,1577,3
2023-12,1578,3
2023-12,1579,3
2023-12,1580,1
2023-12,1581,3
2023-12,1582,1
2023-12,1583,3
2023-12,1584,1
2023-12,1585,1
2023-12,1586,5
2023-12,1587,3
2023-12,1588,3
2023-12,1589,3
2023-12,1590,1
2023-12,1591,1
2023-12,1592,3
2023-12,1593,1
2023-12,1594,3
2023-12,1595,3
2023-12,1596,1
2023-12,1597,5
2023-12,1598,5
2023-12,1599,5
2023-12,1600,5
2023-12,1601,5
2023-12,1602,2
2023-12,1603,2
2023-12,1604,2
2023-12,1605,1
2023-12,1606,1
2023-12,1607,1
2023-12,1608,3
2023-12,1609,2
2023-12,1610,3
2023-12,1611,2
2023-12,1612,3
2023-12,1613,1
2023-12,1614,1
2023-12,1615,2
2023-12,1616,1
2023-12,1617,1
2023-12,1618,3
2023-12,1619,3
2023-12,1620,5
2023-12,1621,2
2023-12,1622,1
2023-12,1623,2
2023-12,1624,3
2023-12,1625,3
2023-12,1626,1
2023-12,1627,3
2023-12,1628,2
2023-12,1629,3
2023-12,1630,2
2023-12,1631,3
2023-12,1632,5
2023-12,1633,3
2023-12,1634,3
2023-12,1635,1
2023-12,1636,3
2023-12,1637,2
2023-12,1638,3
2023-12,1639,3
2023-12,1640,1
2023-12,1641,3
2023-12,1642,2
2023-12,1643,3
2023-12,1644,3
2023-12,1645,3
2023-12,1646,2
2023-12,1647,2
2023-12,1648,2
2023-12,1649,3
2023-12,1650,2
2023-12,1651,2
2023-12,1652,5
2023-12,1653,3
2023-12,1654,3
2023-12,1655,2
2023-12,1656,3
2023-12,1657,2
2023-12,1658,3
2023-12,1659,2
2023-12,1660,3
2023-12,1661,2
2023-12,1662,2
2023-12,1663,3
2023-12,1664,3
2023-12,1665,5
2023-12,1666,1
2023-12,1667,3
2023-12,1668,5
2023-12,1669,3
2023-12,1670,3
2023-12,1671,3
2023-12,1672,3
2023-12,1673,3
2023-12,1674,3
2023-12,1675,3
2023-12,1676,3
2023-12,1678,1
2023-12,1679,3
2023-12,1680,1
2023-12,1681,1
2023-12,1682,3
2023-12,1683,3
2023-12,1685,3
2023-12,1686,3
2023-12,1687,2
2023-12,1688,2
2023-12,1689,1
2023-12,1690,1
2023-12,1691,1
2023-12,1692,3
2023-12,1693,3
2023-12,1694,3
2023-12,1696,3
2023-12,1697,3
2023-12,1698,1
2023-12,1699,3
2023-12,1700,3
2023-12,1701,3
2023-12,1702,1
2023-12,1703,3
2023-12,1704,3
2023-12,1705,3
2023-12,1706,3
2023-12,1707,5
2023-12,1708,3
2023-12,1709,3
2023-12,1710,3
2023-12,1711,3
2023-12,1712,3
2023-12,1714,1
2023-12,1715,3
2023-12,1717,3
2023-12,1718,1
2023-12,1719,3
2023-12,1722,1
2023-12,1724,1
2023-12,1725,1
2023-12,1726,5
2023-12,1727,1
2023-12,1728,3
2023-12,1730,3
2023-12,1731,3
2023-12,1732,1
2023-12,1733,3
2023-12,1737,1
2023-12,1738,1
2023-12,1739,1
2023-12,1740,2
2023-12,1741,1
2023-12,1742,3
2023-12,1743,1
2023-12,1744,1
2023-12,1745,1
2023-12,1746,1
2023-12,1747,1
2023-12,1749,1
2023-12,1750,1
2023-12,1751,1
2023-12,1752,1
2023-12,1753,1
2023-12,1754,1
2023-12,1755,1
2023-12,1756,1
2023-12,1757,1
2023-12,1758,5
2023-12,1759,3
2023-12,1760,1
2023-12,1761,1
2023-12,1762,1
2023-12,1764,5
2023-12,1765,3
2023-12,1766,3
2023-12,1768,3
2023-12,1769,3
2023-12,1770,3
2023-12,1771,1
2023-12,1773,3
2023-12,1774,3
2023-12,1775,1
2023-12,1776,3
2023-12,1777,1
2023-12,1778,3
2023-12,1780,3
2023-12,1781,1
2023-12,1782,3
2023-12,1783,5
2023-12,1784,1
2023-12,1785,3
2023-12,1786,3
2023-12,1787,1
2023-12,1788,3
2023-12,1845,5
2023-12,1846,3
2023-12,1848,1
2023-12,1849,1
2023-12,1850,3
2023-12,1851,1
2023-12,1852,1
2023-12,1853,1
2023-12,1854,1
2023-12,1855,1
2023-12,1856,1
2023-12,1857,1
2023-12,1858,3
2023-12,1859,3
2023-12,1860,1
2023-12,1861,3
2023-12,1862,3
2023-12,1863,5
2023-12,1864,1
2023-12,1865,1
2023-12,1868,1
2023-12,1869,3
2023-12,1870,1
2023-12,1871,3
2023-12,1872,1
2023-12,1873,3
2023-12,1874,5
2023-12,1875,3
2023-12,1876,3
2023-12,1877,5
2023-12,1878,3
2023-12,1879,3
2023-12,1880,3
2023-12,1881,5
2023-12,1883,3
2023-12,1884,1
2023-12,1885,3
2023-12,1886,3
2023-12,1887,1
2023-12,1888,1
2023-12,1889,3
2023-12,1890,5
2023-12,1891,1
2023-12,1892,1
2023-12,1893,1
2023-12,1894,3
2023-12,1895,3
2023-12,1896,1
2023-12,1897,1
2023-12,1898,3
2023-12,1899,3
2023-12,1900,3
2023-12,1901,3
2023-12,1902,1
2023-12,1903,3
2023-12,1904,3
2023-12,1905,5
2023-12,1906,3
2023-12,1907,1
2023-12,1908,1
2023-12,1909,1
2023-12,1910,1
2023-12,1912,3
2023-12,1915,1
2023-12,1916,1
2023-12,1917,1
2023-12,1918,1
2023-12,1919,5
2023-12,1920,3
2023-12,1921,1
2023-12,1922,3
2023-12,1923,3
2023-12,1924,1
2023-12,1925,3
2023-12,1926,1
2023-12,1927,1
2023-12,1928,1
2023-12,1929,1
2023-12,1930,3
2023-12,1931,3
2023-12,1932,1
2023-12,1933,1
2023-12,1934,3
2023-12,1935,3
2023-12,1936,3
2023-12,1937,3
2023-12,1938,1
2023-12,1939,3
2023-12,1940,1
2023-12,1941,1
2023-12,1942,3
2023-12,1943,1
2023-12,1944,1
2023-12,1945,1
2023-12,1947,3
2023-12,1948,3
2023-12,1949,1
2023-12,1950,3
2023-12,1951,3
2023-12,1952,5
2023-12,1954,4
2023-12,1955,4
2023-12,1956,4
2023-12,1957,4
2023-12,1958,4
2023-12,1959,4
2023-12,1960,4
2023-12,1961,5
2023-12,1962,4
2023-12,1963,4
2023-12,1965,4
2023-12,1966,4
2023-12,1967,4
2023-12,1968,4
2023-12,1969,4
2023-12,1970,4
2023-12,1971,5
2023-12,1972,3
2023-12,1973,3
2023-12,1974,5
2023-12,1975,3
2023-12,1976,3
2023-12,1977,5
2023-12,1978,3
2023-12,1979,5
2023-12,1980,3
2023-12,1981,3
2023-12,1982,3
2023-12,1983,3
2023-12,1984,3
2023-12,1985,5
2023-12,1986,5
2023-12,1987,2
2023-12,1988,3
2023-12,1989,3
2023-12,1990,3
2023-12,1991,3
2023-12,1992,3
2023-12,1993,5
2023-12,1994,3
2023-12,1995,5
2023-12,1996,3
2023-12,1997,3
2023-12,1999,3
2023-12,2000,5
2023-12,2001,3
2023-12,2002,3
2023-12,2004,5
2023-12,2005,3
2023-12,2006,5
2023-12,2007,3
2023-12,2008,3
2023-12,2009,3
2023-12,2010,3
2023-12,2011,3
2023-12,2012,3
2023-12,2015,3
2023-12,2017,2
2023-12,2018,2
2023-12,2019,5
2023-12,2021,3
2023-12,2022,1
2023-12,2023,2
2023-12,2024,5
2023-12,2025,2
2023-12,2027,2
2023-12,2028,3
2023-12,2030,2
2023-12,2031,3
2023-12,2032,5
2023-12,2033,5
2023-12,2034,2
2023-12,2035,3
2023-12,2036,3
2023-12,2037,1
2023-12,2039,3
2023-12,2040,5
2023-12,2041,3
2023-12,2042,3
2023-12,2043,2
2023-12,2044,5
2023-12,2045,3
2023-12,2046,1
2023-12,2047,3
2023-12,2048,3
2023-12,2049,1
2023-12,2050,1
2023-12,2051,3
2023-12,2052,3
2023-12,2053,3
2023-12,2054,1
2023-12,2055,3
2023-12,2056,1
2023-12,2057,3
2023-12,2058,1
2023-12,2059,3
2023-12,2060,3
2023-12,2061,1
2023-12,2062,3
2023-12,2063,5
2023-12,2064,3
2023-12,2065,1
2023-12,2066,1
2023-12,2067,1
2023-12,2068,1
2023-12,2069,3
2023-12,2070,3
2023-12,2072,1
2023-12,2073,3
2023-12,2074,3
2023-12,2075,1
2023-12,2076,1
2023-12,2077,1
2023-12,2078,1
2023-12,2079,1
2023-12,2080,1
2023-12,2081,3
2023-12,2082,1
2023-12,2085,1
2023-12,2087,1
2023-12,2088,1
2023-12,2089,1
2023-12,2090,3
2023-12,2091,2
2023-12,2093,1
2023-12,2094,1
2023-12,2095,1
2023-12,2096,1
2023-12,2098,1
2023-12,2100,3
2023-12,2101,5
2023-12,2105,3
2023-12,2108,3
2023-12,2109,3
2023-12,2110,3
2023-12,2111,3
2023-12,2112,1
2023-12,2113,3
2023-12,2114,1
2023-12,2116,1
2023-12,2117,1
2023-12,2118,1
2023-12,2119,5
2023-12,2120,3
2023-12,2121,3
2023-12,2122,3
2023-12,2124,3
2023-12,2125,1
2023-12,2126,1
2023-12,2127,1
2023-12,2128,3
2023-12,2129,1
2023-12,2130,1
2023-12,2131,3
2023-12,2132,1
2023-12,2133,1
2023-12,2134,3
2023-12,2136,2
2023-12,2137,1
2023-12,2138,1
2023-12,2139,1
2023-12,2140,1
2023-12,2142,1
2023-12,2143,1
2023-12,2144,5
2023-12,2145,3
2023-12,2146,3
2023-12,2148,3
2023-12,2149,2
2023-12,2150,2
2023-12,2151,3
2023-12,2152,1
2023-12,2153,3
2023-12,2154,3
2023-12,2155,3
2023-12,2156,1
2023-12,2157,3
2023-12,2158,3
2023-12,2159,1
2023-12,2160,1
2023-12,2161,5
2023-12,2162,1
2023-12,2163,3
2023-12,2164,5
2023-12,2165,3
2023-12,2167,3
2023-12,2168,3
2023-12,2169,5
2023-12,2171,3
2023-12,2172,3
2023-12,2173,3
2023-12,2174,3
2023-12,2175,1
2023-12,2176,3
2023-12,2177,3
2023-12,2178,3
2023-12,2179,3
2023-12,2180,3
2023-12,2181,1
2023-12,2182,3
2023-12,2183,3
2023-12,2184,3
2023-12,2185,1
2023-12,2186,3
2023-12,2187,3
2023-12,2188,3
2023-12,2189,3
2023-12,2190,5
2023-12,2191,2
2023-12,2192,5
2023-12,2193,5
2023-12,2194,2
2023-12,2195,2
2023-12,2196,1
2023-12,2197,1
2023-12,2198,2
2023-12,2199,2
2023-12,2200,1
2023-12,2201,2
2023-12,2202,2
2023-12,2203,2
2023-12,2204,2
2023-12,2205,2
2023-12,2206,2
2023-12,2207,1
2023-12,2208,2
2023-12,2210,5
2023-12,2211,3
2023-12,2212,2
2023-12,2213,2
2023-12,2215,2
2023-12,2216,5
2023-12,2217,5
2023-12,2218,3
2023-12,2219,3
2023-12,2220,5
2023-12,2221,5
2023-12,2222,5
2023-12,2223,3
2023-12,2224,5
2023-12,2225,3
2023-12,2226,5
2023-12,2227,5
2023-12,2228,5
2023-12,2229,5
2023-12,2230,5
2023-12,2231,5
2023-12,2232,5
2023-12,2233,3
2023-12,2234,3
2023-12,2235,5
2023-12,2236,5
2023-12,2237,2
2023-12,2238,4
2023-12,2241,5
2023-12,2242,5
2023-12,2243,5
2023-12,2244,4
2023-12,2245,5
2023-12,2248,3
2023-12,2249,4
2023-12,2250,4
2023-12,2251,5
2023-12,2252,3
2023-12,2253,3
2023-12,2254,2
2023-12,2255,1
2023-12,2256,1
2023-12,2257,1
2023-12,2258,1
2023-12,2259,1
2023-12,2260,1
2023-12,2262,1
2023-12,2264,1
2023-12,2265,1
2023-12,2266,1
2023-12,2267,1
2023-12,2268,1
2023-12,2269,1
2023-12,2270,1
2023-12,2271,1
2023-12,2272,3
2023-12,2274,3
2023-12,2275,5
2023-12,2276,3
2023-12,2278,3
2023-12,2279,5
2023-12,2280,3
2023-12,2281,5
2023-12,2282,5
2023-12,2286,3
2023-12,2287,3
2023-12,2288,3
2023-12,2289,3
2023-12,2292,2
2023-12,2293,3
2023-12,2294,3
2023-12,2295,2
2023-12,2296,3
2023-12,2297,3
2023-12,2298,3
2023-12,2299,3
2023-12,2300,3
2023-12,2301,3
2023-12,2302,3
2023-12,2303,3
2023-12,2304,3
2023-12,2305,2
2023-12,2307,3
2023-12,2308,1
2023-12,2309,3
2023-12,2310,3
2023-12,2311,3
2023-12,2312,5
2023-12,2314,3
2023-12,2315,3
2023-12,2316,3
2023-12,2317,2
2023-12,2318,5
2023-12,2320,3
2023-12,2321,3
2023-12,2322,3
2023-12,2323,1
2023-12,2324,3
2023-12,2325,3
2023-12,2326,3
2023-12,2327,3
2023-12,2328,3
2023-12,2329,3
2023-12,2330,3
2023-12,2332,3
2023-12,2333,3
2023-12,2334,3
2023-12,2335,3
2023-12,2336,3
2023-12,2337,5
2023-12,2338,4
2023-12,2339,4
2023-12,2340,5
2023-12,2341,4
2023-12,2342,2
2023-12,2343,4
2023-12,2344,4
2023-12,2345,4
2023-12,2348,4
2023-12,2349,4
2023-12,2351,5
2023-12,2352,5
2023-12,2353,5
2023-12,2354,5
2023-12,2355,5
2023-12,2356,5
2023-12,2357,5
2023-12,2358,5
2023-12,2359,5
2023-12,2360,5
2023-12,2361,5
2023-12,2362,5
2023-12,2363,5
2023-12,2364,5
2023-12,2365,5
2023-12,2366,5
2023-12,2367,5
2023-12,2368,5
2023-12,2369,5
2023-12,2370,5
2023-12,2371,5
2023-12,2372,5
2023-12,2373,5
2023-12,2374,5
2023-12,2375,5
2023-12,2376,5
2023-12,2377,5
2023-12,2378,5
2023-12,2379,5
2023-12,2380,5
2023-12,2381,5
2023-12,2382,5
2023-12,2383,5
2023-12,2384,5
2023-12,2385,5
2023-12,2386,5
2023-12,2387,5
2023-12,2388,5
2023-12,2389,5
2023-12,2390,5
2023-12,2391,5
2023-12,2392,5
2023-12,2393,5
2023-12,2395,5
2023-12,2398,5
2023-12,2399,5
2023-12,2400,5
2023-12,2401,5
2023-12,2402,5
2023-12,2403,5
2023-12,2404,5
2023-12,2405,5
2023-12,2406,5
2023-12,2407,5
2023-12,2408,5
2023-12,2409,5
2023-12,2410,5
2023-12,2411,5
2023-12,2412,5
2023-12,2416,5
2023-12,2422,5
2023-12,2423,5
2023-12,2424,5
2023-12,2425,5
2023-12,2426,5
2023-12,2427,5
2023-12,2428,5
2023-12,2429,5
2023-12,2430,5
2023-12,2431,5
2023-12,2432,5
2023-12,2433,5
2023-12,2434,5
2023-12,2435,5
2023-12,2436,5
2023-12,2437,5
2023-12,2439,5
2023-12,2440,5
2023-12,2441,5
2023-12,2442,5
2023-12,2443,5
2023-12,2444,5
2023-12,2445,5
2023-12,2446,5
2023-12,2447,5
2023-12,2449,5
2023-12,2450,5
2023-12,2451,5
2023-12,2452,5
2023-12,2453,5
2023-12,2454,5
2023-12,2455,5
2023-12,2456,5
2023-12,2457,5
2023-12,2458,5
2023-12,2459,5
2023-12,2460,5
2023-12,2461,5
2023-12,2462,5
2023-12,2463,5
2023-12,2464,5
2023-12,2465,5
2023-12,2466,5
2023-12,2467,5
2023-12,2468,5
2023-12,2469,5
2023-12,2470,5
2023-12,2471,5
2023-12,2472,5
2023-12,2473,5
2023-12,2474,5
2023-12,2475,5
2023-12,2476,5
2023-12,2477,5
2023-12,2478,5
2023-12,2479,5
2023-12,2480,5
2023-12,2481,5
2023-12,2482,5
2023-12,2483,5
2023-12,2484,5
2023-12,2485,5
2023-12,2486,5
2023-12,2487,5
2023-12,2488,5
2023-12,2489,5
2023-12,2490,5
2023-12,2491,5
2023-12,2492,5
2023-12,2493,5
2023-12,2494,5
2023-12,2495,5
2023-12,2496,5
2023-12,2497,5
2023-12,2498,5
2023-12,2499,5
2023-12,2500,5
2023-12,2501,5
2023-12,2502,5
2023-12,2503,5
2023-12,2504,5
2023-12,2505,5
2023-12,2506,5
2023-12,2507,5
2023-12,2508,5
2023-12,2509,5
2023-12,2510,5
2023-12,2511,5
2023-12,2512,5
2023-12,2513,5
2023-12,2514,5
2023-12,2515,5
2023-12,2516,5
2023-12,2517,5
2023-12,2518,5
2023-12,2519,5
2023-12,2520,5
2023-12,2521,5
2023-12,2522,5
2023-12,2523,5
2023-12,2524,5
2023-12,2525,5
2023-12,2526,5
2023-12,2527,5
2023-12,2528,5
2023-12,2529,5
2023-12,2530,5
2023-12,2531,5
2023-12,2532,5
2023-12,2533,5
2023-12,2534,5
2023-12,2535,5
2023-12,2536,5
2023-12,2537,5
2023-12,2538,5
2023-12,2539,5
2023-12,2540,5
2023-12,2541,5
2023-12,2542,5
2023-12,2543,5
2023-12,2544,5
2023-12,2545,5
2023-12,2546,5
2023-12,2547,5
2023-12,2548,5
2023-12,2549,5
2023-12,2550,5
2023-12,2551,5
2023-12,2552,5
2023-12,2553,5
2023-12,2554,5
2023-12,2555,5
2023-12,2556,5
2023-12,2557,5
2023-12,2558,5
2023-12,2559,5
2023-12,2560,5
2023-12,2561,5
2023-12,2562,5
2023-12,2563,5
2023-12,2564,5
2023-12,2565,5
2023-12,2566,5
2023-12,2567,5
2023-12,2568,5
2023-12,2569,5
2023-12,2570,5
2023-12,2571,5
2023-12,2572,5
2023-12,2573,5
2023-12,2574,5
2023-12,2575,5
2023-12,2576,5
2023-12,2577,5
2023-12,2578,5
2023-12,2579,5
2023-12,2580,5
2023-12,2581,5
2023-12,2582,5
2023-12,2583,5
2023-12,2584,5
2023-12,2585,5
2023-12,2586,5
2023-12,2587,5
2023-12,2588,5
2023-12,2589,5
2023-12,2590,5
2023-12,2591,5
2023-12,2592,5
2023-12,2593,3
2023-12,2595,3
2023-12,2596,5
2023-12,2597,5
2023-12,2598,3
2023-12,2599,5
2023-12,2600,5
2023-12,2601,5
2023-12,2602,5
2023-12,2604,5
2023-12,2605,5
2023-12,2606,5
2023-12,2607,5
2023-12,2618,1
2023-12,2619,3
2023-12,2620,5
2023-12,2621,5
2023-12,2644,5
2023-12,2646,5
2023-12,2647,5
2023-12,2648,5
2023-12,2649,5
2023-12,2651,5
2023-12,2652,5
2023-12,2710,3
2023-12,2808,5
2023-12,2809,5
2023-12,2813,3
2023-12,2814,5
2023-12,2872,4
2023-12,2876,5
2023-12,2879,5
2023-12,2880,4
2023-12,2881,5
2023-12,2882,5
2023-12,2883,3
2023-12,2884,3
2023-12,2885,5
2023-12,2886,3
2023-12,2887,5
2023-12,3005,5
2023-12,3007,3
2023-12,3009,5
2023-12,3011,5
2023-12,3012,3
2023-12,3013,5
2024-01,1,5
2024-01,2,3
2024-01,3,3
2024-01,4,2
2024-01,5,1
2024-01,6,5
2024-01,7,5
2024-01,8,5
2024-01,9,2
2024-01,10,5
2024-01,11,2
2024-01,12,5
2024-01,13,2
2024-01,14,2
2024-01,15,2
2024-01,16,2
2024-01,17,2
2024-01,18,2
2024-01,19,1
2024-01,20,2
2024-01,21,5
2024-01,22,3
2024-01,23,5
2024-01,25,5
2024-01,26,5
2024-01,27,5
2024-01,28,5
2024-01,29,5
2024-01,30,2
2024-01,31,2
2024-01,32,3
2024-01,33,2
2024-01,34,2
2024-01,35,5
2024-01,36,2
2024-01,37,2
2024-01,38,5
2024-01,39,2
2024-01,40,2
2024-01,41,2
2024-01,42,5
2024-01,43,2
2024-01,44,5
2024-01,45,2
2024-01,46,2
2024-01,47,2
2024-01,48,2
2024-01,49,3
2024-01,50,2
2024-01,51,5
2024-01,52,1
2024-01,53,2
2024-01,54,2
2024-01,55,5
2024-01,56,2
2024-01,57,5
2024-01,58,3
2024-01,59,2
2024-01,60,2
2024-01,61,2
2024-01,62,2
2024-01,63,2
2024-01,65,3
2024-01,66,5
2024-01,67,2
2024-01,68,2
2024-01,69,2
2024-01,70,3
2024-01,71,2
2024-01,72,2
2024-01,73,5
2024-01,74,2
2024-01,75,5
2024-01,76,5
2024-01,77,5
2024-01,78,3
2024-01,79,2
2024-01,80,2
2024-01,81,5
2024-01,82,2
2024-01,83,2
2024-01,167,2
2024-01,168,2
2024-01,169,1
2024-01,173,1
2024-01,181,1
2024-01,184,1
2024-01,185,1
2024-01,188,1
2024-01,191,2
2024-01,194,3
2024-01,195,3
2024-01,196,2
2024-01,198,1
2024-01,201,2
2024-01,203,3
2024-01,204,3
2024-01,205,2
2024-01,206,5
2024-01,207,5
2024-01,208,3
2024-01,209,2
2024-01,210,3
2024-01,211,3
2024-01,212,3
2024-01,213,3
2024-01,214,3
2024-01,215,3
2024-01,216,3
2024-01,217,3
2024-01,218,5
2024-01,219,3
2024-01,220,3
2024-01,221,3
2024-01,222,3
2024-01,223,3
2024-01,224,5
2024-01,225,4
2024-01,226,3
2024-01,227,3
2024-01,228,3
2024-01,229,3
2024-01,230,2
2024-01,231,3
2024-01,232,1
2024-01,233,3
2024-01,234,3
2024-01,235,1
2024-01,236,3
2024-01,237,5
2024-01,238,1
2024-01,239,3
2024-01,240,3
2024-01,241,3
2024-01,242,3
2024-01,243,2
2024-01,269,5
2024-01,270,3
2024-01,271,3
2024-01,272,2
2024-01,273,2
2024-01,274,3
2024-01,275,2
2024-01,276,3
2024-01,277,3
2024-01,278,5
2024-01,279,3
2024-01,280,3
2024-01,281,3
2024-01,282,3
2024-01,283,3
2024-01,284,3
2024-01,285,1
2024-01,287,1
2024-01,288,1
2024-01,289,1
2024-01,290,1
2024-01,292,1
2024-01,293,1
2024-01,294,1
2024-01,295,1
2024-01,296,1
2024-01,297,1
2024-01,298,3
2024-01,300,1
2024-01,301,2
2024-01,302,1
2024-01,303,3
2024-01,304,1
2024-01,305,1
2024-01,306,1
2024-01,307,1
2024-01,308,1
2024-01,309,5
2024-01,312,5
2024-01,314,2
2024-01,316,4
2024-01,317,2
2024-01,318,4
2024-01,319,4
2024-01,320,4
2024-01,321,2
2024-01,323,4
2024-01,324,2
2024-01,325,4
2024-01,326,2
2024-01,327,5
2024-01,329,2
2024-01,330,4
2024-01,331,4
2024-01,332,4
2024-01,333,5
2024-01,334,4
2024-01,335,4
2024-01,336,2
2024-01,337,2
2024-01,338,4
2024-01,339,2
2024-01,340,4
2024-01,341,4
2024-01,342,5
2024-01,343,2
2024-01,345,5
2024-01,346,2
2024-01,347,2
2024-01,348,2
2024-01,349,1
2024-01,351,2
2024-01,352,2
2024-01,354,5
2024-01,355,5
2024-01,356,3
2024-01,357,2
2024-01,358,2
2024-01,359,2
2024-01,360,3
2024-01,361,2
2024-01,362,5
2024-01,363,2
2024-01,364,2
2024-01,365,2
2024-01,366,2
2024-01,367,2
2024-01,368,5
2024-01,369,2
2024-01,370,3
2024-01,371,5
2024-01,372,2
2024-01,373,5
2024-01,374,3
2024-01,375,5
2024-01,376,2
2024-01,377,3
2024-01,378,2
2024-01,379,5
2024-01,380,5
2024-01,381,2
2024-01,382,3
2024-01,383,3
2024-01,384,2
2024-01,385,5
2024-01,386,1
2024-01,387,2
2024-01,388,5
2024-01,390,2
2024-01,391,3
2024-01,392,3
2024-01,393,2
2024-01,395,2
2024-01,396,3
2024-01,397,2
2024-01,398,3
2024-01,401,2
2024-01,402,2
2024-01,403,2
2024-01,404,2
2024-01,405,2
2024-01,408,1
2024-01,410,2
2024-01,413,2
2024-01,414,2
2024-01,416,2
2024-01,418,5
2024-01,419,5
2024-01,420,5
2024-01,421,2
2024-01,422,5
2024-01,423,2
2024-01,424,3
2024-01,425,3
2024-01,428,1
2024-01,429,1
2024-01,430,5
2024-01,431,3
2024-01,432,3
2024-01,433,1
2024-01,434,1
2024-01,435,3
2024-01,436,3
2024-01,437,1
2024-01,438,2
2024-01,440,3
2024-01,441,1
2024-01,442,1
2024-01,443,2
2024-01,444,1
2024-01,445,3
2024-01,446,2
2024-01,447,1
2024-01,448,5
2024-01,449,3
2024-01,450,3
2024-01,451,3
2024-01,452,5
2024-01,453,2
2024-01,455,2
2024-01,456,1
2024-01,457,1
2024-01,458,2
2024-01,459,2
2024-01,460,2
2024-01,478,5
2024-01,479,1
2024-01,480,2
2024-01,481,5
2024-01,482,3
2024-01,484,2
2024-01,485,2
2024-01,486,2
2024-01,487,2
2024-01,489,3
2024-01,490,2
2024-01,491,3
2024-01,492,3
2024-01,493,3
2024-01,494,3
2024-01,495,3
2024-01,496,1
2024-01,497,3
2024-01,498,2
2024-01,499,2
2024-01,501,3
2024-01,502,1
2024-01,503,2
2024-01,504,5
2024-01,505,3
2024-01,506,5
2024-01,507,5
2024-01,508,3
2024-01,509,5
2024-01,510,5
2024-01,511,3
2024-01,512,3
2024-01,515,2
2024-01,516,1
2024-01,517,2
2024-01,518,3
2024-01,519,1
2024-01,520,1
2024-01,521,1
2024-01,522,3
2024-01,523,1
2024-01,524,1
2024-01,525,1
2024-01,527,3
2024-01,528,3
2024-01,529,2
2024-01,530,3
2024-01,531,3
2024-01,532,1
2024-01,533,1
2024-01,534,2
2024-01,535,2
2024-01,536,1
2024-01,537,1
2024-01,538,3
2024-01,539,1
2024-01,540,1
2024-01,541,1
2024-01,542,3
2024-01,543,3
2024-01,544,1
2024-01,545,3
2024-01,546,1
2024-01,547,1
2024-01,548,3
2024-01,549,1
2024-01,550,1
2024-01,552,3
2024-01,553,1
2024-01,554,2
2024-01,555,1
2024-01,556,1
2024-01,557,1
2024-01,558,1
2024-01,559,3
2024-01,560,1
2024-01,561,3
2024-01,562,1
2024-01,563,1
2024-01,564,1
2024-01,565,1
2024-01,566,1
2024-01,567,1
2024-01,568,1
2024-01,569,1
2024-01,570,1
2024-01,571,1
2024-01,572,1
2024-01,574,2
2024-01,578,5
2024-01,579,2
2024-01,580,2
2024-01,581,5
2024-01,582,5
2024-01,583,2
2024-01,584,2
2024-01,585,3
2024-01,586,2
2024-01,587,2
2024-01,588,4
2024-01,589,2
2024-01,591,2
2024-01,592,2
2024-01,593,2
2024-01,594,2
2024-01,595,2
2024-01,598,2
2024-01,599,2
2024-01,600,2
2024-01,601,2
2024-01,602,2
2024-01,603,2
2024-01,604,2
2024-01,605,2
2024-01,606,2
2024-01,607,2
2024-01,608,5
2024-01,612,5
2024-01,613,4
2024-01,614,4
2024-01,615,4
2024-01,616,4
2024-01,618,4
2024-01,619,4
2024-01,621,4
2024-01,666,5
2024-01,667,5
2024-01,668,3
2024-01,669,3
2024-01,670,3
2024-01,671,3
2024-01,674,5
2024-01,675,3
2024-01,676,5
2024-01,677,3
2024-01,678,4
2024-01,679,5
2024-01,680,3
2024-01,683,1
2024-01,685,3
2024-01,686,5
2024-01,687,1
2024-01,689,3
2024-01,690,1
2024-01,691,1
2024-01,692,1
2024-01,693,5
2024-01,694,3
2024-01,695,1
2024-01,696,1
2024-01,697,3
2024-01,698,1
2024-01,699,1
2024-01,701,1
2024-01,702,3
2024-01,703,3
2024-01,704,3
2024-01,705,2
2024-01,706,1
2024-01,708,3
2024-01,710,1
2024-01,711,2
2024-01,712,1
2024-01,713,1
2024-01,714,3
2024-01,715,1
2024-01,716,4
2024-01,717,3
2024-01,718,4
2024-01,719,1
2024-01,720,4
2024-01,721,1
2024-01,722,2
2024-01,723,3
2024-01,725,2
2024-01,726,4
2024-01,727,5
2024-01,731,3
2024-01,734,3
2024-01,735,2
2024-01,736,3
2024-01,737,1
2024-01,738,2
2024-01,739,3
2024-01,741,3
2024-01,742,3
2024-01,743,3
2024-01,744,2
2024-01,745,3
2024-01,746,1
2024-01,747,3
2024-01,748,5
2024-01,749,2
2024-01,751,3
2024-01,752,3
2024-01,753,3
2024-01,754,3
2024-01,755,3
2024-01,756,2
2024-01,757,5
2024-01,758,1
2024-01,760,1
2024-01,761,1
2024-01,763,5
2024-01,764,2
2024-01,765,1
2024-01,766,2
2024-01,767,3
2024-01,769,1
2024-01,770,1
2024-01,771,1
2024-01,773,1
2024-01,774,1
2024-01,775,5
2024-01,776,5
2024-01,777,5
2024-01,778,5
2024-01,779,3
2024-01,780,2
2024-01,781,4
2024-01,782,5
2024-01,783,3
2024-01,784,4
2024-01,785,5
2024-01,787,3
2024-01,788,2
2024-01,789,2
2024-01,790,2
2024-01,791,2
2024-01,792,3
2024-01,793,3
2024-01,794,5
2024-01,795,3
2024-01,796,2
2024-01,797,2
2024-01,798,3
2024-01,799,3
2024-01,800,2
2024-01,801,2
2024-01,802,3
2024-01,803,4
2024-01,804,3
2024-01,805,2
2024-01,806,2
2024-01,807,2
2024-01,808,1
2024-01,809,5
2024-01,810,1
2024-01,811,5
2024-01,812,5
2024-01,813,5
2024-01,814,3
2024-01,815,3
2024-01,817,3
2024-01,818,3
2024-01,819,5
2024-01,820,5
2024-01,821,3
2024-01,822,1
2024-01,823,1
2024-01,824,5
2024-01,825,1
2024-01,826,1
2024-01,827,1
2024-01,828,1
2024-01,829,3
2024-01,830,2
2024-01,831,3
2024-01,832,1
2024-01,833,3
2024-01,834,1
2024-01,835,1
2024-01,836,1
2024-01,838,3
2024-01,839,1
2024-01,840,1
2024-01,841,5
2024-01,842,5
2024-01,843,5
2024-01,844,4
2024-01,846,5
2024-01,847,4
2024-01,848,4
2024-01,849,3
2024-01,851,3
2024-01,852,1
2024-01,853,4
2024-01,854,4
2024-01,855,2
2024-01,856,4
2024-01,857,4
2024-01,859,2
2024-01,860,5
2024-01,870,2
2024-01,871,2
2024-01,872,5
2024-01,873,3
2024-01,874,3
2024-01,875,4
2024-01,876,2
2024-01,877,3
2024-01,878,3
2024-01,879,2
2024-01,880,2
2024-01,881,2
2024-01,882,2
2024-01,883,3
2024-01,884,4
2024-01,885,2
2024-01,886,3
2024-01,888,4
2024-01,889,4
2024-01,890,5
2024-01,891,3
2024-01,892,5
2024-01,895,3
2024-01,896,5
2024-01,897,3
2024-01,898,3
2024-01,899,3
2024-01,900,1
2024-01,901,3
2024-01,902,3
2024-01,903,3
2024-01,904,1
2024-01,905,3
2024-01,907,3
2024-01,908,3
2024-01,909,3
2024-01,911,3
2024-01,912,5
2024-01,913,3
2024-01,914,3
2024-01,915,3
2024-01,916,4
2024-01,917,4
2024-01,918,5
2024-01,920,3
2024-01,922,1
2024-01,923,1
2024-01,924,1
2024-01,925,1
2024-01,926,1
2024-01,927,5
2024-01,928,5
2024-01,929,1
2024-01,930,1
2024-01,986,5
2024-01,987,3
2024-01,988,5
2024-01,989,5
2024-01,991,5
2024-01,992,3
2024-01,993,3
2024-01,994,3
2024-01,995,3
2024-01,996,3
2024-01,998,3
2024-01,999,3
2024-01,1001,3
2024-01,1002,3
2024-01,1003,3
2024-01,1004,3
2024-01,1005,3
2024-01,1006,3
2024-01,1007,5
2024-01,1008,5
2024-01,1009,3
2024-01,1010,3
2024-01,1011,1
2024-01,1012,1
2024-01,1013,1
2024-01,1014,1
2024-01,1015,3
2024-01,1016,1
2024-01,1017,1
2024-01,1018,1
2024-01,1019,1
2024-01,1020,3
2024-01,1021,3
2024-01,1023,1
2024-01,1024,1
2024-01,1025,1
2024-01,1026,3
2024-01,1027,1
2024-01,1028,1
2024-01,1029,1
2024-01,1030,1
2024-01,1031,1
2024-01,1032,1
2024-01,1033,1
2024-01,1034,1
2024-01,1035,1
2024-01,1036,1
2024-01,1037,3
2024-01,1038,1
2024-01,1039,3
2024-01,1040,1
2024-01,1041,1
2024-01,1044,1
2024-01,1047,3
2024-01,1048,2
2024-01,1049,3
2024-01,1051,2
2024-01,1052,1
2024-01,1053,3
2024-01,1054,5
2024-01,1055,2
2024-01,1056,3
2024-01,1057,3
2024-01,1058,3
2024-01,1059,2
2024-01,1060,3
2024-01,1061,2
2024-01,1062,2
2024-01,1063,3
2024-01,1064,1
2024-01,1065,1
2024-01,1066,3
2024-01,1067,1
2024-01,1068,3
2024-01,1069,3
2024-01,1070,3
2024-01,1071,5
2024-01,1072,3
2024-01,1107,5
2024-01,1108,3
2024-01,1109,3
2024-01,1110,3
2024-01,1111,3
2024-01,1112,3
2024-01,1113,3
2024-01,1115,1
2024-01,1116,1
2024-01,1117,5
2024-01,1118,1
2024-01,1119,3
2024-01,1120,3
2024-01,1121,3
2024-01,1122,3
2024-01,1123,3
2024-01,1124,1
2024-01,1125,3
2024-01,1126,1
2024-01,1127,3
2024-01,1128,3
2024-01,1129,3
2024-01,1130,3
2024-01,1131,3
2024-01,1132,3
2024-01,1133,1
2024-01,1134,5
2024-01,1135,5
2024-01,1136,5
2024-01,1137,2
2024-01,1138,3
2024-01,1139,2
2024-01,1140,5
2024-01,1141,5
2024-01,1142,2
2024-01,1143,3
2024-01,1144,1
2024-01,1146,3
2024-01,1147,5
2024-01,1148,2
2024-01,1149,2
2024-01,1150,5
2024-01,1151,3
2024-01,1152,4
2024-01,1153,2
2024-01,1154,3
2024-01,1155,2
2024-01,1157,3
2024-01,1158,3
2024-01,1159,2
2024-01,1160,3
2024-01,1161,2
2024-01,1163,2
2024-01,1164,3
2024-01,1165,5
2024-01,1166,2
2024-01,1167,3
2024-01,1168,2
2024-01,1169,5
2024-01,1170,2
2024-01,1171,2
2024-01,1172,2
2024-01,1173,1
2024-01,1174,2
2024-01,1175,2
2024-01,1176,5
2024-01,1178,3
2024-01,1179,3
2024-01,1180,3
2024-01,1181,3
2024-01,1184,3
2024-01,1185,3
2024-01,1186,5
2024-01,1187,3
2024-01,1188,5
2024-01,1189,2
2024-01,1190,5
2024-01,1191,2
2024-01,1192,2
2024-01,1193,2
2024-01,1194,3
2024-01,1195,1
2024-01,1196,2
2024-01,1197,3
2024-01,1198,5
2024-01,1200,3
2024-01,1201,1
2024-01,1203,3
2024-01,1204,3
2024-01,1205,1
2024-01,1206,3
2024-01,1207,3
2024-01,1208,1
2024-01,1209,3
2024-01,1210,1
2024-01,1211,3
2024-01,1212,3
2024-01,1213,1
2024-01,1214,3
2024-01,1215,1
2024-01,1217,1
2024-01,1218,3
2024-01,1219,3
2024-01,1220,1
2024-01,1221,3
2024-01,1222,1
2024-01,1223,3
2024-01,1224,5
2024-01,1225,5
2024-01,1226,5
2024-01,1227,3
2024-01,1228,3
2024-01,1229,5
2024-01,1230,5
2024-01,1231,5
2024-01,1232,3
2024-01,1233,5
2024-01,1234,3
2024-01,1235,3
2024-01,1236,5
2024-01,1237,3
2024-01,1238,5
2024-01,1240,2
2024-01,1241,3
2024-01,1242,1
2024-01,1243,5
2024-01,1244,3
2024-01,1246,2
2024-01,1249,2
2024-01,1250,5
2024-01,1251,1
2024-01,1252,3
2024-01,1253,1
2024-01,1254,1
2024-01,1256,2
2024-01,1257,3
2024-01,1258,5
2024-01,1259,3
2024-01,1260,3
2024-01,1261,3
2024-01,1262,3
2024-01,1264,2
2024-01,1265,3
2024-01,1266,1
2024-01,1267,1
2024-01,1268,3
2024-01,1269,1
2024-01,1270,3
2024-01,1271,1
2024-01,1272,3
2024-01,1273,1
2024-01,1274,1
2024-01,1275,2
2024-01,1276,3
2024-01,1277,3
2024-01,1278,3
2024-01,1279,1
2024-01,1280,3
2024-01,1281,3
2024-01,1282,1
2024-01,1284,3
2024-01,1285,3
2024-01,1286,3
2024-01,1287,3
2024-01,1288,3
2024-01,1289,2
2024-01,1290,3
2024-01,1291,1
2024-01,1292,3
2024-01,1293,3
2024-01,1294,3
2024-01,1295,3
2024-01,1296,1
2024-01,1297,1
2024-01,1298,3
2024-01,1299,3
2024-01,1300,3
2024-01,1301,3
2024-01,1302,3
2024-01,1303,5
2024-01,1304,3
2024-01,1305,3
2024-01,1306,3
2024-01,1308,3
2024-01,1309,1
2024-01,1310,3
2024-01,1311,1
2024-01,1312,3
2024-01,1313,1
2024-01,1314,1
2024-01,1315,5
2024-01,1316,3
2024-01,1317,1
2024-01,1319,1
2024-01,1320,1
2024-01,1321,3
2024-01,1322,1
2024-01,1323,1
2024-01,1324,1
2024-01,1325,1
2024-01,1326,3
2024-01,1327,1
2024-01,1328,1
2024-01,1329,3
2024-01,1330,3
2024-01,1331,1
2024-01,1333,5
2024-01,1334,3
2024-01,1335,1
2024-01,1336,1
2024-01,1337,3
2024-01,1338,3
2024-01,1339,1
2024-01,1340,1
2024-01,1341,3
2024-01,1343,1
2024-01,1344,1
2024-01,1345,1
2024-01,1346,1
2024-01,1347,3
2024-01,1348,1
2024-01,1349,1
2024-01,1350,1
2024-01,1351,1
2024-01,1352,1
2024-01,1353,1
2024-01,1355,1
2024-01,1356,2
2024-01,1357,3
2024-01,1358,1
2024-01,1392,3
2024-01,1393,3
2024-01,1394,3
2024-01,1395,5
2024-01,1396,5
2024-01,1397,5
2024-01,1398,5
2024-01,1399,3
2024-01,1400,5
2024-01,1401,3
2024-01,1402,5
2024-01,1403,5
2024-01,1404,3
2024-01,1405,3
2024-01,1406,3
2024-01,1407,3
2024-01,1408,5
2024-01,1409,5
2024-01,1410,5
2024-01,1411,5
2024-01,1412,1
2024-01,1413,3
2024-01,1414,3
2024-01,1415,1
2024-01,1416,3
2024-01,1417,3
2024-01,1419,3
2024-01,1420,1
2024-01,1421,2
2024-01,1422,3
2024-01,1423,3
2024-01,1425,3
2024-01,1426,1
2024-01,1427,3
2024-01,1428,1
2024-01,1429,1
2024-01,1430,5
2024-01,1431,3
2024-01,1438,3
2024-01,1439,5
2024-01,1440,5
2024-01,1443,5
2024-01,1444,5
2024-01,1445,5
2024-01,1446,5
2024-01,1447,5
2024-01,1448,5
2024-01,1449,3
2024-01,1453,5
2024-01,1454,5
2024-01,1456,5
2024-01,1457,5
2024-01,1459,5
2024-01,1461,5
2024-01,1463,5
2024-01,1464,5
2024-01,1465,5
2024-01,1467,5
2024-01,1468,5
2024-01,1472,5
2024-01,1473,3
2024-01,1474,3
2024-01,1475,5
2024-01,1477,5
2024-01,1478,3
2024-01,1480,5
2024-01,1481,5
2024-01,1483,3
2024-01,1484,5
2024-01,1486,3
2024-01,1488,5
2024-01,1489,5
2024-01,1490,5
2024-01,1491,5
2024-01,1492,5
2024-01,1493,5
2024-01,1494,3
2024-01,1495,5
2024-01,1496,5
2024-01,1500,5
2024-01,1501,5
2024-01,1504,3
2024-01,1506,5
2024-01,1507,5
2024-01,1508,5
2024-01,1509,5
2024-01,1510,3
2024-01,1511,5
2024-01,1512,3
2024-01,1518,5
2024-01,1519,5
2024-01,1520,3
2024-01,1521,5
2024-01,1522,3
2024-01,1523,5
2024-01,1525,5
2024-01,1526,3
2024-01,1527,5
2024-01,1528,3
2024-01,1529,3
2024-01,1530,3
2024-01,1532,1
2024-01,1533,1
2024-01,1534,3
2024-01,1535,3
2024-01,1536,3
2024-01,1537,1
2024-01,1539,3
2024-01,1540,5
2024-01,1541,1
2024-01,1542,3
2024-01,1543,1
2024-01,1544,2
2024-01,1545,1
2024-01,1546,3
2024-01,1547,1
2024-01,1548,1
2024-01,1549,3
2024-01,1550,1
2024-01,1551,1
2024-01,1552,1
2024-01,1553,3
2024-01,1554,1
2024-01,1555,1
2024-01,1556,3
2024-01,1557,3
2024-01,1558,2
2024-01,1559,1
2024-01,1560,5
2024-01,1561,1
2024-01,1562,3
2024-01,1563,3
2024-01,1564,1
2024-01,1565,1
2024-01,1566,1
2024-01,1567,1
2024-01,1568,3
2024-01,1569,1
2024-01,1570,1
2024-01,1571,1
2024-01,1572,2
2024-01,1573,1
2024-01,1574,3
2024-01,1575,5
2024-01,1577,3
2024-01,1578,3
2024-01,1579,1
2024-01,1580,1
2024-01,1581,3
2024-01,1582,1
2024-01,1583,3
2024-01,1584,2
2024-01,1585,1
2024-01,1586,5
2024-01,1587,3
2024-01,1588,3
2024-01,1589,3
2024-01,1590,1
2024-01,1591,1
2024-01,1592,3
2024-01,1593,1
2024-01,1594,1
2024-01,1595,3
2024-01,1596,1
2024-01,1597,5
2024-01,1598,5
2024-01,1599,5
2024-01,1600,5
2024-01,1601,5
2024-01,1602,1
2024-01,1603,2
2024-01,1604,2
2024-01,1605,1
2024-01,1606,1
2024-01,1607,1
2024-01,1608,3
2024-01,1609,2
2024-01,1610,3
2024-01,1611,1
2024-01,1612,3
2024-01,1613,1
2024-01,1614,1
2024-01,1615,2
2024-01,1616,1
2024-01,1617,1
2024-01,1618,1
2024-01,1619,3
2024-01,1620,5
2024-01,1621,2
2024-01,1622,1
2024-01,1623,2
2024-01,1624,3
2024-01,1625,2
2024-01,1626,1
2024-01,1627,1
2024-01,1628,1
2024-01,1629,1
2024-01,1630,1
2024-01,1631,3
2024-01,1632,5
2024-01,1633,3
2024-01,1634,3
2024-01,1635,1
2024-01,1636,3
2024-01,1637,1
2024-01,1638,3
2024-01,1639,3
2024-01,1640,1
2024-01,1641,3
2024-01,1642,1
2024-01,1643,3
2024-01,1644,3
2024-01,1645,3
2024-01,1646,1
2024-01,1647,2
2024-01,1648,1
2024-01,1649,3
2024-01,1650,2
2024-01,1651,2
2024-01,1652,5
2024-01,1653,3
2024-01,1654,3
2024-01,1655,1
2024-01,1656,1
2024-01,1657,1
2024-01,1658,3
2024-01,1659,2
2024-01,1660,1
2024-01,1661,2
2024-01,1662,1
2024-01,1663,3
2024-01,1664,3
2024-01,1665,5
2024-01,1666,2
2024-01,1667,3
2024-01,1668,5
2024-01,1669,3
2024-01,1670,3
2024-01,1671,3
2024-01,1672,3
2024-01,1673,3
2024-01,1674,3
2024-01,1675,2
2024-01,1676,3
2024-01,1678,3
2024-01,1679,3
2024-01,1680,1
2024-01,1681,1
2024-01,1682,3
2024-01,1683,2
2024-01,1685,3
2024-01,1686,3
2024-01,1687,3
2024-01,1688,3
2024-01,1689,1
2024-01,1690,1
2024-01,1691,1
2024-01,1692,3
2024-01,1693,3
2024-01,1694,3
2024-01,1696,1
2024-01,1697,3
2024-01,1698,3
2024-01,1699,3
2024-01,1700,3
2024-01,1701,3
2024-01,1702,3
2024-01,1703,3
2024-01,1704,3
2024-01,1705,3
2024-01,1706,3
2024-01,1707,5
2024-01,1708,3
2024-01,1709,3
2024-01,1710,3
2024-01,1711,3
2024-01,1712,3
2024-01,1714,1
2024-01,1715,3
2024-01,1717,3
2024-01,1718,3
2024-01,1719,3
2024-01,1722,1
2024-01,1724,1
2024-01,1725,1
2024-01,1726,5
2024-01,1727,1
2024-01,1728,3
2024-01,1730,3
2024-01,1731,3
2024-01,1732,1
2024-01,1733,3
2024-01,1737,1
2024-01,1738,1
2024-01,1739,1
2024-01,1740,2
2024-01,1741,1
2024-01,1742,3
2024-01,1743,1
2024-01,1744,1
2024-01,1745,3
2024-01,1746,1
2024-01,1747,1
2024-01,1749,1
2024-01,1750,1
2024-01,1751,1
2024-01,1752,3
2024-01,1753,1
2024-01,1754,1
2024-01,1755,1
2024-01,1756,1
2024-01,1757,1
2024-01,1758,5
2024-01,1759,3
2024-01,1760,1
2024-01,1761,1
2024-01,1762,1
2024-01,1764,5
2024-01,1765,3
2024-01,1766,3
2024-01,1768,3
2024-01,1769,3
2024-01,1770,3
2024-01,1771,1
2024-01,1773,1
2024-01,1774,3
2024-01,1775,1
2024-01,1776,3
2024-01,1777,1
2024-01,1778,3
2024-01,1780,3
2024-01,1781,1
2024-01,1782,3
2024-01,1783,5
2024-01,1784,1
2024-01,1785,3
2024-01,1786,3
2024-01,1787,2
2024-01,1788,3
2024-01,1845,5
2024-01,1846,3
2024-01,1848,1
2024-01,1849,1
2024-01,1850,3
2024-01,1851,1
2024-01,1852,1
2024-01,1853,1
2024-01,1854,1
2024-01,1855,1
2024-01,1856,1
2024-01,1857,1
2024-01,1858,1
2024-01,1859,3
2024-01,1860,1
2024-01,1861,3
2024-01,1862,1
2024-01,1863,5
2024-01,1864,1
2024-01,1865,1
2024-01,1868,1
2024-01,1869,3
2024-01,1870,1
2024-01,1871,1
2024-01,1872,1
2024-01,1873,1
2024-01,1874,5
2024-01,1875,3
2024-01,1876,3
2024-01,1877,5
2024-01,1878,3
2024-01,1879,3
2024-01,1880,3
2024-01,1881,5
2024-01,1883,3
2024-01,1884,1
2024-01,1885,3
2024-01,1886,3
2024-01,1887,1
2024-01,1888,1
2024-01,1889,3
2024-01,1890,5
2024-01,1891,1
2024-01,1892,1
2024-01,1893,1
2024-01,1894,3
2024-01,1895,3
2024-01,1896,1
2024-01,1897,1
2024-01,1898,1
2024-01,1899,3
2024-01,1900,3
2024-01,1901,1
2024-01,1902,1
2024-01,1903,3
2024-01,1904,3
2024-01,1905,5
2024-01,1906,5
2024-01,1907,1
2024-01,1908,1
2024-01,1909,1
2024-01,1910,1
2024-01,1912,3
2024-01,1915,1
2024-01,1916,1
2024-01,1917,1
2024-01,1918,1
2024-01,1919,5
2024-01,1920,3
2024-01,1921,1
2024-01,1922,3
2024-01,1923,3
2024-01,1924,1
2024-01,1925,1
2024-01,1926,1
2024-01,1927,1
2024-01,1928,1
2024-01,1929,1
2024-01,1930,3
2024-01,1931,3
2024-01,1932,1
2024-01,1933,1
2024-01,1934,3
2024-01,1935,3
2024-01,1936,3
2024-01,1937,3
2024-01,1938,1
2024-01,1939,3
2024-01,1940,1
2024-01,1941,1
2024-01,1942,3
2024-01,1943,1
2024-01,1944,1
2024-01,1945,1
2024-01,1947,3
2024-01,1948,3
2024-01,1949,1
2024-01,1950,3
2024-01,1951,3
2024-01,1952,5
2024-01,1954,3
2024-01,1955,2
2024-01,1956,4
2024-01,1957,4
2024-01,1958,4
2024-01,1959,2
2024-01,1960,4
2024-01,1961,5
2024-01,1962,4
2024-01,1963,4
2024-01,1965,2
2024-01,1966,2
2024-01,1967,2
2024-01,1968,4
2024-01,1969,4
2024-01,1970,4
2024-01,1971,5
2024-01,1972,3
2024-01,1973,3
2024-01,1974,5
2024-01,1975,3
2024-01,1976,3
2024-01,1977,5
2024-01,1978,3
2024-01,1979,5
2024-01,1980,3
2024-01,1981,3
2024-01,1982,3
2024-01,1983,3
2024-01,1984,3
2024-01,1985,5
2024-01,1986,5
2024-01,1987,2
2024-01,1988,3
2024-01,1989,3
2024-01,1990,3
2024-01,1991,3
2024-01,1992,3
2024-01,1993,5
2024-01,1994,3
2024-01,1995,5
2024-01,1996,3
2024-01,1997,3
2024-01,1999,3
2024-01,2000,5
2024-01,2001,3
2024-01,2002,3
2024-01,2004,5
2024-01,2005,3
2024-01,2006,5
2024-01,2007,3
2024-01,2008,3
2024-01,2009,3
2024-01,2010,3
2024-01,2011,3
2024-01,2012,3
2024-01,2015,3
2024-01,2017,2
2024-01,2018,3
2024-01,2019,5
2024-01,2021,3
2024-01,2022,1
2024-01,2023,1
2024-01,2024,5
2024-01,2025,2
2024-01,2027,3
2024-01,2028,3
2024-01,2030,2
2024-01,2031,3
2024-01,2032,5
2024-01,2033,5
2024-01,2034,2
2024-01,2035,3
2024-01,2036,3
2024-01,2037,1
2024-01,2039,3
2024-01,2040,5
2024-01,2041,3
2024-01,2042,3
2024-01,2043,1
2024-01,2044,5
2024-01,2045,3
2024-01,2046,1
2024-01,2047,3
2024-01,2048,3
2024-01,2049,1
2024-01,2050,1
2024-01,2051,3
2024-01,2052,3
2024-01,2053,1
2024-01,2054,1
2024-01,2055,3
2024-01,2056,1
2024-01,2057,3
2024-01,2058,1
2024-01,2059,3
2024-01,2060,3
2024-01,2061,1
2024-01,2062,3
2024-01,2063,5
2024-01,2064,3
2024-01,2065,1
2024-01,2066,1
2024-01,2067,1
2024-01,2068,1
2024-01,2069,3
2024-01,2070,3
2024-01,2072,1
2024-01,2073,3
2024-01,2074,3
2024-01,2075,1
2024-01,2076,2
2024-01,2077,3
2024-01,2078,1
2024-01,2079,1
2024-01,2080,1
2024-01,2081,3
2024-01,2082,1
2024-01,2085,1
2024-01,2087,1
2024-01,2088,1
2024-01,2089,1
2024-01,2090,3
2024-01,2091,1
2024-01,2093,1
2024-01,2094,3
2024-01,2095,1
2024-01,2096,1
2024-01,2098,1
2024-01,2100,3
2024-01,2101,5
2024-01,2105,3
2024-01,2108,3
2024-01,2109,3
2024-01,2110,1
2024-01,2111,3
2024-01,2112,1
2024-01,2113,3
2024-01,2114,1
2024-01,2116,1
2024-01,2117,1
2024-01,2118,1
2024-01,2119,5
2024-01,2120,3
2024-01,2121,3
2024-01,2122,3
2024-01,2124,3
2024-01,2125,1
2024-01,2126,1
2024-01,2127,1
2024-01,2128,1
2024-01,2129,1
2024-01,2130,2
2024-01,2131,3
2024-01,2132,1
2024-01,2133,1
2024-01,2134,1
2024-01,2136,2
2024-01,2137,1
2024-01,2138,1
2024-01,2139,1
2024-01,2140,1
2024-01,2142,1
2024-01,2143,1
2024-01,2144,5
2024-01,2145,3
2024-01,2146,3
2024-01,2148,3
2024-01,2149,2
2024-01,2150,1
2024-01,2151,3
2024-01,2152,1
2024-01,2153,3
2024-01,2154,3
2024-01,2155,3
2024-01,2156,1
2024-01,2157,1
2024-01,2158,3
2024-01,2159,1
2024-01,2160,1
2024-01,2161,5
2024-01,2162,1
2024-01,2163,3
2024-01,2164,5
2024-01,2165,3
2024-01,2167,3
2024-01,2168,3
2024-01,2169,5
2024-01,2171,3
2024-01,2172,3
2024-01,2173,3
2024-01,2174,3
2024-01,2175,1
2024-01,2176,3
2024-01,2177,3
2024-01,2178,3
2024-01,2179,3
2024-01,2180,3
2024-01,2181,3
2024-01,2182,1
2024-01,2183,3
2024-01,2184,3
2024-01,2185,1
2024-01,2186,3
2024-01,2187,3
2024-01,2188,3
2024-01,2189,3
2024-01,2190,5
2024-01,2191,2
2024-01,2192,5
2024-01,2193,5
2024-01,2194,2
2024-01,2195,2
2024-01,2196,1
2024-01,2197,1
2024-01,2198,2
2024-01,2199,2
2024-01,2200,2
2024-01,2201,2
2024-01,2202,2
2024-01,2203,2
2024-01,2204,2
2024-01,2205,1
2024-01,2206,2
2024-01,2207,1
2024-01,2208,2
2024-01,2210,5
2024-01,2211,3
2024-01,2212,2
2024-01,2213,1
2024-01,2215,2
2024-01,2216,5
2024-01,2217,5
2024-01,2218,3
2024-01,2219,3
2024-01,2220,5
2024-01,2221,5
2024-01,2222,5
2024-01,2223,3
2024-01,2224,5
2024-01,2225,3
2024-01,2226,5
2024-01,2227,5
2024-01,2228,5
2024-01,2229,5
2024-01,2230,5
2024-01,2231,5
2024-01,2232,5
2024-01,2233,3
2024-01,2234,3
2024-01,2235,5
2024-01,2236,5
2024-01,2237,2
2024-01,2238,5
2024-01,2241,5
2024-01,2242,5
2024-01,2243,5
2024-01,2244,4
2024-01,2245,5
2024-01,2248,5
2024-01,2249,4
2024-01,2250,4
2024-01,2251,5
2024-01,2252,3
2024-01,2253,3
2024-01,2254,1
2024-01,2255,1
2024-01,2256,1
2024-01,2257,1
2024-01,2258,1
2024-01,2259,1
2024-01,2260,1
2024-01,2262,1
2024-01,2264,1
2024-01,2265,1
2024-01,2266,1
2024-01,2267,3
2024-01,2268,1
2024-01,2269,1
2024-01,2270,1
2024-01,2271,1
2024-01,2272,3
2024-01,2274,3
2024-01,2275,5
2024-01,2276,3
2024-01,2278,3
2024-01,2279,5
2024-01,2280,3
2024-01,2281,5
2024-01,2282,5
2024-01,2286,3
2024-01,2287,3
2024-01,2288,5
2024-01,2289,3
2024-01,2292,2
2024-01,2293,3
2024-01,2294,3
2024-01,2295,2
2024-01,2296,3
2024-01,2297,3
2024-01,2298,3
2024-01,2299,3
2024-01,2300,3
2024-01,2301,3
2024-01,2302,3
2024-01,2303,3
2024-01,2304,3
2024-01,2305,2
2024-01,2307,3
2024-01,2308,3
2024-01,2309,3
2024-01,2310,3
2024-01,2311,3
2024-01,2312,5
2024-01,2314,3
2024-01,2315,3
2024-01,2316,3
2024-01,2317,1
2024-01,2318,5
2024-01,2320,3
2024-01,2321,3
2024-01,2322,3
2024-01,2323,1
2024-01,2324,3
2024-01,2325,3
2024-01,2326,3
2024-01,2327,3
2024-01,2328,3
2024-01,2329,3
2024-01,2330,3
2024-01,2332,3
2024-01,2333,3
2024-01,2334,3
2024-01,2335,3
2024-01,2336,3
2024-01,2337,5
2024-01,2338,5
2024-01,2339,4
2024-01,2340,5
2024-01,2341,4
2024-01,2342,3
2024-01,2343,2
2024-01,2344,5
2024-01,2345,4
2024-01,2348,4
2024-01,2349,4
2024-01,2351,5
2024-01,2352,5
2024-01,2353,5
2024-01,2354,5
2024-01,2355,5
2024-01,2356,5
2024-01,2357,5
2024-01,2358,5
2024-01,2359,5
2024-01,2360,5
2024-01,2361,5
2024-01,2362,5
2024-01,2363,5
2024-01,2364,5
2024-01,2365,5
2024-01,2366,5
2024-01,2367,5
2024-01,2368,5
2024-01,2369,5
2024-01,2370,5
2024-01,2371,5
2024-01,2372,5
2024-01,2373,5
2024-01,2374,5
2024-01,2375,5
2024-01,2376,5
2024-01,2377,5
2024-01,2378,5
2024-01,2379,5
2024-01,2380,5
2024-01,2381,5
2024-01,2382,5
2024-01,2383,5
2024-01,2384,5
2024-01,2385,5
2024-01,2386,5
2024-01,2387,5
2024-01,2388,5
2024-01,2389,5
2024-01,2390,5
2024-01,2391,5
2024-01,2392,5
2024-01,2393,5
2024-01,2395,5
2024-01,2398,5
2024-01,2399,5
2024-01,2400,5
2024-01,2401,5
2024-01,2402,5
2024-01,2403,5
2024-01,2404,5
2024-01,2405,5
2024-01,2406,5
2024-01,2407,5
2024-01,2408,5
2024-01,2409,5
2024-01,2410,5
2024-01,2411,5
2024-01,2412,5
2024-01,2416,5
2024-01,2422,5
2024-01,2423,5
2024-01,2424,5
2024-01,2425,5
2024-01,2426,5
2024-01,2427,5
2024-01,2428,5
2024-01,2429,5
2024-01,2430,5
2024-01,2431,5
2024-01,2432,5
2024-01,2433,5
2024-01,2434,5
2024-01,2435,5
2024-01,2436,5
2024-01,2437,5
2024-01,2439,5
2024-01,2440,5
2024-01,2441,5
2024-01,2442,5
2024-01,2443,5
2024-01,2444,5
2024-01,2445,5
2024-01,2446,5
2024-01,2447,5
2024-01,2449,5
2024-01,2450,5
2024-01,2451,5
2024-01,2452,5
2024-01,2453,5
2024-01,2454,5
2024-01,2455,5
2024-01,2456,5
2024-01,2457,5
2024-01,2458,5
2024-01,2459,5
2024-01,2460,5
2024-01,2461,5
2024-01,2462,5
2024-01,2463,5
2024-01,2464,5
2024-01,2465,5
2024-01,2466,5
2024-01,2467,5
2024-01,2468,5
2024-01,2469,5
2024-01,2470,5
2024-01,2471,5
2024-01,2472,5
2024-01,2473,5
2024-01,2474,5
2024-01,2475,5
2024-01,2476,5
2024-01,2477,5
2024-01,2478,5
2024-01,2479,5
2024-01,2480,5
2024-01,2481,5
2024-01,2482,5
2024-01,2483,5
2024-01,2484,5
2024-01,2485,5
2024-01,2486,5
2024-01,2487,5
2024-01,2488,5
2024-01,2489,5
2024-01,2490,5
2024-01,2491,5
2024-01,2492,5
2024-01,2493,5
2024-01,2494,5
2024-01,2495,5
2024-01,2496,5
2024-01,2497,5
2024-01,2498,5
2024-01,2499,5
2024-01,2500,5
2024-01,2501,5
2024-01,2502,5
2024-01,2503,5
2024-01,2504,5
2024-01,2505,5
2024-01,2506,5
2024-01,2507,5
2024-01,2508,5
2024-01,2509,5
2024-01,2510,5
2024-01,2511,5
2024-01,2512,5
2024-01,2513,5
2024-01,2514,5
2024-01,2515,5
2024-01,2516,5
2024-01,2517,5
2024-01,2518,5
2024-01,2519,5
2024-01,2520,5
2024-01,2521,5
2024-01,2522,5
2024-01,2523,5
2024-01,2524,5
2024-01,2525,5
2024-01,2526,5
2024-01,2527,5
2024-01,2528,5
2024-01,2529,5
2024-01,2530,5
2024-01,2531,5
2024-01,2532,5
2024-01,2533,5
2024-01,2534,5
2024-01,2535,5
2024-01,2536,5
2024-01,2537,5
2024-01,2538,5
2024-01,2539,5
2024-01,2540,5
2024-01,2541,5
2024-01,2542,5
2024-01,2543,5
2024-01,2544,5
2024-01,2545,5
2024-01,2546,5
2024-01,2547,5
2024-01,2548,5
2024-01,2549,5
2024-01,2550,5
2024-01,2551,5
2024-01,2552,5
2024-01,2553,5
2024-01,2554,5
2024-01,2555,5
2024-01,2556,5
2024-01,2557,5
2024-01,2558,5
2024-01,2559,5
2024-01,2560,5
2024-01,2561,5
2024-01,2562,5
2024-01,2563,5
2024-01,2564,5
2024-01,2565,5
2024-01,2566,5
2024-01,2567,5
2024-01,2568,5
2024-01,2569,5
2024-01,2570,5
2024-01,2571,5
2024-01,2572,5
2024-01,2573,5
2024-01,2574,5
2024-01,2575,5
2024-01,2576,5
2024-01,2577,5
2024-01,2578,5
2024-01,2579,5
2024-01,2580,5
2024-01,2581,5
2024-01,2582,5
2024-01,2583,5
2024-01,2584,5
2024-01,2585,5
2024-01,2586,5
2024-01,2587,5
2024-01,2588,5
2024-01,2589,5
2024-01,2590,5
2024-01,2591,5
2024-01,2592,5
2024-01,2593,3
2024-01,2595,3
2024-01,2596,5
2024-01,2597,5
2024-01,2598,3
2024-01,2599,5
2024-01,2600,5
2024-01,2601,5
2024-01,2602,5
2024-01,2604,5
2024-01,2605,5
2024-01,2606,5
2024-01,2607,5
2024-01,2618,3
2024-01,2619,3
2024-01,2620,5
2024-01,2621,5
2024-01,2644,5
2024-01,2646,5
2024-01,2647,5
2024-01,2648,5
2024-01,2649,5
2024-01,2651,5
2024-01,2652,5
2024-01,2710,3
2024-01,2808,5
2024-01,2809,5
2024-01,2813,3
2024-01,2814,5
2024-01,2872,3
2024-01,2876,5
2024-01,2879,5
2024-01,2880,4
2024-01,2881,5
2024-01,2882,5
2024-01,2883,3
2024-01,2884,3
2024-01,2885,2
2024-01,2886,3
2024-01,2887,5
2024-01,3005,5
2024-01,3007,3
2024-01,3009,5
2024-01,3011,5
2024-01,3012,3
2024-01,3013,5
2024-02,1,5
2024-02,2,3
2024-02,3,3
2024-02,4,2
2024-02,5,1
2024-02,6,5
2024-02,7,5
2024-02,8,5
2024-02,9,2
2024-02,10,5
2024-02,11,2
2024-02,12,5
2024-02,13,2
2024-02,14,2
2024-02,15,2
2024-02,16,2
2024-02,17,2
2024-02,18,2
2024-02,19,1
2024-02,20,2
2024-02,21,5
2024-02,22,3
2024-02,23,5
2024-02,25,5
2024-02,26,5
2024-02,27,5
2024-02,28,5
2024-02,29,5
2024-02,30,2
2024-02,31,2
2024-02,32,3
2024-02,33,2
2024-02,34,3
2024-02,35,5
2024-02,36,2
2024-02,37,2
2024-02,38,5
2024-02,39,2
2024-02,40,2
2024-02,41,2
2024-02,42,5
2024-02,43,2
2024-02,44,5
2024-02,45,2
2024-02,46,2
2024-02,47,2
2024-02,48,2
2024-02,49,3
2024-02,50,2
2024-02,51,5
2024-02,52,3
2024-02,53,2
2024-02,54,2
2024-02,55,5
2024-02,56,2
2024-02,57,5
2024-02,58,3
2024-02,59,2
2024-02,60,2
2024-02,61,2
2024-02,62,2
2024-02,63,2
2024-02,65,3
2024-02,66,5
2024-02,67,2
2024-02,68,2
2024-02,69,2
2024-02,70,3
2024-02,71,2
2024-02,72,2
2024-02,73,5
2024-02,74,2
2024-02,75,5
2024-02,76,5
2024-02,77,5
2024-02,78,3
2024-02,79,2
2024-02,80,2
2024-02,81,5
2024-02,82,2
2024-02,83,2
2024-02,167,2
2024-02,168,2
2024-02,169,3
2024-02,173,1
2024-02,181,1
2024-02,184,3
2024-02,185,1
2024-02,188,1
2024-02,191,2
2024-02,194,3
2024-02,195,3
2024-02,196,2
2024-02,198,1
2024-02,201,2
2024-02,203,3
2024-02,204,3
2024-02,205,2
2024-02,206,5
2024-02,207,5
2024-02,208,3
2024-02,209,2
2024-02,210,3
2024-02,211,3
2024-02,212,3
2024-02,213,3
2024-02,214,3
2024-02,215,3
2024-02,216,3
2024-02,217,3
2024-02,218,5
2024-02,219,3
2024-02,220,3
2024-02,221,3
2024-02,222,3
2024-02,223,3
2024-02,224,5
2024-02,225,4
2024-02,226,3
2024-02,227,3
2024-02,228,3
2024-02,229,3
2024-02,230,2
2024-02,231,3
2024-02,232,1
2024-02,233,3
2024-02,234,3
2024-02,235,3
2024-02,236,3
2024-02,237,5
2024-02,238,1
2024-02,239,3
2024-02,240,3
2024-02,241,3
2024-02,242,1
2024-02,243,2
2024-02,269,5
2024-02,270,3
2024-02,271,3
2024-02,272,2
2024-02,273,2
2024-02,274,3
2024-02,275,1
2024-02,276,3
2024-02,277,3
2024-02,278,5
2024-02,279,3
2024-02,280,3
2024-02,281,3
2024-02,282,3
2024-02,283,3
2024-02,284,3
2024-02,285,1
2024-02,287,1
2024-02,288,1
2024-02,289,1
2024-02,290,1
2024-02,292,1
2024-02,293,1
2024-02,294,1
2024-02,295,1
2024-02,296,1
2024-02,297,1
2024-02,298,3
2024-02,300,1
2024-02,301,2
2024-02,302,1
2024-02,303,3
2024-02,304,1
2024-02,305,1
2024-02,306,1
2024-02,307,1
2024-02,308,3
2024-02,309,5
2024-02,312,5
2024-02,314,4
2024-02,316,4
2024-02,317,4
2024-02,318,4
2024-02,319,4
2024-02,320,4
2024-02,321,2
2024-02,323,4
2024-02,324,4
2024-02,325,4
2024-02,326,4
2024-02,327,5
2024-02,329,4
2024-02,330,4
2024-02,331,4
2024-02,332,4
2024-02,333,5
2024-02,334,4
2024-02,335,4
2024-02,336,2
2024-02,337,4
2024-02,338,4
2024-02,339,4
2024-02,340,4
2024-02,341,4
2024-02,342,5
2024-02,343,4
2024-02,345,5
2024-02,346,2
2024-02,347,2
2024-02,348,2
2024-02,349,1
2024-02,351,2
2024-02,352,2
2024-02,354,5
2024-02,355,5
2024-02,356,3
2024-02,357,2
2024-02,358,2
2024-02,359,2
2024-02,360,3
2024-02,361,2
2024-02,362,5
2024-02,363,2
2024-02,364,2
2024-02,365,2
2024-02,366,2
2024-02,367,2
2024-02,368,5
2024-02,369,2
2024-02,370,3
2024-02,371,5
2024-02,372,1
2024-02,373,5
2024-02,374,3
2024-02,375,5
2024-02,376,2
2024-02,377,1
2024-02,378,2
2024-02,379,5
2024-02,380,5
2024-02,381,2
2024-02,382,3
2024-02,383,2
2024-02,384,2
2024-02,385,5
2024-02,386,1
2024-02,387,2
2024-02,388,5
2024-02,390,2
2024-02,391,2
2024-02,392,3
2024-02,393,3
2024-02,395,2
2024-02,396,2
2024-02,397,2
2024-02,398,3
2024-02,401,2
2024-02,402,2
2024-02,403,2
2024-02,404,2
2024-02,405,2
2024-02,408,1
2024-02,410,2
2024-02,413,2
2024-02,414,2
2024-02,416,2
2024-02,418,5
2024-02,419,5
2024-02,420,5
2024-02,421,2
2024-02,422,5
2024-02,423,1
2024-02,424,3
2024-02,425,3
2024-02,428,1
2024-02,429,1
2024-02,430,5
2024-02,431,3
2024-02,432,3
2024-02,433,1
2024-02,434,1
2024-02,435,3
2024-02,436,1
2024-02,437,1
2024-02,438,2
2024-02,440,3
2024-02,441,1
2024-02,442,1
2024-02,443,2
2024-02,444,1
2024-02,445,1
2024-02,446,1
2024-02,447,1
2024-02,448,5
2024-02,449,3
2024-02,450,3
2024-02,451,3
2024-02,452,5
2024-02,453,2
2024-02,455,2
2024-02,456,1
2024-02,457,1
2024-02,458,2
2024-02,459,2
2024-02,460,2
2024-02,478,5
2024-02,479,1
2024-02,480,2
2024-02,481,5
2024-02,482,3
2024-02,484,1
2024-02,485,2
2024-02,486,2
2024-02,487,2
2024-02,489,3
2024-02,490,2
2024-02,491,2
2024-02,492,2
2024-02,493,3
2024-02,494,3
2024-02,495,1
2024-02,496,1
2024-02,497,3
2024-02,498,2
2024-02,499,2
2024-02,501,3
2024-02,502,1
2024-02,503,3
2024-02,504,5
2024-02,505,3
2024-02,506,5
2024-02,507,5
2024-02,508,3
2024-02,509,5
2024-02,510,5
2024-02,511,3
2024-02,512,3
2024-02,515,2
2024-02,516,1
2024-02,517,2
2024-02,518,3
2024-02,519,1
2024-02,520,1
2024-02,521,1
2024-02,522,3
2024-02,523,1
2024-02,524,1
2024-02,525,1
2024-02,527,3
2024-02,528,3
2024-02,529,1
2024-02,530,3
2024-02,531,3
2024-02,532,1
2024-02,533,1
2024-02,534,1
2024-02,535,2
2024-02,536,1
2024-02,537,1
2024-02,538,1
2024-02,539,1
2024-02,540,1
2024-02,541,1
2024-02,542,3
2024-02,543,3
2024-02,544,1
2024-02,545,3
2024-02,546,1
2024-02,547,1
2024-02,548,1
2024-02,549,1
2024-02,550,1
2024-02,552,3
2024-02,553,1
2024-02,554,2
2024-02,555,1
2024-02,556,1
2024-02,557,1
2024-02,558,1
2024-02,559,3
2024-02,560,1
2024-02,561,3
2024-02,562,1
2024-02,563,1
2024-02,564,1
2024-02,565,1
2024-02,566,1
2024-02,567,1
2024-02,568,1
2024-02,569,1
2024-02,570,1
2024-02,571,1
2024-02,572,1
2024-02,574,2
2024-02,578,5
2024-02,579,5
2024-02,580,2
2024-02,581,5
2024-02,582,4
2024-02,583,2
2024-02,584,3
2024-02,585,3
2024-02,586,2
2024-02,587,2
2024-02,588,3
2024-02,589,2
2024-02,591,2
2024-02,592,2
2024-02,593,2
2024-02,594,2
2024-02,595,2
2024-02,598,2
2024-02,599,2
2024-02,600,2
2024-02,601,2
2024-02,602,2
2024-02,603,2
2024-02,604,2
2024-02,605,2
2024-02,606,2
2024-02,607,2
2024-02,608,5
2024-02,612,5
2024-02,613,4
2024-02,614,4
2024-02,615,4
2024-02,616,4
2024-02,618,4
2024-02,619,4
2024-02,621,4
2024-02,666,5
2024-02,667,5
2024-02,668,3
2024-02,669,3
2024-02,670,3
2024-02,671,3
2024-02,674,5
2024-02,675,3
2024-02,676,5
2024-02,677,3
2024-02,678,4
2024-02,679,5
2024-02,680,3
2024-02,683,1
2024-02,685,3
2024-02,686,5
2024-02,687,1
2024-02,689,3
2024-02,690,3
2024-02,691,1
2024-02,692,1
2024-02,693,5
2024-02,694,3
2024-02,695,1
2024-02,696,1
2024-02,697,3
2024-02,698,1
2024-02,699,1
2024-02,701,1
2024-02,702,3
2024-02,703,1
2024-02,704,3
2024-02,705,1
2024-02,706,1
2024-02,708,3
2024-02,710,1
2024-02,711,2
2024-02,712,1
2024-02,713,1
2024-02,714,3
2024-02,715,1
2024-02,716,4
2024-02,717,3
2024-02,718,4
2024-02,719,1
2024-02,720,4
2024-02,721,1
2024-02,722,2
2024-02,723,1
2024-02,725,2
2024-02,726,4
2024-02,727,5
2024-02,731,3
2024-02,734,3
2024-02,735,2
2024-02,736,3
2024-02,737,1
2024-02,738,2
2024-02,739,3
2024-02,741,3
2024-02,742,3
2024-02,743,3
2024-02,744,2
2024-02,745,3
2024-02,746,1
2024-02,747,3
2024-02,748,5
2024-02,749,1
2024-02,751,3
2024-02,752,1
2024-02,753,3
2024-02,754,3
2024-02,755,3
2024-02,756,2
2024-02,757,5
2024-02,758,1
2024-02,760,1
2024-02,761,1
2024-02,763,5
2024-02,764,2
2024-02,765,1
2024-02,766,2
2024-02,767,3
2024-02,769,3
2024-02,770,1
2024-02,771,1
2024-02,773,1
2024-02,774,3
2024-02,775,5
2024-02,776,5
2024-02,777,5
2024-02,778,5
2024-02,779,3
2024-02,780,2
2024-02,781,4
2024-02,782,5
2024-02,783,3
2024-02,784,4
2024-02,785,5
2024-02,787,3
2024-02,788,4
2024-02,789,2
2024-02,790,2
2024-02,791,1
2024-02,792,3
2024-02,793,3
2024-02,794,5
2024-02,795,3
2024-02,796,2
2024-02,797,2
2024-02,798,3
2024-02,799,3
2024-02,800,2
2024-02,801,2
2024-02,802,3
2024-02,803,4
2024-02,804,3
2024-02,805,4
2024-02,806,2
2024-02,807,4
2024-02,808,3
2024-02,809,5
2024-02,810,1
2024-02,811,5
2024-02,812,5
2024-02,813,5
2024-02,814,3
2024-02,815,3
2024-02,817,3
2024-02,818,3
2024-02,819,5
2024-02,820,5
2024-02,821,3
2024-02,822,1
2024-02,823,1
2024-02,824,5
2024-02,825,3
2024-02,826,1
2024-02,827,1
2024-02,828,1
2024-02,829,1
2024-02,830,2
2024-02,831,1
2024-02,832,3
2024-02,833,3
2024-02,834,2
2024-02,835,1
2024-02,836,1
2024-02,838,3
2024-02,839,1
2024-02,840,1
2024-02,841,5
2024-02,842,5
2024-02,843,5
2024-02,844,4
2024-02,846,5
2024-02,847,4
2024-02,848,4
2024-02,849,3
2024-02,851,3
2024-02,852,3
2024-02,853,4
2024-02,854,4
2024-02,855,4
2024-02,856,4
2024-02,857,4
2024-02,859,2
2024-02,860,5
2024-02,870,2
2024-02,871,2
2024-02,872,5
2024-02,873,3
2024-02,874,3
2024-02,875,4
2024-02,876,2
2024-02,877,3
2024-02,878,3
2024-02,879,4
2024-02,880,2
2024-02,881,3
2024-02,882,2
2024-02,883,3
2024-02,884,4
2024-02,885,2
2024-02,886,3
2024-02,888,4
2024-02,889,4
2024-02,890,5
2024-02,891,3
2024-02,892,5
2024-02,895,3
2024-02,896,5
2024-02,897,3
2024-02,898,3
2024-02,899,3
2024-02,900,1
2024-02,901,3
2024-02,902,3
2024-02,903,3
2024-02,904,1
2024-02,905,3
2024-02,907,3
2024-02,908,3
2024-02,909,3
2024-02,911,3
2024-02,912,5
2024-02,913,3
2024-02,914,3
2024-02,915,3
2024-02,916,4
2024-02,917,4
2024-02,918,5
2024-02,920,3
2024-02,922,1
2024-02,923,1
2024-02,924,1
2024-02,925,1
2024-02,926,1
2024-02,927,5
2024-02,928,5
2024-02,929,1
2024-02,930,1
2024-02,986,5
2024-02,987,3
2024-02,988,5
2024-02,989,5
2024-02,991,5
2024-02,992,3
2024-02,993,3
2024-02,994,3
2024-02,995,3
2024-02,996,3
2024-02,998,3
2024-02,999,3
2024-02,1001,3
2024-02,1002,3
2024-02,1003,3
2024-02,1004,3
2024-02,1005,3
2024-02,1006,3
2024-02,1007,5
2024-02,1008,5
2024-02,1009,3
2024-02,1010,3
2024-02,1011,1
2024-02,1012,1
2024-02,1013,1
2024-02,1014,1
2024-02,1015,3
2024-02,1016,1
2024-02,1017,1
2024-02,1018,1
2024-02,1019,1
2024-02,1020,3
2024-02,1021,3
2024-02,1023,1
2024-02,1024,1
2024-02,1025,1
2024-02,1026,3
2024-02,1027,1
2024-02,1028,1
2024-02,1029,1
2024-02,1030,1
2024-02,1031,1
2024-02,1032,1
2024-02,1033,1
2024-02,1034,1
2024-02,1035,1
2024-02,1036,1
2024-02,1037,3
2024-02,1038,1
2024-02,1039,3
2024-02,1040,1
2024-02,1041,1
2024-02,1044,1
2024-02,1047,3
2024-02,1048,2
2024-02,1049,3
2024-02,1051,2
2024-02,1052,1
2024-02,1053,3
2024-02,1054,5
2024-02,1055,2
2024-02,1056,3
2024-02,1057,3
2024-02,1058,3
2024-02,1059,2
2024-02,1060,1
2024-02,1061,2
2024-02,1062,2
2024-02,1063,3
2024-02,1064,1
2024-02,1065,2
2024-02,1066,3
2024-02,1067,1
2024-02,1068,3
2024-02,1069,3
2024-02,1070,3
2024-02,1071,5
2024-02,1072,3
2024-02,1107,5
2024-02,1108,3
2024-02,1109,3
2024-02,1110,3
2024-02,1111,3
2024-02,1112,3
2024-02,1113,3
2024-02,1115,1
2024-02,1116,3
2024-02,1117,5
2024-02,1118,1
2024-02,1119,3
2024-02,1120,3
2024-02,1121,3
2024-02,1122,3
2024-02,1123,3
2024-02,1124,1
2024-02,1125,3
2024-02,1126,1
2024-02,1127,3
2024-02,1128,3
2024-02,1129,3
2024-02,1130,3
2024-02,1131,3
2024-02,1132,3
2024-02,1133,1
2024-02,1134,5
2024-02,1135,5
2024-02,1136,5
2024-02,1137,2
2024-02,1138,3
2024-02,1139,2
2024-02,1140,5
2024-02,1141,5
2024-02,1142,2
2024-02,1143,3
2024-02,1144,1
2024-02,1146,3
2024-02,1147,3
2024-02,1148,2
2024-02,1149,2
2024-02,1150,5
2024-02,1151,3
2024-02,1152,4
2024-02,1153,2
2024-02,1154,3
2024-02,1155,2
2024-02,1157,3
2024-02,1158,3
2024-02,1159,2
2024-02,1160,3
2024-02,1161,3
2024-02,1163,3
2024-02,1164,3
2024-02,1165,5
2024-02,1166,1
2024-02,1167,3
2024-02,1168,3
2024-02,1169,5
2024-02,1170,2
2024-02,1171,2
2024-02,1172,2
2024-02,1173,2
2024-02,1174,2
2024-02,1175,2
2024-02,1176,5
2024-02,1178,3
2024-02,1179,3
2024-02,1180,3
2024-02,1181,3
2024-02,1184,3
2024-02,1185,3
2024-02,1186,5
2024-02,1187,3
2024-02,1188,5
2024-02,1189,3
2024-02,1190,5
2024-02,1191,3
2024-02,1192,2
2024-02,1193,3
2024-02,1194,2
2024-02,1195,3
2024-02,1196,2
2024-02,1197,3
2024-02,1198,5
2024-02,1200,3
2024-02,1201,1
2024-02,1203,3
2024-02,1204,3
2024-02,1205,1
2024-02,1206,3
2024-02,1207,3
2024-02,1208,1
2024-02,1209,3
2024-02,1210,1
2024-02,1211,3
2024-02,1212,3
2024-02,1213,1
2024-02,1214,3
2024-02,1215,1
2024-02,1217,1
2024-02,1218,3
2024-02,1219,3
2024-02,1220,1
2024-02,1221,3
2024-02,1222,1
2024-02,1223,1
2024-02,1224,5
2024-02,1225,5
2024-02,1226,5
2024-02,1227,3
2024-02,1228,3
2024-02,1229,5
2024-02,1230,5
2024-02,1231,5
2024-02,1232,3
2024-02,1233,5
2024-02,1234,3
2024-02,1235,3
2024-02,1236,5
2024-02,1237,3
2024-02,1238,5
2024-02,1240,2
2024-02,1241,3
2024-02,1242,1
2024-02,1243,5
2024-02,1244,3
2024-02,1246,2
2024-02,1249,2
2024-02,1250,5
2024-02,1251,1
2024-02,1252,3
2024-02,1253,1
2024-02,1254,1
2024-02,1256,1
2024-02,1257,3
2024-02,1258,5
2024-02,1259,3
2024-02,1260,3
2024-02,1261,3
2024-02,1262,3
2024-02,1264,2
2024-02,1265,3
2024-02,1266,1
2024-02,1267,1
2024-02,1268,3
2024-02,1269,1
2024-02,1270,3
2024-02,1271,1
2024-02,1272,3
2024-02,1273,1
2024-02,1274,1
2024-02,1275,2
2024-02,1276,3
2024-02,1277,3
2024-02,1278,1
2024-02,1279,1
2024-02,1280,3
2024-02,1281,3
2024-02,1282,1
2024-02,1284,3
2024-02,1285,3
2024-02,1286,1
2024-02,1287,3
2024-02,1288,1
2024-02,1289,3
2024-02,1290,3
2024-02,1291,1
2024-02,1292,3
2024-02,1293,3
2024-02,1294,3
2024-02,1295,3
2024-02,1296,1
2024-02,1297,1
2024-02,1298,3
2024-02,1299,1
2024-02,1300,1
2024-02,1301,3
2024-02,1302,3
2024-02,1303,5
2024-02,1304,3
2024-02,1305,3
2024-02,1306,3
2024-02,1308,3
2024-02,1309,1
2024-02,1310,3
2024-02,1311,1
2024-02,1312,1
2024-02,1313,1
2024-02,1314,1
2024-02,1315,5
2024-02,1316,3
2024-02,1317,1
2024-02,1319,1
2024-02,1320,1
2024-02,1321,3
2024-02,1322,1
2024-02,1323,1
2024-02,1324,1
2024-02,1325,1
2024-02,1326,3
2024-02,1327,1
2024-02,1328,1
2024-02,1329,3
2024-02,1330,3
2024-02,1331,1
2024-02,1333,5
2024-02,1334,3
2024-02,1335,1
2024-02,1336,1
2024-02,1337,3
2024-02,1338,3
2024-02,1339,1
2024-02,1340,1
2024-02,1341,3
2024-02,1343,3
2024-02,1344,1
2024-02,1345,1
2024-02,1346,1
2024-02,1347,1
2024-02,1348,1
2024-02,1349,1
2024-02,1350,1
2024-02,1351,1
2024-02,1352,1
2024-02,1353,1
2024-02,1355,1
2024-02,1356,1
2024-02,1357,3
2024-02,1358,1
2024-02,1392,3
2024-02,1393,3
2024-02,1394,3
2024-02,1395,5
2024-02,1396,5
2024-02,1397,5
2024-02,1398,5
2024-02,1399,3
2024-02,1400,5
2024-02,1401,3
2024-02,1402,5
2024-02,1403,5
2024-02,1404,3
2024-02,1405,3
2024-02,1406,3
2024-02,1407,3
2024-02,1408,5
2024-02,1409,5
2024-02,1410,5
2024-02,1411,5
2024-02,1412,1
2024-02,1413,3
2024-02,1414,3
2024-02,1415,1
2024-02,1416,3
2024-02,1417,1
2024-02,1419,1
2024-02,1420,1
2024-02,1421,1
2024-02,1422,3
2024-02,1423,1
2024-02,1425,3
2024-02,1426,1
2024-02,1427,3
2024-02,1428,1
2024-02,1429,1
2024-02,1430,5
2024-02,1431,3
2024-02,1438,3
2024-02,1439,5
2024-02,1440,5
2024-02,1443,5
2024-02,1444,5
2024-02,1445,5
2024-02,1446,5
2024-02,1447,5
2024-02,1448,5
2024-02,1449,3
2024-02,1453,5
2024-02,1454,5
2024-02,1456,5
2024-02,1457,5
2024-02,1459,5
2024-02,1461,5
2024-02,1463,5
2024-02,1464,5
2024-02,1465,5
2024-02,1467,5
2024-02,1468,5
2024-02,1472,5
2024-02,1473,3
2024-02,1474,3
2024-02,1475,5
2024-02,1477,5
2024-02,1478,3
2024-02,1480,5
2024-02,1481,5
2024-02,1483,3
2024-02,1484,5
2024-02,1486,3
2024-02,1488,5
2024-02,1489,5
2024-02,1490,5
2024-02,1491,5
2024-02,1492,5
2024-02,1493,5
2024-02,1494,3
2024-02,1495,5
2024-02,1496,5
2024-02,1500,5
2024-02,1501,5
2024-02,1504,3
2024-02,1506,5
2024-02,1507,5
2024-02,1508,5
2024-02,1509,5
2024-02,1510,3
2024-02,1511,5
2024-02,1512,3
2024-02,1518,5
2024-02,1519,3
2024-02,1520,3
2024-02,1521,5
2024-02,1522,3
2024-02,1523,5
2024-02,1525,5
2024-02,1526,3
2024-02,1527,5
2024-02,1528,3
2024-02,1529,3
2024-02,1530,3
2024-02,1532,1
2024-02,1533,3
2024-02,1534,1
2024-02,1535,3
2024-02,1536,1
2024-02,1537,1
2024-02,1539,3
2024-02,1540,5
2024-02,1541,1
2024-02,1542,1
2024-02,1543,1
2024-02,1544,1
2024-02,1545,1
2024-02,1546,1
2024-02,1547,1
2024-02,1548,1
2024-02,1549,3
2024-02,1550,1
2024-02,1551,1
2024-02,1552,1
2024-02,1553,3
2024-02,1554,3
2024-02,1555,1
2024-02,1556,1
2024-02,1557,3
2024-02,1558,2
2024-02,1559,1
2024-02,1560,5
2024-02,1561,1
2024-02,1562,3
2024-02,1563,3
2024-02,1564,1
2024-02,1565,1
2024-02,1566,1
2024-02,1567,1
2024-02,1568,3
2024-02,1569,1
2024-02,1570,1
2024-02,1571,1
2024-02,1572,2
2024-02,1573,1
2024-02,1574,3
2024-02,1575,5
2024-02,1577,3
2024-02,1578,3
2024-02,1579,1
2024-02,1580,1
2024-02,1581,3
2024-02,1582,1
2024-02,1583,3
2024-02,1584,1
2024-02,1585,1
2024-02,1586,5
2024-02,1587,1
2024-02,1588,3
2024-02,1589,3
2024-02,1590,1
2024-02,1591,1
2024-02,1592,3
2024-02,1593,1
2024-02,1594,1
2024-02,1595,3
2024-02,1596,3
2024-02,1597,5
2024-02,1598,5
2024-02,1599,5
2024-02,1600,5
2024-02,1601,5
2024-02,1602,2
2024-02,1603,2
2024-02,1604,2
2024-02,1605,1
2024-02,1606,1
2024-02,1607,1
2024-02,1608,3
2024-02,1609,2
2024-02,1610,3
2024-02,1611,1
2024-02,1612,3
2024-02,1613,1
2024-02,1614,1
2024-02,1615,2
2024-02,1616,1
2024-02,1617,1
2024-02,1618,1
2024-02,1619,3
2024-02,1620,5
2024-02,1621,2
2024-02,1622,1
2024-02,1623,2
2024-02,1624,3
2024-02,1625,2
2024-02,1626,1
2024-02,1627,1
2024-02,1628,1
2024-02,1629,1
2024-02,1630,1
2024-02,1631,3
2024-02,1632,5
2024-02,1633,3
2024-02,1634,3
2024-02,1635,1
2024-02,1636,3
2024-02,1637,1
2024-02,1638,3
2024-02,1639,3
2024-02,1640,1
2024-02,1641,3
2024-02,1642,1
2024-02,1643,3
2024-02,1644,3
2024-02,1645,3
2024-02,1646,1
2024-02,1647,1
2024-02,1648,1
2024-02,1649,3
2024-02,1650,1
2024-02,1651,2
2024-02,1652,5
2024-02,1653,3
2024-02,1654,1
2024-02,1655,1
2024-02,1656,3
2024-02,1657,1
2024-02,1658,3
2024-02,1659,2
2024-02,1660,1
2024-02,1661,1
2024-02,1662,1
2024-02,1663,3
2024-02,1664,3
2024-02,1665,5
2024-02,1666,2
2024-02,1667,3
2024-02,1668,5
2024-02,1669,3
2024-02,1670,3
2024-02,1671,3
2024-02,1672,3
2024-02,1673,3
2024-02,1674,3
2024-02,1675,2
2024-02,1676,3
2024-02,1678,3
2024-02,1679,3
2024-02,1680,1
2024-02,1681,1
2024-02,1682,3
2024-02,1683,3
2024-02,1685,3
2024-02,1686,3
2024-02,1687,3
2024-02,1688,3
2024-02,1689,1
2024-02,1690,1
2024-02,1691,1
2024-02,1692,3
2024-02,1693,3
2024-02,1694,3
2024-02,1696,3
2024-02,1697,3
2024-02,1698,3
2024-02,1699,3
2024-02,1700,3
2024-02,1701,3
2024-02,1702,1
2024-02,1703,3
2024-02,1704,3
2024-02,1705,3
2024-02,1706,3
2024-02,1707,5
2024-02,1708,3
2024-02,1709,3
2024-02,1710,3
2024-02,1711,3
2024-02,1712,3
2024-02,1714,1
2024-02,1715,3
2024-02,1717,3
2024-02,1718,3
2024-02,1719,3
2024-02,1722,1
2024-02,1724,1
2024-02,1725,1
2024-02,1726,5
2024-02,1727,1
2024-02,1728,1
2024-02,1730,3
2024-02,1731,3
2024-02,1732,1
2024-02,1733,3
2024-02,1737,1
2024-02,1738,1
2024-02,1739,1
2024-02,1740,2
2024-02,1741,1
2024-02,1742,3
2024-02,1743,1
2024-02,1744,1
2024-02,1745,3
2024-02,1746,1
2024-02,1747,1
2024-02,1749,1
2024-02,1750,1
2024-02,1751,1
2024-02,1752,3
2024-02,1753,1
2024-02,1754,1
2024-02,1755,1
2024-02,1756,1
2024-02,1757,1
2024-02,1758,5
2024-02,1759,3
2024-02,1760,1
2024-02,1761,1
2024-02,1762,1
2024-02,1764,5
2024-02,1765,3
2024-02,1766,3
2024-02,1768,3
2024-02,1769,3
2024-02,1770,3
2024-02,1771,1
2024-02,1773,3
2024-02,1774,3
2024-02,1775,1
2024-02,1776,3
2024-02,1777,1
2024-02,1778,3
2024-02,1780,3
2024-02,1781,1
2024-02,1782,3
2024-02,1783,5
2024-02,1784,1
2024-02,1785,3
2024-02,1786,3
2024-02,1787,2
2024-02,1788,3
2024-02,1845,5
2024-02,1846,3
2024-02,1848,1
2024-02,1849,1
2024-02,1850,3
2024-02,1851,1
2024-02,1852,1
2024-02,1853,1
2024-02,1854,1
2024-02,1855,1
2024-02,1856,1
2024-02,1857,1
2024-02,1858,1
2024-02,1859,3
2024-02,1860,1
2024-02,1861,3
2024-02,1862,1
2024-02,1863,5
2024-02,1864,1
2024-02,1865,1
2024-02,1868,1
2024-02,1869,3
2024-02,1870,1
2024-02,1871,1
2024-02,1872,1
2024-02,1873,1
2024-02,1874,5
2024-02,1875,3
2024-02,1876,3
2024-02,1877,5
2024-02,1878,3
2024-02,1879,3
2024-02,1880,3
2024-02,1881,5
2024-02,1883,3
2024-02,1884,1
2024-02,1885,3
2024-02,1886,3
2024-02,1887,1
2024-02,1888,3
2024-02,1889,3
2024-02,1890,5
2024-02,1891,1
2024-02,1892,1
2024-02,1893,1
2024-02,1894,3
2024-02,1895,3
2024-02,1896,1
2024-02,1897,1
2024-02,1898,1
2024-02,1899,3
2024-02,1900,3
2024-02,1901,3
2024-02,1902,1
2024-02,1903,1
2024-02,1904,3
2024-02,1905,5
2024-02,1906,5
2024-02,1907,1
2024-02,1908,1
2024-02,1909,1
2024-02,1910,1
2024-02,1912,3
2024-02,1915,1
2024-02,1916,1
2024-02,1917,1
2024-02,1918,1
2024-02,1919,5
2024-02,1920,3
2024-02,1921,1
2024-02,1922,3
2024-02,1923,1
2024-02,1924,1
2024-02,1925,1
2024-02,1926,1
2024-02,1927,1
2024-02,1928,1
2024-02,1929,1
2024-02,1930,3
2024-02,1931,3
2024-02,1932,3
2024-02,1933,1
2024-02,1934,3
2024-02,1935,1
2024-02,1936,3
2024-02,1937,3
2024-02,1938,1
2024-02,1939,3
2024-02,1940,1
2024-02,1941,1
2024-02,1942,3
2024-02,1943,1
2024-02,1944,1
2024-02,1945,1
2024-02,1947,3
2024-02,1948,3
2024-02,1949,1
2024-02,1950,3
2024-02,1951,3
2024-02,1952,5
2024-02,1954,3
2024-02,1955,4
2024-02,1956,4
2024-02,1957,4
2024-02,1958,4
2024-02,1959,4
2024-02,1960,4
2024-02,1961,5
2024-02,1962,4
2024-02,1963,4
2024-02,1965,2
2024-02,1966,4
2024-02,1967,2
2024-02,1968,4
2024-02,1969,4
2024-02,1970,4
2024-02,1971,5
2024-02,1972,3
2024-02,1973,3
2024-02,1974,5
2024-02,1975,3
2024-02,1976,3
2024-02,1977,5
2024-02,1978,3
2024-02,1979,5
2024-02,1980,3
2024-02,1981,3
2024-02,1982,3
2024-02,1983,3
2024-02,1984,3
2024-02,1985,3
2024-02,1986,5
2024-02,1987,2
2024-02,1988,3
2024-02,1989,3
2024-02,1990,3
2024-02,1991,3
2024-02,1992,3
2024-02,1993,5
2024-02,1994,3
2024-02,1995,5
2024-02,1996,3
2024-02,1997,3
2024-02,1999,3
2024-02,2000,5
2024-02,2001,3
2024-02,2002,3
2024-02,2004,5
2024-02,2005,3
2024-02,2006,5
2024-02,2007,3
2024-02,2008,3
2024-02,2009,3
2024-02,2010,3
2024-02,2011,3
2024-02,2012,3
2024-02,2015,3
2024-02,2017,2
2024-02,2018,3
2024-02,2019,5
2024-02,2021,3
2024-02,2022,1
2024-02,2023,1
2024-02,2024,5
2024-02,2025,2
2024-02,2027,3
2024-02,2028,3
2024-02,2030,2
2024-02,2031,3
2024-02,2032,5
2024-02,2033,5
2024-02,2034,2
2024-02,2035,3
2024-02,2036,3
2024-02,2037,1
2024-02,2039,3
2024-02,2040,5
2024-02,2041,3
2024-02,2042,3
2024-02,2043,1
2024-02,2044,5
2024-02,2045,3
2024-02,2046,1
2024-02,2047,3
2024-02,2048,3
2024-02,2049,1
2024-02,2050,1
2024-02,2051,3
2024-02,2052,3
2024-02,2053,1
2024-02,2054,1
2024-02,2055,3
2024-02,2056,1
2024-02,2057,1
2024-02,2058,1
2024-02,2059,3
2024-02,2060,3
2024-02,2061,1
2024-02,2062,3
2024-02,2063,5
2024-02,2064,3
2024-02,2065,1
2024-02,2066,1
2024-02,2067,1
2024-02,2068,1
2024-02,2069,3
2024-02,2070,3
2024-02,2072,1
2024-02,2073,3
2024-02,2074,3
2024-02,2075,1
2024-02,2076,1
2024-02,2077,3
2024-02,2078,1
2024-02,2079,1
2024-02,2080,1
2024-02,2081,3
2024-02,2082,1
2024-02,2085,1
2024-02,2087,1
2024-02,2088,1
2024-02,2089,1
2024-02,2090,1
2024-02,2091,1
2024-02,2093,1
2024-02,2094,1
2024-02,2095,1
2024-02,2096,1
2024-02,2098,1
2024-02,2100,3
2024-02,2101,5
2024-02,2105,3
2024-02,2108,3
2024-02,2109,3
2024-02,2110,1
2024-02,2111,3
2024-02,2112,1
2024-02,2113,1
2024-02,2114,1
2024-02,2116,1
2024-02,2117,1
2024-02,2118,1
2024-02,2119,5
2024-02,2120,1
2024-02,2121,3
2024-02,2122,3
2024-02,2124,3
2024-02,2125,1
2024-02,2126,1
2024-02,2127,1
2024-02,2128,3
2024-02,2129,1
2024-02,2130,1
2024-02,2131,3
2024-02,2132,1
2024-02,2133,1
2024-02,2134,3
2024-02,2136,1
2024-02,2137,1
2024-02,2138,1
2024-02,2139,1
2024-02,2140,1
2024-02,2142,1
2024-02,2143,1
2024-02,2144,5
2024-02,2145,3
2024-02,2146,3
2024-02,2148,3
2024-02,2149,3
2024-02,2150,1
2024-02,2151,3
2024-02,2152,1
2024-02,2153,3
2024-02,2154,1
2024-02,2155,3
2024-02,2156,1
2024-02,2157,1
2024-02,2158,3
2024-02,2159,1
2024-02,2160,1
2024-02,2161,5
2024-02,2162,1
2024-02,2163,3
2024-02,2164,5
2024-02,2165,3
2024-02,2167,3
2024-02,2168,3
2024-02,2169,5
2024-02,2171,3
2024-02,2172,1
2024-02,2173,3
2024-02,2174,3
2024-02,2175,1
2024-02,2176,3
2024-02,2177,3
2024-02,2178,1
2024-02,2179,3
2024-02,2180,3
2024-02,2181,1
2024-02,2182,1
2024-02,2183,3
2024-02,2184,3
2024-02,2185,1
2024-02,2186,3
2024-02,2187,3
2024-02,2188,3
2024-02,2189,3
2024-02,2190,5
2024-02,2191,2
2024-02,2192,5
2024-02,2193,5
2024-02,2194,2
2024-02,2195,2
2024-02,2196,1
2024-02,2197,1
2024-02,2198,1
2024-02,2199,2
2024-02,2200,2
2024-02,2201,2
2024-02,2202,2
2024-02,2203,2
2024-02,2204,1
2024-02,2205,1
2024-02,2206,1
2024-02,2207,1
2024-02,2208,2
2024-02,2210,5
2024-02,2211,3
2024-02,2212,2
2024-02,2213,1
2024-02,2215,2
2024-02,2216,5
2024-02,2217,5
2024-02,2218,3
2024-02,2219,3
2024-02,2220,5
2024-02,2221,5
2024-02,2222,5
2024-02,2223,3
2024-02,2224,5
2024-02,2225,3
2024-02,2226,5
2024-02,2227,5
2024-02,2228,5
2024-02,2229,5
2024-02,2230,3
2024-02,2231,5
2024-02,2232,3
2024-02,2233,3
2024-02,2234,3
2024-02,2235,5
2024-02,2236,5
2024-02,2237,5
2024-02,2238,5
2024-02,2241,5
2024-02,2242,5
2024-02,2243,5
2024-02,2244,4
2024-02,2245,5
2024-02,2248,5
2024-02,2249,4
2024-02,2250,4
2024-02,2251,5
2024-02,2252,3
2024-02,2253,3
2024-02,2254,1
2024-02,2255,1
2024-02,2256,1
2024-02,2257,1
2024-02,2258,1
2024-02,2259,1
2024-02,2260,1
2024-02,2262,1
2024-02,2264,1
2024-02,2265,1
2024-02,2266,1
2024-02,2267,1
2024-02,2268,1
2024-02,2269,3
2024-02,2270,1
2024-02,2271,1
2024-02,2272,3
2024-02,2274,3
2024-02,2275,5
2024-02,2276,3
2024-02,2278,3
2024-02,2279,5
2024-02,2280,3
2024-02,2281,5
2024-02,2282,5
2024-02,2286,3
2024-02,2287,3
2024-02,2288,3
2024-02,2289,3
2024-02,2292,2
2024-02,2293,3
2024-02,2294,3
2024-02,2295,2
2024-02,2296,3
2024-02,2297,3
2024-02,2298,3
2024-02,2299,3
2024-02,2300,3
2024-02,2301,3
2024-02,2302,3
2024-02,2303,3
2024-02,2304,3
2024-02,2305,2
2024-02,2307,3
2024-02,2308,3
2024-02,2309,1
2024-02,2310,3
2024-02,2311,3
2024-02,2312,5
2024-02,2314,3
2024-02,2315,1
2024-02,2316,3
2024-02,2317,3
2024-02,2318,5
2024-02,2320,3
2024-02,2321,3
2024-02,2322,3
2024-02,2323,1
2024-02,2324,3
2024-02,2325,3
2024-02,2326,3
2024-02,2327,3
2024-02,2328,3
2024-02,2329,3
2024-02,2330,3
2024-02,2332,3
2024-02,2333,3
2024-02,2334,3
2024-02,2335,3
2024-02,2336,3
2024-02,2337,5
2024-02,2338,5
2024-02,2339,4
2024-02,2340,5
2024-02,2341,4
2024-02,2342,3
2024-02,2343,4
2024-02,2344,5
2024-02,2345,4
2024-02,2348,4
2024-02,2349,4
2024-02,2351,5
2024-02,2352,5
2024-02,2353,5
2024-02,2354,5
2024-02,2355,5
2024-02,2356,5
2024-02,2357,5
2024-02,2358,5
2024-02,2359,5
2024-02,2360,5
2024-02,2361,5
2024-02,2362,5
2024-02,2363,5
2024-02,2364,5
2024-02,2365,5
2024-02,2366,5
2024-02,2367,5
2024-02,2368,5
2024-02,2369,5
2024-02,2370,5
2024-02,2371,5
2024-02,2372,5
2024-02,2373,5
2024-02,2374,5
2024-02,2375,5
2024-02,2376,5
2024-02,2377,5
2024-02,2378,5
2024-02,2379,5
2024-02,2380,5
2024-02,2381,5
2024-02,2382,5
2024-02,2383,5
2024-02,2384,5
2024-02,2385,5
2024-02,2386,5
2024-02,2387,5
2024-02,2388,5
2024-02,2389,5
2024-02,2390,5
2024-02,2391,5
2024-02,2392,5
2024-02,2393,5
2024-02,2395,5
2024-02,2398,5
2024-02,2399,5
2024-02,2400,5
2024-02,2401,5
2024-02,2402,5
2024-02,2403,5
2024-02,2404,5
2024-02,2405,5
2024-02,2406,5
2024-02,2407,5
2024-02,2408,5
2024-02,2409,5
2024-02,2410,5
2024-02,2411,5
2024-02,2412,5
2024-02,2416,5
2024-02,2422,5
2024-02,2423,5
2024-02,2424,5
2024-02,2425,5
2024-02,2426,5
2024-02,2427,5
2024-02,2428,5
2024-02,2429,5
2024-02,2430,5
2024-02,2431,5
2024-02,2432,5
2024-02,2433,5
2024-02,2434,5
2024-02,2435,5
2024-02,2436,5
2024-02,2437,5
2024-02,2439,5
2024-02,2440,5
2024-02,2441,5
2024-02,2442,5
2024-02,2443,5
2024-02,2444,5
2024-02,2445,5
2024-02,2446,5
2024-02,2447,5
2024-02,2449,5
2024-02,2450,5
2024-02,2451,5
2024-02,2452,5
2024-02,2453,5
2024-02,2454,5
2024-02,2455,5
2024-02,2456,5
2024-02,2457,5
2024-02,2458,5
2024-02,2459,5
2024-02,2460,5
2024-02,2461,5
2024-02,2462,5
2024-02,2463,5
2024-02,2464,5
2024-02,2465,5
2024-02,2466,5
2024-02,2467,5
2024-02,2468,5
2024-02,2469,5
2024-02,2470,5
2024-02,2471,5
2024-02,2472,5
2024-02,2473,5
2024-02,2474,5
2024-02,2475,5
2024-02,2476,5
2024-02,2477,5
2024-02,2478,5
2024-02,2479,5
2024-02,2480,5
2024-02,2481,5
2024-02,2482,5
2024-02,2483,5
2024-02,2484,5
2024-02,2485,5
2024-02,2486,5
2024-02,2487,5
2024-02,2488,5
2024-02,2489,5
2024-02,2490,5
2024-02,2491,5
2024-02,2492,5
2024-02,2493,5
2024-02,2494,5
2024-02,2495,5
2024-02,2496,5
2024-02,2497,5
2024-02,2498,5
2024-02,2499,5
2024-02,2500,5
2024-02,2501,5
2024-02,2502,5
2024-02,2503,5
2024-02,2504,5
2024-02,2505,5
2024-02,2506,5
2024-02,2507,5
2024-02,2508,5
2024-02,2509,5
2024-02,2510,5
2024-02,2511,5
2024-02,2512,5
2024-02,2513,5
2024-02,2514,5
2024-02,2515,5
2024-02,2516,5
2024-02,2517,5
2024-02,2518,5
2024-02,2519,5
2024-02,2520,5
2024-02,2521,5
2024-02,2522,5
2024-02,2523,5
2024-02,2524,5
2024-02,2525,5
2024-02,2526,5
2024-02,2527,5
2024-02,2528,5
2024-02,2529,5
2024-02,2530,5
2024-02,2531,5
2024-02,2532,5
2024-02,2533,5
2024-02,2534,5
2024-02,2535,5
2024-02,2536,5
2024-02,2537,5
2024-02,2538,5
2024-02,2539,5
2024-02,2540,5
2024-02,2541,5
2024-02,2542,5
2024-02,2543,5
2024-02,2544,5
2024-02,2545,5
2024-02,2546,5
2024-02,2547,5
2024-02,2548,5
2024-02,2549,5
2024-02,2550,5
2024-02,2551,5
2024-02,2552,5
2024-02,2553,5
2024-02,2554,5
2024-02,2555,5
2024-02,2556,5
2024-02,2557,5
2024-02,2558,5
2024-02,2559,5
2024-02,2560,5
2024-02,2561,5
2024-02,2562,5
2024-02,2563,5
2024-02,2564,5
2024-02,2565,5
2024-02,2566,5
2024-02,2567,5
2024-02,2568,5
2024-02,2569,5
2024-02,2570,5
2024-02,2571,5
2024-02,2572,5
2024-02,2573,5
2024-02,2574,5
2024-02,2575,5
2024-02,2576,5
2024-02,2577,5
2024-02,2578,5
2024-02,2579,5
2024-02,2580,5
2024-02,2581,5
2024-02,2582,5
2024-02,2583,5
2024-02,2584,5
2024-02,2585,5
2024-02,2586,5
2024-02,2587,5
2024-02,2588,5
2024-02,2589,5
2024-02,2590,5
2024-02,2591,5
2024-02,2592,5
2024-02,2593,3
2024-02,2595,3
2024-02,2596,5
2024-02,2597,5
2024-02,2598,3
2024-02,2599,5
2024-02,2600,5
2024-02,2601,5
2024-02,2602,5
2024-02,2604,5
2024-02,2605,5
2024-02,2606,5
2024-02,2607,5
2024-02,2618,1
2024-02,2619,3
2024-02,2620,5
2024-02,2621,5
2024-02,2644,5
2024-02,2646,5
2024-02,2647,5
2024-02,2648,5
2024-02,2649,5
2024-02,2651,5
2024-02,2652,5
2024-02,2710,3
2024-02,2808,5
2024-02,2809,5
2024-02,2813,3
2024-02,2814,5
2024-02,2872,3
2024-02,2876,5
2024-02,2879,5
2024-02,2880,4
2024-02,2881,5
2024-02,2882,5
2024-02,2883,3
2024-02,2884,3
2024-02,2885,2
2024-02,2886,3
2024-02,2887,5
2024-02,3005,5
2024-02,3007,3
2024-02,3009,5
2024-02,3011,5
2024-02,3012,3
2024-02,3013,5
2024-03,1,5
2024-03,2,3
2024-03,3,3
2024-03,4,2
2024-03,5,2
2024-03,6,2
2024-03,7,5
2024-03,8,2
2024-03,9,2
2024-03,10,5
2024-03,11,2
2024-03,12,5
2024-03,13,2
2024-03,14,2
2024-03,15,2
2024-03,16,2
2024-03,17,2
2024-03,18,2
2024-03,19,1
2024-03,20,2
2024-03,21,5
2024-03,22,3
2024-03,23,5
2024-03,25,5
2024-03,26,5
2024-03,27,5
2024-03,28,5
2024-03,29,5
2024-03,30,2
2024-03,31,2
2024-03,32,1
2024-03,33,2
2024-03,34,3
2024-03,35,5
2024-03,36,1
2024-03,37,2
2024-03,38,5
2024-03,39,2
2024-03,40,2
2024-03,41,2
2024-03,42,5
2024-03,43,2
2024-03,44,3
2024-03,45,2
2024-03,46,2
2024-03,47,2
2024-03,48,2
2024-03,49,3
2024-03,50,2
2024-03,51,5
2024-03,52,3
2024-03,53,2
2024-03,54,2
2024-03,55,2
2024-03,56,2
2024-03,57,5
2024-03,58,3
2024-03,59,2
2024-03,60,2
2024-03,61,2
2024-03,62,3
2024-03,63,2
2024-03,65,3
2024-03,66,5
2024-03,67,2
2024-03,68,2
2024-03,69,2
2024-03,70,3
2024-03,71,2
2024-03,72,2
2024-03,73,5
2024-03,74,2
2024-03,75,5
2024-03,76,5
2024-03,77,5
2024-03,78,1
2024-03,79,2
2024-03,80,2
2024-03,81,5
2024-03,82,1
2024-03,83,2
2024-03,167,2
2024-03,168,2
2024-03,169,1
2024-03,173,1
2024-03,181,1
2024-03,184,1
2024-03,185,1
2024-03,188,1
2024-03,191,2
2024-03,194,3
2024-03,195,1
2024-03,196,2
2024-03,198,1
2024-03,201,2
2024-03,203,3
2024-03,204,3
2024-03,205,2
2024-03,206,5
2024-03,207,5
2024-03,208,3
2024-03,209,2
2024-03,210,3
2024-03,211,3
2024-03,212,3
2024-03,213,3
2024-03,214,3
2024-03,215,3
2024-03,216,3
2024-03,217,3
2024-03,218,5
2024-03,219,3
2024-03,220,3
2024-03,221,3
2024-03,222,3
2024-03,223,3
2024-03,224,5
2024-03,225,4
2024-03,226,3
2024-03,227,3
2024-03,228,3
2024-03,229,5
2024-03,230,2
2024-03,231,3
2024-03,232,1
2024-03,233,3
2024-03,234,3
2024-03,235,3
2024-03,236,3
2024-03,237,5
2024-03,238,1
2024-03,239,3
2024-03,240,3
2024-03,241,3
2024-03,242,2
2024-03,243,2
2024-03,269,5
2024-03,270,3
2024-03,271,3
2024-03,272,2
2024-03,273,2
2024-03,274,3
2024-03,275,1
2024-03,276,3
2024-03,277,3
2024-03,278,5
2024-03,279,3
2024-03,280,3
2024-03,281,3
2024-03,282,3
2024-03,283,3
2024-03,284,3
2024-03,285,1
2024-03,287,1
2024-03,288,1
2024-03,289,1
2024-03,290,1
2024-03,292,1
2024-03,293,1
2024-03,294,1
2024-03,295,1
2024-03,296,1
2024-03,297,1
2024-03,298,3
2024-03,300,1
2024-03,301,2
2024-03,302,1
2024-03,303,3
2024-03,304,1
2024-03,305,1
2024-03,306,1
2024-03,307,1
2024-03,308,3
2024-03,309,5
2024-03,312,5
2024-03,314,4
2024-03,316,4
2024-03,317,4
2024-03,318,4
2024-03,319,4
2024-03,320,4
2024-03,321,4
2024-03,323,4
2024-03,324,4
2024-03,325,4
2024-03,326,4
2024-03,327,5
2024-03,329,4
2024-03,330,4
2024-03,331,4
2024-03,332,4
2024-03,333,5
2024-03,334,4
2024-03,335,4
2024-03,336,4
2024-03,337,4
2024-03,338,4
2024-03,339,4
2024-03,340,4
2024-03,341,4
2024-03,342,4
2024-03,343,4
2024-03,345,5
2024-03,346,2
2024-03,347,2
2024-03,348,2
2024-03,349,1
2024-03,351,2
2024-03,352,2
2024-03,354,5
2024-03,355,5
2024-03,356,3
2024-03,357,2
2024-03,358,1
2024-03,359,2
2024-03,360,3
2024-03,361,2
2024-03,362,5
2024-03,363,2
2024-03,364,2
2024-03,365,2
2024-03,366,2
2024-03,367,2
2024-03,368,5
2024-03,369,2
2024-03,370,3
2024-03,371,5
2024-03,372,1
2024-03,373,5
2024-03,374,3
2024-03,375,5
2024-03,376,2
2024-03,377,1
2024-03,378,2
2024-03,379,5
2024-03,380,5
2024-03,381,2
2024-03,382,3
2024-03,383,3
2024-03,384,2
2024-03,385,5
2024-03,386,2
2024-03,387,2
2024-03,388,5
2024-03,390,2
2024-03,391,3
2024-03,392,3
2024-03,393,3
2024-03,395,1
2024-03,396,1
2024-03,397,2
2024-03,398,3
2024-03,401,2
2024-03,402,2
2024-03,403,2
2024-03,404,2
2024-03,405,2
2024-03,408,1
2024-03,410,2
2024-03,413,2
2024-03,414,2
2024-03,416,2
2024-03,418,5
2024-03,419,5
2024-03,420,5
2024-03,421,2
2024-03,422,5
2024-03,423,1
2024-03,424,3
2024-03,425,3
2024-03,428,1
2024-03,429,1
2024-03,430,5
2024-03,431,3
2024-03,432,3
2024-03,433,1
2024-03,434,1
2024-03,435,3
2024-03,436,1
2024-03,437,1
2024-03,438,1
2024-03,440,3
2024-03,441,1
2024-03,442,1
2024-03,443,2
2024-03,444,1
2024-03,445,3
2024-03,446,1
2024-03,447,1
2024-03,448,5
2024-03,449,3
2024-03,450,3
2024-03,451,3
2024-03,452,5
2024-03,453,2
2024-03,455,2
2024-03,456,1
2024-03,457,1
2024-03,458,2
2024-03,459,2
2024-03,460,2
2024-03,478,5
2024-03,479,1
2024-03,480,2
2024-03,481,5
2024-03,482,3
2024-03,484,1
2024-03,485,2
2024-03,486,2
2024-03,487,1
2024-03,489,3
2024-03,490,2
2024-03,491,3
2024-03,492,3
2024-03,493,3
2024-03,494,3
2024-03,495,3
2024-03,496,1
2024-03,497,3
2024-03,498,2
2024-03,499,2
2024-03,501,3
2024-03,502,1
2024-03,503,3
2024-03,504,5
2024-03,505,3
2024-03,506,5
2024-03,507,5
2024-03,508,3
2024-03,509,5
2024-03,510,5
2024-03,511,3
2024-03,512,3
2024-03,515,2
2024-03,516,1
2024-03,517,2
2024-03,518,3
2024-03,519,1
2024-03,520,1
2024-03,521,1
2024-03,522,3
2024-03,523,3
2024-03,524,1
2024-03,525,1
2024-03,527,3
2024-03,528,3
2024-03,529,1
2024-03,530,3
2024-03,531,3
2024-03,532,3
2024-03,533,1
2024-03,534,1
2024-03,535,2
2024-03,536,1
2024-03,537,1
2024-03,538,3
2024-03,539,1
2024-03,540,1
2024-03,541,1
2024-03,542,3
2024-03,543,3
2024-03,544,1
2024-03,545,3
2024-03,546,1
2024-03,547,1
2024-03,548,3
2024-03,549,1
2024-03,550,1
2024-03,552,1
2024-03,553,1
2024-03,554,2
2024-03,555,1
2024-03,556,1
2024-03,557,1
2024-03,558,1
2024-03,559,3
2024-03,560,1
2024-03,561,3
2024-03,562,1
2024-03,563,1
2024-03,564,1
2024-03,565,1
2024-03,566,1
2024-03,567,1
2024-03,568,1
2024-03,569,1
2024-03,570,1
2024-03,571,1
2024-03,572,1
2024-03,574,3
2024-03,578,5
2024-03,579,5
2024-03,580,2
2024-03,581,5
2024-03,582,4
2024-03,583,2
2024-03,584,3
2024-03,585,3
2024-03,586,2
2024-03,587,2
2024-03,588,3
2024-03,589,2
2024-03,591,2
2024-03,592,2
2024-03,593,2
2024-03,594,2
2024-03,595,2
2024-03,598,2
2024-03,599,2
2024-03,600,2
2024-03,601,2
2024-03,602,2
2024-03,603,2
2024-03,604,2
2024-03,605,2
2024-03,606,2
2024-03,607,2
2024-03,608,5
2024-03,612,5
2024-03,613,4
2024-03,614,4
2024-03,615,4
2024-03,616,4
2024-03,618,4
2024-03,619,4
2024-03,621,4
2024-03,666,5
2024-03,667,5
2024-03,668,3
2024-03,669,3
2024-03,670,3
2024-03,671,3
2024-03,674,5
2024-03,675,3
2024-03,676,5
2024-03,677,3
2024-03,678,4
2024-03,679,5
2024-03,680,3
2024-03,683,1
2024-03,685,3
2024-03,686,5
2024-03,687,1
2024-03,689,3
2024-03,690,3
2024-03,691,3
2024-03,692,1
2024-03,693,5
2024-03,694,3
2024-03,695,3
2024-03,696,1
2024-03,697,3
2024-03,698,1
2024-03,699,1
2024-03,701,1
2024-03,702,3
2024-03,703,1
2024-03,704,1
2024-03,705,1
2024-03,706,1
2024-03,708,3
2024-03,710,1
2024-03,711,1
2024-03,712,1
2024-03,713,1
2024-03,714,3
2024-03,715,1
2024-03,716,4
2024-03,717,1
2024-03,718,4
2024-03,719,1
2024-03,720,4
2024-03,721,1
2024-03,722,2
2024-03,723,3
2024-03,725,2
2024-03,726,4
2024-03,727,5
2024-03,731,3
2024-03,734,3
2024-03,735,2
2024-03,736,3
2024-03,737,1
2024-03,738,2
2024-03,739,3
2024-03,741,3
2024-03,742,3
2024-03,743,3
2024-03,744,2
2024-03,745,3
2024-03,746,1
2024-03,747,3
2024-03,748,5
2024-03,749,1
2024-03,751,3
2024-03,752,1
2024-03,753,3
2024-03,754,3
2024-03,755,3
2024-03,756,3
2024-03,757,5
2024-03,758,1
2024-03,760,1
2024-03,761,1
2024-03,763,5
2024-03,764,1
2024-03,765,1
2024-03,766,3
2024-03,767,3
2024-03,769,1
2024-03,770,1
2024-03,771,1
2024-03,773,1
2024-03,774,3
2024-03,775,5
2024-03,776,5
2024-03,777,5
2024-03,778,5
2024-03,779,4
2024-03,780,4
2024-03,781,4
2024-03,782,5
2024-03,783,3
2024-03,784,4
2024-03,785,5
2024-03,787,1
2024-03,788,4
2024-03,789,2
2024-03,790,2
2024-03,791,1
2024-03,792,3
2024-03,793,3
2024-03,794,5
2024-03,795,3
2024-03,796,2
2024-03,797,4
2024-03,798,3
2024-03,799,3
2024-03,800,4
2024-03,801,3
2024-03,802,3
2024-03,803,4
2024-03,804,3
2024-03,805,4
2024-03,806,2
2024-03,807,4
2024-03,808,3
2024-03,809,5
2024-03,810,1
2024-03,811,2
2024-03,812,5
2024-03,813,5
2024-03,814,3
2024-03,815,1
2024-03,817,3
2024-03,818,3
2024-03,819,5
2024-03,820,5
2024-03,821,3
2024-03,822,1
2024-03,823,1
2024-03,824,5
2024-03,825,1
2024-03,826,1
2024-03,827,1
2024-03,828,1
2024-03,829,1
2024-03,830,2
2024-03,831,1
2024-03,832,3
2024-03,833,3
2024-03,834,1
2024-03,835,1
2024-03,836,1
2024-03,838,1
2024-03,839,1
2024-03,840,1
2024-03,841,5
2024-03,842,5
2024-03,843,5
2024-03,844,4
2024-03,846,4
2024-03,847,4
2024-03,848,4
2024-03,849,3
2024-03,851,3
2024-03,852,3
2024-03,853,4
2024-03,854,4
2024-03,855,4
2024-03,856,4
2024-03,857,4
2024-03,859,2
2024-03,860,5
2024-03,870,4
2024-03,871,4
2024-03,872,5
2024-03,873,3
2024-03,874,3
2024-03,875,4
2024-03,876,2
2024-03,877,3
2024-03,878,3
2024-03,879,4
2024-03,880,4
2024-03,881,3
2024-03,882,2
2024-03,883,3
2024-03,884,4
2024-03,885,3
2024-03,886,3
2024-03,888,4
2024-03,889,4
2024-03,890,5
2024-03,891,3
2024-03,892,5
2024-03,895,3
2024-03,896,5
2024-03,897,3
2024-03,898,3
2024-03,899,3
2024-03,900,1
2024-03,901,3
2024-03,902,3
2024-03,903,3
2024-03,904,1
2024-03,905,3
2024-03,907,3
2024-03,908,3
2024-03,909,3
2024-03,911,3
2024-03,912,5
2024-03,913,3
2024-03,914,3
2024-03,915,3
2024-03,916,4
2024-03,917,4
2024-03,918,5
2024-03,920,3
2024-03,922,1
2024-03,923,1
2024-03,924,1
2024-03,925,1
2024-03,926,1
2024-03,927,2
2024-03,928,2
2024-03,929,1
2024-03,930,1
2024-03,986,5
2024-03,987,3
2024-03,988,5
2024-03,989,5
2024-03,991,5
2024-03,992,3
2024-03,993,3
2024-03,994,3
2024-03,995,3
2024-03,996,3
2024-03,998,3
2024-03,999,3
2024-03,1001,3
2024-03,1002,3
2024-03,1003,3
2024-03,1004,3
2024-03,1005,3
2024-03,1006,3
2024-03,1007,5
2024-03,1008,5
2024-03,1009,3
2024-03,1010,2
2024-03,1011,1
2024-03,1012,1
2024-03,1013,1
2024-03,1014,1
2024-03,1015,3
2024-03,1016,1
2024-03,1017,1
2024-03,1018,1
2024-03,1019,1
2024-03,1020,3
2024-03,1021,3
2024-03,1023,1
2024-03,1024,1
2024-03,1025,1
2024-03,1026,3
2024-03,1027,1
2024-03,1028,1
2024-03,1029,1
2024-03,1030,1
2024-03,1031,1
2024-03,1032,1
2024-03,1033,1
2024-03,1034,1
2024-03,1035,1
2024-03,1036,1
2024-03,1037,1
2024-03,1038,1
2024-03,1039,3
2024-03,1040,1
2024-03,1041,1
2024-03,1044,1
2024-03,1047,3
2024-03,1048,2
2024-03,1049,3
2024-03,1051,2
2024-03,1052,3
2024-03,1053,3
2024-03,1054,5
2024-03,1055,2
2024-03,1056,3
2024-03,1057,3
2024-03,1058,3
2024-03,1059,2
2024-03,1060,3
2024-03,1061,2
2024-03,1062,2
2024-03,1063,3
2024-03,1064,1
2024-03,1065,2
2024-03,1066,3
2024-03,1067,1
2024-03,1068,3
2024-03,1069,3
2024-03,1070,3
2024-03,1071,2
2024-03,1072,3
2024-03,1107,5
2024-03,1108,3
2024-03,1109,3
2024-03,1110,3
2024-03,1111,3
2024-03,1112,3
2024-03,1113,3
2024-03,1115,3
2024-03,1116,1
2024-03,1117,5
2024-03,1118,1
2024-03,1119,3
2024-03,1120,3
2024-03,1121,3
2024-03,1122,3
2024-03,1123,3
2024-03,1124,3
2024-03,1125,3
2024-03,1126,1
2024-03,1127,3
2024-03,1128,3
2024-03,1129,3
2024-03,1130,3
2024-03,1131,3
2024-03,1132,3
2024-03,1133,1
2024-03,1134,5
2024-03,1135,5
2024-03,1136,5
2024-03,1137,2
2024-03,1138,3
2024-03,1139,2
2024-03,1140,5
2024-03,1141,5
2024-03,1142,2
2024-03,1143,3
2024-03,1144,1
2024-03,1146,3
2024-03,1147,2
2024-03,1148,2
2024-03,1149,2
2024-03,1150,5
2024-03,1151,3
2024-03,1152,4
2024-03,1153,2
2024-03,1154,3
2024-03,1155,2
2024-03,1157,3
2024-03,1158,3
2024-03,1159,2
2024-03,1160,3
2024-03,1161,3
2024-03,1163,3
2024-03,1164,3
2024-03,1165,5
2024-03,1166,2
2024-03,1167,3
2024-03,1168,3
2024-03,1169,5
2024-03,1170,2
2024-03,1171,2
2024-03,1172,2
2024-03,1173,2
2024-03,1174,2
2024-03,1175,2
2024-03,1176,5
2024-03,1178,3
2024-03,1179,3
2024-03,1180,3
2024-03,1181,3
2024-03,1184,3
2024-03,1185,3
2024-03,1186,5
2024-03,1187,3
2024-03,1188,5
2024-03,1189,3
2024-03,1190,5
2024-03,1191,2
2024-03,1192,2
2024-03,1193,3
2024-03,1194,3
2024-03,1195,3
2024-03,1196,2
2024-03,1197,3
2024-03,1198,5
2024-03,1200,3
2024-03,1201,3
2024-03,1203,3
2024-03,1204,1
2024-03,1205,3
2024-03,1206,3
2024-03,1207,3
2024-03,1208,1
2024-03,1209,3
2024-03,1210,1
2024-03,1211,3
2024-03,1212,3
2024-03,1213,1
2024-03,1214,3
2024-03,1215,1
2024-03,1217,1
2024-03,1218,3
2024-03,1219,3
2024-03,1220,1
2024-03,1221,3
2024-03,1222,1
2024-03,1223,1
2024-03,1224,5
2024-03,1225,5
2024-03,1226,5
2024-03,1227,3
2024-03,1228,3
2024-03,1229,5
2024-03,1230,5
2024-03,1231,5
2024-03,1232,3
2024-03,1233,5
2024-03,1234,3
2024-03,1235,3
2024-03,1236,5
2024-03,1237,3
2024-03,1238,5
2024-03,1240,2
2024-03,1241,3
2024-03,1242,1
2024-03,1243,5
2024-03,1244,3
2024-03,1246,2
2024-03,1249,2
2024-03,1250,5
2024-03,1251,1
2024-03,1252,3
2024-03,1253,1
2024-03,1254,2
2024-03,1256,1
2024-03,1257,3
2024-03,1258,5
2024-03,1259,3
2024-03,1260,3
2024-03,1261,3
2024-03,1262,3
2024-03,1264,2
2024-03,1265,3
2024-03,1266,1
2024-03,1267,1
2024-03,1268,3
2024-03,1269,1
2024-03,1270,3
2024-03,1271,1
2024-03,1272,3
2024-03,1273,1
2024-03,1274,1
2024-03,1275,2
2024-03,1276,3
2024-03,1277,3
2024-03,1278,1
2024-03,1279,1
2024-03,1280,3
2024-03,1281,3
2024-03,1282,1
2024-03,1284,3
2024-03,1285,3
2024-03,1286,3
2024-03,1287,3
2024-03,1288,1
2024-03,1289,1
2024-03,1290,3
2024-03,1291,1
2024-03,1292,3
2024-03,1293,3
2024-03,1294,3
2024-03,1295,3
2024-03,1296,1
2024-03,1297,1
2024-03,1298,1
2024-03,1299,1
2024-03,1300,3
2024-03,1301,3
2024-03,1302,3
2024-03,1303,5
2024-03,1304,3
2024-03,1305,3
2024-03,1306,3
2024-03,1308,3
2024-03,1309,1
2024-03,1310,3
2024-03,1311,1
2024-03,1312,3
2024-03,1313,1
2024-03,1314,1
2024-03,1315,5
2024-03,1316,3
2024-03,1317,1
2024-03,1319,1
2024-03,1320,1
2024-03,1321,3
2024-03,1322,1
2024-03,1323,1
2024-03,1324,1
2024-03,1325,1
2024-03,1326,3
2024-03,1327,1
2024-03,1328,1
2024-03,1329,3
2024-03,1330,1
2024-03,1331,1
2024-03,1333,5
2024-03,1334,3
2024-03,1335,1
2024-03,1336,1
2024-03,1337,3
2024-03,1338,3
2024-03,1339,1
2024-03,1340,1
2024-03,1341,3
2024-03,1343,1
2024-03,1344,1
2024-03,1345,1
2024-03,1346,1
2024-03,1347,3
2024-03,1348,1
2024-03,1349,1
2024-03,1350,1
2024-03,1351,1
2024-03,1352,1
2024-03,1353,1
2024-03,1355,1
2024-03,1356,3
2024-03,1357,3
2024-03,1358,1
2024-03,1392,3
2024-03,1393,3
2024-03,1394,3
2024-03,1395,5
2024-03,1396,5
2024-03,1397,5
2024-03,1398,5
2024-03,1399,3
2024-03,1400,5
2024-03,1401,3
2024-03,1402,5
2024-03,1403,5
2024-03,1404,3
2024-03,1405,3
2024-03,1406,3
2024-03,1407,3
2024-03,1408,5
2024-03,1409,5
2024-03,1410,5
2024-03,1411,5
2024-03,1412,1
2024-03,1413,3
2024-03,1414,3
2024-03,1415,1
2024-03,1416,1
2024-03,1417,1
2024-03,1419,1
2024-03,1420,1
2024-03,1421,1
2024-03,1422,3
2024-03,1423,1
2024-03,1425,3
2024-03,1426,1
2024-03,1427,3
2024-03,1428,1
2024-03,1429,1
2024-03,1430,5
2024-03,1431,3
2024-03,1438,3
2024-03,1439,5
2024-03,1440,5
2024-03,1443,5
2024-03,1444,5
2024-03,1445,5
2024-03,1446,5
2024-03,1447,5
2024-03,1448,5
2024-03,1449,3
2024-03,1453,5
2024-03,1454,5
2024-03,1456,5
2024-03,1457,5
2024-03,1459,5
2024-03,1461,5
2024-03,1463,5
2024-03,1464,5
2024-03,1465,5
2024-03,1467,5
2024-03,1468,5
2024-03,1472,5
2024-03,1473,3
2024-03,1474,3
2024-03,1475,5
2024-03,1477,5
2024-03,1478,3
2024-03,1480,5
2024-03,1481,5
2024-03,1483,3
2024-03,1484,5
2024-03,1486,3
2024-03,1488,5
2024-03,1489,5
2024-03,1490,5
2024-03,1491,5
2024-03,1492,5
2024-03,1493,5
2024-03,1494,3
2024-03,1495,5
2024-03,1496,5
2024-03,1500,5
2024-03,1501,5
2024-03,1504,3
2024-03,1506,5
2024-03,1507,5
2024-03,1508,5
2024-03,1509,5
2024-03,1510,3
2024-03,1511,5
2024-03,1512,3
2024-03,1518,5
2024-03,1519,3
2024-03,1520,3
2024-03,1521,5
2024-03,1522,3
2024-03,1523,5
2024-03,1525,5
2024-03,1526,3
2024-03,1527,5
2024-03,1528,3
2024-03,1529,3
2024-03,1530,1
2024-03,1532,1
2024-03,1533,3
2024-03,1534,1
2024-03,1535,3
2024-03,1536,1
2024-03,1537,1
2024-03,1539,3
2024-03,1540,5
2024-03,1541,1
2024-03,1542,1
2024-03,1543,1
2024-03,1544,1
2024-03,1545,1
2024-03,1546,1
2024-03,1547,1
2024-03,1548,1
2024-03,1549,3
2024-03,1550,1
2024-03,1551,1
2024-03,1552,1
2024-03,1553,3
2024-03,1554,1
2024-03,1555,1
2024-03,1556,1
2024-03,1557,3
2024-03,1558,2
2024-03,1559,1
2024-03,1560,5
2024-03,1561,1
2024-03,1562,3
2024-03,1563,3
2024-03,1564,1
2024-03,1565,1
2024-03,1566,1
2024-03,1567,1
2024-03,1568,3
2024-03,1569,1
2024-03,1570,1
2024-03,1571,1
2024-03,1572,2
2024-03,1573,1
2024-03,1574,3
2024-03,1575,5
2024-03,1577,3
2024-03,1578,3
2024-03,1579,3
2024-03,1580,1
2024-03,1581,3
2024-03,1582,1
2024-03,1583,3
2024-03,1584,1
2024-03,1585,1
2024-03,1586,5
2024-03,1587,1
2024-03,1588,3
2024-03,1589,3
2024-03,1590,2
2024-03,1591,1
2024-03,1592,3
2024-03,1593,1
2024-03,1594,1
2024-03,1595,3
2024-03,1596,3
2024-03,1597,5
2024-03,1598,5
2024-03,1599,5
2024-03,1600,5
2024-03,1601,5
2024-03,1602,2
2024-03,1603,3
2024-03,1604,2
2024-03,1605,1
2024-03,1606,1
2024-03,1607,1
2024-03,1608,3
2024-03,1609,2
2024-03,1610,3
2024-03,1611,3
2024-03,1612,3
2024-03,1613,1
2024-03,1614,1
2024-03,1615,2
2024-03,1616,1
2024-03,1617,1
2024-03,1618,3
2024-03,1619,3
2024-03,1620,5
2024-03,1621,1
2024-03,1622,1
2024-03,1623,3
2024-03,1624,3
2024-03,1625,3
2024-03,1626,1
2024-03,1627,3
2024-03,1628,1
2024-03,1629,3
2024-03,1630,3
2024-03,1631,3
2024-03,1632,5
2024-03,1633,3
2024-03,1634,3
2024-03,1635,1
2024-03,1636,3
2024-03,1637,1
2024-03,1638,3
2024-03,1639,3
2024-03,1640,1
2024-03,1641,3
2024-03,1642,1
2024-03,1643,3
2024-03,1644,3
2024-03,1645,3
2024-03,1646,1
2024-03,1647,1
2024-03,1648,1
2024-03,1649,3
2024-03,1650,3
2024-03,1651,1
2024-03,1652,5
2024-03,1653,3
2024-03,1654,1
2024-03,1655,1
2024-03,1656,3
2024-03,1657,1
2024-03,1658,3
2024-03,1659,3
2024-03,1660,1
2024-03,1661,1
2024-03,1662,1
2024-03,1663,3
2024-03,1664,1
2024-03,1665,5
2024-03,1666,1
2024-03,1667,3
2024-03,1668,5
2024-03,1669,3
2024-03,1670,3
2024-03,1671,3
2024-03,1672,3
2024-03,1673,3
2024-03,1674,3
2024-03,1675,2
2024-03,1676,3
2024-03,1678,1
2024-03,1679,3
2024-03,1680,1
2024-03,1681,1
2024-03,1682,3
2024-03,1683,3
2024-03,1685,3
2024-03,1686,3
2024-03,1687,3
2024-03,1688,3
2024-03,1689,1
2024-03,1690,1
2024-03,1691,1
2024-03,1692,3
2024-03,1693,1
2024-03,1694,3
2024-03,1696,3
2024-03,1697,3
2024-03,1698,1
2024-03,1699,3
2024-03,1700,3
2024-03,1701,3
2024-03,1702,1
2024-03,1703,3
2024-03,1704,3
2024-03,1705,3
2024-03,1706,3
2024-03,1707,5
2024-03,1708,3
2024-03,1709,3
2024-03,1710,3
2024-03,1711,3
2024-03,1712,1
2024-03,1714,3
2024-03,1715,3
2024-03,1717,3
2024-03,1718,1
2024-03,1719,3
2024-03,1722,1
2024-03,1724,1
2024-03,1725,1
2024-03,1726,5
2024-03,1727,1
2024-03,1728,3
2024-03,1730,3
2024-03,1731,3
2024-03,1732,1
2024-03,1733,1
2024-03,1737,1
2024-03,1738,1
2024-03,1739,1
2024-03,1740,2
2024-03,1741,1
2024-03,1742,3
2024-03,1743,1
2024-03,1744,1
2024-03,1745,3
2024-03,1746,1
2024-03,1747,1
2024-03,1749,1
2024-03,1750,1
2024-03,1751,1
2024-03,1752,3
2024-03,1753,1
2024-03,1754,1
2024-03,1755,1
2024-03,1756,1
2024-03,1757,1
2024-03,1758,5
2024-03,1759,3
2024-03,1760,1
2024-03,1761,1
2024-03,1762,1
2024-03,1764,5
2024-03,1765,3
2024-03,1766,3
2024-03,1768,3
2024-03,1769,3
2024-03,1770,3
2024-03,1771,1
2024-03,1773,1
2024-03,1774,3
2024-03,1775,1
2024-03,1776,3
2024-03,1777,1
2024-03,1778,3
2024-03,1780,3
2024-03,1781,1
2024-03,1782,3
2024-03,1783,5
2024-03,1784,1
2024-03,1785,3
2024-03,1786,3
2024-03,1787,2
2024-03,1788,3
2024-03,1845,5
2024-03,1846,3
2024-03,1848,1
2024-03,1849,3
2024-03,1850,3
2024-03,1851,1
2024-03,1852,1
2024-03,1853,1
2024-03,1854,1
2024-03,1855,1
2024-03,1856,1
2024-03,1857,1
2024-03,1858,1
2024-03,1859,3
2024-03,1860,1
2024-03,1861,3
2024-03,1862,1
2024-03,1863,5
2024-03,1864,1
2024-03,1865,1
2024-03,1868,1
2024-03,1869,3
2024-03,1870,1
2024-03,1871,1
2024-03,1872,1
2024-03,1873,1
2024-03,1874,5
2024-03,1875,3
2024-03,1876,3
2024-03,1877,5
2024-03,1878,3
2024-03,1879,3
2024-03,1880,3
2024-03,1881,5
2024-03,1883,3
2024-03,1884,1
2024-03,1885,3
2024-03,1886,3
2024-03,1887,1
2024-03,1888,3
2024-03,1889,1
2024-03,1890,5
2024-03,1891,1
2024-03,1892,1
2024-03,1893,3
2024-03,1894,3
2024-03,1895,3
2024-03,1896,1
2024-03,1897,1
2024-03,1898,1
2024-03,1899,3
2024-03,1900,3
2024-03,1901,1
2024-03,1902,3
2024-03,1903,1
2024-03,1904,3
2024-03,1905,5
2024-03,1906,3
2024-03,1907,1
2024-03,1908,1
2024-03,1909,1
2024-03,1910,1
2024-03,1912,3
2024-03,1915,1
2024-03,1916,1
2024-03,1917,1
2024-03,1918,1
2024-03,1919,5
2024-03,1920,3
2024-03,1921,1
2024-03,1922,3
2024-03,1923,1
2024-03,1924,1
2024-03,1925,1
2024-03,1926,1
2024-03,1927,1
2024-03,1928,1
2024-03,1929,1
2024-03,1930,3
2024-03,1931,3
2024-03,1932,1
2024-03,1933,1
2024-03,1934,3
2024-03,1935,1
2024-03,1936,3
2024-03,1937,1
2024-03,1938,1
2024-03,1939,3
2024-03,1940,1
2024-03,1941,1
2024-03,1942,1
2024-03,1943,1
2024-03,1944,1
2024-03,1945,1
2024-03,1947,3
2024-03,1948,3
2024-03,1949,1
2024-03,1950,3
2024-03,1951,3
2024-03,1952,5
2024-03,1954,3
2024-03,1955,4
2024-03,1956,4
2024-03,1957,4
2024-03,1958,4
2024-03,1959,4
2024-03,1960,4
2024-03,1961,5
2024-03,1962,4
2024-03,1963,4
2024-03,1965,4
2024-03,1966,4
2024-03,1967,4
2024-03,1968,4
2024-03,1969,4
2024-03,1970,4
2024-03,1971,5
2024-03,1972,3
2024-03,1973,3
2024-03,1974,5
2024-03,1975,3
2024-03,1976,3
2024-03,1977,5
2024-03,1978,3
2024-03,1979,5
2024-03,1980,3
2024-03,1981,3
2024-03,1982,3
2024-03,1983,3
2024-03,1984,3
2024-03,1985,5
2024-03,1986,5
2024-03,1987,2
2024-03,1988,3
2024-03,1989,3
2024-03,1990,3
2024-03,1991,3
2024-03,1992,3
2024-03,1993,5
2024-03,1994,3
2024-03,1995,5
2024-03,1996,3
2024-03,1997,3
2024-03,1999,3
2024-03,2000,5
2024-03,2001,3
2024-03,2002,3
2024-03,2004,5
2024-03,2005,5
2024-03,2006,5
2024-03,2007,3
2024-03,2008,3
2024-03,2009,3
2024-03,2010,5
2024-03,2011,3
2024-03,2012,3
2024-03,2015,3
2024-03,2017,3
2024-03,2018,3
2024-03,2019,3
2024-03,2021,3
2024-03,2022,1
2024-03,2023,1
2024-03,2024,5
2024-03,2025,2
2024-03,2027,3
2024-03,2028,3
2024-03,2030,2
2024-03,2031,3
2024-03,2032,5
2024-03,2033,5
2024-03,2034,3
2024-03,2035,3
2024-03,2036,3
2024-03,2037,1
2024-03,2039,3
2024-03,2040,5
2024-03,2041,3
2024-03,2042,3
2024-03,2043,1
2024-03,2044,5
2024-03,2045,3
2024-03,2046,1
2024-03,2047,3
2024-03,2048,3
2024-03,2049,1
2024-03,2050,1
2024-03,2051,3
2024-03,2052,3
2024-03,2053,1
2024-03,2054,1
2024-03,2055,3
2024-03,2056,1
2024-03,2057,1
2024-03,2058,1
2024-03,2059,3
2024-03,2060,3
2024-03,2061,1
2024-03,2062,3
2024-03,2063,5
2024-03,2064,3
2024-03,2065,1
2024-03,2066,1
2024-03,2067,1
2024-03,2068,1
2024-03,2069,3
2024-03,2070,3
2024-03,2072,1
2024-03,2073,3
2024-03,2074,3
2024-03,2075,1
2024-03,2076,1
2024-03,2077,3
2024-03,2078,1
2024-03,2079,1
2024-03,2080,1
2024-03,2081,1
2024-03,2082,1
2024-03,2085,1
2024-03,2087,1
2024-03,2088,1
2024-03,2089,1
2024-03,2090,1
2024-03,2091,1
2024-03,2093,1
2024-03,2094,1
2024-03,2095,1
2024-03,2096,1
2024-03,2098,1
2024-03,2100,1
2024-03,2101,5
2024-03,2105,3
2024-03,2108,3
2024-03,2109,3
2024-03,2110,1
2024-03,2111,3
2024-03,2112,1
2024-03,2113,1
2024-03,2114,3
2024-03,2116,1
2024-03,2117,1
2024-03,2118,1
2024-03,2119,5
2024-03,2120,1
2024-03,2121,3
2024-03,2122,3
2024-03,2124,3
2024-03,2125,1
2024-03,2126,1
2024-03,2127,1
2024-03,2128,3
2024-03,2129,1
2024-03,2130,1
2024-03,2131,3
2024-03,2132,1
2024-03,2133,1
2024-03,2134,1
2024-03,2136,2
2024-03,2137,1
2024-03,2138,1
2024-03,2139,1
2024-03,2140,1
2024-03,2142,1
2024-03,2143,1
2024-03,2144,5
2024-03,2145,3
2024-03,2146,3
2024-03,2148,3
2024-03,2149,3
2024-03,2150,1
2024-03,2151,3
2024-03,2152,1
2024-03,2153,3
2024-03,2154,3
2024-03,2155,3
2024-03,2156,1
2024-03,2157,1
2024-03,2158,3
2024-03,2159,1
2024-03,2160,1
2024-03,2161,5
2024-03,2162,1
2024-03,2163,3
2024-03,2164,5
2024-03,2165,3
2024-03,2167,3
2024-03,2168,3
2024-03,2169,5
2024-03,2171,1
2024-03,2172,1
2024-03,2173,3
2024-03,2174,3
2024-03,2175,1
2024-03,2176,3
2024-03,2177,3
2024-03,2178,1
2024-03,2179,3
2024-03,2180,3
2024-03,2181,1
2024-03,2182,1
2024-03,2183,3
2024-03,2184,3
2024-03,2185,1
2024-03,2186,3
2024-03,2187,3
2024-03,2188,3
2024-03,2189,3
2024-03,2190,5
2024-03,2191,2
2024-03,2192,5
2024-03,2193,5
2024-03,2194,2
2024-03,2195,2
2024-03,2196,1
2024-03,2197,1
2024-03,2198,1
2024-03,2199,3
2024-03,2200,2
2024-03,2201,2
2024-03,2202,2
2024-03,2203,2
2024-03,2204,1
2024-03,2205,1
2024-03,2206,1
2024-03,2207,1
2024-03,2208,2
2024-03,2210,5
2024-03,2211,3
2024-03,2212,2
2024-03,2213,1
2024-03,2215,3
2024-03,2216,5
2024-03,2217,5
2024-03,2218,3
2024-03,2219,3
2024-03,2220,5
2024-03,2221,5
2024-03,2222,5
2024-03,2223,3
2024-03,2224,5
2024-03,2225,3
2024-03,2226,5
2024-03,2227,5
2024-03,2228,5
2024-03,2229,5
2024-03,2230,3
2024-03,2231,5
2024-03,2232,3
2024-03,2233,3
2024-03,2234,3
2024-03,2235,5
2024-03,2236,5
2024-03,2237,2
2024-03,2238,5
2024-03,2241,5
2024-03,2242,5
2024-03,2243,5
2024-03,2244,4
2024-03,2245,5
2024-03,2248,5
2024-03,2249,4
2024-03,2250,4
2024-03,2251,5
2024-03,2252,3
2024-03,2253,3
2024-03,2254,1
2024-03,2255,1
2024-03,2256,1
2024-03,2257,1
2024-03,2258,1
2024-03,2259,1
2024-03,2260,1
2024-03,2262,1
2024-03,2264,1
2024-03,2265,1
2024-03,2266,1
2024-03,2267,1
2024-03,2268,1
2024-03,2269,3
2024-03,2270,1
2024-03,2271,1
2024-03,2272,3
2024-03,2274,3
2024-03,2275,5
2024-03,2276,3
2024-03,2278,3
2024-03,2279,5
2024-03,2280,3
2024-03,2281,5
2024-03,2282,5
2024-03,2286,3
2024-03,2287,3
2024-03,2288,5
2024-03,2289,3
2024-03,2292,3
2024-03,2293,3
2024-03,2294,3
2024-03,2295,3
2024-03,2296,3
2024-03,2297,3
2024-03,2298,3
2024-03,2299,3
2024-03,2300,3
2024-03,2301,3
2024-03,2302,3
2024-03,2303,3
2024-03,2304,3
2024-03,2305,1
2024-03,2307,3
2024-03,2308,3
2024-03,2309,3
2024-03,2310,3
2024-03,2311,3
2024-03,2312,5
2024-03,2314,3
2024-03,2315,3
2024-03,2316,3
2024-03,2317,3
2024-03,2318,5
2024-03,2320,5
2024-03,2321,3
2024-03,2322,3
2024-03,2323,1
2024-03,2324,3
2024-03,2325,3
2024-03,2326,3
2024-03,2327,3
2024-03,2328,3
2024-03,2329,3
2024-03,2330,3
2024-03,2332,3
2024-03,2333,3
2024-03,2334,3
2024-03,2335,3
2024-03,2336,3
2024-03,2337,5
2024-03,2338,5
2024-03,2339,3
2024-03,2340,5
2024-03,2341,4
2024-03,2342,3
2024-03,2343,4
2024-03,2344,5
2024-03,2345,4
2024-03,2348,4
2024-03,2349,4
2024-03,2351,5
2024-03,2352,5
2024-03,2353,5
2024-03,2354,5
2024-03,2355,5
2024-03,2356,5
2024-03,2357,5
2024-03,2358,5
2024-03,2359,5
2024-03,2360,5
2024-03,2361,5
2024-03,2362,5
2024-03,2363,5
2024-03,2364,5
2024-03,2365,5
2024-03,2366,5
2024-03,2367,5
2024-03,2368,5
2024-03,2369,5
2024-03,2370,5
2024-03,2371,5
2024-03,2372,5
2024-03,2373,5
2024-03,2374,5
2024-03,2375,5
2024-03,2376,5
2024-03,2377,5
2024-03,2378,5
2024-03,2379,5
2024-03,2380,5
2024-03,2381,5
2024-03,2382,5
2024-03,2383,5
2024-03,2384,5
2024-03,2385,5
2024-03,2386,5
2024-03,2387,5
2024-03,2388,5
2024-03,2389,5
2024-03,2390,5
2024-03,2391,5
2024-03,2392,5
2024-03,2393,5
2024-03,2395,5
2024-03,2398,5
2024-03,2399,5
2024-03,2400,5
2024-03,2401,5
2024-03,2402,5
2024-03,2403,5
2024-03,2404,5
2024-03,2405,5
2024-03,2406,5
2024-03,2407,5
2024-03,2408,5
2024-03,2409,5
2024-03,2410,5
2024-03,2411,5
2024-03,2412,5
2024-03,2416,5
2024-03,2422,5
2024-03,2423,5
2024-03,2424,5
2024-03,2425,5
2024-03,2426,5
2024-03,2427,5
2024-03,2428,5
2024-03,2429,5
2024-03,2430,5
2024-03,2431,5
2024-03,2432,5
2024-03,2433,5
2024-03,2434,5
2024-03,2435,5
2024-03,2436,5
2024-03,2437,5
2024-03,2439,5
2024-03,2440,5
2024-03,2441,5
2024-03,2442,5
2024-03,2443,5
2024-03,2444,5
2024-03,2445,5
2024-03,2446,5
2024-03,2447,5
2024-03,2449,5
2024-03,2450,5
2024-03,2451,5
2024-03,2452,5
2024-03,2453,5
2024-03,2454,5
2024-03,2455,5
2024-03,2456,5
2024-03,2457,5
2024-03,2458,5
2024-03,2459,5
2024-03,2460,5
2024-03,2461,5
2024-03,2462,5
2024-03,2463,5
2024-03,2464,5
2024-03,2465,5
2024-03,2466,5
2024-03,2467,5
2024-03,2468,5
2024-03,2469,5
2024-03,2470,5
2024-03,2471,5
2024-03,2472,5
2024-03,2473,5
2024-03,2474,5
2024-03,2475,5
2024-03,2476,5
2024-03,2477,5
2024-03,2478,5
2024-03,2479,5
2024-03,2480,5
2024-03,2481,5
2024-03,2482,5
2024-03,2483,5
2024-03,2484,5
2024-03,2485,5
2024-03,2486,5
2024-03,2487,5
2024-03,2488,5
2024-03,2489,5
2024-03,2490,5
2024-03,2491,5
2024-03,2492,5
2024-03,2493,5
2024-03,2494,5
2024-03,2495,5
2024-03,2496,5
2024-03,2497,5
2024-03,2498,5
2024-03,2499,5
2024-03,2500,5
2024-03,2501,5
2024-03,2502,5
2024-03,2503,5
2024-03,2504,5
2024-03,2505,5
2024-03,2506,5
2024-03,2507,5
2024-03,2508,5
2024-03,2509,5
2024-03,2510,5
2024-03,2511,5
2024-03,2512,5
2024-03,2513,5
2024-03,2514,5
2024-03,2515,5
2024-03,2516,5
2024-03,2517,5
2024-03,2518,5
2024-03,2519,5
2024-03,2520,5
2024-03,2521,5
2024-03,2522,5
2024-03,2523,5
2024-03,2524,5
2024-03,2525,5
2024-03,2526,5
2024-03,2527,5
2024-03,2528,5
2024-03,2529,5
2024-03,2530,5
2024-03,2531,5
2024-03,2532,5
2024-03,2533,5
2024-03,2534,5
2024-03,2535,5
2024-03,2536,5
2024-03,2537,5
2024-03,2538,5
2024-03,2539,5
2024-03,2540,5
2024-03,2541,5
2024-03,2542,5
2024-03,2543,5
2024-03,2544,5
2024-03,2545,5
2024-03,2546,5
2024-03,2547,5
2024-03,2548,5
2024-03,2549,5
2024-03,2550,5
2024-03,2551,5
2024-03,2552,5
2024-03,2553,5
2024-03,2554,5
2024-03,2555,5
2024-03,2556,5
2024-03,2557,5
2024-03,2558,5
2024-03,2559,5
2024-03,2560,5
2024-03,2561,5
2024-03,2562,5
2024-03,2563,5
2024-03,2564,5
2024-03,2565,5
2024-03,2566,5
2024-03,2567,5
2024-03,2568,5
2024-03,2569,5
2024-03,2570,5
2024-03,2571,5
2024-03,2572,5
2024-03,2573,5
2024-03,2574,5
2024-03,2575,5
2024-03,2576,5
2024-03,2577,5
2024-03,2578,5
2024-03,2579,5
2024-03,2580,5
2024-03,2581,5
2024-03,2582,5
2024-03,2583,5
2024-03,2584,5
2024-03,2585,5
2024-03,2586,5
2024-03,2587,5
2024-03,2588,5
2024-03,2589,5
2024-03,2590,5
2024-03,2591,5
2024-03,2592,5
2024-03,2593,3
2024-03,2595,3
2024-03,2596,5
2024-03,2597,5
2024-03,2598,3
2024-03,2599,5
2024-03,2600,5
2024-03,2601,5
2024-03,2602,5
2024-03,2604,5
2024-03,2605,5
2024-03,2606,5
2024-03,2607,5
2024-03,2618,1
2024-03,2619,3
2024-03,2620,5
2024-03,2621,5
2024-03,2644,5
2024-03,2646,5
2024-03,2647,5
2024-03,2648,5
2024-03,2649,5
2024-03,2651,5
2024-03,2652,5
2024-03,2710,3
2024-03,2808,5
2024-03,2809,5
2024-03,2813,3
2024-03,2814,5
2024-03,2872,4
2024-03,2876,5
2024-03,2879,5
2024-03,2880,4
2024-03,2881,2
2024-03,2882,5
2024-03,2883,3
2024-03,2884,3
2024-03,2885,2
2024-03,2886,3
2024-03,2887,5
2024-03,3005,5
2024-03,3007,3
2024-03,3009,5
2024-03,3011,5
2024-03,3012,3
2024-03,3013,5
2024-04,1,2
2024-04,2,2
2024-04,3,3
2024-04,4,2
2024-04,5,2
2024-04,6,2
2024-04,7,5
2024-04,8,2
2024-04,9,2
2024-04,10,2
2024-04,11,2
2024-04,12,2
2024-04,13,2
2024-04,14,2
2024-04,15,2
2024-04,16,2
2024-04,17,2
2024-04,18,2
2024-04,19,1
2024-04,20,2
2024-04,21,5
2024-04,22,3
2024-04,23,2
2024-04,25,2
2024-04,26,2
2024-04,27,2
2024-04,28,2
2024-04,29,2
2024-04,30,2
2024-04,31,2
2024-04,32,3
2024-04,33,2
2024-04,34,1
2024-04,35,2
2024-04,36,2
2024-04,37,2
2024-04,38,2
2024-04,39,2
2024-04,40,2
2024-04,41,2
2024-04,42,2
2024-04,43,3
2024-04,44,3
2024-04,45,2
2024-04,46,2
2024-04,47,2
2024-04,48,2
2024-04,49,3
2024-04,50,2
2024-04,51,2
2024-04,52,1
2024-04,53,2
2024-04,54,2
2024-04,55,2
2024-04,56,2
2024-04,57,2
2024-04,58,3
2024-04,59,2
2024-04,60,2
2024-04,61,2
2024-04,62,2
2024-04,63,2
2024-04,65,3
2024-04,66,2
2024-04,67,2
2024-04,68,2
2024-04,69,2
2024-04,70,3
2024-04,71,2
2024-04,72,1
2024-04,73,2
2024-04,74,2
2024-04,75,2
2024-04,76,2
2024-04,77,2
2024-04,78,3
2024-04,79,2
2024-04,80,2
2024-04,81,2
2024-04,82,2
2024-04,83,2
2024-04,167,2
2024-04,168,2
2024-04,169,2
2024-04,173,1
2024-04,181,1
2024-04,184,3
2024-04,185,1
2024-04,188,1
2024-04,191,2
2024-04,194,2
2024-04,195,2
2024-04,196,2
2024-04,198,2
2024-04,201,2
2024-04,203,3
2024-04,204,3
2024-04,205,2
2024-04,206,5
2024-04,207,5
2024-04,208,3
2024-04,209,2
2024-04,210,3
2024-04,211,3
2024-04,212,3
2024-04,213,3
2024-04,214,3
2024-04,215,3
2024-04,216,3
2024-04,217,3
2024-04,218,5
2024-04,219,3
2024-04,220,3
2024-04,221,3
2024-04,222,3
2024-04,223,3
2024-04,224,2
2024-04,225,4
2024-04,226,3
2024-04,227,3
2024-04,228,3
2024-04,229,3
2024-04,230,2
2024-04,231,3
2024-04,232,3
2024-04,233,3
2024-04,234,3
2024-04,235,3
2024-04,236,3
2024-04,237,3
2024-04,238,1
2024-04,239,3
2024-04,240,3
2024-04,241,3
2024-04,242,3
2024-04,243,2
2024-04,269,2
2024-04,270,3
2024-04,271,3
2024-04,272,2
2024-04,273,2
2024-04,274,3
2024-04,275,3
2024-04,276,3
2024-04,277,3
2024-04,278,2
2024-04,279,3
2024-04,280,3
2024-04,281,3
2024-04,282,3
2024-04,283,3
2024-04,284,3
2024-04,285,1
2024-04,287,1
2024-04,288,1
2024-04,289,1
2024-04,290,1
2024-04,292,1
2024-04,293,1
2024-04,294,1
2024-04,295,1
2024-04,296,1
2024-04,297,1
2024-04,298,3
2024-04,300,1
2024-04,301,2
2024-04,302,1
2024-04,303,3
2024-04,304,3
2024-04,305,1
2024-04,306,1
2024-04,307,1
2024-04,308,3
2024-04,309,5
2024-04,312,5
2024-04,314,2
2024-04,316,4
2024-04,317,2
2024-04,318,4
2024-04,319,2
2024-04,320,4
2024-04,321,2
2024-04,323,4
2024-04,324,2
2024-04,325,4
2024-04,326,2
2024-04,327,3
2024-04,329,2
2024-04,330,4
2024-04,331,4
2024-04,332,4
2024-04,333,5
2024-04,334,4
2024-04,335,4
2024-04,336,2
2024-04,337,2
2024-04,338,4
2024-04,339,2
2024-04,340,4
2024-04,341,4
2024-04,342,2
2024-04,343,2
2024-04,345,5
2024-04,346,2
2024-04,347,2
2024-04,348,2
2024-04,349,2
2024-04,351,2
2024-04,352,2
2024-04,354,5
2024-04,355,5
2024-04,356,3
2024-04,357,2
2024-04,358,1
2024-04,359,2
2024-04,360,3
2024-04,361,2
2024-04,362,2
2024-04,363,1
2024-04,364,2
2024-04,365,1
2024-04,366,2
2024-04,367,2
2024-04,368,2
2024-04,369,2
2024-04,370,3
2024-04,371,2
2024-04,372,2
2024-04,373,2
2024-04,374,3
2024-04,375,2
2024-04,376,1
2024-04,377,1
2024-04,378,2
2024-04,379,2
2024-04,380,2
2024-04,381,2
2024-04,382,3
2024-04,383,3
2024-04,384,2
2024-04,385,2
2024-04,386,2
2024-04,387,2
2024-04,388,2
2024-04,390,2
2024-04,391,3
2024-04,392,3
2024-04,393,3
2024-04,395,1
2024-04,396,1
2024-04,397,2
2024-04,398,3
2024-04,401,2
2024-04,402,2
2024-04,403,2
2024-04,404,3
2024-04,405,2
2024-04,408,1
2024-04,410,2
2024-04,413,2
2024-04,414,2
2024-04,416,2
2024-04,418,5
2024-04,419,2
2024-04,420,2
2024-04,421,2
2024-04,422,2
2024-04,423,1
2024-04,424,3
2024-04,425,3
2024-04,428,1
2024-04,429,1
2024-04,430,2
2024-04,431,3
2024-04,432,3
2024-04,433,1
2024-04,434,1
2024-04,435,3
2024-04,436,1
2024-04,437,1
2024-04,438,1
2024-04,440,3
2024-04,441,1
2024-04,442,1
2024-04,443,3
2024-04,444,1
2024-04,445,3
2024-04,446,1
2024-04,447,1
2024-04,448,2
2024-04,449,3
2024-04,450,3
2024-04,451,3
2024-04,452,2
2024-04,453,2
2024-04,455,2
2024-04,456,1
2024-04,457,1
2024-04,458,2
2024-04,459,2
2024-04,460,2
2024-04,478,2
2024-04,479,1
2024-04,480,2
2024-04,481,2
2024-04,482,3
2024-04,484,1
2024-04,485,2
2024-04,486,3
2024-04,487,2
2024-04,489,3
2024-04,490,2
2024-04,491,3
2024-04,492,3
2024-04,493,3
2024-04,494,3
2024-04,495,3
2024-04,496,1
2024-04,497,3
2024-04,498,2
2024-04,499,2
2024-04,501,3
2024-04,502,1
2024-04,503,1
2024-04,504,5
2024-04,505,3
2024-04,506,2
2024-04,507,2
2024-04,508,3
2024-04,509,2
2024-04,510,2
2024-04,511,3
2024-04,512,3
2024-04,515,2
2024-04,516,1
2024-04,517,2
2024-04,518,3
2024-04,519,1
2024-04,520,1
2024-04,521,1
2024-04,522,3
2024-04,523,1
2024-04,524,1
2024-04,525,1
2024-04,527,3
2024-04,528,3
2024-04,529,2
2024-04,530,3
2024-04,531,3
2024-04,532,1
2024-04,533,1
2024-04,534,1
2024-04,535,2
2024-04,536,1
2024-04,537,1
2024-04,538,3
2024-04,539,1
2024-04,540,1
2024-04,541,1
2024-04,542,3
2024-04,543,3
2024-04,544,1
2024-04,545,3
2024-04,546,1
2024-04,547,1
2024-04,548,3
2024-04,549,1
2024-04,550,1
2024-04,552,1
2024-04,553,1
2024-04,554,2
2024-04,555,1
2024-04,556,1
2024-04,557,1
2024-04,558,1
2024-04,559,3
2024-04,560,1
2024-04,561,3
2024-04,562,1
2024-04,563,1
2024-04,564,1
2024-04,565,3
2024-04,566,1
2024-04,567,1
2024-04,568,3
2024-04,569,1
2024-04,570,1
2024-04,571,1
2024-04,572,1
2024-04,574,3
2024-04,578,2
2024-04,579,2
2024-04,580,2
2024-04,581,2
2024-04,582,3
2024-04,583,2
2024-04,584,3
2024-04,585,3
2024-04,586,2
2024-04,587,2
2024-04,588,3
2024-04,589,2
2024-04,591,2
2024-04,592,2
2024-04,593,2
2024-04,594,2
2024-04,595,2
2024-04,598,2
2024-04,599,2
2024-04,600,2
2024-04,601,2
2024-04,602,2
2024-04,603,2
2024-04,604,2
2024-04,605,2
2024-04,606,2
2024-04,607,2
2024-04,608,5
2024-04,612,5
2024-04,613,4
2024-04,614,4
2024-04,615,4
2024-04,616,4
2024-04,618,4
2024-04,619,4
2024-04,621,4
2024-04,666,5
2024-04,667,2
2024-04,668,3
2024-04,669,3
2024-04,670,3
2024-04,671,3
2024-04,674,2
2024-04,675,3
2024-04,676,2
2024-04,677,3
2024-04,678,4
2024-04,679,2
2024-04,680,3
2024-04,683,1
2024-04,685,3
2024-04,686,2
2024-04,687,1
2024-04,689,3
2024-04,690,3
2024-04,691,1
2024-04,692,1
2024-04,693,2
2024-04,694,3
2024-04,695,1
2024-04,696,1
2024-04,697,3
2024-04,698,1
2024-04,699,1
2024-04,701,1
2024-04,702,3
2024-04,703,1
2024-04,704,3
2024-04,705,3
2024-04,706,1
2024-04,708,3
2024-04,710,1
2024-04,711,1
2024-04,712,1
2024-04,713,1
2024-04,714,3
2024-04,715,3
2024-04,716,4
2024-04,717,1
2024-04,718,4
2024-04,719,1
2024-04,720,4
2024-04,721,1
2024-04,722,2
2024-04,723,3
2024-04,725,2
2024-04,726,4
2024-04,727,5
2024-04,731,3
2024-04,734,3
2024-04,735,2
2024-04,736,3
2024-04,737,1
2024-04,738,2
2024-04,739,3
2024-04,741,3
2024-04,742,3
2024-04,743,3
2024-04,744,2
2024-04,745,3
2024-04,746,1
2024-04,747,3
2024-04,748,2
2024-04,749,1
2024-04,751,3
2024-04,752,3
2024-04,753,3
2024-04,754,3
2024-04,755,3
2024-04,756,3
2024-04,757,2
2024-04,758,1
2024-04,760,1
2024-04,761,1
2024-04,763,2
2024-04,764,1
2024-04,765,1
2024-04,766,2
2024-04,767,3
2024-04,769,3
2024-04,770,1
2024-04,771,3
2024-04,773,1
2024-04,774,3
2024-04,775,5
2024-04,776,5
2024-04,777,5
2024-04,778,5
2024-04,779,4
2024-04,780,4
2024-04,781,4
2024-04,782,5
2024-04,783,3
2024-04,784,4
2024-04,785,5
2024-04,787,3
2024-04,788,2
2024-04,789,2
2024-04,790,2
2024-04,791,3
2024-04,792,3
2024-04,793,3
2024-04,794,5
2024-04,795,3
2024-04,796,2
2024-04,797,2
2024-04,798,3
2024-04,799,3
2024-04,800,2
2024-04,801,3
2024-04,802,3
2024-04,803,4
2024-04,804,3
2024-04,805,3
2024-04,806,2
2024-04,807,4
2024-04,808,3
2024-04,809,5
2024-04,810,1
2024-04,811,2
2024-04,812,5
2024-04,813,5
2024-04,814,3
2024-04,815,3
2024-04,817,3
2024-04,818,3
2024-04,819,2
2024-04,820,2
2024-04,821,3
2024-04,822,1
2024-04,823,2
2024-04,824,5
2024-04,825,1
2024-04,826,1
2024-04,827,1
2024-04,828,1
2024-04,829,1
2024-04,830,2
2024-04,831,1
2024-04,832,3
2024-04,833,3
2024-04,834,2
2024-04,835,1
2024-04,836,1
2024-04,838,1
2024-04,839,1
2024-04,840,1
2024-04,841,2
2024-04,842,5
2024-04,843,5
2024-04,844,4
2024-04,846,2
2024-04,847,4
2024-04,848,4
2024-04,849,3
2024-04,851,3
2024-04,852,3
2024-04,853,4
2024-04,854,3
2024-04,855,2
2024-04,856,4
2024-04,857,4
2024-04,859,3
2024-04,860,5
2024-04,870,3
2024-04,871,2
2024-04,872,5
2024-04,873,3
2024-04,874,3
2024-04,875,4
2024-04,876,2
2024-04,877,3
2024-04,878,3
2024-04,879,2
2024-04,880,2
2024-04,881,3
2024-04,882,2
2024-04,883,3
2024-04,884,4
2024-04,885,3
2024-04,886,3
2024-04,888,4
2024-04,889,2
2024-04,890,5
2024-04,891,3
2024-04,892,2
2024-04,895,3
2024-04,896,5
2024-04,897,3
2024-04,898,3
2024-04,899,3
2024-04,900,1
2024-04,901,3
2024-04,902,3
2024-04,903,3
2024-04,904,1
2024-04,905,3
2024-04,907,1
2024-04,908,3
2024-04,909,3
2024-04,911,3
2024-04,912,2
2024-04,913,3
2024-04,914,3
2024-04,915,3
2024-04,916,4
2024-04,917,4
2024-04,918,2
2024-04,920,3
2024-04,922,1
2024-04,923,3
2024-04,924,1
2024-04,925,1
2024-04,926,1
2024-04,927,2
2024-04,928,2
2024-04,929,1
2024-04,930,1
2024-04,986,5
2024-04,987,3
2024-04,988,2
2024-04,989,2
2024-04,991,2
2024-04,992,3
2024-04,993,3
2024-04,994,3
2024-04,995,3
2024-04,996,3
2024-04,998,3
2024-04,999,3
2024-04,1001,3
2024-04,1002,3
2024-04,1003,3
2024-04,1004,3
2024-04,1005,3
2024-04,1006,3
2024-04,1007,5
2024-04,1008,2
2024-04,1009,2
2024-04,1010,2
2024-04,1011,2
2024-04,1012,1
2024-04,1013,1
2024-04,1014,1
2024-04,1015,3
2024-04,1016,1
2024-04,1017,1
2024-04,1018,1
2024-04,1019,1
2024-04,1020,3
2024-04,1021,3
2024-04,1023,1
2024-04,1024,1
2024-04,1025,1
2024-04,1026,3
2024-04,1027,1
2024-04,1028,1
2024-04,1029,1
2024-04,1030,1
2024-04,1031,2
2024-04,1032,1
2024-04,1033,1
2024-04,1034,3
2024-04,1035,1
2024-04,1036,1
2024-04,1037,1
2024-04,1038,1
2024-04,1039,2
2024-04,1040,2
2024-04,1041,1
2024-04,1044,1
2024-04,1047,3
2024-04,1048,2
2024-04,1049,3
2024-04,1051,2
2024-04,1052,3
2024-04,1053,3
2024-04,1054,2
2024-04,1055,2
2024-04,1056,3
2024-04,1057,3
2024-04,1058,3
2024-04,1059,2
2024-04,1060,3
2024-04,1061,2
2024-04,1062,2
2024-04,1063,3
2024-04,1064,1
2024-04,1065,2
2024-04,1066,3
2024-04,1067,1
2024-04,1068,3
2024-04,1069,3
2024-04,1070,3
2024-04,1071,2
2024-04,1072,3
2024-04,1107,2
2024-04,1108,3
2024-04,1109,2
2024-04,1110,3
2024-04,1111,3
2024-04,1112,3
2024-04,1113,3
2024-04,1115,3
2024-04,1116,1
2024-04,1117,5
2024-04,1118,1
2024-04,1119,3
2024-04,1120,3
2024-04,1121,3
2024-04,1122,1
2024-04,1123,3
2024-04,1124,3
2024-04,1125,3
2024-04,1126,1
2024-04,1127,3
2024-04,1128,3
2024-04,1129,3
2024-04,1130,3
2024-04,1131,3
2024-04,1132,3
2024-04,1133,1
2024-04,1134,5
2024-04,1135,2
2024-04,1136,2
2024-04,1137,2
2024-04,1138,3
2024-04,1139,2
2024-04,1140,2
2024-04,1141,2
2024-04,1142,2
2024-04,1143,3
2024-04,1144,1
2024-04,1146,3
2024-04,1147,2
2024-04,1148,2
2024-04,1149,2
2024-04,1150,5
2024-04,1151,3
2024-04,1152,4
2024-04,1153,2
2024-04,1154,3
2024-04,1155,2
2024-04,1157,3
2024-04,1158,3
2024-04,1159,1
2024-04,1160,3
2024-04,1161,3
2024-04,1163,3
2024-04,1164,3
2024-04,1165,3
2024-04,1166,1
2024-04,1167,3
2024-04,1168,3
2024-04,1169,2
2024-04,1170,2
2024-04,1171,2
2024-04,1172,2
2024-04,1173,2
2024-04,1174,2
2024-04,1175,2
2024-04,1176,5
2024-04,1178,1
2024-04,1179,3
2024-04,1180,3
2024-04,1181,3
2024-04,1184,3
2024-04,1185,3
2024-04,1186,5
2024-04,1187,3
2024-04,1188,5
2024-04,1189,2
2024-04,1190,5
2024-04,1191,2
2024-04,1192,2
2024-04,1193,2
2024-04,1194,1
2024-04,1195,3
2024-04,1196,2
2024-04,1197,2
2024-04,1198,5
2024-04,1200,3
2024-04,1201,1
2024-04,1203,3
2024-04,1204,1
2024-04,1205,1
2024-04,1206,3
2024-04,1207,3
2024-04,1208,1
2024-04,1209,3
2024-04,1210,1
2024-04,1211,3
2024-04,1212,3
2024-04,1213,1
2024-04,1214,3
2024-04,1215,1
2024-04,1217,1
2024-04,1218,3
2024-04,1219,3
2024-04,1220,3
2024-04,1221,3
2024-04,1222,1
2024-04,1223,1
2024-04,1224,5
2024-04,1225,2
2024-04,1226,2
2024-04,1227,3
2024-04,1228,3
2024-04,1229,2
2024-04,1230,2
2024-04,1231,2
2024-04,1232,3
2024-04,1233,5
2024-04,1234,3
2024-04,1235,3
2024-04,1236,2
2024-04,1237,3
2024-04,1238,2
2024-04,1240,2
2024-04,1241,3
2024-04,1242,1
2024-04,1243,5
2024-04,1244,3
2024-04,1246,2
2024-04,1249,2
2024-04,1250,2
2024-04,1251,1
2024-04,1252,3
2024-04,1253,1
2024-04,1254,2
2024-04,1256,3
2024-04,1257,3
2024-04,1258,5
2024-04,1259,3
2024-04,1260,3
2024-04,1261,3
2024-04,1262,3
2024-04,1264,2
2024-04,1265,3
2024-04,1266,1
2024-04,1267,1
2024-04,1268,3
2024-04,1269,1
2024-04,1270,3
2024-04,1271,1
2024-04,1272,3
2024-04,1273,1
2024-04,1274,1
2024-04,1275,2
2024-04,1276,3
2024-04,1277,3
2024-04,1278,3
2024-04,1279,1
2024-04,1280,3
2024-04,1281,3
2024-04,1282,1
2024-04,1284,3
2024-04,1285,3
2024-04,1286,1
2024-04,1287,3
2024-04,1288,3
2024-04,1289,1
2024-04,1290,3
2024-04,1291,1
2024-04,1292,3
2024-04,1293,3
2024-04,1294,3
2024-04,1295,3
2024-04,1296,1
2024-04,1297,1
2024-04,1298,3
2024-04,1299,1
2024-04,1300,3
2024-04,1301,3
2024-04,1302,3
2024-04,1303,2
2024-04,1304,3
2024-04,1305,3
2024-04,1306,3
2024-04,1308,3
2024-04,1309,1
2024-04,1310,3
2024-04,1311,1
2024-04,1312,3
2024-04,1313,1
2024-04,1314,1
2024-04,1315,2
2024-04,1316,3
2024-04,1317,1
2024-04,1319,1
2024-04,1320,1
2024-04,1321,3
2024-04,1322,1
2024-04,1323,1
2024-04,1324,1
2024-04,1325,1
2024-04,1326,3
2024-04,1327,1
2024-04,1328,1
2024-04,1329,3
2024-04,1330,3
2024-04,1331,1
2024-04,1333,2
2024-04,1334,3
2024-04,1335,1
2024-04,1336,1
2024-04,1337,3
2024-04,1338,3
2024-04,1339,1
2024-04,1340,3
2024-04,1341,3
2024-04,1343,1
2024-04,1344,1
2024-04,1345,1
2024-04,1346,1
2024-04,1347,3
2024-04,1348,1
2024-04,1349,1
2024-04,1350,1
2024-04,1351,1
2024-04,1352,1
2024-04,1353,1
2024-04,1355,1
2024-04,1356,3
2024-04,1357,3
2024-04,1358,1
2024-04,1392,3
2024-04,1393,3
2024-04,1394,3
2024-04,1395,5
2024-04,1396,5
2024-04,1397,5
2024-04,1398,5
2024-04,1399,3
2024-04,1400,5
2024-04,1401,3
2024-04,1402,5
2024-04,1403,5
2024-04,1404,3
2024-04,1405,3
2024-04,1406,3
2024-04,1407,3
2024-04,1408,5
2024-04,1409,5
2024-04,1410,5
2024-04,1411,2
2024-04,1412,1
2024-04,1413,3
2024-04,1414,3
2024-04,1415,1
2024-04,1416,1
2024-04,1417,1
2024-04,1419,1
2024-04,1420,1
2024-04,1421,2
2024-04,1422,3
2024-04,1423,1
2024-04,1425,3
2024-04,1426,1
2024-04,1427,3
2024-04,1428,1
2024-04,1429,3
2024-04,1430,5
2024-04,1431,4
2024-04,1438,3
2024-04,1439,5
2024-04,1440,5
2024-04,1443,5
2024-04,1444,5
2024-04,1445,5
2024-04,1446,5
2024-04,1447,5
2024-04,1448,5
2024-04,1449,3
2024-04,1453,5
2024-04,1454,5
2024-04,1456,5
2024-04,1457,5
2024-04,1459,5
2024-04,1461,5
2024-04,1463,5
2024-04,1464,5
2024-04,1465,5
2024-04,1467,5
2024-04,1468,5
2024-04,1472,5
2024-04,1473,3
2024-04,1474,3
2024-04,1475,5
2024-04,1477,5
2024-04,1478,3
2024-04,1480,5
2024-04,1481,5
2024-04,1483,3
2024-04,1484,5
2024-04,1486,3
2024-04,1488,5
2024-04,1489,5
2024-04,1490,5
2024-04,1491,5
2024-04,1492,5
2024-04,1493,5
2024-04,1494,1
2024-04,1495,5
2024-04,1496,5
2024-04,1500,5
2024-04,1501,5
2024-04,1504,3
2024-04,1506,5
2024-04,1507,5
2024-04,1508,5
2024-04,1509,5
2024-04,1510,3
2024-04,1511,5
2024-04,1512,3
2024-04,1518,5
2024-04,1519,3
2024-04,1520,3
2024-04,1521,5
2024-04,1522,3
2024-04,1523,5
2024-04,1525,2
2024-04,1526,3
2024-04,1527,5
2024-04,1528,3
2024-04,1529,3
2024-04,1530,3
2024-04,1532,1
2024-04,1533,3
2024-04,1534,1
2024-04,1535,3
2024-04,1536,3
2024-04,1537,1
2024-04,1539,3
2024-04,1540,2
2024-04,1541,1
2024-04,1542,1
2024-04,1543,1
2024-04,1544,1
2024-04,1545,1
2024-04,1546,1
2024-04,1547,1
2024-04,1548,1
2024-04,1549,3
2024-04,1550,1
2024-04,1551,1
2024-04,1552,1
2024-04,1553,3
2024-04,1554,3
2024-04,1555,1
2024-04,1556,3
2024-04,1557,3
2024-04,1558,2
2024-04,1559,1
2024-04,1560,5
2024-04,1561,1
2024-04,1562,3
2024-04,1563,3
2024-04,1564,1
2024-04,1565,3
2024-04,1566,1
2024-04,1567,1
2024-04,1568,3
2024-04,1569,1
2024-04,1570,1
2024-04,1571,1
2024-04,1572,2
2024-04,1573,1
2024-04,1574,3
2024-04,1575,5
2024-04,1577,3
2024-04,1578,3
2024-04,1579,1
2024-04,1580,1
2024-04,1581,3
2024-04,1582,1
2024-04,1583,3
2024-04,1584,1
2024-04,1585,1
2024-04,1586,2
2024-04,1587,1
2024-04,1588,3
2024-04,1589,3
2024-04,1590,1
2024-04,1591,1
2024-04,1592,3
2024-04,1593,1
2024-04,1594,3
2024-04,1595,3
2024-04,1596,3
2024-04,1597,5
2024-04,1598,5
2024-04,1599,2
2024-04,1600,2
2024-04,1601,5
2024-04,1602,2
2024-04,1603,2
2024-04,1604,3
2024-04,1605,1
2024-04,1606,1
2024-04,1607,1
2024-04,1608,3
2024-04,1609,2
2024-04,1610,3
2024-04,1611,1
2024-04,1612,3
2024-04,1613,1
2024-04,1614,1
2024-04,1615,2
2024-04,1616,1
2024-04,1617,1
2024-04,1618,3
2024-04,1619,3
2024-04,1620,5
2024-04,1621,1
2024-04,1622,1
2024-04,1623,3
2024-04,1624,3
2024-04,1625,2
2024-04,1626,1
2024-04,1627,3
2024-04,1628,1
2024-04,1629,3
2024-04,1630,3
2024-04,1631,3
2024-04,1632,5
2024-04,1633,3
2024-04,1634,3
2024-04,1635,1
2024-04,1636,3
2024-04,1637,1
2024-04,1638,3
2024-04,1639,3
2024-04,1640,1
2024-04,1641,3
2024-04,1642,1
2024-04,1643,3
2024-04,1644,3
2024-04,1645,3
2024-04,1646,1
2024-04,1647,1
2024-04,1648,1
2024-04,1649,3
2024-04,1650,3
2024-04,1651,1
2024-04,1652,2
2024-04,1653,3
2024-04,1654,1
2024-04,1655,1
2024-04,1656,3
2024-04,1657,1
2024-04,1658,3
2024-04,1659,2
2024-04,1660,3
2024-04,1661,1
2024-04,1662,1
2024-04,1663,3
2024-04,1664,1
2024-04,1665,2
2024-04,1666,2
2024-04,1667,3
2024-04,1668,2
2024-04,1669,3
2024-04,1670,3
2024-04,1671,3
2024-04,1672,3
2024-04,1673,3
2024-04,1674,3
2024-04,1675,2
2024-04,1676,3
2024-04,1678,3
2024-04,1679,3
2024-04,1680,1
2024-04,1681,1
2024-04,1682,3
2024-04,1683,2
2024-04,1685,3
2024-04,1686,3
2024-04,1687,3
2024-04,1688,3
2024-04,1689,1
2024-04,1690,3
2024-04,1691,1
2024-04,1692,3
2024-04,1693,3
2024-04,1694,3
2024-04,1696,3
2024-04,1697,3
2024-04,1698,3
2024-04,1699,3
2024-04,1700,3
2024-04,1701,3
2024-04,1702,1
2024-04,1703,3
2024-04,1704,3
2024-04,1705,3
2024-04,1706,3
2024-04,1707,2
2024-04,1708,3
2024-04,1709,3
2024-04,1710,3
2024-04,1711,3
2024-04,1712,3
2024-04,1714,1
2024-04,1715,3
2024-04,1717,1
2024-04,1718,1
2024-04,1719,3
2024-04,1722,1
2024-04,1724,1
2024-04,1725,1
2024-04,1726,2
2024-04,1727,1
2024-04,1728,3
2024-04,1730,3
2024-04,1731,3
2024-04,1732,1
2024-04,1733,1
2024-04,1737,1
2024-04,1738,1
2024-04,1739,1
2024-04,1740,2
2024-04,1741,1
2024-04,1742,3
2024-04,1743,1
2024-04,1744,1
2024-04,1745,1
2024-04,1746,1
2024-04,1747,1
2024-04,1749,1
2024-04,1750,1
2024-04,1751,1
2024-04,1752,3
2024-04,1753,1
2024-04,1754,1
2024-04,1755,1
2024-04,1756,1
2024-04,1757,1
2024-04,1758,2
2024-04,1759,3
2024-04,1760,1
2024-04,1761,1
2024-04,1762,1
2024-04,1764,2
2024-04,1765,3
2024-04,1766,3
2024-04,1768,3
2024-04,1769,3
2024-04,1770,3
2024-04,1771,1
2024-04,1773,1
2024-04,1774,3
2024-04,1775,1
2024-04,1776,3
2024-04,1777,1
2024-04,1778,3
2024-04,1780,3
2024-04,1781,1
2024-04,1782,3
2024-04,1783,5
2024-04,1784,1
2024-04,1785,3
2024-04,1786,3
2024-04,1787,2
2024-04,1788,3
2024-04,1845,5
2024-04,1846,3
2024-04,1848,1
2024-04,1849,1
2024-04,1850,1
2024-04,1851,1
2024-04,1852,1
2024-04,1853,1
2024-04,1854,1
2024-04,1855,1
2024-04,1856,1
2024-04,1857,1
2024-04,1858,1
2024-04,1859,3
2024-04,1860,1
2024-04,1861,3
2024-04,1862,1
2024-04,1863,2
2024-04,1864,1
2024-04,1865,1
2024-04,1868,3
2024-04,1869,3
2024-04,1870,1
2024-04,1871,3
2024-04,1872,1
2024-04,1873,3
2024-04,1874,5
2024-04,1875,3
2024-04,1876,2
2024-04,1877,5
2024-04,1878,3
2024-04,1879,3
2024-04,1880,3
2024-04,1881,2
2024-04,1883,3
2024-04,1884,1
2024-04,1885,3
2024-04,1886,3
2024-04,1887,1
2024-04,1888,3
2024-04,1889,3
2024-04,1890,5
2024-04,1891,1
2024-04,1892,1
2024-04,1893,3
2024-04,1894,3
2024-04,1895,3
2024-04,1896,1
2024-04,1897,1
2024-04,1898,3
2024-04,1899,3
2024-04,1900,3
2024-04,1901,3
2024-04,1902,1
2024-04,1903,3
2024-04,1904,3
2024-04,1905,2
2024-04,1906,2
2024-04,1907,1
2024-04,1908,1
2024-04,1909,1
2024-04,1910,3
2024-04,1912,3
2024-04,1915,1
2024-04,1916,1
2024-04,1917,1
2024-04,1918,1
2024-04,1919,2
2024-04,1920,2
2024-04,1921,1
2024-04,1922,3
2024-04,1923,1
2024-04,1924,1
2024-04,1925,3
2024-04,1926,1
2024-04,1927,1
2024-04,1928,1
2024-04,1929,1
2024-04,1930,3
2024-04,1931,3
2024-04,1932,1
2024-04,1933,1
2024-04,1934,3
2024-04,1935,1
2024-04,1936,2
2024-04,1937,1
2024-04,1938,1
2024-04,1939,3
2024-04,1940,1
2024-04,1941,1
2024-04,1942,3
2024-04,1943,1
2024-04,1944,1
2024-04,1945,1
2024-04,1947,3
2024-04,1948,3
2024-04,1949,1
2024-04,1950,3
2024-04,1951,3
2024-04,1952,2
2024-04,1954,3
2024-04,1955,2
2024-04,1956,4
2024-04,1957,4
2024-04,1958,4
2024-04,1959,4
2024-04,1960,4
2024-04,1961,5
2024-04,1962,4
2024-04,1963,4
2024-04,1965,2
2024-04,1966,2
2024-04,1967,2
2024-04,1968,4
2024-04,1969,4
2024-04,1970,4
2024-04,1971,5
2024-04,1972,3
2024-04,1973,3
2024-04,1974,2
2024-04,1975,3
2024-04,1976,3
2024-04,1977,5
2024-04,1978,3
2024-04,1979,5
2024-04,1980,3
2024-04,1981,3
2024-04,1982,3
2024-04,1983,3
2024-04,1984,3
2024-04,1985,3
2024-04,1986,2
2024-04,1987,3
2024-04,1988,3
2024-04,1989,3
2024-04,1990,3
2024-04,1991,3
2024-04,1992,3
2024-04,1993,2
2024-04,1994,3
2024-04,1995,2
2024-04,1996,3
2024-04,1997,3
2024-04,1999,3
2024-04,2000,2
2024-04,2001,3
2024-04,2002,3
2024-04,2004,2
2024-04,2005,2
2024-04,2006,2
2024-04,2007,3
2024-04,2008,3
2024-04,2009,3
2024-04,2010,3
2024-04,2011,3
2024-04,2012,3
2024-04,2015,3
2024-04,2017,2
2024-04,2018,3
2024-04,2019,3
2024-04,2021,3
2024-04,2022,1
2024-04,2023,1
2024-04,2024,2
2024-04,2025,2
2024-04,2027,3
2024-04,2028,3
2024-04,2030,2
2024-04,2031,3
2024-04,2032,2
2024-04,2033,2
2024-04,2034,3
2024-04,2035,3
2024-04,2036,3
2024-04,2037,3
2024-04,2039,3
2024-04,2040,2
2024-04,2041,3
2024-04,2042,3
2024-04,2043,1
2024-04,2044,5
2024-04,2045,3
2024-04,2046,1
2024-04,2047,2
2024-04,2048,3
2024-04,2049,1
2024-04,2050,1
2024-04,2051,3
2024-04,2052,3
2024-04,2053,1
2024-04,2054,1
2024-04,2055,3
2024-04,2056,1
2024-04,2057,1
2024-04,2058,1
2024-04,2059,3
2024-04,2060,3
2024-04,2061,1
2024-04,2062,3
2024-04,2063,2
2024-04,2064,3
2024-04,2065,1
2024-04,2066,1
2024-04,2067,1
2024-04,2068,1
2024-04,2069,3
2024-04,2070,3
2024-04,2072,1
2024-04,2073,3
2024-04,2074,2
2024-04,2075,1
2024-04,2076,1
2024-04,2077,1
2024-04,2078,1
2024-04,2079,1
2024-04,2080,1
2024-04,2081,1
2024-04,2082,1
2024-04,2085,1
2024-04,2087,1
2024-04,2088,1
2024-04,2089,1
2024-04,2090,1
2024-04,2091,1
2024-04,2093,1
2024-04,2094,3
2024-04,2095,1
2024-04,2096,1
2024-04,2098,1
2024-04,2100,1
2024-04,2101,5
2024-04,2105,3
2024-04,2108,3
2024-04,2109,3
2024-04,2110,1
2024-04,2111,3
2024-04,2112,1
2024-04,2113,1
2024-04,2114,1
2024-04,2116,1
2024-04,2117,1
2024-04,2118,1
2024-04,2119,5
2024-04,2120,1
2024-04,2121,3
2024-04,2122,3
2024-04,2124,3
2024-04,2125,1
2024-04,2126,3
2024-04,2127,1
2024-04,2128,3
2024-04,2129,1
2024-04,2130,2
2024-04,2131,3
2024-04,2132,1
2024-04,2133,1
2024-04,2134,3
2024-04,2136,2
2024-04,2137,1
2024-04,2138,1
2024-04,2139,1
2024-04,2140,1
2024-04,2142,1
2024-04,2143,1
2024-04,2144,5
2024-04,2145,3
2024-04,2146,3
2024-04,2148,3
2024-04,2149,3
2024-04,2150,1
2024-04,2151,3
2024-04,2152,1
2024-04,2153,3
2024-04,2154,3
2024-04,2155,3
2024-04,2156,1
2024-04,2157,3
2024-04,2158,3
2024-04,2159,1
2024-04,2160,1
2024-04,2161,5
2024-04,2162,1
2024-04,2163,3
2024-04,2164,5
2024-04,2165,3
2024-04,2167,3
2024-04,2168,3
2024-04,2169,2
2024-04,2171,3
2024-04,2172,3
2024-04,2173,3
2024-04,2174,3
2024-04,2175,1
2024-04,2176,3
2024-04,2177,3
2024-04,2178,3
2024-04,2179,3
2024-04,2180,3
2024-04,2181,1
2024-04,2182,1
2024-04,2183,3
2024-04,2184,3
2024-04,2185,1
2024-04,2186,3
2024-04,2187,3
2024-04,2188,3
2024-04,2189,3
2024-04,2190,5
2024-04,2191,2
2024-04,2192,2
2024-04,2193,5
2024-04,2194,2
2024-04,2195,2
2024-04,2196,1
2024-04,2197,1
2024-04,2198,1
2024-04,2199,2
2024-04,2200,1
2024-04,2201,2
2024-04,2202,2
2024-04,2203,2
2024-04,2204,1
2024-04,2205,3
2024-04,2206,1
2024-04,2207,1
2024-04,2208,2
2024-04,2210,5
2024-04,2211,3
2024-04,2212,2
2024-04,2213,1
2024-04,2215,2
2024-04,2216,5
2024-04,2217,5
2024-04,2218,3
2024-04,2219,3
2024-04,2220,5
2024-04,2221,5
2024-04,2222,5
2024-04,2223,3
2024-04,2224,5
2024-04,2225,3
2024-04,2226,5
2024-04,2227,5
2024-04,2228,5
2024-04,2229,3
2024-04,2230,3
2024-04,2231,3
2024-04,2232,3
2024-04,2233,3
2024-04,2234,3
2024-04,2235,2
2024-04,2236,3
2024-04,2237,2
2024-04,2238,5
2024-04,2241,3
2024-04,2242,5
2024-04,2243,5
2024-04,2244,4
2024-04,2245,3
2024-04,2248,5
2024-04,2249,4
2024-04,2250,4
2024-04,2251,2
2024-04,2252,2
2024-04,2253,3
2024-04,2254,1
2024-04,2255,1
2024-04,2256,1
2024-04,2257,1
2024-04,2258,1
2024-04,2259,1
2024-04,2260,1
2024-04,2262,1
2024-04,2264,1
2024-04,2265,1
2024-04,2266,1
2024-04,2267,3
2024-04,2268,1
2024-04,2269,3
2024-04,2270,1
2024-04,2271,1
2024-04,2272,3
2024-04,2274,3
2024-04,2275,5
2024-04,2276,3
2024-04,2278,3
2024-04,2279,2
2024-04,2280,3
2024-04,2281,2
2024-04,2282,2
2024-04,2286,2
2024-04,2287,3
2024-04,2288,2
2024-04,2289,3
2024-04,2292,3
2024-04,2293,3
2024-04,2294,3
2024-04,2295,2
2024-04,2296,3
2024-04,2297,3
2024-04,2298,3
2024-04,2299,3
2024-04,2300,3
2024-04,2301,3
2024-04,2302,3
2024-04,2303,3
2024-04,2304,3
2024-04,2305,1
2024-04,2307,3
2024-04,2308,3
2024-04,2309,3
2024-04,2310,3
2024-04,2311,3
2024-04,2312,5
2024-04,2314,3
2024-04,2315,3
2024-04,2316,3
2024-04,2317,3
2024-04,2318,2
2024-04,2320,2
2024-04,2321,3
2024-04,2322,3
2024-04,2323,1
2024-04,2324,3
2024-04,2325,3
2024-04,2326,3
2024-04,2327,3
2024-04,2328,3
2024-04,2329,3
2024-04,2330,3
2024-04,2332,3
2024-04,2333,3
2024-04,2334,3
2024-04,2335,3
2024-04,2336,3
2024-04,2337,5
2024-04,2338,5
2024-04,2339,2
2024-04,2340,2
2024-04,2341,4
2024-04,2342,3
2024-04,2343,4
2024-04,2344,5
2024-04,2345,4
2024-04,2348,4
2024-04,2349,4
2024-04,2351,5
2024-04,2352,5
2024-04,2353,5
2024-04,2354,5
2024-04,2355,5
2024-04,2356,5
2024-04,2357,5
2024-04,2358,5
2024-04,2359,5
2024-04,2360,5
2024-04,2361,5
2024-04,2362,5
2024-04,2363,5
2024-04,2364,5
2024-04,2365,5
2024-04,2366,5
2024-04,2367,5
2024-04,2368,5
2024-04,2369,5
2024-04,2370,5
2024-04,2371,5
2024-04,2372,5
2024-04,2373,5
2024-04,2374,5
2024-04,2375,5
2024-04,2376,5
2024-04,2377,5
2024-04,2378,5
2024-04,2379,5
2024-04,2380,5
2024-04,2381,5
2024-04,2382,5
2024-04,2383,5
2024-04,2384,5
2024-04,2385,5
2024-04,2386,5
2024-04,2387,5
2024-04,2388,5
2024-04,2389,5
2024-04,2390,5
2024-04,2391,5
2024-04,2392,5
2024-04,2393,5
2024-04,2395,5
2024-04,2398,5
2024-04,2399,5
2024-04,2400,5
2024-04,2401,5
2024-04,2402,5
2024-04,2403,5
2024-04,2404,5
2024-04,2405,5
2024-04,2406,5
2024-04,2407,5
2024-04,2408,5
2024-04,2409,5
2024-04,2410,5
2024-04,2411,5
2024-04,2412,5
2024-04,2416,5
2024-04,2422,5
2024-04,2423,5
2024-04,2424,5
2024-04,2425,5
2024-04,2426,5
2024-04,2427,5
2024-04,2428,5
2024-04,2429,5
2024-04,2430,5
2024-04,2431,5
2024-04,2432,5
2024-04,2433,5
2024-04,2434,5
2024-04,2435,5
2024-04,2436,5
2024-04,2437,5
2024-04,2439,5
2024-04,2440,5
2024-04,2441,5
2024-04,2442,5
2024-04,2443,5
2024-04,2444,5
2024-04,2445,5
2024-04,2446,5
2024-04,2447,5
2024-04,2449,5
2024-04,2450,5
2024-04,2451,5
2024-04,2452,5
2024-04,2453,5
2024-04,2454,5
2024-04,2455,5
2024-04,2456,5
2024-04,2457,5
2024-04,2458,5
2024-04,2459,5
2024-04,2460,5
2024-04,2461,5
2024-04,2462,5
2024-04,2463,5
2024-04,2464,5
2024-04,2465,5
2024-04,2466,5
2024-04,2467,5
2024-04,2468,5
2024-04,2469,5
2024-04,2470,5
2024-04,2471,5
2024-04,2472,5
2024-04,2473,5
2024-04,2474,5
2024-04,2475,5
2024-04,2476,5
2024-04,2477,5
2024-04,2478,5
2024-04,2479,5
2024-04,2480,5
2024-04,2481,5
2024-04,2482,5
2024-04,2483,5
2024-04,2484,5
2024-04,2485,5
2024-04,2486,5
2024-04,2487,5
2024-04,2488,5
2024-04,2489,5
2024-04,2490,5
2024-04,2491,5
2024-04,2492,5
2024-04,2493,5
2024-04,2494,5
2024-04,2495,5
2024-04,2496,5
2024-04,2497,5
2024-04,2498,5
2024-04,2499,5
2024-04,2500,5
2024-04,2501,5
2024-04,2502,5
2024-04,2503,5
2024-04,2504,5
2024-04,2505,5
2024-04,2506,5
2024-04,2507,5
2024-04,2508,5
2024-04,2509,5
2024-04,2510,5
2024-04,2511,5
2024-04,2512,5
2024-04,2513,5
2024-04,2514,5
2024-04,2515,5
2024-04,2516,5
2024-04,2517,5
2024-04,2518,5
2024-04,2519,5
2024-04,2520,5
2024-04,2521,5
2024-04,2522,5
2024-04,2523,5
2024-04,2524,5
2024-04,2525,5
2024-04,2526,5
2024-04,2527,5
2024-04,2528,5
2024-04,2529,5
2024-04,2530,5
2024-04,2531,5
2024-04,2532,5
2024-04,2533,5
2024-04,2534,5
2024-04,2535,5
2024-04,2536,5
2024-04,2537,5
2024-04,2538,5
2024-04,2539,5
2024-04,2540,5
2024-04,2541,5
2024-04,2542,5
2024-04,2543,5
2024-04,2544,5
2024-04,2545,5
2024-04,2546,5
2024-04,2547,5
2024-04,2548,5
2024-04,2549,5
2024-04,2550,5
2024-04,2551,5
2024-04,2552,5
2024-04,2553,5
2024-04,2554,5
2024-04,2555,5
2024-04,2556,5
2024-04,2557,5
2024-04,2558,5
2024-04,2559,5
2024-04,2560,5
2024-04,2561,5
2024-04,2562,5
2024-04,2563,5
2024-04,2564,5
2024-04,2565,5
2024-04,2566,5
2024-04,2567,5
2024-04,2568,5
2024-04,2569,5
2024-04,2570,5
2024-04,2571,5
2024-04,2572,5
2024-04,2573,5
2024-04,2574,5
2024-04,2575,5
2024-04,2576,5
2024-04,2577,5
2024-04,2578,5
2024-04,2579,5
2024-04,2580,5
2024-04,2581,5
2024-04,2582,5
2024-04,2583,5
2024-04,2584,5
2024-04,2585,5
2024-04,2586,5
2024-04,2587,5
2024-04,2588,5
2024-04,2589,5
2024-04,2590,5
2024-04,2591,5
2024-04,2592,5
2024-04,2593,3
2024-04,2595,5
2024-04,2596,5
2024-04,2597,5
2024-04,2598,3
2024-04,2599,5
2024-04,2600,5
2024-04,2601,5
2024-04,2602,5
2024-04,2604,5
2024-04,2605,5
2024-04,2606,5
2024-04,2607,5
2024-04,2618,1
2024-04,2619,3
2024-04,2620,2
2024-04,2621,2
2024-04,2644,5
2024-04,2646,5
2024-04,2647,2
2024-04,2648,5
2024-04,2649,5
2024-04,2651,5
2024-04,2652,5
2024-04,2710,3
2024-04,2808,5
2024-04,2809,2
2024-04,2813,3
2024-04,2814,5
2024-04,2872,4
2024-04,2876,5
2024-04,2879,5
2024-04,2880,4
2024-04,2881,2
2024-04,2882,5
2024-04,2883,3
2024-04,2884,2
2024-04,2885,2
2024-04,2886,3
2024-04,2887,5
2024-04,3005,2
2024-04,3007,3
2024-04,3009,2
2024-04,3011,2
2024-04,3012,3
2024-04,3013,5
2024-05,1,2
2024-05,2,2
2024-05,3,3
2024-05,4,2
2024-05,5,2
2024-05,6,2
2024-05,7,5
2024-05,8,2
2024-05,9,2
2024-05,10,2
2024-05,11,2
2024-05,12,2
2024-05,13,2
2024-05,14,2
2024-05,15,2
2024-05,16,2
2024-05,17,2
2024-05,18,2
2024-05,19,1
2024-05,20,2
2024-05,21,5
2024-05,22,3
2024-05,23,2
2024-05,25,2
2024-05,26,2
2024-05,27,2
2024-05,28,2
2024-05,29,2
2024-05,30,2
2024-05,31,2
2024-05,32,1
2024-05,33,2
2024-05,34,1
2024-05,35,2
2024-05,36,1
2024-05,37,2
2024-05,38,2
2024-05,39,3
2024-05,40,2
2024-05,41,1
2024-05,42,2
2024-05,43,3
2024-05,44,2
2024-05,45,2
2024-05,46,2
2024-05,47,2
2024-05,48,1
2024-05,49,3
2024-05,50,2
2024-05,51,2
2024-05,52,1
2024-05,53,2
2024-05,54,2
2024-05,55,2
2024-05,56,2
2024-05,57,2
2024-05,58,3
2024-05,59,2
2024-05,60,2
2024-05,61,2
2024-05,62,2
2024-05,63,1
2024-05,65,3
2024-05,66,2
2024-05,67,2
2024-05,68,2
2024-05,69,2
2024-05,70,3
2024-05,71,2
2024-05,72,1
2024-05,73,2
2024-05,74,2
2024-05,75,2
2024-05,76,2
2024-05,77,2
2024-05,78,3
2024-05,79,2
2024-05,80,2
2024-05,81,2
2024-05,82,2
2024-05,83,2
2024-05,167,2
2024-05,168,2
2024-05,169,2
2024-05,173,1
2024-05,181,1
2024-05,184,3
2024-05,185,1
2024-05,188,1
2024-05,191,1
2024-05,194,2
2024-05,195,1
2024-05,196,2
2024-05,198,2
2024-05,201,2
2024-05,203,3
2024-05,204,3
2024-05,205,2
2024-05,206,5
2024-05,207,5
2024-05,208,3
2024-05,209,2
2024-05,210,3
2024-05,211,3
2024-05,212,3
2024-05,213,3
2024-05,214,3
2024-05,215,3
2024-05,216,3
2024-05,217,3
2024-05,218,5
2024-05,219,3
2024-05,220,3
2024-05,221,3
2024-05,222,3
2024-05,223,3
2024-05,224,2
2024-05,225,4
2024-05,226,3
2024-05,227,4
2024-05,228,3
2024-05,229,3
2024-05,230,3
2024-05,231,3
2024-05,232,3
2024-05,233,3
2024-05,234,3
2024-05,235,3
2024-05,236,3
2024-05,237,3
2024-05,238,3
2024-05,239,3
2024-05,240,3
2024-05,241,3
2024-05,242,3
2024-05,243,3
2024-05,269,2
2024-05,270,3
2024-05,271,3
2024-05,272,2
2024-05,273,2
2024-05,274,3
2024-05,275,2
2024-05,276,3
2024-05,277,1
2024-05,278,2
2024-05,279,3
2024-05,280,3
2024-05,281,3
2024-05,282,3
2024-05,283,3
2024-05,284,3
2024-05,285,1
2024-05,287,1
2024-05,288,1
2024-05,289,1
2024-05,290,1
2024-05,292,1
2024-05,293,1
2024-05,294,1
2024-05,295,1
2024-05,296,1
2024-05,297,1
2024-05,298,3
2024-05,300,1
2024-05,301,2
2024-05,302,1
2024-05,303,3
2024-05,304,1
2024-05,305,1
2024-05,306,1
2024-05,307,1
2024-05,308,3
2024-05,309,5
2024-05,312,5
2024-05,314,2
2024-05,316,4
2024-05,317,2
2024-05,318,4
2024-05,319,4
2024-05,320,4
2024-05,321,2
2024-05,323,4
2024-05,324,2
2024-05,325,4
2024-05,326,2
2024-05,327,3
2024-05,329,2
2024-05,330,4
2024-05,331,4
2024-05,332,4
2024-05,333,4
2024-05,334,4
2024-05,335,4
2024-05,336,2
2024-05,337,2
2024-05,338,4
2024-05,339,2
2024-05,340,4
2024-05,341,4
2024-05,342,2
2024-05,343,2
2024-05,345,2
2024-05,346,2
2024-05,347,2
2024-05,348,2
2024-05,349,1
2024-05,351,2
2024-05,352,2
2024-05,354,5
2024-05,355,5
2024-05,356,3
2024-05,357,2
2024-05,358,1
2024-05,359,2
2024-05,360,3
2024-05,361,1
2024-05,362,2
2024-05,363,1
2024-05,364,2
2024-05,365,1
2024-05,366,2
2024-05,367,1
2024-05,368,2
2024-05,369,2
2024-05,370,3
2024-05,371,2
2024-05,372,1
2024-05,373,2
2024-05,374,2
2024-05,375,2
2024-05,376,1
2024-05,377,1
2024-05,378,2
2024-05,379,2
2024-05,380,2
2024-05,381,1
2024-05,382,3
2024-05,383,3
2024-05,384,1
2024-05,385,2
2024-05,386,2
2024-05,387,2
2024-05,388,2
2024-05,390,2
2024-05,391,3
2024-05,392,3
2024-05,393,3
2024-05,395,1
2024-05,396,1
2024-05,397,2
2024-05,398,3
2024-05,401,2
2024-05,402,2
2024-05,403,2
2024-05,404,2
2024-05,405,2
2024-05,408,2
2024-05,410,2
2024-05,413,2
2024-05,414,2
2024-05,416,2
2024-05,418,5
2024-05,419,2
2024-05,420,2
2024-05,421,2
2024-05,422,2
2024-05,423,1
2024-05,424,3
2024-05,425,3
2024-05,428,1
2024-05,429,1
2024-05,430,2
2024-05,431,3
2024-05,432,3
2024-05,433,1
2024-05,434,1
2024-05,435,3
2024-05,436,1
2024-05,437,1
2024-05,438,1
2024-05,440,2
2024-05,441,1
2024-05,442,1
2024-05,443,3
2024-05,444,1
2024-05,445,3
2024-05,446,1
2024-05,447,3
2024-05,448,2
2024-05,449,3
2024-05,450,3
2024-05,451,3
2024-05,452,2
2024-05,453,2
2024-05,455,2
2024-05,456,1
2024-05,457,1
2024-05,458,2
2024-05,459,2
2024-05,460,2
2024-05,478,2
2024-05,479,1
2024-05,480,2
2024-05,481,2
2024-05,482,3
2024-05,484,1
2024-05,485,1
2024-05,486,3
2024-05,487,1
2024-05,489,3
2024-05,490,1
2024-05,491,3
2024-05,492,2
2024-05,493,3
2024-05,494,3
2024-05,495,1
2024-05,496,1
2024-05,497,3
2024-05,498,2
2024-05,499,1
2024-05,501,3
2024-05,502,1
2024-05,503,3
2024-05,504,5
2024-05,505,2
2024-05,506,2
2024-05,507,2
2024-05,508,2
2024-05,509,2
2024-05,510,2
2024-05,511,3
2024-05,512,3
2024-05,515,2
2024-05,516,1
2024-05,517,2
2024-05,518,3
2024-05,519,1
2024-05,520,1
2024-05,521,1
2024-05,522,3
2024-05,523,1
2024-05,524,1
2024-05,525,1
2024-05,527,3
2024-05,528,3
2024-05,529,2
2024-05,530,3
2024-05,531,3
2024-05,532,1
2024-05,533,1
2024-05,534,1
2024-05,535,2
2024-05,536,1
2024-05,537,1
2024-05,538,3
2024-05,539,1
2024-05,540,1
2024-05,541,1
2024-05,542,3
2024-05,543,3
2024-05,544,1
2024-05,545,3
2024-05,546,1
2024-05,547,1
2024-05,548,3
2024-05,549,1
2024-05,550,1
2024-05,552,3
2024-05,553,1
2024-05,554,2
2024-05,555,1
2024-05,556,1
2024-05,557,1
2024-05,558,1
2024-05,559,3
2024-05,560,1
2024-05,561,3
2024-05,562,1
2024-05,563,1
2024-05,564,1
2024-05,565,3
2024-05,566,1
2024-05,567,1
2024-05,568,3
2024-05,569,1
2024-05,570,1
2024-05,571,1
2024-05,572,1
2024-05,574,3
2024-05,578,2
2024-05,579,2
2024-05,580,2
2024-05,581,2
2024-05,582,4
2024-05,583,1
2024-05,584,3
2024-05,585,3
2024-05,586,2
2024-05,587,2
2024-05,588,3
2024-05,589,2
2024-05,591,2
2024-05,592,2
2024-05,593,2
2024-05,594,2
2024-05,595,1
2024-05,598,2
2024-05,599,2
2024-05,600,2
2024-05,601,2
2024-05,602,1
2024-05,603,2
2024-05,604,2
2024-05,605,2
2024-05,606,2
2024-05,607,2
2024-05,608,5
2024-05,612,5
2024-05,613,4
2024-05,614,4
2024-05,615,4
2024-05,616,4
2024-05,618,4
2024-05,619,4
2024-05,621,4
2024-05,666,5
2024-05,667,2
2024-05,668,3
2024-05,669,3
2024-05,670,3
2024-05,671,3
2024-05,674,2
2024-05,675,3
2024-05,676,2
2024-05,677,3
2024-05,678,4
2024-05,679,2
2024-05,680,3
2024-05,683,1
2024-05,685,3
2024-05,686,2
2024-05,687,3
2024-05,689,3
2024-05,690,3
2024-05,691,3
2024-05,692,1
2024-05,693,2
2024-05,694,3
2024-05,695,3
2024-05,696,1
2024-05,697,3
2024-05,698,1
2024-05,699,1
2024-05,701,1
2024-05,702,3
2024-05,703,3
2024-05,704,3
2024-05,705,3
2024-05,706,1
2024-05,708,3
2024-05,710,1
2024-05,711,1
2024-05,712,1
2024-05,713,1
2024-05,714,3
2024-05,715,1
2024-05,716,4
2024-05,717,3
2024-05,718,4
2024-05,719,1
2024-05,720,4
2024-05,721,1
2024-05,722,3
2024-05,723,3
2024-05,725,2
2024-05,726,4
2024-05,727,5
2024-05,731,2
2024-05,734,3
2024-05,735,2
2024-05,736,3
2024-05,737,3
2024-05,738,2
2024-05,739,3
2024-05,741,3
2024-05,742,3
2024-05,743,3
2024-05,744,2
2024-05,745,3
2024-05,746,3
2024-05,747,3
2024-05,748,2
2024-05,749,1
2024-05,751,3
2024-05,752,3
2024-05,753,1
2024-05,754,3
2024-05,755,3
2024-05,756,3
2024-05,757,2
2024-05,758,1
2024-05,760,1
2024-05,761,1
2024-05,763,2
2024-05,764,1
2024-05,765,1
2024-05,766,2
2024-05,767,3
2024-05,769,3
2024-05,770,1
2024-05,771,1
2024-05,773,1
2024-05,774,3
2024-05,775,5
2024-05,776,5
2024-05,777,5
2024-05,778,5
2024-05,779,3
2024-05,780,3
2024-05,781,3
2024-05,782,5
2024-05,783,3
2024-05,784,3
2024-05,785,5
2024-05,787,3
2024-05,788,2
2024-05,789,2
2024-05,790,2
2024-05,791,3
2024-05,792,3
2024-05,793,3
2024-05,794,2
2024-05,795,3
2024-05,796,1
2024-05,797,3
2024-05,798,3
2024-05,799,3
2024-05,800,2
2024-05,801,3
2024-05,802,3
2024-05,803,3
2024-05,804,3
2024-05,805,3
2024-05,806,2
2024-05,807,3
2024-05,808,3
2024-05,809,5
2024-05,810,1
2024-05,811,2
2024-05,812,5
2024-05,813,2
2024-05,814,1
2024-05,815,3
2024-05,817,3
2024-05,818,2
2024-05,819,2
2024-05,820,2
2024-05,821,3
2024-05,822,1
2024-05,823,1
2024-05,824,5
2024-05,825,1
2024-05,826,1
2024-05,827,1
2024-05,828,1
2024-05,829,1
2024-05,830,2
2024-05,831,1
2024-05,832,1
2024-05,833,3
2024-05,834,1
2024-05,835,1
2024-05,836,1
2024-05,838,1
2024-05,839,1
2024-05,840,1
2024-05,841,2
2024-05,842,5
2024-05,843,5
2024-05,844,3
2024-05,846,2
2024-05,847,4
2024-05,848,4
2024-05,849,3
2024-05,851,3
2024-05,852,3
2024-05,853,4
2024-05,854,3
2024-05,855,2
2024-05,856,4
2024-05,857,4
2024-05,859,3
2024-05,860,5
2024-05,870,3
2024-05,871,2
2024-05,872,5
2024-05,873,3
2024-05,874,3
2024-05,875,4
2024-05,876,2
2024-05,877,3
2024-05,878,3
2024-05,879,2
2024-05,880,3
2024-05,881,3
2024-05,882,3
2024-05,883,3
2024-05,884,4
2024-05,885,3
2024-05,886,3
2024-05,888,4
2024-05,889,4
2024-05,890,5
2024-05,891,3
2024-05,892,2
2024-05,895,3
2024-05,896,5
2024-05,897,3
2024-05,898,3
2024-05,899,3
2024-05,900,3
2024-05,901,3
2024-05,902,3
2024-05,903,3
2024-05,904,3
2024-05,905,3
2024-05,907,3
2024-05,908,3
2024-05,909,3
2024-05,911,3
2024-05,912,2
2024-05,913,3
2024-05,914,3
2024-05,915,3
2024-05,916,4
2024-05,917,4
2024-05,918,2
2024-05,920,3
2024-05,922,1
2024-05,923,3
2024-05,924,1
2024-05,925,1
2024-05,926,1
2024-05,927,2
2024-05,928,2
2024-05,929,1
2024-05,930,1
2024-05,986,5
2024-05,987,3
2024-05,988,2
2024-05,989,2
2024-05,991,2
2024-05,992,3
2024-05,993,3
2024-05,994,3
2024-05,995,3
2024-05,996,3
2024-05,998,3
2024-05,999,3
2024-05,1001,3
2024-05,1002,3
2024-05,1003,3
2024-05,1004,3
2024-05,1005,3
2024-05,1006,3
2024-05,1007,5
2024-05,1008,2
2024-05,1009,2
2024-05,1010,2
2024-05,1011,1
2024-05,1012,3
2024-05,1013,1
2024-05,1014,1
2024-05,1015,3
2024-05,1016,1
2024-05,1017,1
2024-05,1018,1
2024-05,1019,3
2024-05,1020,3
2024-05,1021,3
2024-05,1023,1
2024-05,1024,1
2024-05,1025,3
2024-05,1026,3
2024-05,1027,1
2024-05,1028,1
2024-05,1029,1
2024-05,1030,1
2024-05,1031,1
2024-05,1032,1
2024-05,1033,1
2024-05,1034,1
2024-05,1035,3
2024-05,1036,1
2024-05,1037,1
2024-05,1038,1
2024-05,1039,2
2024-05,1040,1
2024-05,1041,1
2024-05,1044,1
2024-05,1047,3
2024-05,1048,2
2024-05,1049,3
2024-05,1051,2
2024-05,1052,3
2024-05,1053,3
2024-05,1054,2
2024-05,1055,2
2024-05,1056,3
2024-05,1057,3
2024-05,1058,3
2024-05,1059,2
2024-05,1060,3
2024-05,1061,2
2024-05,1062,2
2024-05,1063,3
2024-05,1064,1
2024-05,1065,2
2024-05,1066,3
2024-05,1067,1
2024-05,1068,3
2024-05,1069,3
2024-05,1070,3
2024-05,1071,2
2024-05,1072,3
2024-05,1107,2
2024-05,1108,3
2024-05,1109,2
2024-05,1110,3
2024-05,1111,3
2024-05,1112,3
2024-05,1113,3
2024-05,1115,3
2024-05,1116,1
2024-05,1117,5
2024-05,1118,1
2024-05,1119,3
2024-05,1120,3
2024-05,1121,3
2024-05,1122,3
2024-05,1123,3
2024-05,1124,3
2024-05,1125,3
2024-05,1126,1
2024-05,1127,3
2024-05,1128,3
2024-05,1129,3
2024-05,1130,3
2024-05,1131,3
2024-05,1132,3
2024-05,1133,1
2024-05,1134,5
2024-05,1135,2
2024-05,1136,2
2024-05,1137,2
2024-05,1138,3
2024-05,1139,2
2024-05,1140,2
2024-05,1141,2
2024-05,1142,2
2024-05,1143,3
2024-05,1144,1
2024-05,1146,3
2024-05,1147,2
2024-05,1148,2
2024-05,1149,2
2024-05,1150,5
2024-05,1151,3
2024-05,1152,4
2024-05,1153,2
2024-05,1154,3
2024-05,1155,2
2024-05,1157,3
2024-05,1158,3
2024-05,1159,2
2024-05,1160,3
2024-05,1161,3
2024-05,1163,3
2024-05,1164,3
2024-05,1165,3
2024-05,1166,3
2024-05,1167,2
2024-05,1168,3
2024-05,1169,2
2024-05,1170,2
2024-05,1171,2
2024-05,1172,2
2024-05,1173,2
2024-05,1174,2
2024-05,1175,2
2024-05,1176,5
2024-05,1178,2
2024-05,1179,3
2024-05,1180,3
2024-05,1181,3
2024-05,1184,3
2024-05,1185,3
2024-05,1186,5
2024-05,1187,3
2024-05,1188,5
2024-05,1189,2
2024-05,1190,5
2024-05,1191,2
2024-05,1192,2
2024-05,1193,2
2024-05,1194,2
2024-05,1195,3
2024-05,1196,1
2024-05,1197,2
2024-05,1198,5
2024-05,1200,3
2024-05,1201,1
2024-05,1203,3
2024-05,1204,1
2024-05,1205,1
2024-05,1206,3
2024-05,1207,3
2024-05,1208,1
2024-05,1209,3
2024-05,1210,1
2024-05,1211,3
2024-05,1212,3
2024-05,1213,1
2024-05,1214,3
2024-05,1215,3
2024-05,1217,1
2024-05,1218,3
2024-05,1219,3
2024-05,1220,1
2024-05,1221,2
2024-05,1222,1
2024-05,1223,1
2024-05,1224,5
2024-05,1225,2
2024-05,1226,2
2024-05,1227,3
2024-05,1228,2
2024-05,1229,2
2024-05,1230,2
2024-05,1231,2
2024-05,1232,3
2024-05,1233,5
2024-05,1234,2
2024-05,1235,2
2024-05,1236,2
2024-05,1237,3
2024-05,1238,2
2024-05,1240,2
2024-05,1241,3
2024-05,1242,1
2024-05,1243,5
2024-05,1244,3
2024-05,1246,2
2024-05,1249,2
2024-05,1250,2
2024-05,1251,1
2024-05,1252,3
2024-05,1253,1
2024-05,1254,2
2024-05,1256,3
2024-05,1257,3
2024-05,1258,5
2024-05,1259,3
2024-05,1260,3
2024-05,1261,3
2024-05,1262,3
2024-05,1264,1
2024-05,1265,3
2024-05,1266,1
2024-05,1267,1
2024-05,1268,3
2024-05,1269,1
2024-05,1270,3
2024-05,1271,1
2024-05,1272,3
2024-05,1273,1
2024-05,1274,1
2024-05,1275,2
2024-05,1276,3
2024-05,1277,3
2024-05,1278,3
2024-05,1279,1
2024-05,1280,3
2024-05,1281,3
2024-05,1282,1
2024-05,1284,3
2024-05,1285,3
2024-05,1286,3
2024-05,1287,3
2024-05,1288,3
2024-05,1289,3
2024-05,1290,3
2024-05,1291,1
2024-05,1292,3
2024-05,1293,3
2024-05,1294,3
2024-05,1295,3
2024-05,1296,1
2024-05,1297,1
2024-05,1298,3
2024-05,1299,1
2024-05,1300,2
2024-05,1301,3
2024-05,1302,3
2024-05,1303,2
2024-05,1304,3
2024-05,1305,3
2024-05,1306,3
2024-05,1308,3
2024-05,1309,1
2024-05,1310,3
2024-05,1311,1
2024-05,1312,3
2024-05,1313,1
2024-05,1314,1
2024-05,1315,2
2024-05,1316,3
2024-05,1317,1
2024-05,1319,1
2024-05,1320,1
2024-05,1321,3
2024-05,1322,1
2024-05,1323,1
2024-05,1324,1
2024-05,1325,1
2024-05,1326,3
2024-05,1327,1
2024-05,1328,1
2024-05,1329,3
2024-05,1330,1
2024-05,1331,1
2024-05,1333,2
2024-05,1334,3
2024-05,1335,1
2024-05,1336,1
2024-05,1337,3
2024-05,1338,3
2024-05,1339,3
2024-05,1340,3
2024-05,1341,3
2024-05,1343,1
2024-05,1344,1
2024-05,1345,1
2024-05,1346,1
2024-05,1347,3
2024-05,1348,1
2024-05,1349,1
2024-05,1350,1
2024-05,1351,1
2024-05,1352,1
2024-05,1353,1
2024-05,1355,1
2024-05,1356,3
2024-05,1357,3
2024-05,1358,1
2024-05,1392,3
2024-05,1393,3
2024-05,1394,3
2024-05,1395,5
2024-05,1396,5
2024-05,1397,5
2024-05,1398,5
2024-05,1399,3
2024-05,1400,5
2024-05,1401,3
2024-05,1402,5
2024-05,1403,5
2024-05,1404,3
2024-05,1405,3
2024-05,1406,3
2024-05,1407,3
2024-05,1408,5
2024-05,1409,5
2024-05,1410,5
2024-05,1411,2
2024-05,1412,1
2024-05,1413,3
2024-05,1414,3
2024-05,1415,1
2024-05,1416,1
2024-05,1417,1
2024-05,1419,1
2024-05,1420,1
2024-05,1421,1
2024-05,1422,3
2024-05,1423,1
2024-05,1425,1
2024-05,1426,1
2024-05,1427,3
2024-05,1428,1
2024-05,1429,1
2024-05,1430,5
2024-05,1431,3
2024-05,1438,3
2024-05,1439,5
2024-05,1440,5
2024-05,1443,5
2024-05,1444,5
2024-05,1445,5
2024-05,1446,5
2024-05,1447,5
2024-05,1448,5
2024-05,1449,3
2024-05,1453,5
2024-05,1454,5
2024-05,1456,5
2024-05,1457,5
2024-05,1459,5
2024-05,1461,5
2024-05,1463,5
2024-05,1464,5
2024-05,1465,5
2024-05,1467,5
2024-05,1468,5
2024-05,1472,5
2024-05,1473,3
2024-05,1474,3
2024-05,1475,5
2024-05,1477,5
2024-05,1478,3
2024-05,1480,5
2024-05,1481,5
2024-05,1483,3
2024-05,1484,5
2024-05,1486,3
2024-05,1488,5
2024-05,1489,5
2024-05,1490,5
2024-05,1491,5
2024-05,1492,5
2024-05,1493,5
2024-05,1494,3
2024-05,1495,5
2024-05,1496,5
2024-05,1500,5
2024-05,1501,5
2024-05,1504,3
2024-05,1506,5
2024-05,1507,5
2024-05,1508,5
2024-05,1509,5
2024-05,1510,3
2024-05,1511,5
2024-05,1512,3
2024-05,1518,5
2024-05,1519,3
2024-05,1520,3
2024-05,1521,5
2024-05,1522,3
2024-05,1523,5
2024-05,1525,2
2024-05,1526,3
2024-05,1527,5
2024-05,1528,3
2024-05,1529,3
2024-05,1530,3
2024-05,1532,1
2024-05,1533,3
2024-05,1534,3
2024-05,1535,3
2024-05,1536,3
2024-05,1537,1
2024-05,1539,3
2024-05,1540,2
2024-05,1541,1
2024-05,1542,3
2024-05,1543,1
2024-05,1544,1
2024-05,1545,1
2024-05,1546,3
2024-05,1547,1
2024-05,1548,1
2024-05,1549,3
2024-05,1550,3
2024-05,1551,1
2024-05,1552,1
2024-05,1553,3
2024-05,1554,3
2024-05,1555,3
2024-05,1556,1
2024-05,1557,3
2024-05,1558,1
2024-05,1559,1
2024-05,1560,5
2024-05,1561,1
2024-05,1562,3
2024-05,1563,3
2024-05,1564,1
2024-05,1565,3
2024-05,1566,1
2024-05,1567,1
2024-05,1568,3
2024-05,1569,1
2024-05,1570,1
2024-05,1571,1
2024-05,1572,2
2024-05,1573,1
2024-05,1574,3
2024-05,1575,5
2024-05,1577,3
2024-05,1578,3
2024-05,1579,3
2024-05,1580,1
2024-05,1581,3
2024-05,1582,1
2024-05,1583,3
2024-05,1584,1
2024-05,1585,1
2024-05,1586,2
2024-05,1587,1
2024-05,1588,3
2024-05,1589,3
2024-05,1590,2
2024-05,1591,1
2024-05,1592,3
2024-05,1593,1
2024-05,1594,1
2024-05,1595,3
2024-05,1596,3
2024-05,1597,5
2024-05,1598,5
2024-05,1599,2
2024-05,1600,2
2024-05,1601,5
2024-05,1602,2
2024-05,1603,2
2024-05,1604,3
2024-05,1605,1
2024-05,1606,1
2024-05,1607,1
2024-05,1608,3
2024-05,1609,2
2024-05,1610,3
2024-05,1611,3
2024-05,1612,3
2024-05,1613,1
2024-05,1614,1
2024-05,1615,2
2024-05,1616,1
2024-05,1617,1
2024-05,1618,3
2024-05,1619,3
2024-05,1620,5
2024-05,1621,1
2024-05,1622,1
2024-05,1623,3
2024-05,1624,3
2024-05,1625,2
2024-05,1626,1
2024-05,1627,3
2024-05,1628,1
2024-05,1629,3
2024-05,1630,1
2024-05,1631,3
2024-05,1632,5
2024-05,1633,3
2024-05,1634,3
2024-05,1635,1
2024-05,1636,3
2024-05,1637,1
2024-05,1638,3
2024-05,1639,3
2024-05,1640,1
2024-05,1641,3
2024-05,1642,1
2024-05,1643,3
2024-05,1644,3
2024-05,1645,3
2024-05,1646,3
2024-05,1647,1
2024-05,1648,1
2024-05,1649,3
2024-05,1650,3
2024-05,1651,1
2024-05,1652,2
2024-05,1653,3
2024-05,1654,1
2024-05,1655,1
2024-05,1656,1
2024-05,1657,1
2024-05,1658,3
2024-05,1659,2
2024-05,1660,1
2024-05,1661,1
2024-05,1662,1
2024-05,1663,3
2024-05,1664,1
2024-05,1665,2
2024-05,1666,1
2024-05,1667,2
2024-05,1668,2
2024-05,1669,3
2024-05,1670,3
2024-05,1671,3
2024-05,1672,3
2024-05,1673,3
2024-05,1674,3
2024-05,1675,2
2024-05,1676,3
2024-05,1678,3
2024-05,1679,3
2024-05,1680,1
2024-05,1681,1
2024-05,1682,3
2024-05,1683,2
2024-05,1685,3
2024-05,1686,3
2024-05,1687,3
2024-05,1688,3
2024-05,1689,1
2024-05,1690,3
2024-05,1691,1
2024-05,1692,3
2024-05,1693,3
2024-05,1694,3
2024-05,1696,3
2024-05,1697,3
2024-05,1698,3
2024-05,1699,3
2024-05,1700,3
2024-05,1701,3
2024-05,1702,1
2024-05,1703,3
2024-05,1704,3
2024-05,1705,3
2024-05,1706,3
2024-05,1707,2
2024-05,1708,3
2024-05,1709,3
2024-05,1710,3
2024-05,1711,3
2024-05,1712,3
2024-05,1714,1
2024-05,1715,3
2024-05,1717,3
2024-05,1718,1
2024-05,1719,3
2024-05,1722,1
2024-05,1724,1
2024-05,1725,1
2024-05,1726,2
2024-05,1727,1
2024-05,1728,3
2024-05,1730,3
2024-05,1731,3
2024-05,1732,1
2024-05,1733,3
2024-05,1737,1
2024-05,1738,1
2024-05,1739,1
2024-05,1740,2
2024-05,1741,1
2024-05,1742,3
2024-05,1743,1
2024-05,1744,1
2024-05,1745,1
2024-05,1746,1
2024-05,1747,1
2024-05,1749,1
2024-05,1750,1
2024-05,1751,1
2024-05,1752,3
2024-05,1753,1
2024-05,1754,1
2024-05,1755,1
2024-05,1756,1
2024-05,1757,1
2024-05,1758,2
2024-05,1759,3
2024-05,1760,1
2024-05,1761,1
2024-05,1762,1
2024-05,1764,2
2024-05,1765,2
2024-05,1766,3
2024-05,1768,3
2024-05,1769,3
2024-05,1770,3
2024-05,1771,1
2024-05,1773,1
2024-05,1774,3
2024-05,1775,1
2024-05,1776,3
2024-05,1777,1
2024-05,1778,3
2024-05,1780,3
2024-05,1781,1
2024-05,1782,3
2024-05,1783,5
2024-05,1784,1
2024-05,1785,3
2024-05,1786,3
2024-05,1787,2
2024-05,1788,3
2024-05,1845,5
2024-05,1846,3
2024-05,1848,1
2024-05,1849,3
2024-05,1850,3
2024-05,1851,1
2024-05,1852,3
2024-05,1853,1
2024-05,1854,1
2024-05,1855,1
2024-05,1856,1
2024-05,1857,1
2024-05,1858,3
2024-05,1859,3
2024-05,1860,3
2024-05,1861,3
2024-05,1862,1
2024-05,1863,2
2024-05,1864,1
2024-05,1865,1
2024-05,1868,3
2024-05,1869,3
2024-05,1870,1
2024-05,1871,1
2024-05,1872,1
2024-05,1873,1
2024-05,1874,5
2024-05,1875,3
2024-05,1876,3
2024-05,1877,2
2024-05,1878,3
2024-05,1879,3
2024-05,1880,3
2024-05,1881,2
2024-05,1883,3
2024-05,1884,1
2024-05,1885,3
2024-05,1886,3
2024-05,1887,1
2024-05,1888,3
2024-05,1889,3
2024-05,1890,5
2024-05,1891,1
2024-05,1892,1
2024-05,1893,3
2024-05,1894,3
2024-05,1895,3
2024-05,1896,1
2024-05,1897,1
2024-05,1898,3
2024-05,1899,3
2024-05,1900,3
2024-05,1901,3
2024-05,1902,3
2024-05,1903,3
2024-05,1904,3
2024-05,1905,2
2024-05,1906,2
2024-05,1907,1
2024-05,1908,1
2024-05,1909,1
2024-05,1910,1
2024-05,1912,3
2024-05,1915,1
2024-05,1916,1
2024-05,1917,3
2024-05,1918,1
2024-05,1919,2
2024-05,1920,2
2024-05,1921,1
2024-05,1922,3
2024-05,1923,1
2024-05,1924,1
2024-05,1925,3
2024-05,1926,1
2024-05,1927,1
2024-05,1928,1
2024-05,1929,1
2024-05,1930,3
2024-05,1931,3
2024-05,1932,1
2024-05,1933,1
2024-05,1934,3
2024-05,1935,1
2024-05,1936,2
2024-05,1937,1
2024-05,1938,1
2024-05,1939,3
2024-05,1940,1
2024-05,1941,1
2024-05,1942,1
2024-05,1943,3
2024-05,1944,1
2024-05,1945,1
2024-05,1947,3
2024-05,1948,3
2024-05,1949,1
2024-05,1950,3
2024-05,1951,3
2024-05,1952,2
2024-05,1954,3
2024-05,1955,2
2024-05,1956,4
2024-05,1957,4
2024-05,1958,4
2024-05,1959,3
2024-05,1960,3
2024-05,1961,5
2024-05,1962,4
2024-05,1963,4
2024-05,1965,2
2024-05,1966,2
2024-05,1967,2
2024-05,1968,4
2024-05,1969,4
2024-05,1970,4
2024-05,1971,5
2024-05,1972,3
2024-05,1973,3
2024-05,1974,2
2024-05,1975,3
2024-05,1976,3
2024-05,1977,5
2024-05,1978,3
2024-05,1979,5
2024-05,1980,3
2024-05,1981,3
2024-05,1982,3
2024-05,1983,3
2024-05,1984,3
2024-05,1985,2
2024-05,1986,2
2024-05,1987,2
2024-05,1988,3
2024-05,1989,3
2024-05,1990,3
2024-05,1991,3
2024-05,1992,3
2024-05,1993,2
2024-05,1994,3
2024-05,1995,2
2024-05,1996,3
2024-05,1997,3
2024-05,1999,3
2024-05,2000,2
2024-05,2001,3
2024-05,2002,3
2024-05,2004,2
2024-05,2005,2
2024-05,2006,2
2024-05,2007,3
2024-05,2008,3
2024-05,2009,3
2024-05,2010,3
2024-05,2011,3
2024-05,2012,3
2024-05,2015,3
2024-05,2017,3
2024-05,2018,3
2024-05,2019,3
2024-05,2021,3
2024-05,2022,1
2024-05,2023,3
2024-05,2024,2
2024-05,2025,2
2024-05,2027,3
2024-05,2028,3
2024-05,2030,3
2024-05,2031,3
2024-05,2032,2
2024-05,2033,2
2024-05,2034,3
2024-05,2035,3
2024-05,2036,3
2024-05,2037,3
2024-05,2039,3
2024-05,2040,2
2024-05,2041,3
2024-05,2042,3
2024-05,2043,3
2024-05,2044,5
2024-05,2045,3
2024-05,2046,1
2024-05,2047,2
2024-05,2048,2
2024-05,2049,3
2024-05,2050,1
2024-05,2051,3
2024-05,2052,1
2024-05,2053,1
2024-05,2054,1
2024-05,2055,3
2024-05,2056,1
2024-05,2057,1
2024-05,2058,1
2024-05,2059,3
2024-05,2060,2
2024-05,2061,1
2024-05,2062,3
2024-05,2063,2
2024-05,2064,3
2024-05,2065,1
2024-05,2066,1
2024-05,2067,1
2024-05,2068,1
2024-05,2069,3
2024-05,2070,3
2024-05,2072,1
2024-05,2073,3
2024-05,2074,2
2024-05,2075,1
2024-05,2076,1
2024-05,2077,1
2024-05,2078,1
2024-05,2079,1
2024-05,2080,1
2024-05,2081,1
2024-05,2082,1
2024-05,2085,1
2024-05,2087,1
2024-05,2088,1
2024-05,2089,1
2024-05,2090,1
2024-05,2091,1
2024-05,2093,1
2024-05,2094,1
2024-05,2095,1
2024-05,2096,1
2024-05,2098,1
2024-05,2100,1
2024-05,2101,5
2024-05,2105,3
2024-05,2108,3
2024-05,2109,3
2024-05,2110,3
2024-05,2111,3
2024-05,2112,3
2024-05,2113,1
2024-05,2114,1
2024-05,2116,1
2024-05,2117,1
2024-05,2118,1
2024-05,2119,5
2024-05,2120,3
2024-05,2121,3
2024-05,2122,3
2024-05,2124,3
2024-05,2125,1
2024-05,2126,3
2024-05,2127,1
2024-05,2128,3
2024-05,2129,1
2024-05,2130,2
2024-05,2131,3
2024-05,2132,1
2024-05,2133,1
2024-05,2134,3
2024-05,2136,2
2024-05,2137,1
2024-05,2138,1
2024-05,2139,1
2024-05,2140,1
2024-05,2142,1
2024-05,2143,1
2024-05,2144,5
2024-05,2145,3
2024-05,2146,3
2024-05,2148,3
2024-05,2149,3
2024-05,2150,1
2024-05,2151,3
2024-05,2152,1
2024-05,2153,3
2024-05,2154,3
2024-05,2155,3
2024-05,2156,1
2024-05,2157,3
2024-05,2158,3
2024-05,2159,1
2024-05,2160,1
2024-05,2161,5
2024-05,2162,1
2024-05,2163,3
2024-05,2164,5
2024-05,2165,3
2024-05,2167,3
2024-05,2168,3
2024-05,2169,2
2024-05,2171,3
2024-05,2172,3
2024-05,2173,3
2024-05,2174,3
2024-05,2175,1
2024-05,2176,3
2024-05,2177,3
2024-05,2178,1
2024-05,2179,3
2024-05,2180,3
2024-05,2181,1
2024-05,2182,3
2024-05,2183,3
2024-05,2184,3
2024-05,2185,1
2024-05,2186,3
2024-05,2187,3
2024-05,2188,3
2024-05,2189,3
2024-05,2190,5
2024-05,2191,2
2024-05,2192,2
2024-05,2193,5
2024-05,2194,2
2024-05,2195,2
2024-05,2196,1
2024-05,2197,1
2024-05,2198,1
2024-05,2199,3
2024-05,2200,1
2024-05,2201,1
2024-05,2202,2
2024-05,2203,2
2024-05,2204,3
2024-05,2205,1
2024-05,2206,1
2024-05,2207,1
2024-05,2208,2
2024-05,2210,5
2024-05,2211,3
2024-05,2212,3
2024-05,2213,1
2024-05,2215,2
2024-05,2216,5
2024-05,2217,5
2024-05,2218,3
2024-05,2219,3
2024-05,2220,5
2024-05,2221,5
2024-05,2222,5
2024-05,2223,3
2024-05,2224,5
2024-05,2225,3
2024-05,2226,5
2024-05,2227,5
2024-05,2228,5
2024-05,2229,3
2024-05,2230,3
2024-05,2231,3
2024-05,2232,3
2024-05,2233,3
2024-05,2234,3
2024-05,2235,2
2024-05,2236,3
2024-05,2237,2
2024-05,2238,5
2024-05,2241,3
2024-05,2242,5
2024-05,2243,5
2024-05,2244,4
2024-05,2245,3
2024-05,2248,3
2024-05,2249,4
2024-05,2250,4
2024-05,2251,2
2024-05,2252,2
2024-05,2253,3
2024-05,2254,1
2024-05,2255,1
2024-05,2256,1
2024-05,2257,1
2024-05,2258,1
2024-05,2259,1
2024-05,2260,1
2024-05,2262,1
2024-05,2264,1
2024-05,2265,1
2024-05,2266,1
2024-05,2267,3
2024-05,2268,1
2024-05,2269,3
2024-05,2270,1
2024-05,2271,1
2024-05,2272,3
2024-05,2274,3
2024-05,2275,5
2024-05,2276,3
2024-05,2278,3
2024-05,2279,2
2024-05,2280,2
2024-05,2281,2
2024-05,2282,2
2024-05,2286,2
2024-05,2287,3
2024-05,2288,2
2024-05,2289,2
2024-05,2292,3
2024-05,2293,3
2024-05,2294,3
2024-05,2295,1
2024-05,2296,3
2024-05,2297,3
2024-05,2298,3
2024-05,2299,3
2024-05,2300,3
2024-05,2301,3
2024-05,2302,3
2024-05,2303,3
2024-05,2304,3
2024-05,2305,1
2024-05,2307,3
2024-05,2308,3
2024-05,2309,3
2024-05,2310,3
2024-05,2311,3
2024-05,2312,5
2024-05,2314,3
2024-05,2315,3
2024-05,2316,3
2024-05,2317,3
2024-05,2318,2
2024-05,2320,2
2024-05,2321,3
2024-05,2322,3
2024-05,2323,1
2024-05,2324,3
2024-05,2325,3
2024-05,2326,3
2024-05,2327,3
2024-05,2328,3
2024-05,2329,3
2024-05,2330,3
2024-05,2332,3
2024-05,2333,3
2024-05,2334,3
2024-05,2335,3
2024-05,2336,3
2024-05,2337,5
2024-05,2338,5
2024-05,2339,2
2024-05,2340,3
2024-05,2341,4
2024-05,2342,3
2024-05,2343,3
2024-05,2344,5
2024-05,2345,4
2024-05,2348,4
2024-05,2349,4
2024-05,2351,5
2024-05,2352,5
2024-05,2353,5
2024-05,2354,5
2024-05,2355,5
2024-05,2356,5
2024-05,2357,5
2024-05,2358,5
2024-05,2359,5
2024-05,2360,5
2024-05,2361,5
2024-05,2362,5
2024-05,2363,5
2024-05,2364,5
2024-05,2365,5
2024-05,2366,5
2024-05,2367,5
2024-05,2368,5
2024-05,2369,5
2024-05,2370,5
2024-05,2371,5
2024-05,2372,5
2024-05,2373,5
2024-05,2374,5
2024-05,2375,5
2024-05,2376,5
2024-05,2377,5
2024-05,2378,5
2024-05,2379,5
2024-05,2380,5
2024-05,2381,5
2024-05,2382,5
2024-05,2383,5
2024-05,2384,5
2024-05,2385,5
2024-05,2386,5
2024-05,2387,5
2024-05,2388,5
2024-05,2389,5
2024-05,2390,5
2024-05,2391,5
2024-05,2392,5
2024-05,2393,5
2024-05,2395,5
2024-05,2398,5
2024-05,2399,5
2024-05,2400,5
2024-05,2401,5
2024-05,2402,5
2024-05,2403,5
2024-05,2404,5
2024-05,2405,5
2024-05,2406,5
2024-05,2407,5
2024-05,2408,5
2024-05,2409,5
2024-05,2410,5
2024-05,2411,5
2024-05,2412,5
2024-05,2416,5
2024-05,2422,5
2024-05,2423,5
2024-05,2424,5
2024-05,2425,5
2024-05,2426,5
2024-05,2427,5
2024-05,2428,5
2024-05,2429,5
2024-05,2430,5
2024-05,2431,5
2024-05,2432,5
2024-05,2433,5
2024-05,2434,5
2024-05,2435,5
2024-05,2436,5
2024-05,2437,5
2024-05,2439,5
2024-05,2440,5
2024-05,2441,5
2024-05,2442,5
2024-05,2443,5
2024-05,2444,5
2024-05,2445,5
2024-05,2446,5
2024-05,2447,5
2024-05,2449,5
2024-05,2450,5
2024-05,2451,5
2024-05,2452,5
2024-05,2453,5
2024-05,2454,5
2024-05,2455,5
2024-05,2456,5
2024-05,2457,5
2024-05,2458,5
2024-05,2459,5
2024-05,2460,5
2024-05,2461,5
2024-05,2462,5
2024-05,2463,5
2024-05,2464,5
2024-05,2465,5
2024-05,2466,5
2024-05,2467,5
2024-05,2468,5
2024-05,2469,5
2024-05,2470,5
2024-05,2471,5
2024-05,2472,5
2024-05,2473,5
2024-05,2474,5
2024-05,2475,5
2024-05,2476,5
2024-05,2477,5
2024-05,2478,5
2024-05,2479,5
2024-05,2480,5
2024-05,2481,5
2024-05,2482,5
2024-05,2483,5
2024-05,2484,5
2024-05,2485,5
2024-05,2486,5
2024-05,2487,5
2024-05,2488,5
2024-05,2489,5
2024-05,2490,5
2024-05,2491,5
2024-05,2492,5
2024-05,2493,5
2024-05,2494,5
2024-05,2495,5
2024-05,2496,5
2024-05,2497,5
2024-05,2498,5
2024-05,2499,5
2024-05,2500,5
2024-05,2501,5
2024-05,2502,5
2024-05,2503,5
2024-05,2504,5
2024-05,2505,5
2024-05,2506,5
2024-05,2507,5
2024-05,2508,5
2024-05,2509,5
2024-05,2510,5
2024-05,2511,5
2024-05,2512,5
2024-05,2513,5
2024-05,2514,5
2024-05,2515,5
2024-05,2516,5
2024-05,2517,5
2024-05,2518,5
2024-05,2519,5
2024-05,2520,5
2024-05,2521,5
2024-05,2522,5
2024-05,2523,5
2024-05,2524,5
2024-05,2525,5
2024-05,2526,5
2024-05,2527,5
2024-05,2528,5
2024-05,2529,5
2024-05,2530,5
2024-05,2531,5
2024-05,2532,5
2024-05,2533,5
2024-05,2534,5
2024-05,2535,5
2024-05,2536,5
2024-05,2537,5
2024-05,2538,5
2024-05,2539,5
2024-05,2540,5
2024-05,2541,5
2024-05,2542,5
2024-05,2543,5
2024-05,2544,5
2024-05,2545,5
2024-05,2546,5
2024-05,2547,5
2024-05,2548,5
2024-05,2549,5
2024-05,2550,5
2024-05,2551,5
2024-05,2552,5
2024-05,2553,5
2024-05,2554,5
2024-05,2555,5
2024-05,2556,5
2024-05,2557,5
2024-05,2558,5
2024-05,2559,5
2024-05,2560,5
2024-05,2561,5
2024-05,2562,5
2024-05,2563,5
2024-05,2564,5
2024-05,2565,5
2024-05,2566,5
2024-05,2567,5
2024-05,2568,5
2024-05,2569,5
2024-05,2570,5
2024-05,2571,5
2024-05,2572,5
2024-05,2573,5
2024-05,2574,5
2024-05,2575,5
2024-05,2576,5
2024-05,2577,5
2024-05,2578,5
2024-05,2579,5
2024-05,2580,5
2024-05,2581,5
2024-05,2582,5
2024-05,2583,5
2024-05,2584,5
2024-05,2585,5
2024-05,2586,5
2024-05,2587,5
2024-05,2588,5
2024-05,2589,5
2024-05,2590,5
2024-05,2591,5
2024-05,2592,5
2024-05,2593,3
2024-05,2595,5
2024-05,2596,5
2024-05,2597,5
2024-05,2598,3
2024-05,2599,5
2024-05,2600,5
2024-05,2601,5
2024-05,2602,5
2024-05,2604,5
2024-05,2605,5
2024-05,2606,5
2024-05,2607,5
2024-05,2618,1
2024-05,2619,3
2024-05,2620,2
2024-05,2621,2
2024-05,2644,5
2024-05,2646,5
2024-05,2647,2
2024-05,2648,5
2024-05,2649,5
2024-05,2651,5
2024-05,2652,5
2024-05,2710,2
2024-05,2808,5
2024-05,2809,2
2024-05,2813,3
2024-05,2814,5
2024-05,2872,4
2024-05,2876,5
2024-05,2879,5
2024-05,2880,4
2024-05,2881,2
2024-05,2882,5
2024-05,2883,3
2024-05,2884,2
2024-05,2885,2
2024-05,2886,3
2024-05,2887,2
2024-05,3005,2
2024-05,3007,2
2024-05,3009,2
2024-05,3011,2
2024-05,3012,3
2024-05,3013,5
2024-06,1,2
2024-06,2,1
2024-06,3,3
2024-06,4,2
2024-06,5,2
2024-06,6,2
2024-06,7,5
2024-06,8,2
2024-06,9,1
2024-06,10,2
2024-06,11,2
2024-06,12,2
2024-06,13,2
2024-06,14,2
2024-06,15,2
2024-06,16,2
2024-06,17,2
2024-06,18,2
2024-06,19,1
2024-06,20,2
2024-06,21,5
2024-06,22,3
2024-06,23,2
2024-06,25,2
2024-06,26,2
2024-06,27,2
2024-06,28,2
2024-06,29,2
2024-06,30,2
2024-06,31,1
2024-06,32,1
2024-06,33,2
2024-06,34,1
2024-06,35,2
2024-06,36,1
2024-06,37,2
2024-06,38,2
2024-06,39,3
2024-06,40,2
2024-06,41,1
2024-06,42,2
2024-06,43,3
2024-06,44,2
2024-06,45,2
2024-06,46,2
2024-06,47,2
2024-06,48,1
2024-06,49,3
2024-06,50,2
2024-06,51,2
2024-06,52,1
2024-06,53,2
2024-06,54,2
2024-06,55,2
2024-06,56,1
2024-06,57,2
2024-06,58,1
2024-06,59,2
2024-06,60,2
2024-06,61,2
2024-06,62,1
2024-06,63,1
2024-06,65,1
2024-06,66,2
2024-06,67,2
2024-06,68,1
2024-06,69,1
2024-06,70,1
2024-06,71,2
2024-06,72,1
2024-06,73,2
2024-06,74,2
2024-06,75,2
2024-06,76,2
2024-06,77,2
2024-06,78,1
2024-06,79,2
2024-06,80,1
2024-06,81,2
2024-06,82,1
2024-06,83,2
2024-06,167,2
2024-06,168,2
2024-06,169,1
2024-06,173,1
2024-06,181,3
2024-06,184,3
2024-06,185,1
2024-06,188,1
2024-06,191,2
2024-06,194,2
2024-06,195,1
2024-06,196,2
2024-06,198,1
2024-06,201,2
2024-06,203,1
2024-06,204,1
2024-06,205,2
2024-06,206,5
2024-06,207,5
2024-06,208,3
2024-06,209,2
2024-06,210,3
2024-06,211,3
2024-06,212,3
2024-06,213,3
2024-06,214,3
2024-06,215,3
2024-06,216,3
2024-06,217,3
2024-06,218,2
2024-06,219,3
2024-06,220,3
2024-06,221,3
2024-06,222,3
2024-06,223,3
2024-06,224,2
2024-06,225,4
2024-06,226,3
2024-06,227,4
2024-06,228,4
2024-06,229,4
2024-06,230,3
2024-06,231,3
2024-06,232,3
2024-06,233,3
2024-06,234,3
2024-06,235,3
2024-06,236,3
2024-06,237,3
2024-06,238,1
2024-06,239,3
2024-06,240,3
2024-06,241,3
2024-06,242,3
2024-06,243,3
2024-06,269,2
2024-06,270,3
2024-06,271,3
2024-06,272,2
2024-06,273,1
2024-06,274,3
2024-06,275,1
2024-06,276,3
2024-06,277,3
2024-06,278,2
2024-06,279,3
2024-06,280,3
2024-06,281,3
2024-06,282,3
2024-06,283,3
2024-06,284,3
2024-06,285,1
2024-06,287,1
2024-06,288,1
2024-06,289,1
2024-06,290,1
2024-06,292,1
2024-06,293,1
2024-06,294,1
2024-06,295,1
2024-06,296,1
2024-06,297,1
2024-06,298,1
2024-06,300,1
2024-06,301,2
2024-06,302,1
2024-06,303,3
2024-06,304,1
2024-06,305,1
2024-06,306,1
2024-06,307,1
2024-06,308,1
2024-06,309,4
2024-06,312,4
2024-06,314,4
2024-06,316,4
2024-06,317,4
2024-06,318,4
2024-06,319,4
2024-06,320,4
2024-06,321,4
2024-06,323,4
2024-06,324,4
2024-06,325,4
2024-06,326,4
2024-06,327,4
2024-06,329,4
2024-06,330,4
2024-06,331,4
2024-06,332,4
2024-06,333,4
2024-06,334,4
2024-06,335,4
2024-06,336,4
2024-06,337,4
2024-06,338,4
2024-06,339,4
2024-06,340,4
2024-06,341,4
2024-06,342,4
2024-06,343,4
2024-06,345,2
2024-06,346,2
2024-06,347,2
2024-06,348,2
2024-06,349,1
2024-06,351,2
2024-06,352,2
2024-06,354,5
2024-06,355,2
2024-06,356,3
2024-06,357,2
2024-06,358,1
2024-06,359,2
2024-06,360,3
2024-06,361,1
2024-06,362,2
2024-06,363,1
2024-06,364,2
2024-06,365,1
2024-06,366,1
2024-06,367,1
2024-06,368,2
2024-06,369,2
2024-06,370,3
2024-06,371,2
2024-06,372,1
2024-06,373,2
2024-06,374,2
2024-06,375,2
2024-06,376,1
2024-06,377,3
2024-06,378,2
2024-06,379,2
2024-06,380,2
2024-06,381,1
2024-06,382,3
2024-06,383,3
2024-06,384,1
2024-06,385,2
2024-06,386,1
2024-06,387,2
2024-06,388,2
2024-06,390,1
2024-06,391,1
2024-06,392,3
2024-06,393,1
2024-06,395,1
2024-06,396,1
2024-06,397,2
2024-06,398,3
2024-06,401,2
2024-06,402,2
2024-06,403,2
2024-06,404,2
2024-06,405,2
2024-06,408,3
2024-06,410,2
2024-06,413,2
2024-06,414,2
2024-06,416,2
2024-06,418,5
2024-06,419,2
2024-06,420,2
2024-06,421,2
2024-06,422,2
2024-06,423,1
2024-06,424,3
2024-06,425,1
2024-06,428,1
2024-06,429,1
2024-06,430,2
2024-06,431,1
2024-06,432,3
2024-06,433,1
2024-06,434,1
2024-06,435,1
2024-06,436,1
2024-06,437,1
2024-06,438,1
2024-06,440,2
2024-06,441,1
2024-06,442,1
2024-06,443,2
2024-06,444,1
2024-06,445,1
2024-06,446,1
2024-06,447,1
2024-06,448,2
2024-06,449,3
2024-06,450,2
2024-06,451,3
2024-06,452,2
2024-06,453,2
2024-06,455,2
2024-06,456,1
2024-06,457,1
2024-06,458,2
2024-06,459,2
2024-06,460,2
2024-06,478,2
2024-06,479,1
2024-06,480,2
2024-06,481,2
2024-06,482,3
2024-06,484,1
2024-06,485,1
2024-06,486,1
2024-06,487,1
2024-06,489,3
2024-06,490,1
2024-06,491,3
2024-06,492,2
2024-06,493,3
2024-06,494,3
2024-06,495,1
2024-06,496,1
2024-06,497,3
2024-06,498,2
2024-06,499,1
2024-06,501,1
2024-06,502,1
2024-06,503,3
2024-06,504,5
2024-06,505,2
2024-06,506,2
2024-06,507,2
2024-06,508,2
2024-06,509,2
2024-06,510,2
2024-06,511,3
2024-06,512,3
2024-06,515,2
2024-06,516,1
2024-06,517,2
2024-06,518,3
2024-06,519,3
2024-06,520,1
2024-06,521,1
2024-06,522,3
2024-06,523,1
2024-06,524,3
2024-06,525,1
2024-06,527,3
2024-06,528,3
2024-06,529,1
2024-06,530,3
2024-06,531,3
2024-06,532,1
2024-06,533,1
2024-06,534,3
2024-06,535,2
2024-06,536,1
2024-06,537,3
2024-06,538,3
2024-06,539,1
2024-06,540,1
2024-06,541,3
2024-06,542,3
2024-06,543,3
2024-06,544,1
2024-06,545,3
2024-06,546,3
2024-06,547,1
2024-06,548,3
2024-06,549,1
2024-06,550,1
2024-06,552,3
2024-06,553,1
2024-06,554,2
2024-06,555,1
2024-06,556,1
2024-06,557,1
2024-06,558,3
2024-06,559,3
2024-06,560,1
2024-06,561,3
2024-06,562,1
2024-06,563,1
2024-06,564,1
2024-06,565,3
2024-06,566,1
2024-06,567,1
2024-06,568,3
2024-06,569,1
2024-06,570,1
2024-06,571,1
2024-06,572,3
2024-06,574,3
2024-06,578,2
2024-06,579,2
2024-06,580,2
2024-06,581,2
2024-06,582,4
2024-06,583,1
2024-06,584,3
2024-06,585,3
2024-06,586,2
2024-06,587,2
2024-06,588,3
2024-06,589,2
2024-06,591,2
2024-06,592,2
2024-06,593,2
2024-06,594,2
2024-06,595,1
2024-06,598,2
2024-06,599,3
2024-06,600,2
2024-06,601,2
2024-06,602,1
2024-06,603,3
2024-06,604,2
2024-06,605,2
2024-06,606,2
2024-06,607,2
2024-06,608,5
2024-06,612,5
2024-06,613,4
2024-06,614,4
2024-06,615,4
2024-06,616,4
2024-06,618,4
2024-06,619,4
2024-06,621,4
2024-06,666,5
2024-06,667,2
2024-06,668,3
2024-06,669,3
2024-06,670,3
2024-06,671,3
2024-06,674,2
2024-06,675,3
2024-06,676,2
2024-06,677,3
2024-06,678,4
2024-06,679,2
2024-06,680,3
2024-06,683,1
2024-06,685,2
2024-06,686,2
2024-06,687,3
2024-06,689,3
2024-06,690,3
2024-06,691,3
2024-06,692,1
2024-06,693,2
2024-06,694,3
2024-06,695,3
2024-06,696,1
2024-06,697,3
2024-06,698,1
2024-06,699,1
2024-06,701,1
2024-06,702,3
2024-06,703,3
2024-06,704,3
2024-06,705,3
2024-06,706,1
2024-06,708,3
2024-06,710,3
2024-06,711,3
2024-06,712,1
2024-06,713,1
2024-06,714,3
2024-06,715,1
2024-06,716,4
2024-06,717,3
2024-06,718,4
2024-06,719,1
2024-06,720,4
2024-06,721,1
2024-06,722,3
2024-06,723,3
2024-06,725,3
2024-06,726,4
2024-06,727,5
2024-06,731,2
2024-06,734,3
2024-06,735,2
2024-06,736,3
2024-06,737,1
2024-06,738,2
2024-06,739,3
2024-06,741,3
2024-06,742,3
2024-06,743,3
2024-06,744,2
2024-06,745,3
2024-06,746,3
2024-06,747,3
2024-06,748,2
2024-06,749,1
2024-06,751,3
2024-06,752,3
2024-06,753,3
2024-06,754,2
2024-06,755,3
2024-06,756,3
2024-06,757,2
2024-06,758,1
2024-06,760,1
2024-06,761,1
2024-06,763,2
2024-06,764,1
2024-06,765,1
2024-06,766,2
2024-06,767,3
2024-06,769,1
2024-06,770,3
2024-06,771,1
2024-06,773,3
2024-06,774,3
2024-06,775,5
2024-06,776,2
2024-06,777,5
2024-06,778,2
2024-06,779,3
2024-06,780,3
2024-06,781,3
2024-06,782,5
2024-06,783,3
2024-06,784,2
2024-06,785,5
2024-06,787,3
2024-06,788,3
2024-06,789,2
2024-06,790,2
2024-06,791,3
2024-06,792,3
2024-06,793,3
2024-06,794,2
2024-06,795,3
2024-06,796,1
2024-06,797,3
2024-06,798,3
2024-06,799,3
2024-06,800,2
2024-06,801,2
2024-06,802,3
2024-06,803,3
2024-06,804,3
2024-06,805,3
2024-06,806,2
2024-06,807,3
2024-06,808,3
2024-06,809,5
2024-06,810,1
2024-06,811,2
2024-06,812,5
2024-06,813,2
2024-06,814,1
2024-06,815,1
2024-06,817,3
2024-06,818,2
2024-06,819,2
2024-06,820,2
2024-06,821,1
2024-06,822,1
2024-06,823,1
2024-06,824,5
2024-06,825,1
2024-06,826,1
2024-06,827,1
2024-06,828,1
2024-06,829,1
2024-06,830,2
2024-06,831,1
2024-06,832,1
2024-06,833,1
2024-06,834,1
2024-06,835,1
2024-06,836,1
2024-06,838,1
2024-06,839,1
2024-06,840,1
2024-06,841,2
2024-06,842,5
2024-06,843,5
2024-06,844,3
2024-06,846,3
2024-06,847,4
2024-06,848,4
2024-06,849,3
2024-06,851,3
2024-06,852,3
2024-06,853,4
2024-06,854,4
2024-06,855,4
2024-06,856,4
2024-06,857,4
2024-06,859,3
2024-06,860,5
2024-06,870,3
2024-06,871,2
2024-06,872,5
2024-06,873,3
2024-06,874,3
2024-06,875,4
2024-06,876,2
2024-06,877,3
2024-06,878,3
2024-06,879,4
2024-06,880,3
2024-06,881,2
2024-06,882,3
2024-06,883,3
2024-06,884,4
2024-06,885,3
2024-06,886,3
2024-06,888,4
2024-06,889,4
2024-06,890,5
2024-06,891,3
2024-06,892,2
2024-06,895,3
2024-06,896,5
2024-06,897,3
2024-06,898,3
2024-06,899,3
2024-06,900,3
2024-06,901,3
2024-06,902,3
2024-06,903,3
2024-06,904,3
2024-06,905,3
2024-06,907,3
2024-06,908,3
2024-06,909,3
2024-06,911,3
2024-06,912,2
2024-06,913,3
2024-06,914,3
2024-06,915,3
2024-06,916,4
2024-06,917,4
2024-06,918,2
2024-06,920,1
2024-06,922,1
2024-06,923,3
2024-06,924,1
2024-06,925,1
2024-06,926,1
2024-06,927,2
2024-06,928,2
2024-06,929,1
2024-06,930,3
2024-06,986,2
2024-06,987,3
2024-06,988,2
2024-06,989,2
2024-06,991,2
2024-06,992,3
2024-06,993,3
2024-06,994,3
2024-06,995,3
2024-06,996,2
2024-06,998,3
2024-06,999,3
2024-06,1001,2
2024-06,1002,3
2024-06,1003,3
2024-06,1004,3
2024-06,1005,2
2024-06,1006,3
2024-06,1007,2
2024-06,1008,2
2024-06,1009,2
2024-06,1010,2
2024-06,1011,1
2024-06,1012,1
2024-06,1013,1
2024-06,1014,1
2024-06,1015,3
2024-06,1016,1
2024-06,1017,1
2024-06,1018,1
2024-06,1019,3
2024-06,1020,3
2024-06,1021,1
2024-06,1023,1
2024-06,1024,1
2024-06,1025,1
2024-06,1026,3
2024-06,1027,1
2024-06,1028,1
2024-06,1029,1
2024-06,1030,1
2024-06,1031,1
2024-06,1032,1
2024-06,1033,1
2024-06,1034,3
2024-06,1035,1
2024-06,1036,1
2024-06,1037,1
2024-06,1038,1
2024-06,1039,2
2024-06,1040,1
2024-06,1041,1
2024-06,1044,1
2024-06,1047,3
2024-06,1048,2
2024-06,1049,3
2024-06,1051,2
2024-06,1052,3
2024-06,1053,3
2024-06,1054,2
2024-06,1055,2
2024-06,1056,3
2024-06,1057,3
2024-06,1058,3
2024-06,1059,2
2024-06,1060,3
2024-06,1061,2
2024-06,1062,2
2024-06,1063,3
2024-06,1064,1
2024-06,1065,2
2024-06,1066,3
2024-06,1067,1
2024-06,1068,3
2024-06,1069,3
2024-06,1070,3
2024-06,1071,2
2024-06,1072,3
2024-06,1107,2
2024-06,1108,3
2024-06,1109,2
2024-06,1110,3
2024-06,1111,3
2024-06,1112,3
2024-06,1113,3
2024-06,1115,3
2024-06,1116,1
2024-06,1117,2
2024-06,1118,3
2024-06,1119,3
2024-06,1120,3
2024-06,1121,3
2024-06,1122,3
2024-06,1123,3
2024-06,1124,3
2024-06,1125,3
2024-06,1126,3
2024-06,1127,3
2024-06,1128,3
2024-06,1129,3
2024-06,1130,3
2024-06,1131,3
2024-06,1132,3
2024-06,1133,1
2024-06,1134,5
2024-06,1135,2
2024-06,1136,2
2024-06,1137,2
2024-06,1138,2
2024-06,1139,2
2024-06,1140,2
2024-06,1141,2
2024-06,1142,2
2024-06,1143,3
2024-06,1144,3
2024-06,1146,3
2024-06,1147,2
2024-06,1148,2
2024-06,1149,2
2024-06,1150,5
2024-06,1151,3
2024-06,1152,4
2024-06,1153,2
2024-06,1154,3
2024-06,1155,2
2024-06,1157,3
2024-06,1158,3
2024-06,1159,2
2024-06,1160,3
2024-06,1161,3
2024-06,1163,3
2024-06,1164,3
2024-06,1165,4
2024-06,1166,3
2024-06,1167,3
2024-06,1168,3
2024-06,1169,2
2024-06,1170,2
2024-06,1171,2
2024-06,1172,2
2024-06,1173,2
2024-06,1174,3
2024-06,1175,2
2024-06,1176,5
2024-06,1178,3
2024-06,1179,3
2024-06,1180,3
2024-06,1181,2
2024-06,1184,3
2024-06,1185,3
2024-06,1186,5
2024-06,1187,3
2024-06,1188,5
2024-06,1189,1
2024-06,1190,5
2024-06,1191,2
2024-06,1192,2
2024-06,1193,3
2024-06,1194,3
2024-06,1195,1
2024-06,1196,1
2024-06,1197,2
2024-06,1198,2
2024-06,1200,3
2024-06,1201,1
2024-06,1203,3
2024-06,1204,1
2024-06,1205,1
2024-06,1206,3
2024-06,1207,2
2024-06,1208,1
2024-06,1209,1
2024-06,1210,1
2024-06,1211,3
2024-06,1212,2
2024-06,1213,1
2024-06,1214,3
2024-06,1215,1
2024-06,1217,1
2024-06,1218,1
2024-06,1219,3
2024-06,1220,3
2024-06,1221,2
2024-06,1222,1
2024-06,1223,1
2024-06,1224,5
2024-06,1225,2
2024-06,1226,2
2024-06,1227,3
2024-06,1228,2
2024-06,1229,2
2024-06,1230,2
2024-06,1231,2
2024-06,1232,3
2024-06,1233,5
2024-06,1234,2
2024-06,1235,2
2024-06,1236,2
2024-06,1237,3
2024-06,1238,2
2024-06,1240,2
2024-06,1241,2
2024-06,1242,1
2024-06,1243,2
2024-06,1244,3
2024-06,1246,2
2024-06,1249,2
2024-06,1250,2
2024-06,1251,1
2024-06,1252,2
2024-06,1253,1
2024-06,1254,2
2024-06,1256,2
2024-06,1257,3
2024-06,1258,2
2024-06,1259,3
2024-06,1260,2
2024-06,1261,3
2024-06,1262,3
2024-06,1264,1
2024-06,1265,3
2024-06,1266,1
2024-06,1267,1
2024-06,1268,1
2024-06,1269,1
2024-06,1270,3
2024-06,1271,1
2024-06,1272,3
2024-06,1273,1
2024-06,1274,1
2024-06,1275,2
2024-06,1276,3
2024-06,1277,3
2024-06,1278,3
2024-06,1279,1
2024-06,1280,3
2024-06,1281,3
2024-06,1282,1
2024-06,1284,3
2024-06,1285,3
2024-06,1286,3
2024-06,1287,3
2024-06,1288,1
2024-06,1289,1
2024-06,1290,3
2024-06,1291,1
2024-06,1292,3
2024-06,1293,3
2024-06,1294,3
2024-06,1295,3
2024-06,1296,1
2024-06,1297,1
2024-06,1298,3
2024-06,1299,1
2024-06,1300,3
2024-06,1301,3
2024-06,1302,3
2024-06,1303,2
2024-06,1304,3
2024-06,1305,3
2024-06,1306,3
2024-06,1308,3
2024-06,1309,1
2024-06,1310,3
2024-06,1311,1
2024-06,1312,3
2024-06,1313,1
2024-06,1314,1
2024-06,1315,2
2024-06,1316,3
2024-06,1317,1
2024-06,1319,1
2024-06,1320,1
2024-06,1321,3
2024-06,1322,1
2024-06,1323,1
2024-06,1324,1
2024-06,1325,1
2024-06,1326,3
2024-06,1327,1
2024-06,1328,1
2024-06,1329,3
2024-06,1330,3
2024-06,1331,1
2024-06,1333,2
2024-06,1334,3
2024-06,1335,1
2024-06,1336,1
2024-06,1337,3
2024-06,1338,3
2024-06,1339,3
2024-06,1340,3
2024-06,1341,3
2024-06,1343,1
2024-06,1344,1
2024-06,1345,1
2024-06,1346,1
2024-06,1347,3
2024-06,1348,1
2024-06,1349,1
2024-06,1350,1
2024-06,1351,1
2024-06,1352,1
2024-06,1353,1
2024-06,1355,1
2024-06,1356,3
2024-06,1357,3
2024-06,1358,1
2024-06,1392,3
2024-06,1393,3
2024-06,1394,3
2024-06,1395,5
2024-06,1396,5
2024-06,1397,5
2024-06,1398,5
2024-06,1399,3
2024-06,1400,5
2024-06,1401,3
2024-06,1402,5
2024-06,1403,5
2024-06,1404,3
2024-06,1405,3
2024-06,1406,3
2024-06,1407,2
2024-06,1408,5
2024-06,1409,5
2024-06,1410,5
2024-06,1411,2
2024-06,1412,1
2024-06,1413,3
2024-06,1414,1
2024-06,1415,1
2024-06,1416,3
2024-06,1417,1
2024-06,1419,1
2024-06,1420,3
2024-06,1421,1
2024-06,1422,1
2024-06,1423,1
2024-06,1425,1
2024-06,1426,1
2024-06,1427,1
2024-06,1428,1
2024-06,1429,1
2024-06,1430,4
2024-06,1431,4
2024-06,1438,3
2024-06,1439,5
2024-06,1440,5
2024-06,1443,5
2024-06,1444,5
2024-06,1445,5
2024-06,1446,5
2024-06,1447,5
2024-06,1448,5
2024-06,1449,3
2024-06,1453,5
2024-06,1454,5
2024-06,1456,5
2024-06,1457,5
2024-06,1459,5
2024-06,1461,5
2024-06,1463,5
2024-06,1464,5
2024-06,1465,5
2024-06,1467,5
2024-06,1468,5
2024-06,1472,5
2024-06,1473,3
2024-06,1474,3
2024-06,1475,5
2024-06,1477,5
2024-06,1478,2
2024-06,1480,5
2024-06,1481,5
2024-06,1483,3
2024-06,1484,5
2024-06,1486,2
2024-06,1488,5
2024-06,1489,5
2024-06,1490,5
2024-06,1491,5
2024-06,1492,5
2024-06,1493,5
2024-06,1494,3
2024-06,1495,5
2024-06,1496,5
2024-06,1500,5
2024-06,1501,5
2024-06,1504,2
2024-06,1506,5
2024-06,1507,5
2024-06,1508,5
2024-06,1509,5
2024-06,1510,3
2024-06,1511,5
2024-06,1512,4
2024-06,1518,5
2024-06,1519,3
2024-06,1520,3
2024-06,1521,5
2024-06,1522,3
2024-06,1523,5
2024-06,1525,2
2024-06,1526,2
2024-06,1527,2
2024-06,1528,3
2024-06,1529,3
2024-06,1530,3
2024-06,1532,1
2024-06,1533,3
2024-06,1534,3
2024-06,1535,3
2024-06,1536,3
2024-06,1537,1
2024-06,1539,2
2024-06,1540,2
2024-06,1541,1
2024-06,1542,3
2024-06,1543,1
2024-06,1544,1
2024-06,1545,1
2024-06,1546,3
2024-06,1547,1
2024-06,1548,1
2024-06,1549,3
2024-06,1550,3
2024-06,1551,1
2024-06,1552,1
2024-06,1553,2
2024-06,1554,3
2024-06,1555,3
2024-06,1556,1
2024-06,1557,1
2024-06,1558,1
2024-06,1559,1
2024-06,1560,5
2024-06,1561,1
2024-06,1562,3
2024-06,1563,2
2024-06,1564,1
2024-06,1565,3
2024-06,1566,1
2024-06,1567,1
2024-06,1568,1
2024-06,1569,1
2024-06,1570,1
2024-06,1571,1
2024-06,1572,2
2024-06,1573,1
2024-06,1574,3
2024-06,1575,2
2024-06,1577,2
2024-06,1578,3
2024-06,1579,3
2024-06,1580,1
2024-06,1581,1
2024-06,1582,1
2024-06,1583,3
2024-06,1584,1
2024-06,1585,1
2024-06,1586,2
2024-06,1587,1
2024-06,1588,3
2024-06,1589,3
2024-06,1590,1
2024-06,1591,1
2024-06,1592,3
2024-06,1593,3
2024-06,1594,1
2024-06,1595,3
2024-06,1596,3
2024-06,1597,5
2024-06,1598,5
2024-06,1599,2
2024-06,1600,2
2024-06,1601,5
2024-06,1602,1
2024-06,1603,2
2024-06,1604,3
2024-06,1605,1
2024-06,1606,1
2024-06,1607,1
2024-06,1608,3
2024-06,1609,2
2024-06,1610,3
2024-06,1611,3
2024-06,1612,3
2024-06,1613,1
2024-06,1614,1
2024-06,1615,2
2024-06,1616,1
2024-06,1617,1
2024-06,1618,3
2024-06,1619,3
2024-06,1620,5
2024-06,1621,1
2024-06,1622,1
2024-06,1623,3
2024-06,1624,3
2024-06,1625,2
2024-06,1626,1
2024-06,1627,3
2024-06,1628,3
2024-06,1629,3
2024-06,1630,1
2024-06,1631,3
2024-06,1632,5
2024-06,1633,3
2024-06,1634,1
2024-06,1635,1
2024-06,1636,3
2024-06,1637,1
2024-06,1638,3
2024-06,1639,3
2024-06,1640,1
2024-06,1641,3
2024-06,1642,1
2024-06,1643,3
2024-06,1644,3
2024-06,1645,3
2024-06,1646,1
2024-06,1647,1
2024-06,1648,1
2024-06,1649,3
2024-06,1650,3
2024-06,1651,3
2024-06,1652,2
2024-06,1653,3
2024-06,1654,1
2024-06,1655,3
2024-06,1656,1
2024-06,1657,1
2024-06,1658,3
2024-06,1659,2
2024-06,1660,3
2024-06,1661,3
2024-06,1662,1
2024-06,1663,3
2024-06,1664,3
2024-06,1665,2
2024-06,1666,1
2024-06,1667,2
2024-06,1668,2
2024-06,1669,3
2024-06,1670,3
2024-06,1671,3
2024-06,1672,3
2024-06,1673,3
2024-06,1674,3
2024-06,1675,2
2024-06,1676,3
2024-06,1678,3
2024-06,1679,3
2024-06,1680,1
2024-06,1681,1
2024-06,1682,3
2024-06,1683,2
2024-06,1685,3
2024-06,1686,3
2024-06,1687,3
2024-06,1688,3
2024-06,1689,1
2024-06,1690,3
2024-06,1691,1
2024-06,1692,3
2024-06,1693,3
2024-06,1694,3
2024-06,1696,3
2024-06,1697,1
2024-06,1698,1
2024-06,1699,3
2024-06,1700,3
2024-06,1701,3
2024-06,1702,1
2024-06,1703,1
2024-06,1704,3
2024-06,1705,3
2024-06,1706,1
2024-06,1707,2
2024-06,1708,3
2024-06,1709,3
2024-06,1710,3
2024-06,1711,3
2024-06,1712,1
2024-06,1714,1
2024-06,1715,1
2024-06,1717,3
2024-06,1718,1
2024-06,1719,1
2024-06,1722,3
2024-06,1724,1
2024-06,1725,1
2024-06,1726,2
2024-06,1727,1
2024-06,1728,3
2024-06,1730,3
2024-06,1731,1
2024-06,1732,1
2024-06,1733,1
2024-06,1737,1
2024-06,1738,1
2024-06,1739,1
2024-06,1740,2
2024-06,1741,1
2024-06,1742,1
2024-06,1743,1
2024-06,1744,1
2024-06,1745,1
2024-06,1746,1
2024-06,1747,1
2024-06,1749,1
2024-06,1750,1
2024-06,1751,1
2024-06,1752,3
2024-06,1753,1
2024-06,1754,1
2024-06,1755,3
2024-06,1756,1
2024-06,1757,3
2024-06,1758,2
2024-06,1759,3
2024-06,1760,1
2024-06,1761,1
2024-06,1762,1
2024-06,1764,2
2024-06,1765,2
2024-06,1766,3
2024-06,1768,3
2024-06,1769,1
2024-06,1770,3
2024-06,1771,1
2024-06,1773,1
2024-06,1774,3
2024-06,1775,1
2024-06,1776,3
2024-06,1777,1
2024-06,1778,3
2024-06,1780,3
2024-06,1781,1
2024-06,1782,3
2024-06,1783,5
2024-06,1784,1
2024-06,1785,3
2024-06,1786,3
2024-06,1787,2
2024-06,1788,3
2024-06,1845,2
2024-06,1846,3
2024-06,1848,1
2024-06,1849,1
2024-06,1850,1
2024-06,1851,1
2024-06,1852,1
2024-06,1853,1
2024-06,1854,1
2024-06,1855,1
2024-06,1856,1
2024-06,1857,1
2024-06,1858,3
2024-06,1859,3
2024-06,1860,1
2024-06,1861,3
2024-06,1862,1
2024-06,1863,2
2024-06,1864,1
2024-06,1865,1
2024-06,1868,3
2024-06,1869,3
2024-06,1870,1
2024-06,1871,1
2024-06,1872,1
2024-06,1873,1
2024-06,1874,5
2024-06,1875,2
2024-06,1876,2
2024-06,1877,2
2024-06,1878,3
2024-06,1879,2
2024-06,1880,3
2024-06,1881,2
2024-06,1883,2
2024-06,1884,3
2024-06,1885,3
2024-06,1886,3
2024-06,1887,1
2024-06,1888,3
2024-06,1889,3
2024-06,1890,5
2024-06,1891,1
2024-06,1892,1
2024-06,1893,1
2024-06,1894,3
2024-06,1895,3
2024-06,1896,1
2024-06,1897,1
2024-06,1898,3
2024-06,1899,3
2024-06,1900,3
2024-06,1901,3
2024-06,1902,3
2024-06,1903,3
2024-06,1904,3
2024-06,1905,2
2024-06,1906,2
2024-06,1907,1
2024-06,1908,1
2024-06,1909,1
2024-06,1910,1
2024-06,1912,3
2024-06,1915,1
2024-06,1916,1
2024-06,1917,1
2024-06,1918,1
2024-06,1919,2
2024-06,1920,2
2024-06,1921,1
2024-06,1922,2
2024-06,1923,3
2024-06,1924,1
2024-06,1925,3
2024-06,1926,1
2024-06,1927,1
2024-06,1928,1
2024-06,1929,1
2024-06,1930,1
2024-06,1931,3
2024-06,1932,1
2024-06,1933,1
2024-06,1934,3
2024-06,1935,1
2024-06,1936,2
2024-06,1937,1
2024-06,1938,1
2024-06,1939,1
2024-06,1940,1
2024-06,1941,1
2024-06,1942,1
2024-06,1943,3
2024-06,1944,1
2024-06,1945,1
2024-06,1947,3
2024-06,1948,3
2024-06,1949,1
2024-06,1950,3
2024-06,1951,3
2024-06,1952,2
2024-06,1954,3
2024-06,1955,2
2024-06,1956,4
2024-06,1957,4
2024-06,1958,4
2024-06,1959,4
2024-06,1960,3
2024-06,1961,4
2024-06,1962,4
2024-06,1963,4
2024-06,1965,3
2024-06,1966,4
2024-06,1967,4
2024-06,1968,4
2024-06,1969,4
2024-06,1970,4
2024-06,1971,5
2024-06,1972,3
2024-06,1973,3
2024-06,1974,2
2024-06,1975,3
2024-06,1976,3
2024-06,1977,5
2024-06,1978,3
2024-06,1979,5
2024-06,1980,3
2024-06,1981,3
2024-06,1982,3
2024-06,1983,3
2024-06,1984,3
2024-06,1985,2
2024-06,1986,2
2024-06,1987,3
2024-06,1988,3
2024-06,1989,3
2024-06,1990,3
2024-06,1991,3
2024-06,1992,3
2024-06,1993,2
2024-06,1994,3
2024-06,1995,2
2024-06,1996,3
2024-06,1997,3
2024-06,1999,3
2024-06,2000,2
2024-06,2001,3
2024-06,2002,3
2024-06,2004,2
2024-06,2005,2
2024-06,2006,2
2024-06,2007,3
2024-06,2008,3
2024-06,2009,3
2024-06,2010,3
2024-06,2011,3
2024-06,2012,3
2024-06,2015,3
2024-06,2017,1
2024-06,2018,3
2024-06,2019,3
2024-06,2021,3
2024-06,2022,3
2024-06,2023,3
2024-06,2024,2
2024-06,2025,2
2024-06,2027,3
2024-06,2028,3
2024-06,2030,3
2024-06,2031,3
2024-06,2032,2
2024-06,2033,2
2024-06,2034,3
2024-06,2035,3
2024-06,2036,3
2024-06,2037,3
2024-06,2039,3
2024-06,2040,2
2024-06,2041,3
2024-06,2042,3
2024-06,2043,1
2024-06,2044,2
2024-06,2045,2
2024-06,2046,3
2024-06,2047,2
2024-06,2048,2
2024-06,2049,1
2024-06,2050,1
2024-06,2051,3
2024-06,2052,3
2024-06,2053,1
2024-06,2054,1
2024-06,2055,3
2024-06,2056,1
2024-06,2057,1
2024-06,2058,1
2024-06,2059,3
2024-06,2060,2
2024-06,2061,1
2024-06,2062,3
2024-06,2063,2
2024-06,2064,3
2024-06,2065,1
2024-06,2066,1
2024-06,2067,1
2024-06,2068,1
2024-06,2069,3
2024-06,2070,3
2024-06,2072,1
2024-06,2073,3
2024-06,2074,2
2024-06,2075,1
2024-06,2076,1
2024-06,2077,1
2024-06,2078,1
2024-06,2079,1
2024-06,2080,1
2024-06,2081,1
2024-06,2082,1
2024-06,2085,1
2024-06,2087,1
2024-06,2088,1
2024-06,2089,1
2024-06,2090,1
2024-06,2091,1
2024-06,2093,1
2024-06,2094,1
2024-06,2095,1
2024-06,2096,1
2024-06,2098,1
2024-06,2100,1
2024-06,2101,2
2024-06,2105,3
2024-06,2108,2
2024-06,2109,3
2024-06,2110,1
2024-06,2111,3
2024-06,2112,3
2024-06,2113,1
2024-06,2114,3
2024-06,2116,1
2024-06,2117,1
2024-06,2118,1
2024-06,2119,5
2024-06,2120,3
2024-06,2121,1
2024-06,2122,3
2024-06,2124,2
2024-06,2125,1
2024-06,2126,3
2024-06,2127,1
2024-06,2128,1
2024-06,2129,1
2024-06,2130,2
2024-06,2131,3
2024-06,2132,1
2024-06,2133,1
2024-06,2134,3
2024-06,2136,1
2024-06,2137,1
2024-06,2138,1
2024-06,2139,1
2024-06,2140,1
2024-06,2142,1
2024-06,2143,1
2024-06,2144,5
2024-06,2145,3
2024-06,2146,3
2024-06,2148,3
2024-06,2149,3
2024-06,2150,3
2024-06,2151,3
2024-06,2152,1
2024-06,2153,3
2024-06,2154,3
2024-06,2155,3
2024-06,2156,1
2024-06,2157,3
2024-06,2158,3
2024-06,2159,1
2024-06,2160,1
2024-06,2161,5
2024-06,2162,1
2024-06,2163,3
2024-06,2164,5
2024-06,2165,2
2024-06,2167,2
2024-06,2168,2
2024-06,2169,2
2024-06,2171,3
2024-06,2172,1
2024-06,2173,3
2024-06,2174,3
2024-06,2175,1
2024-06,2176,3
2024-06,2177,2
2024-06,2178,3
2024-06,2179,3
2024-06,2180,3
2024-06,2181,1
2024-06,2182,1
2024-06,2183,3
2024-06,2184,1
2024-06,2185,1
2024-06,2186,3
2024-06,2187,3
2024-06,2188,2
2024-06,2189,3
2024-06,2190,5
2024-06,2191,2
2024-06,2192,2
2024-06,2193,2
2024-06,2194,2
2024-06,2195,2
2024-06,2196,1
2024-06,2197,1
2024-06,2198,1
2024-06,2199,3
2024-06,2200,1
2024-06,2201,1
2024-06,2202,3
2024-06,2203,2
2024-06,2204,3
2024-06,2205,1
2024-06,2206,1
2024-06,2207,1
2024-06,2208,2
2024-06,2210,5
2024-06,2211,3
2024-06,2212,3
2024-06,2213,1
2024-06,2215,3
2024-06,2216,5
2024-06,2217,5
2024-06,2218,4
2024-06,2219,4
2024-06,2220,5
2024-06,2221,5
2024-06,2222,4
2024-06,2223,3
2024-06,2224,5
2024-06,2225,3
2024-06,2226,5
2024-06,2227,5
2024-06,2228,5
2024-06,2229,4
2024-06,2230,3
2024-06,2231,3
2024-06,2232,4
2024-06,2233,3
2024-06,2234,3
2024-06,2235,2
2024-06,2236,4
2024-06,2237,2
2024-06,2238,5
2024-06,2241,4
2024-06,2242,5
2024-06,2243,5
2024-06,2244,4
2024-06,2245,4
2024-06,2248,4
2024-06,2249,4
2024-06,2250,4
2024-06,2251,2
2024-06,2252,2
2024-06,2253,3
2024-06,2254,1
2024-06,2255,1
2024-06,2256,1
2024-06,2257,1
2024-06,2258,1
2024-06,2259,1
2024-06,2260,1
2024-06,2262,1
2024-06,2264,1
2024-06,2265,1
2024-06,2266,1
2024-06,2267,1
2024-06,2268,1
2024-06,2269,1
2024-06,2270,1
2024-06,2271,1
2024-06,2272,3
2024-06,2274,1
2024-06,2275,5
2024-06,2276,3
2024-06,2278,3
2024-06,2279,2
2024-06,2280,2
2024-06,2281,2
2024-06,2282,2
2024-06,2286,2
2024-06,2287,3
2024-06,2288,2
2024-06,2289,2
2024-06,2292,3
2024-06,2293,3
2024-06,2294,3
2024-06,2295,1
2024-06,2296,3
2024-06,2297,3
2024-06,2298,3
2024-06,2299,3
2024-06,2300,3
2024-06,2301,1
2024-06,2302,3
2024-06,2303,3
2024-06,2304,3
2024-06,2305,1
2024-06,2307,3
2024-06,2308,3
2024-06,2309,3
2024-06,2310,3
2024-06,2311,3
2024-06,2312,5
2024-06,2314,3
2024-06,2315,3
2024-06,2316,3
2024-06,2317,3
2024-06,2318,2
2024-06,2320,2
2024-06,2321,3
2024-06,2322,1
2024-06,2323,1
2024-06,2324,3
2024-06,2325,3
2024-06,2326,3
2024-06,2327,3
2024-06,2328,3
2024-06,2329,3
2024-06,2330,3
2024-06,2332,3
2024-06,2333,3
2024-06,2334,3
2024-06,2335,3
2024-06,2336,3
2024-06,2337,2
2024-06,2338,2
2024-06,2339,3
2024-06,2340,3
2024-06,2341,4
2024-06,2342,3
2024-06,2343,3
2024-06,2344,5
2024-06,2345,4
2024-06,2348,4
2024-06,2349,4
2024-06,2351,5
2024-06,2352,5
2024-06,2353,5
2024-06,2354,5
2024-06,2355,5
2024-06,2356,5
2024-06,2357,5
2024-06,2358,5
2024-06,2359,5
2024-06,2360,5
2024-06,2361,5
2024-06,2362,5
2024-06,2363,5
2024-06,2364,5
2024-06,2365,5
2024-06,2366,5
2024-06,2367,5
2024-06,2368,5
2024-06,2369,5
2024-06,2370,5
2024-06,2371,5
2024-06,2372,5
2024-06,2373,5
2024-06,2374,5
2024-06,2375,5
2024-06,2376,5
2024-06,2377,5
2024-06,2378,5
2024-06,2379,5
2024-06,2380,5
2024-06,2381,5
2024-06,2382,5
2024-06,2383,5
2024-06,2384,5
2024-06,2385,5
2024-06,2386,5
2024-06,2387,5
2024-06,2388,5
2024-06,2389,5
2024-06,2390,5
2024-06,2391,5
2024-06,2392,5
2024-06,2393,5
2024-06,2395,5
2024-06,2398,5
2024-06,2399,5
2024-06,2400,5
2024-06,2401,5
2024-06,2402,5
2024-06,2403,5
2024-06,2404,5
2024-06,2405,5
2024-06,2406,5
2024-06,2407,5
2024-06,2408,5
2024-06,2409,5
2024-06,2410,5
2024-06,2411,5
2024-06,2412,5
2024-06,2416,5
2024-06,2422,5
2024-06,2423,5
2024-06,2424,5
2024-06,2425,5
2024-06,2426,5
2024-06,2427,5
2024-06,2428,5
2024-06,2429,5
2024-06,2430,5
2024-06,2431,5
2024-06,2432,5
2024-06,2433,5
2024-06,2434,5
2024-06,2435,5
2024-06,2436,5
2024-06,2437,5
2024-06,2439,5
2024-06,2440,5
2024-06,2441,5
2024-06,2442,5
2024-06,2443,5
2024-06,2444,5
2024-06,2445,5
2024-06,2446,5
2024-06,2447,5
2024-06,2449,5
2024-06,2450,5
2024-06,2451,5
2024-06,2452,5
2024-06,2453,5
2024-06,2454,5
2024-06,2455,5
2024-06,2456,5
2024-06,2457,5
2024-06,2458,5
2024-06,2459,5
2024-06,2460,5
2024-06,2461,5
2024-06,2462,5
2024-06,2463,5
2024-06,2464,5
2024-06,2465,5
2024-06,2466,5
2024-06,2467,5
2024-06,2468,5
2024-06,2469,5
2024-06,2470,5
2024-06,2471,5
2024-06,2472,5
2024-06,2473,5
2024-06,2474,5
2024-06,2475,5
2024-06,2476,5
2024-06,2477,5
2024-06,2478,5
2024-06,2479,5
2024-06,2480,5
2024-06,2481,5
2024-06,2482,5
2024-06,2483,5
2024-06,2484,5
2024-06,2485,5
2024-06,2486,5
2024-06,2487,5
2024-06,2488,5
2024-06,2489,5
2024-06,2490,5
2024-06,2491,5
2024-06,2492,5
2024-06,2493,5
2024-06,2494,5
2024-06,2495,5
2024-06,2496,5
2024-06,2497,5
2024-06,2498,5
2024-06,2499,5
2024-06,2500,5
2024-06,2501,5
2024-06,2502,5
2024-06,2503,5
2024-06,2504,5
2024-06,2505,5
2024-06,2506,5
2024-06,2507,5
2024-06,2508,5
2024-06,2509,5
2024-06,2510,5
2024-06,2511,5
2024-06,2512,5
2024-06,2513,5
2024-06,2514,5
2024-06,2515,5
2024-06,2516,5
2024-06,2517,5
2024-06,2518,5
2024-06,2519,5
2024-06,2520,5
2024-06,2521,5
2024-06,2522,5
2024-06,2523,5
2024-06,2524,5
2024-06,2525,5
2024-06,2526,5
2024-06,2527,5
2024-06,2528,5
2024-06,2529,5
2024-06,2530,5
2024-06,2531,5
2024-06,2532,5
2024-06,2533,5
2024-06,2534,5
2024-06,2535,5
2024-06,2536,5
2024-06,2537,5
2024-06,2538,5
2024-06,2539,5
2024-06,2540,5
2024-06,2541,5
2024-06,2542,5
2024-06,2543,5
2024-06,2544,5
2024-06,2545,5
2024-06,2546,5
2024-06,2547,5
2024-06,2548,5
2024-06,2549,5
2024-06,2550,5
2024-06,2551,5
2024-06,2552,5
2024-06,2553,5
2024-06,2554,5
2024-06,2555,5
2024-06,2556,5
2024-06,2557,5
2024-06,2558,5
2024-06,2559,5
2024-06,2560,5
2024-06,2561,5
2024-06,2562,5
2024-06,2563,5
2024-06,2564,5
2024-06,2565,5
2024-06,2566,5
2024-06,2567,5
2024-06,2568,5
2024-06,2569,5
2024-06,2570,5
2024-06,2571,5
2024-06,2572,5
2024-06,2573,5
2024-06,2574,5
2024-06,2575,5
2024-06,2576,5
2024-06,2577,5
2024-06,2578,5
2024-06,2579,5
2024-06,2580,5
2024-06,2581,5
2024-06,2582,5
2024-06,2583,5
2024-06,2584,5
2024-06,2585,5
2024-06,2586,5
2024-06,2587,5
2024-06,2588,5
2024-06,2589,5
2024-06,2590,5
2024-06,2591,5
2024-06,2592,5
2024-06,2593,2
2024-06,2595,5
2024-06,2596,5
2024-06,2597,5
2024-06,2598,2
2024-06,2599,5
2024-06,2600,5
2024-06,2601,5
2024-06,2602,5
2024-06,2604,5
2024-06,2605,5
2024-06,2606,5
2024-06,2607,5
2024-06,2618,1
2024-06,2619,2
2024-06,2620,2
2024-06,2621,2
2024-06,2644,5
2024-06,2646,5
2024-06,2647,2
2024-06,2648,5
2024-06,2649,5
2024-06,2651,5
2024-06,2652,5
2024-06,2710,2
2024-06,2808,5
2024-06,2809,2
2024-06,2813,3
2024-06,2814,5
2024-06,2872,4
2024-06,2876,5
2024-06,2879,5
2024-06,2880,4
2024-06,2881,2
2024-06,2882,4
2024-06,2883,2
2024-06,2884,2
2024-06,2885,2
2024-06,2886,3
2024-06,2887,2
2024-06,3005,2
2024-06,3007,2
2024-06,3009,2
2024-06,3011,2
2024-06,3012,3
2024-06,3013,5
2024-07,1,2
2024-07,2,1
2024-07,3,3
2024-07,4,2
2024-07,5,1
2024-07,6,2
2024-07,7,5
2024-07,8,2
2024-07,9,1
2024-07,10,2
2024-07,11,2
2024-07,12,2
2024-07,13,2
2024-07,14,2
2024-07,15,2
2024-07,16,2
2024-07,17,2
2024-07,18,2
2024-07,19,1
2024-07,20,2
2024-07,21,5
2024-07,22,3
2024-07,23,2
2024-07,25,2
2024-07,26,2
2024-07,27,2
2024-07,28,2
2024-07,29,2
2024-07,30,2
2024-07,31,1
2024-07,32,3
2024-07,33,1
2024-07,34,1
2024-07,35,2
2024-07,36,1
2024-07,37,1
2024-07,38,2
2024-07,39,2
2024-07,40,2
2024-07,41,1
2024-07,42,2
2024-07,43,3
2024-07,44,2
2024-07,45,2
2024-07,46,2
2024-07,47,1
2024-07,48,1
2024-07,49,3
2024-07,50,2
2024-07,51,2
2024-07,52,1
2024-07,53,2
2024-07,54,1
2024-07,55,2
2024-07,56,1
2024-07,57,2
2024-07,58,1
2024-07,59,2
2024-07,60,2
2024-07,61,2
2024-07,62,2
2024-07,63,1
2024-07,65,3
2024-07,66,2
2024-07,67,2
2024-07,68,1
2024-07,69,1
2024-07,70,3
2024-07,71,2
2024-07,72,1
2024-07,73,2
2024-07,74,2
2024-07,75,2
2024-07,76,2
2024-07,77,2
2024-07,78,1
2024-07,79,2
2024-07,80,1
2024-07,81,2
2024-07,82,1
2024-07,83,2
2024-07,167,2
2024-07,168,2
2024-07,169,1
2024-07,173,1
2024-07,181,1
2024-07,184,3
2024-07,185,1
2024-07,188,1
2024-07,191,1
2024-07,194,2
2024-07,195,1
2024-07,196,2
2024-07,198,1
2024-07,201,2
2024-07,203,1
2024-07,204,1
2024-07,205,2
2024-07,206,5
2024-07,207,5
2024-07,208,3
2024-07,209,2
2024-07,210,3
2024-07,211,3
2024-07,212,2
2024-07,213,3
2024-07,214,3
2024-07,215,3
2024-07,216,3
2024-07,217,3
2024-07,218,2
2024-07,219,3
2024-07,220,3
2024-07,221,3
2024-07,222,3
2024-07,223,3
2024-07,224,2
2024-07,225,4
2024-07,226,3
2024-07,227,4
2024-07,228,4
2024-07,229,4
2024-07,230,3
2024-07,231,3
2024-07,232,3
2024-07,233,3
2024-07,234,3
2024-07,235,3
2024-07,236,3
2024-07,237,3
2024-07,238,3
2024-07,239,3
2024-07,240,3
2024-07,241,3
2024-07,242,3
2024-07,243,3
2024-07,269,2
2024-07,270,3
2024-07,271,3
2024-07,272,2
2024-07,273,1
2024-07,274,1
2024-07,275,1
2024-07,276,3
2024-07,277,3
2024-07,278,2
2024-07,279,3
2024-07,280,3
2024-07,281,3
2024-07,282,3
2024-07,283,3
2024-07,284,3
2024-07,285,1
2024-07,287,1
2024-07,288,1
2024-07,289,1
2024-07,290,1
2024-07,292,1
2024-07,293,1
2024-07,294,1
2024-07,295,1
2024-07,296,1
2024-07,297,1
2024-07,298,1
2024-07,300,1
2024-07,301,2
2024-07,302,1
2024-07,303,3
2024-07,304,1
2024-07,305,1
2024-07,306,1
2024-07,307,1
2024-07,308,3
2024-07,309,5
2024-07,312,4
2024-07,314,2
2024-07,316,4
2024-07,317,2
2024-07,318,4
2024-07,319,4
2024-07,320,2
2024-07,321,2
2024-07,323,4
2024-07,324,2
2024-07,325,4
2024-07,326,2
2024-07,327,4
2024-07,329,2
2024-07,330,4
2024-07,331,4
2024-07,332,4
2024-07,333,4
2024-07,334,4
2024-07,335,4
2024-07,336,2
2024-07,337,2
2024-07,338,4
2024-07,339,2
2024-07,340,4
2024-07,341,4
2024-07,342,2
2024-07,343,2
2024-07,345,2
2024-07,346,2
2024-07,347,2
2024-07,348,2
2024-07,349,1
2024-07,351,2
2024-07,352,2
2024-07,354,5
2024-07,355,2
2024-07,356,3
2024-07,357,2
2024-07,358,1
2024-07,359,2
2024-07,360,3
2024-07,361,1
2024-07,362,2
2024-07,363,1
2024-07,364,1
2024-07,365,1
2024-07,366,3
2024-07,367,1
2024-07,368,2
2024-07,369,1
2024-07,370,2
2024-07,371,2
2024-07,372,1
2024-07,373,2
2024-07,374,2
2024-07,375,2
2024-07,376,1
2024-07,377,3
2024-07,378,2
2024-07,379,2
2024-07,380,2
2024-07,381,1
2024-07,382,3
2024-07,383,3
2024-07,384,1
2024-07,385,2
2024-07,386,1
2024-07,387,2
2024-07,388,2
2024-07,390,1
2024-07,391,1
2024-07,392,1
2024-07,393,3
2024-07,395,1
2024-07,396,1
2024-07,397,2
2024-07,398,3
2024-07,401,2
2024-07,402,2
2024-07,403,2
2024-07,404,2
2024-07,405,2
2024-07,408,2
2024-07,410,2
2024-07,413,2
2024-07,414,2
2024-07,416,2
2024-07,418,5
2024-07,419,2
2024-07,420,2
2024-07,421,2
2024-07,422,2
2024-07,423,1
2024-07,424,3
2024-07,425,1
2024-07,428,1
2024-07,429,1
2024-07,430,2
2024-07,431,1
2024-07,432,3
2024-07,433,1
2024-07,434,1
2024-07,435,1
2024-07,436,1
2024-07,437,1
2024-07,438,1
2024-07,440,2
2024-07,441,1
2024-07,442,1
2024-07,443,2
2024-07,444,1
2024-07,445,1
2024-07,446,1
2024-07,447,1
2024-07,448,2
2024-07,449,3
2024-07,450,2
2024-07,451,3
2024-07,452,2
2024-07,453,2
2024-07,455,2
2024-07,456,1
2024-07,457,1
2024-07,458,2
2024-07,459,2
2024-07,460,2
2024-07,478,2
2024-07,479,1
2024-07,480,2
2024-07,481,2
2024-07,482,3
2024-07,484,3
2024-07,485,1
2024-07,486,1
2024-07,487,1
2024-07,489,3
2024-07,490,1
2024-07,491,3
2024-07,492,1
2024-07,493,1
2024-07,494,3
2024-07,495,1
2024-07,496,3
2024-07,497,3
2024-07,498,2
2024-07,499,1
2024-07,501,3
2024-07,502,1
2024-07,503,3
2024-07,504,5
2024-07,505,2
2024-07,506,2
2024-07,507,2
2024-07,508,2
2024-07,509,2
2024-07,510,2
2024-07,511,3
2024-07,512,3
2024-07,515,2
2024-07,516,1
2024-07,517,2
2024-07,518,3
2024-07,519,3
2024-07,520,1
2024-07,521,1
2024-07,522,3
2024-07,523,1
2024-07,524,1
2024-07,525,3
2024-07,527,3
2024-07,528,3
2024-07,529,1
2024-07,530,3
2024-07,531,3
2024-07,532,1
2024-07,533,1
2024-07,534,3
2024-07,535,2
2024-07,536,1
2024-07,537,3
2024-07,538,3
2024-07,539,1
2024-07,540,1
2024-07,541,1
2024-07,542,3
2024-07,543,3
2024-07,544,1
2024-07,545,3
2024-07,546,1
2024-07,547,1
2024-07,548,3
2024-07,549,1
2024-07,550,1
2024-07,552,3
2024-07,553,1
2024-07,554,2
2024-07,555,1
2024-07,556,1
2024-07,557,1
2024-07,558,1
2024-07,559,3
2024-07,560,3
2024-07,561,3
2024-07,562,1
2024-07,563,1
2024-07,564,1
2024-07,565,3
2024-07,566,1
2024-07,567,1
2024-07,568,3
2024-07,569,1
2024-07,570,1
2024-07,571,1
2024-07,572,3
2024-07,574,3
2024-07,578,1
2024-07,579,2
2024-07,580,2
2024-07,581,2
2024-07,582,4
2024-07,583,1
2024-07,584,3
2024-07,585,3
2024-07,586,2
2024-07,587,2
2024-07,588,3
2024-07,589,2
2024-07,591,2
2024-07,592,2
2024-07,593,2
2024-07,594,2
2024-07,595,2
2024-07,598,2
2024-07,599,3
2024-07,600,2
2024-07,601,2
2024-07,602,1
2024-07,603,3
2024-07,604,2
2024-07,605,2
2024-07,606,2
2024-07,607,2
2024-07,608,5
2024-07,612,5
2024-07,613,4
2024-07,614,4
2024-07,615,4
2024-07,616,4
2024-07,618,4
2024-07,619,4
2024-07,621,4
2024-07,666,5
2024-07,667,2
2024-07,668,3
2024-07,669,3
2024-07,670,2
2024-07,671,3
2024-07,674,2
2024-07,675,2
2024-07,676,2
2024-07,677,2
2024-07,678,4
2024-07,679,2
2024-07,680,2
2024-07,683,1
2024-07,685,2
2024-07,686,2
2024-07,687,3
2024-07,689,3
2024-07,690,3
2024-07,691,3
2024-07,692,1
2024-07,693,2
2024-07,694,3
2024-07,695,3
2024-07,696,1
2024-07,697,3
2024-07,698,1
2024-07,699,1
2024-07,701,1
2024-07,702,3
2024-07,703,3
2024-07,704,3
2024-07,705,3
2024-07,706,1
2024-07,708,3
2024-07,710,3
2024-07,711,1
2024-07,712,1
2024-07,713,1
2024-07,714,3
2024-07,715,1
2024-07,716,4
2024-07,717,3
2024-07,718,4
2024-07,719,1
2024-07,720,4
2024-07,721,1
2024-07,722,3
2024-07,723,3
2024-07,725,2
2024-07,726,4
2024-07,727,5
2024-07,731,2
2024-07,734,3
2024-07,735,2
2024-07,736,3
2024-07,737,1
2024-07,738,2
2024-07,739,3
2024-07,741,3
2024-07,742,3
2024-07,743,3
2024-07,744,3
2024-07,745,3
2024-07,746,3
2024-07,747,3
2024-07,748,2
2024-07,749,1
2024-07,751,3
2024-07,752,3
2024-07,753,3
2024-07,754,3
2024-07,755,3
2024-07,756,3
2024-07,757,2
2024-07,758,1
2024-07,760,1
2024-07,761,1
2024-07,763,2
2024-07,764,3
2024-07,765,1
2024-07,766,2
2024-07,767,3
2024-07,769,3
2024-07,770,1
2024-07,771,1
2024-07,773,3
2024-07,774,3
2024-07,775,5
2024-07,776,2
2024-07,777,5
2024-07,778,4
2024-07,779,3
2024-07,780,3
2024-07,781,3
2024-07,782,5
2024-07,783,3
2024-07,784,2
2024-07,785,5
2024-07,787,3
2024-07,788,3
2024-07,789,2
2024-07,790,2
2024-07,791,3
2024-07,792,3
2024-07,793,3
2024-07,794,2
2024-07,795,3
2024-07,796,2
2024-07,797,3
2024-07,798,3
2024-07,799,3
2024-07,800,2
2024-07,801,2
2024-07,802,3
2024-07,803,3
2024-07,804,3
2024-07,805,3
2024-07,806,3
2024-07,807,3
2024-07,808,3
2024-07,809,5
2024-07,810,1
2024-07,811,2
2024-07,812,5
2024-07,813,2
2024-07,814,1
2024-07,815,3
2024-07,817,3
2024-07,818,2
2024-07,819,2
2024-07,820,2
2024-07,821,1
2024-07,822,1
2024-07,823,1
2024-07,824,5
2024-07,825,1
2024-07,826,1
2024-07,827,1
2024-07,828,1
2024-07,829,1
2024-07,830,2
2024-07,831,3
2024-07,832,1
2024-07,833,1
2024-07,834,1
2024-07,835,1
2024-07,836,1
2024-07,838,1
2024-07,839,1
2024-07,840,1
2024-07,841,2
2024-07,842,5
2024-07,843,5
2024-07,844,3
2024-07,846,3
2024-07,847,4
2024-07,848,4
2024-07,849,3
2024-07,851,3
2024-07,852,3
2024-07,853,4
2024-07,854,4
2024-07,855,2
2024-07,856,4
2024-07,857,4
2024-07,859,3
2024-07,860,5
2024-07,870,2
2024-07,871,2
2024-07,872,5
2024-07,873,3
2024-07,874,3
2024-07,875,4
2024-07,876,2
2024-07,877,3
2024-07,878,3
2024-07,879,2
2024-07,880,3
2024-07,881,3
2024-07,882,3
2024-07,883,3
2024-07,884,4
2024-07,885,3
2024-07,886,3
2024-07,888,4
2024-07,889,2
2024-07,890,5
2024-07,891,3
2024-07,892,2
2024-07,895,3
2024-07,896,5
2024-07,897,2
2024-07,898,3
2024-07,899,3
2024-07,900,1
2024-07,901,3
2024-07,902,3
2024-07,903,3
2024-07,904,3
2024-07,905,3
2024-07,907,3
2024-07,908,3
2024-07,909,3
2024-07,911,3
2024-07,912,2
2024-07,913,2
2024-07,914,1
2024-07,915,3
2024-07,916,4
2024-07,917,4
2024-07,918,2
2024-07,920,1
2024-07,922,1
2024-07,923,3
2024-07,924,1
2024-07,925,1
2024-07,926,1
2024-07,927,2
2024-07,928,2
2024-07,929,1
2024-07,930,1
2024-07,986,2
2024-07,987,3
2024-07,988,2
2024-07,989,2
2024-07,991,2
2024-07,992,2
2024-07,993,3
2024-07,994,3
2024-07,995,3
2024-07,996,2
2024-07,998,3
2024-07,999,3
2024-07,1001,2
2024-07,1002,3
2024-07,1003,3
2024-07,1004,3
2024-07,1005,2
2024-07,1006,3
2024-07,1007,2
2024-07,1008,2
2024-07,1009,2
2024-07,1010,2
2024-07,1011,1
2024-07,1012,1
2024-07,1013,1
2024-07,1014,1
2024-07,1015,3
2024-07,1016,1
2024-07,1017,1
2024-07,1018,1
2024-07,1019,1
2024-07,1020,3
2024-07,1021,1
2024-07,1023,1
2024-07,1024,1
2024-07,1025,1
2024-07,1026,1
2024-07,1027,1
2024-07,1028,1
2024-07,1029,1
2024-07,1030,1
2024-07,1031,1
2024-07,1032,1
2024-07,1033,1
2024-07,1034,1
2024-07,1035,1
2024-07,1036,1
2024-07,1037,1
2024-07,1038,1
2024-07,1039,2
2024-07,1040,3
2024-07,1041,1
2024-07,1044,1
2024-07,1047,2
2024-07,1048,2
2024-07,1049,3
2024-07,1051,2
2024-07,1052,3
2024-07,1053,1
2024-07,1054,2
2024-07,1055,2
2024-07,1056,3
2024-07,1057,3
2024-07,1058,3
2024-07,1059,2
2024-07,1060,3
2024-07,1061,2
2024-07,1062,2
2024-07,1063,3
2024-07,1064,1
2024-07,1065,2
2024-07,1066,3
2024-07,1067,1
2024-07,1068,3
2024-07,1069,3
2024-07,1070,3
2024-07,1071,2
2024-07,1072,3
2024-07,1107,2
2024-07,1108,3
2024-07,1109,2
2024-07,1110,3
2024-07,1111,3
2024-07,1112,3
2024-07,1113,3
2024-07,1115,3
2024-07,1116,3
2024-07,1117,2
2024-07,1118,3
2024-07,1119,3
2024-07,1120,3
2024-07,1121,3
2024-07,1122,3
2024-07,1123,3
2024-07,1124,3
2024-07,1125,3
2024-07,1126,1
2024-07,1127,3
2024-07,1128,3
2024-07,1129,3
2024-07,1130,3
2024-07,1131,3
2024-07,1132,3
2024-07,1133,1
2024-07,1134,5
2024-07,1135,2
2024-07,1136,2
2024-07,1137,2
2024-07,1138,2
2024-07,1139,2
2024-07,1140,2
2024-07,1141,2
2024-07,1142,2
2024-07,1143,3
2024-07,1144,1
2024-07,1146,3
2024-07,1147,2
2024-07,1148,2
2024-07,1149,2
2024-07,1150,5
2024-07,1151,3
2024-07,1152,4
2024-07,1153,2
2024-07,1154,3
2024-07,1155,2
2024-07,1157,3
2024-07,1158,3
2024-07,1159,2
2024-07,1160,3
2024-07,1161,3
2024-07,1163,3
2024-07,1164,3
2024-07,1165,4
2024-07,1166,3
2024-07,1167,3
2024-07,1168,3
2024-07,1169,2
2024-07,1170,2
2024-07,1171,2
2024-07,1172,2
2024-07,1173,2
2024-07,1174,3
2024-07,1175,2
2024-07,1176,5
2024-07,1178,3
2024-07,1179,3
2024-07,1180,3
2024-07,1181,2
2024-07,1184,3
2024-07,1185,3
2024-07,1186,5
2024-07,1187,3
2024-07,1188,5
2024-07,1189,1
2024-07,1190,5
2024-07,1191,2
2024-07,1192,2
2024-07,1193,3
2024-07,1194,3
2024-07,1195,1
2024-07,1196,1
2024-07,1197,2
2024-07,1198,2
2024-07,1200,3
2024-07,1201,1
2024-07,1203,3
2024-07,1204,1
2024-07,1205,1
2024-07,1206,3
2024-07,1207,2
2024-07,1208,1
2024-07,1209,1
2024-07,1210,1
2024-07,1211,3
2024-07,1212,2
2024-07,1213,3
2024-07,1214,3
2024-07,1215,1
2024-07,1217,1
2024-07,1218,1
2024-07,1219,3
2024-07,1220,1
2024-07,1221,2
2024-07,1222,1
2024-07,1223,1
2024-07,1224,5
2024-07,1225,2
2024-07,1226,2
2024-07,1227,2
2024-07,1228,2
2024-07,1229,2
2024-07,1230,2
2024-07,1231,2
2024-07,1232,3
2024-07,1233,2
2024-07,1234,2
2024-07,1235,2
2024-07,1236,2
2024-07,1237,3
2024-07,1238,2
2024-07,1240,2
2024-07,1241,2
2024-07,1242,1
2024-07,1243,2
2024-07,1244,3
2024-07,1246,2
2024-07,1249,2
2024-07,1250,2
2024-07,1251,1
2024-07,1252,3
2024-07,1253,1
2024-07,1254,2
2024-07,1256,3
2024-07,1257,3
2024-07,1258,2
2024-07,1259,3
2024-07,1260,2
2024-07,1261,3
2024-07,1262,3
2024-07,1264,1
2024-07,1265,3
2024-07,1266,1
2024-07,1267,1
2024-07,1268,1
2024-07,1269,1
2024-07,1270,3
2024-07,1271,1
2024-07,1272,1
2024-07,1273,1
2024-07,1274,1
2024-07,1275,2
2024-07,1276,3
2024-07,1277,3
2024-07,1278,3
2024-07,1279,1
2024-07,1280,3
2024-07,1281,3
2024-07,1282,1
2024-07,1284,3
2024-07,1285,3
2024-07,1286,3
2024-07,1287,3
2024-07,1288,3
2024-07,1289,1
2024-07,1290,3
2024-07,1291,1
2024-07,1292,3
2024-07,1293,3
2024-07,1294,3
2024-07,1295,3
2024-07,1296,1
2024-07,1297,1
2024-07,1298,3
2024-07,1299,1
2024-07,1300,3
2024-07,1301,3
2024-07,1302,3
2024-07,1303,2
2024-07,1304,3
2024-07,1305,3
2024-07,1306,3
2024-07,1308,1
2024-07,1309,1
2024-07,1310,2
2024-07,1311,1
2024-07,1312,3
2024-07,1313,1
2024-07,1314,1
2024-07,1315,2
2024-07,1316,3
2024-07,1317,1
2024-07,1319,1
2024-07,1320,1
2024-07,1321,3
2024-07,1322,1
2024-07,1323,1
2024-07,1324,1
2024-07,1325,1
2024-07,1326,3
2024-07,1327,1
2024-07,1328,1
2024-07,1329,1
2024-07,1330,1
2024-07,1331,1
2024-07,1333,2
2024-07,1334,3
2024-07,1335,1
2024-07,1336,1
2024-07,1337,3
2024-07,1338,3
2024-07,1339,3
2024-07,1340,3
2024-07,1341,3
2024-07,1343,1
2024-07,1344,1
2024-07,1345,1
2024-07,1346,1
2024-07,1347,3
2024-07,1348,1
2024-07,1349,1
2024-07,1350,1
2024-07,1351,1
2024-07,1352,1
2024-07,1353,1
2024-07,1355,1
2024-07,1356,3
2024-07,1357,3
2024-07,1358,1
2024-07,1392,3
2024-07,1393,3
2024-07,1394,2
2024-07,1395,5
2024-07,1396,5
2024-07,1397,5
2024-07,1398,5
2024-07,1399,3
2024-07,1400,2
2024-07,1401,2
2024-07,1402,5
2024-07,1403,2
2024-07,1404,2
2024-07,1405,2
2024-07,1406,3
2024-07,1407,2
2024-07,1408,5
2024-07,1409,5
2024-07,1410,2
2024-07,1411,2
2024-07,1412,1
2024-07,1413,3
2024-07,1414,1
2024-07,1415,1
2024-07,1416,1
2024-07,1417,1
2024-07,1419,1
2024-07,1420,1
2024-07,1421,1
2024-07,1422,1
2024-07,1423,1
2024-07,1425,1
2024-07,1426,1
2024-07,1427,1
2024-07,1428,1
2024-07,1429,1
2024-07,1430,4
2024-07,1431,4
2024-07,1438,4
2024-07,1439,5
2024-07,1440,2
2024-07,1443,5
2024-07,1444,5
2024-07,1445,5
2024-07,1446,5
2024-07,1447,2
2024-07,1448,5
2024-07,1449,3
2024-07,1453,5
2024-07,1454,2
2024-07,1456,5
2024-07,1457,5
2024-07,1459,5
2024-07,1461,5
2024-07,1463,2
2024-07,1464,5
2024-07,1465,5
2024-07,1467,5
2024-07,1468,5
2024-07,1472,5
2024-07,1473,2
2024-07,1474,3
2024-07,1475,5
2024-07,1477,2
2024-07,1478,2
2024-07,1480,2
2024-07,1481,5
2024-07,1483,3
2024-07,1484,5
2024-07,1486,2
2024-07,1488,5
2024-07,1489,2
2024-07,1490,2
2024-07,1491,5
2024-07,1492,5
2024-07,1493,5
2024-07,1494,3
2024-07,1495,2
2024-07,1496,5
2024-07,1500,5
2024-07,1501,5
2024-07,1504,2
2024-07,1506,5
2024-07,1507,5
2024-07,1508,5
2024-07,1509,5
2024-07,1510,3
2024-07,1511,5
2024-07,1512,4
2024-07,1518,5
2024-07,1519,3
2024-07,1520,3
2024-07,1521,5
2024-07,1522,3
2024-07,1523,5
2024-07,1525,2
2024-07,1526,2
2024-07,1527,2
2024-07,1528,3
2024-07,1529,3
2024-07,1530,3
2024-07,1532,1
2024-07,1533,3
2024-07,1534,3
2024-07,1535,3
2024-07,1536,3
2024-07,1537,1
2024-07,1539,2
2024-07,1540,2
2024-07,1541,1
2024-07,1542,3
2024-07,1543,1
2024-07,1544,1
2024-07,1545,1
2024-07,1546,3
2024-07,1547,1
2024-07,1548,1
2024-07,1549,3
2024-07,1550,3
2024-07,1551,1
2024-07,1552,1
2024-07,1553,2
2024-07,1554,1
2024-07,1555,3
2024-07,1556,3
2024-07,1557,3
2024-07,1558,1
2024-07,1559,1
2024-07,1560,2
2024-07,1561,1
2024-07,1562,3
2024-07,1563,2
2024-07,1564,1
2024-07,1565,3
2024-07,1566,1
2024-07,1567,1
2024-07,1568,1
2024-07,1569,1
2024-07,1570,1
2024-07,1571,1
2024-07,1572,2
2024-07,1573,1
2024-07,1574,3
2024-07,1575,2
2024-07,1577,2
2024-07,1578,3
2024-07,1579,3
2024-07,1580,1
2024-07,1581,1
2024-07,1582,1
2024-07,1583,3
2024-07,1584,1
2024-07,1585,1
2024-07,1586,2
2024-07,1587,1
2024-07,1588,3
2024-07,1589,3
2024-07,1590,3
2024-07,1591,1
2024-07,1592,3
2024-07,1593,3
2024-07,1594,1
2024-07,1595,3
2024-07,1596,3
2024-07,1597,5
2024-07,1598,5
2024-07,1599,2
2024-07,1600,2
2024-07,1601,5
2024-07,1602,1
2024-07,1603,2
2024-07,1604,3
2024-07,1605,1
2024-07,1606,1
2024-07,1607,1
2024-07,1608,3
2024-07,1609,2
2024-07,1610,1
2024-07,1611,3
2024-07,1612,3
2024-07,1613,1
2024-07,1614,1
2024-07,1615,2
2024-07,1616,1
2024-07,1617,1
2024-07,1618,3
2024-07,1619,2
2024-07,1620,5
2024-07,1621,1
2024-07,1622,1
2024-07,1623,2
2024-07,1624,3
2024-07,1625,2
2024-07,1626,1
2024-07,1627,3
2024-07,1628,3
2024-07,1629,3
2024-07,1630,1
2024-07,1631,1
2024-07,1632,5
2024-07,1633,3
2024-07,1634,1
2024-07,1635,1
2024-07,1636,3
2024-07,1637,1
2024-07,1638,3
2024-07,1639,3
2024-07,1640,1
2024-07,1641,3
2024-07,1642,1
2024-07,1643,3
2024-07,1644,3
2024-07,1645,3
2024-07,1646,1
2024-07,1647,1
2024-07,1648,1
2024-07,1649,3
2024-07,1650,3
2024-07,1651,1
2024-07,1652,2
2024-07,1653,3
2024-07,1654,1
2024-07,1655,3
2024-07,1656,1
2024-07,1657,1
2024-07,1658,3
2024-07,1659,3
2024-07,1660,1
2024-07,1661,3
2024-07,1662,1
2024-07,1663,3
2024-07,1664,3
2024-07,1665,2
2024-07,1666,1
2024-07,1667,2
2024-07,1668,2
2024-07,1669,3
2024-07,1670,3
2024-07,1671,3
2024-07,1672,3
2024-07,1673,3
2024-07,1674,3
2024-07,1675,2
2024-07,1676,3
2024-07,1678,3
2024-07,1679,3
2024-07,1680,1
2024-07,1681,1
2024-07,1682,3
2024-07,1683,2
2024-07,1685,3
2024-07,1686,3
2024-07,1687,3
2024-07,1688,3
2024-07,1689,1
2024-07,1690,1
2024-07,1691,1
2024-07,1692,3
2024-07,1693,3
2024-07,1694,3
2024-07,1696,3
2024-07,1697,3
2024-07,1698,1
2024-07,1699,3
2024-07,1700,3
2024-07,1701,3
2024-07,1702,1
2024-07,1703,1
2024-07,1704,3
2024-07,1705,3
2024-07,1706,1
2024-07,1707,2
2024-07,1708,2
2024-07,1709,3
2024-07,1710,3
2024-07,1711,3
2024-07,1712,3
2024-07,1714,1
2024-07,1715,1
2024-07,1717,3
2024-07,1718,1
2024-07,1719,1
2024-07,1722,1
2024-07,1724,1
2024-07,1725,1
2024-07,1726,2
2024-07,1727,1
2024-07,1728,3
2024-07,1730,3
2024-07,1731,3
2024-07,1732,1
2024-07,1733,3
2024-07,1737,1
2024-07,1738,1
2024-07,1739,1
2024-07,1740,2
2024-07,1741,1
2024-07,1742,1
2024-07,1743,1
2024-07,1744,1
2024-07,1745,1
2024-07,1746,1
2024-07,1747,1
2024-07,1749,1
2024-07,1750,1
2024-07,1751,1
2024-07,1752,3
2024-07,1753,1
2024-07,1754,1
2024-07,1755,1
2024-07,1756,1
2024-07,1757,1
2024-07,1758,2
2024-07,1759,3
2024-07,1760,1
2024-07,1761,1
2024-07,1762,1
2024-07,1764,2
2024-07,1765,2
2024-07,1766,3
2024-07,1768,3
2024-07,1769,1
2024-07,1770,3
2024-07,1771,1
2024-07,1773,1
2024-07,1774,3
2024-07,1775,1
2024-07,1776,3
2024-07,1777,1
2024-07,1778,3
2024-07,1780,3
2024-07,1781,1
2024-07,1782,3
2024-07,1783,5
2024-07,1784,1
2024-07,1785,1
2024-07,1786,3
2024-07,1787,2
2024-07,1788,1
2024-07,1845,2
2024-07,1846,1
2024-07,1848,1
2024-07,1849,1
2024-07,1850,3
2024-07,1851,3
2024-07,1852,1
2024-07,1853,1
2024-07,1854,1
2024-07,1855,1
2024-07,1856,1
2024-07,1857,1
2024-07,1858,3
2024-07,1859,3
2024-07,1860,1
2024-07,1861,3
2024-07,1862,1
2024-07,1863,2
2024-07,1864,1
2024-07,1865,1
2024-07,1868,1
2024-07,1869,3
2024-07,1870,1
2024-07,1871,1
2024-07,1872,1
2024-07,1873,1
2024-07,1874,5
2024-07,1875,2
2024-07,1876,2
2024-07,1877,2
2024-07,1878,3
2024-07,1879,2
2024-07,1880,3
2024-07,1881,2
2024-07,1883,2
2024-07,1884,1
2024-07,1885,3
2024-07,1886,3
2024-07,1887,1
2024-07,1888,3
2024-07,1889,3
2024-07,1890,2
2024-07,1891,1
2024-07,1892,1
2024-07,1893,1
2024-07,1894,3
2024-07,1895,3
2024-07,1896,1
2024-07,1897,1
2024-07,1898,3
2024-07,1899,3
2024-07,1900,3
2024-07,1901,3
2024-07,1902,3
2024-07,1903,3
2024-07,1904,3
2024-07,1905,2
2024-07,1906,2
2024-07,1907,1
2024-07,1908,1
2024-07,1909,1
2024-07,1910,1
2024-07,1912,2
2024-07,1915,1
2024-07,1916,1
2024-07,1917,1
2024-07,1918,1
2024-07,1919,2
2024-07,1920,2
2024-07,1921,1
2024-07,1922,2
2024-07,1923,1
2024-07,1924,1
2024-07,1925,1
2024-07,1926,1
2024-07,1927,1
2024-07,1928,1
2024-07,1929,1
2024-07,1930,1
2024-07,1931,3
2024-07,1932,1
2024-07,1933,1
2024-07,1934,1
2024-07,1935,1
2024-07,1936,2
2024-07,1937,1
2024-07,1938,1
2024-07,1939,1
2024-07,1940,1
2024-07,1941,1
2024-07,1942,3
2024-07,1943,1
2024-07,1944,1
2024-07,1945,1
2024-07,1947,3
2024-07,1948,3
2024-07,1949,1
2024-07,1950,3
2024-07,1951,3
2024-07,1952,2
2024-07,1954,3
2024-07,1955,2
2024-07,1956,3
2024-07,1957,4
2024-07,1958,4
2024-07,1959,3
2024-07,1960,3
2024-07,1961,4
2024-07,1962,4
2024-07,1963,4
2024-07,1965,3
2024-07,1966,2
2024-07,1967,2
2024-07,1968,4
2024-07,1969,4
2024-07,1970,4
2024-07,1971,5
2024-07,1972,3
2024-07,1973,3
2024-07,1974,2
2024-07,1975,3
2024-07,1976,3
2024-07,1977,5
2024-07,1978,3
2024-07,1979,5
2024-07,1980,3
2024-07,1981,3
2024-07,1982,3
2024-07,1983,2
2024-07,1984,1
2024-07,1985,2
2024-07,1986,2
2024-07,1987,3
2024-07,1988,3
2024-07,1989,3
2024-07,1990,3
2024-07,1991,3
2024-07,1992,3
2024-07,1993,2
2024-07,1994,3
2024-07,1995,2
2024-07,1996,3
2024-07,1997,3
2024-07,1999,3
2024-07,2000,2
2024-07,2001,3
2024-07,2002,3
2024-07,2004,2
2024-07,2005,2
2024-07,2006,2
2024-07,2007,3
2024-07,2008,3
2024-07,2009,3
2024-07,2010,2
2024-07,2011,3
2024-07,2012,3
2024-07,2015,3
2024-07,2017,1
2024-07,2018,3
2024-07,2019,3
2024-07,2021,3
2024-07,2022,3
2024-07,2023,3
2024-07,2024,2
2024-07,2025,2
2024-07,2027,3
2024-07,2028,3
2024-07,2030,3
2024-07,2031,3
2024-07,2032,2
2024-07,2033,2
2024-07,2034,3
2024-07,2035,3
2024-07,2036,3
2024-07,2037,3
2024-07,2039,3
2024-07,2040,2
2024-07,2041,3
2024-07,2042,3
2024-07,2043,1
2024-07,2044,2
2024-07,2045,2
2024-07,2046,3
2024-07,2047,2
2024-07,2048,2
2024-07,2049,1
2024-07,2050,1
2024-07,2051,3
2024-07,2052,1
2024-07,2053,1
2024-07,2054,1
2024-07,2055,3
2024-07,2056,1
2024-07,2057,1
2024-07,2058,1
2024-07,2059,3
2024-07,2060,2
2024-07,2061,1
2024-07,2062,3
2024-07,2063,2
2024-07,2064,1
2024-07,2065,1
2024-07,2066,3
2024-07,2067,1
2024-07,2068,1
2024-07,2069,3
2024-07,2070,3
2024-07,2072,1
2024-07,2073,3
2024-07,2074,2
2024-07,2075,1
2024-07,2076,1
2024-07,2077,1
2024-07,2078,1
2024-07,2079,1
2024-07,2080,1
2024-07,2081,1
2024-07,2082,1
2024-07,2085,1
2024-07,2087,1
2024-07,2088,1
2024-07,2089,1
2024-07,2090,1
2024-07,2091,1
2024-07,2093,1
2024-07,2094,1
2024-07,2095,1
2024-07,2096,1
2024-07,2098,1
2024-07,2100,1
2024-07,2101,2
2024-07,2105,3
2024-07,2108,2
2024-07,2109,3
2024-07,2110,1
2024-07,2111,3
2024-07,2112,1
2024-07,2113,1
2024-07,2114,1
2024-07,2116,1
2024-07,2117,1
2024-07,2118,1
2024-07,2119,2
2024-07,2120,3
2024-07,2121,3
2024-07,2122,3
2024-07,2124,2
2024-07,2125,1
2024-07,2126,3
2024-07,2127,1
2024-07,2128,1
2024-07,2129,1
2024-07,2130,2
2024-07,2131,3
2024-07,2132,1
2024-07,2133,1
2024-07,2134,1
2024-07,2136,1
2024-07,2137,1
2024-07,2138,1
2024-07,2139,1
2024-07,2140,1
2024-07,2142,1
2024-07,2143,1
2024-07,2144,5
2024-07,2145,3
2024-07,2146,3
2024-07,2148,3
2024-07,2149,3
2024-07,2150,3
2024-07,2151,3
2024-07,2152,1
2024-07,2153,3
2024-07,2154,3
2024-07,2155,3
2024-07,2156,1
2024-07,2157,3
2024-07,2158,3
2024-07,2159,1
2024-07,2160,1
2024-07,2161,5
2024-07,2162,1
2024-07,2163,3
2024-07,2164,5
2024-07,2165,2
2024-07,2167,2
2024-07,2168,2
2024-07,2169,2
2024-07,2171,3
2024-07,2172,1
2024-07,2173,3
2024-07,2174,3
2024-07,2175,1
2024-07,2176,3
2024-07,2177,2
2024-07,2178,3
2024-07,2179,3
2024-07,2180,3
2024-07,2181,1
2024-07,2182,1
2024-07,2183,3
2024-07,2184,1
2024-07,2185,1
2024-07,2186,3
2024-07,2187,3
2024-07,2188,2
2024-07,2189,3
2024-07,2190,5
2024-07,2191,2
2024-07,2192,2
2024-07,2193,2
2024-07,2194,2
2024-07,2195,1
2024-07,2196,1
2024-07,2197,1
2024-07,2198,1
2024-07,2199,3
2024-07,2200,1
2024-07,2201,1
2024-07,2202,3
2024-07,2203,2
2024-07,2204,3
2024-07,2205,3
2024-07,2206,3
2024-07,2207,1
2024-07,2208,2
2024-07,2210,5
2024-07,2211,3
2024-07,2212,1
2024-07,2213,1
2024-07,2215,3
2024-07,2216,5
2024-07,2217,5
2024-07,2218,3
2024-07,2219,4
2024-07,2220,5
2024-07,2221,5
2024-07,2222,5
2024-07,2223,3
2024-07,2224,5
2024-07,2225,3
2024-07,2226,5
2024-07,2227,5
2024-07,2228,5
2024-07,2229,4
2024-07,2230,3
2024-07,2231,3
2024-07,2232,4
2024-07,2233,3
2024-07,2234,3
2024-07,2235,2
2024-07,2236,4
2024-07,2237,2
2024-07,2238,5
2024-07,2241,4
2024-07,2242,5
2024-07,2243,5
2024-07,2244,4
2024-07,2245,4
2024-07,2248,4
2024-07,2249,4
2024-07,2250,4
2024-07,2251,2
2024-07,2252,2
2024-07,2253,3
2024-07,2254,1
2024-07,2255,1
2024-07,2256,1
2024-07,2257,1
2024-07,2258,1
2024-07,2259,1
2024-07,2260,1
2024-07,2262,1
2024-07,2264,1
2024-07,2265,1
2024-07,2266,1
2024-07,2267,1
2024-07,2268,1
2024-07,2269,3
2024-07,2270,1
2024-07,2271,1
2024-07,2272,3
2024-07,2274,3
2024-07,2275,5
2024-07,2276,3
2024-07,2278,3
2024-07,2279,2
2024-07,2280,2
2024-07,2281,2
2024-07,2282,2
2024-07,2286,2
2024-07,2287,3
2024-07,2288,2
2024-07,2289,2
2024-07,2292,3
2024-07,2293,3
2024-07,2294,3
2024-07,2295,1
2024-07,2296,3
2024-07,2297,3
2024-07,2298,3
2024-07,2299,3
2024-07,2300,3
2024-07,2301,1
2024-07,2302,3
2024-07,2303,3
2024-07,2304,3
2024-07,2305,1
2024-07,2307,3
2024-07,2308,3
2024-07,2309,3
2024-07,2310,3
2024-07,2311,2
2024-07,2312,2
2024-07,2314,3
2024-07,2315,1
2024-07,2316,3
2024-07,2317,3
2024-07,2318,2
2024-07,2320,2
2024-07,2321,3
2024-07,2322,3
2024-07,2323,1
2024-07,2324,3
2024-07,2325,3
2024-07,2326,3
2024-07,2327,3
2024-07,2328,3
2024-07,2329,3
2024-07,2330,3
2024-07,2332,3
2024-07,2333,2
2024-07,2334,3
2024-07,2335,3
2024-07,2336,2
2024-07,2337,2
2024-07,2338,2
2024-07,2339,3
2024-07,2340,2
2024-07,2341,4
2024-07,2342,3
2024-07,2343,3
2024-07,2344,4
2024-07,2345,4
2024-07,2348,4
2024-07,2349,4
2024-07,2351,5
2024-07,2352,5
2024-07,2353,5
2024-07,2354,5
2024-07,2355,5
2024-07,2356,5
2024-07,2357,5
2024-07,2358,5
2024-07,2359,5
2024-07,2360,5
2024-07,2361,5
2024-07,2362,5
2024-07,2363,5
2024-07,2364,5
2024-07,2365,5
2024-07,2366,5
2024-07,2367,5
2024-07,2368,5
2024-07,2369,5
2024-07,2370,5
2024-07,2371,5
2024-07,2372,5
2024-07,2373,5
2024-07,2374,5
2024-07,2375,5
2024-07,2376,5
2024-07,2377,5
2024-07,2378,5
2024-07,2379,5
2024-07,2380,5
2024-07,2381,5
2024-07,2382,5
2024-07,2383,5
2024-07,2384,5
2024-07,2385,5
2024-07,2386,5
2024-07,2387,5
2024-07,2388,5
2024-07,2389,5
2024-07,2390,5
2024-07,2391,5
2024-07,2392,5
2024-07,2393,5
2024-07,2395,2
2024-07,2398,5
2024-07,2399,5
2024-07,2400,5
2024-07,2401,5
2024-07,2402,5
2024-07,2403,5
2024-07,2404,5
2024-07,2405,5
2024-07,2406,5
2024-07,2407,5
2024-07,2408,5
2024-07,2409,5
2024-07,2410,5
2024-07,2411,5
2024-07,2412,5
2024-07,2416,5
2024-07,2422,5
2024-07,2423,5
2024-07,2424,5
2024-07,2425,5
2024-07,2426,5
2024-07,2427,5
2024-07,2428,5
2024-07,2429,5
2024-07,2430,5
2024-07,2431,5
2024-07,2432,5
2024-07,2433,5
2024-07,2434,5
2024-07,2435,5
2024-07,2436,5
2024-07,2437,5
2024-07,2439,5
2024-07,2440,5
2024-07,2441,5
2024-07,2442,5
2024-07,2443,5
2024-07,2444,5
2024-07,2445,5
2024-07,2446,5
2024-07,2447,5
2024-07,2449,5
2024-07,2450,5
2024-07,2451,5
2024-07,2452,5
2024-07,2453,5
2024-07,2454,5
2024-07,2455,5
2024-07,2456,5
2024-07,2457,5
2024-07,2458,5
2024-07,2459,5
2024-07,2460,5
2024-07,2461,5
2024-07,2462,5
2024-07,2463,5
2024-07,2464,5
2024-07,2465,5
2024-07,2466,5
2024-07,2467,5
2024-07,2468,5
2024-07,2469,5
2024-07,2470,5
2024-07,2471,5
2024-07,2472,5
2024-07,2473,5
2024-07,2474,5
2024-07,2475,5
2024-07,2476,5
2024-07,2477,5
2024-07,2478,5
2024-07,2479,5
2024-07,2480,5
2024-07,2481,5
2024-07,2482,5
2024-07,2483,5
2024-07,2484,5
2024-07,2485,5
2024-07,2486,5
2024-07,2487,5
2024-07,2488,5
2024-07,2489,5
2024-07,2490,5
2024-07,2491,5
2024-07,2492,5
2024-07,2493,5
2024-07,2494,5
2024-07,2495,5
2024-07,2496,5
2024-07,2497,5
2024-07,2498,5
2024-07,2499,5
2024-07,2500,5
2024-07,2501,5
2024-07,2502,5
2024-07,2503,5
2024-07,2504,5
2024-07,2505,5
2024-07,2506,5
2024-07,2507,5
2024-07,2508,5
2024-07,2509,5
2024-07,2510,5
2024-07,2511,5
2024-07,2512,5
2024-07,2513,5
2024-07,2514,5
2024-07,2515,5
2024-07,2516,5
2024-07,2517,5
2024-07,2518,5
2024-07,2519,5
2024-07,2520,5
2024-07,2521,5
2024-07,2522,5
2024-07,2523,5
2024-07,2524,5
2024-07,2525,5
2024-07,2526,5
2024-07,2527,5
2024-07,2528,5
2024-07,2529,5
2024-07,2530,5
2024-07,2531,5
2024-07,2532,5
2024-07,2533,5
2024-07,2534,5
2024-07,2535,5
2024-07,2536,5
2024-07,2537,5
2024-07,2538,5
2024-07,2539,5
2024-07,2540,5
2024-07,2541,5
2024-07,2542,5
2024-07,2543,5
2024-07,2544,5
2024-07,2545,5
2024-07,2546,5
2024-07,2547,5
2024-07,2548,5
2024-07,2549,5
2024-07,2550,5
2024-07,2551,5
2024-07,2552,5
2024-07,2553,5
2024-07,2554,5
2024-07,2555,5
2024-07,2556,5
2024-07,2557,5
2024-07,2558,5
2024-07,2559,5
2024-07,2560,5
2024-07,2561,5
2024-07,2562,5
2024-07,2563,5
2024-07,2564,5
2024-07,2565,5
2024-07,2566,5
2024-07,2567,5
2024-07,2568,5
2024-07,2569,5
2024-07,2570,5
2024-07,2571,5
2024-07,2572,5
2024-07,2573,5
2024-07,2574,5
2024-07,2575,5
2024-07,2576,5
2024-07,2577,5
2024-07,2578,5
2024-07,2579,5
2024-07,2580,5
2024-07,2581,5
2024-07,2582,5
2024-07,2583,5
2024-07,2584,5
2024-07,2585,5
2024-07,2586,5
2024-07,2587,5
2024-07,2588,5
2024-07,2589,5
2024-07,2590,5
2024-07,2591,2
2024-07,2592,5
2024-07,2593,3
2024-07,2595,2
2024-07,2596,2
2024-07,2597,5
2024-07,2598,2
2024-07,2599,5
2024-07,2600,5
2024-07,2601,2
2024-07,2602,5
2024-07,2604,5
2024-07,2605,5
2024-07,2606,5
2024-07,2607,2
2024-07,2618,1
2024-07,2619,2
2024-07,2620,2
2024-07,2621,2
2024-07,2644,5
2024-07,2646,5
2024-07,2647,2
2024-07,2648,5
2024-07,2649,5
2024-07,2651,5
2024-07,2652,2
2024-07,2710,2
2024-07,2808,5
2024-07,2809,2
2024-07,2813,2
2024-07,2814,5
2024-07,2872,4
2024-07,2876,5
2024-07,2879,5
2024-07,2880,4
2024-07,2881,2
2024-07,2882,4
2024-07,2883,2
2024-07,2884,2
2024-07,2885,2
2024-07,2886,3
2024-07,2887,2
2024-07,3005,2
2024-07,3007,2
2024-07,3009,2
2024-07,3011,2
2024-07,3012,3
2024-07,3013,5
2024-08,1,2
2024-08,2,3
2024-08,3,3
2024-08,4,2
2024-08,5,3
2024-08,6,2
2024-08,7,5
2024-08,8,2
2024-08,9,2
2024-08,10,2
2024-08,11,2
2024-08,12,2
2024-08,13,2
2024-08,14,2
2024-08,15,2
2024-08,16,2
2024-08,17,2
2024-08,18,2
2024-08,19,1
2024-08,20,2
2024-08,21,5
2024-08,22,3
2024-08,23,2
2024-08,25,2
2024-08,26,2
2024-08,27,2
2024-08,28,2
2024-08,29,2
2024-08,30,2
2024-08,31,1
2024-08,32,3
2024-08,33,2
2024-08,34,1
2024-08,35,2
2024-08,36,1
2024-08,37,1
2024-08,38,2
2024-08,39,1
2024-08,40,2
2024-08,41,1
2024-08,42,2
2024-08,43,3
2024-08,44,2
2024-08,45,2
2024-08,46,2
2024-08,47,2
2024-08,48,1
2024-08,49,3
2024-08,50,2
2024-08,51,2
2024-08,52,3
2024-08,53,2
2024-08,54,1
2024-08,55,2
2024-08,56,1
2024-08,57,2
2024-08,58,3
2024-08,59,2
2024-08,60,2
2024-08,61,2
2024-08,62,2
2024-08,63,1
2024-08,65,3
2024-08,66,2
2024-08,67,2
2024-08,68,1
2024-08,69,1
2024-08,70,3
2024-08,71,2
2024-08,72,1
2024-08,73,2
2024-08,74,2
2024-08,75,2
2024-08,76,2
2024-08,77,2
2024-08,78,1
2024-08,79,2
2024-08,80,1
2024-08,81,2
2024-08,82,1
2024-08,83,2
2024-08,167,2
2024-08,168,2
2024-08,169,3
2024-08,173,1
2024-08,181,1
2024-08,184,3
2024-08,185,1
2024-08,188,1
2024-08,191,1
2024-08,194,2
2024-08,195,3
2024-08,196,2
2024-08,198,1
2024-08,201,2
2024-08,203,3
2024-08,204,3
2024-08,205,2
2024-08,206,5
2024-08,207,2
2024-08,208,3
2024-08,209,2
2024-08,210,3
2024-08,211,3
2024-08,212,2
2024-08,213,3
2024-08,214,3
2024-08,215,3
2024-08,216,3
2024-08,217,3
2024-08,218,2
2024-08,219,3
2024-08,220,3
2024-08,221,3
2024-08,222,2
2024-08,223,3
2024-08,224,2
2024-08,225,4
2024-08,226,3
2024-08,227,4
2024-08,228,4
2024-08,229,4
2024-08,230,3
2024-08,231,3
2024-08,232,3
2024-08,233,3
2024-08,234,3
2024-08,235,3
2024-08,236,3
2024-08,237,2
2024-08,238,1
2024-08,239,3
2024-08,240,3
2024-08,241,3
2024-08,242,3
2024-08,243,3
2024-08,269,2
2024-08,270,3
2024-08,271,3
2024-08,272,2
2024-08,273,1
2024-08,274,1
2024-08,275,3
2024-08,276,3
2024-08,277,3
2024-08,278,2
2024-08,279,3
2024-08,280,3
2024-08,281,3
2024-08,282,3
2024-08,283,3
2024-08,284,3
2024-08,285,1
2024-08,287,1
2024-08,288,1
2024-08,289,1
2024-08,290,1
2024-08,292,1
2024-08,293,1
2024-08,294,1
2024-08,295,1
2024-08,296,1
2024-08,297,1
2024-08,298,1
2024-08,300,1
2024-08,301,2
2024-08,302,3
2024-08,303,3
2024-08,304,1
2024-08,305,1
2024-08,306,1
2024-08,307,1
2024-08,308,3
2024-08,309,5
2024-08,312,4
2024-08,314,2
2024-08,316,4
2024-08,317,2
2024-08,318,4
2024-08,319,4
2024-08,320,2
2024-08,321,2
2024-08,323,4
2024-08,324,2
2024-08,325,4
2024-08,326,2
2024-08,327,4
2024-08,329,2
2024-08,330,4
2024-08,331,4
2024-08,332,4
2024-08,333,4
2024-08,334,4
2024-08,335,4
2024-08,336,2
2024-08,337,2
2024-08,338,4
2024-08,339,2
2024-08,340,4
2024-08,341,4
2024-08,342,2
2024-08,343,2
2024-08,345,2
2024-08,346,2
2024-08,347,2
2024-08,348,2
2024-08,349,1
2024-08,351,2
2024-08,352,2
2024-08,354,5
2024-08,355,2
2024-08,356,3
2024-08,357,2
2024-08,358,1
2024-08,359,2
2024-08,360,3
2024-08,361,1
2024-08,362,2
2024-08,363,1
2024-08,364,1
2024-08,365,1
2024-08,366,3
2024-08,367,1
2024-08,368,2
2024-08,369,1
2024-08,370,2
2024-08,371,2
2024-08,372,1
2024-08,373,2
2024-08,374,2
2024-08,375,2
2024-08,376,1
2024-08,377,1
2024-08,378,2
2024-08,379,2
2024-08,380,2
2024-08,381,1
2024-08,382,3
2024-08,383,3
2024-08,384,1
2024-08,385,2
2024-08,386,1
2024-08,387,2
2024-08,388,2
2024-08,390,1
2024-08,391,1
2024-08,392,3
2024-08,393,1
2024-08,395,1
2024-08,396,1
2024-08,397,2
2024-08,398,3
2024-08,401,2
2024-08,402,2
2024-08,403,2
2024-08,404,2
2024-08,405,2
2024-08,408,1
2024-08,410,2
2024-08,413,2
2024-08,414,2
2024-08,416,2
2024-08,418,5
2024-08,419,2
2024-08,420,2
2024-08,421,2
2024-08,422,2
2024-08,423,1
2024-08,424,3
2024-08,425,1
2024-08,428,1
2024-08,429,1
2024-08,430,2
2024-08,431,1
2024-08,432,3
2024-08,433,1
2024-08,434,1
2024-08,435,1
2024-08,436,1
2024-08,437,1
2024-08,438,1
2024-08,440,2
2024-08,441,1
2024-08,442,1
2024-08,443,2
2024-08,444,1
2024-08,445,1
2024-08,446,3
2024-08,447,1
2024-08,448,2
2024-08,449,1
2024-08,450,2
2024-08,451,3
2024-08,452,2
2024-08,453,2
2024-08,455,2
2024-08,456,1
2024-08,457,1
2024-08,458,2
2024-08,459,2
2024-08,460,2
2024-08,478,2
2024-08,479,1
2024-08,480,2
2024-08,481,2
2024-08,482,3
2024-08,484,1
2024-08,485,1
2024-08,486,1
2024-08,487,1
2024-08,489,3
2024-08,490,1
2024-08,491,3
2024-08,492,1
2024-08,493,3
2024-08,494,3
2024-08,495,1
2024-08,496,1
2024-08,497,3
2024-08,498,2
2024-08,499,1
2024-08,501,1
2024-08,502,1
2024-08,503,1
2024-08,504,2
2024-08,505,2
2024-08,506,2
2024-08,507,2
2024-08,508,2
2024-08,509,2
2024-08,510,2
2024-08,511,2
2024-08,512,3
2024-08,515,2
2024-08,516,1
2024-08,517,2
2024-08,518,3
2024-08,519,3
2024-08,520,1
2024-08,521,3
2024-08,522,3
2024-08,523,1
2024-08,524,1
2024-08,525,3
2024-08,527,3
2024-08,528,3
2024-08,529,1
2024-08,530,3
2024-08,531,3
2024-08,532,1
2024-08,533,1
2024-08,534,3
2024-08,535,2
2024-08,536,1
2024-08,537,1
2024-08,538,3
2024-08,539,1
2024-08,540,1
2024-08,541,1
2024-08,542,3
2024-08,543,1
2024-08,544,1
2024-08,545,3
2024-08,546,1
2024-08,547,1
2024-08,548,3
2024-08,549,1
2024-08,550,1
2024-08,552,3
2024-08,553,1
2024-08,554,2
2024-08,555,1
2024-08,556,1
2024-08,557,1
2024-08,558,1
2024-08,559,3
2024-08,560,1
2024-08,561,3
2024-08,562,3
2024-08,563,1
2024-08,564,1
2024-08,565,1
2024-08,566,1
2024-08,567,1
2024-08,568,1
2024-08,569,1
2024-08,570,1
2024-08,571,1
2024-08,572,3
2024-08,574,3
2024-08,578,2
2024-08,579,2
2024-08,580,2
2024-08,581,2
2024-08,582,4
2024-08,583,1
2024-08,584,3
2024-08,585,3
2024-08,586,2
2024-08,587,2
2024-08,588,3
2024-08,589,2
2024-08,591,2
2024-08,592,2
2024-08,593,2
2024-08,594,2
2024-08,595,2
2024-08,598,2
2024-08,599,2
2024-08,600,2
2024-08,601,2
2024-08,602,1
2024-08,603,3
2024-08,604,2
2024-08,605,2
2024-08,606,2
2024-08,607,2
2024-08,608,5
2024-08,612,5
2024-08,613,2
2024-08,614,4
2024-08,615,4
2024-08,616,4
2024-08,618,4
2024-08,619,4
2024-08,621,4
2024-08,666,5
2024-08,667,2
2024-08,668,3
2024-08,669,3
2024-08,670,2
2024-08,671,3
2024-08,674,2
2024-08,675,2
2024-08,676,2
2024-08,677,2
2024-08,678,4
2024-08,679,2
2024-08,680,2
2024-08,683,1
2024-08,685,2
2024-08,686,2
2024-08,687,1
2024-08,689,3
2024-08,690,3
2024-08,691,3
2024-08,692,1
2024-08,693,2
2024-08,694,3
2024-08,695,3
2024-08,696,1
2024-08,697,3
2024-08,698,1
2024-08,699,1
2024-08,701,1
2024-08,702,3
2024-08,703,3
2024-08,704,1
2024-08,705,3
2024-08,706,1
2024-08,708,3
2024-08,710,3
2024-08,711,1
2024-08,712,1
2024-08,713,1
2024-08,714,3
2024-08,715,1
2024-08,716,4
2024-08,717,3
2024-08,718,4
2024-08,719,1
2024-08,720,4
2024-08,721,1
2024-08,722,3
2024-08,723,3
2024-08,725,2
2024-08,726,4
2024-08,727,5
2024-08,731,2
2024-08,734,3
2024-08,735,2
2024-08,736,1
2024-08,737,1
2024-08,738,2
2024-08,739,3
2024-08,741,3
2024-08,742,2
2024-08,743,3
2024-08,744,1
2024-08,745,3
2024-08,746,1
2024-08,747,1
2024-08,748,2
2024-08,749,1
2024-08,751,3
2024-08,752,1
2024-08,753,1
2024-08,754,3
2024-08,755,3
2024-08,756,2
2024-08,757,2
2024-08,758,1
2024-08,760,1
2024-08,761,1
2024-08,763,2
2024-08,764,3
2024-08,765,1
2024-08,766,2
2024-08,767,2
2024-08,769,3
2024-08,770,1
2024-08,771,1
2024-08,773,3
2024-08,774,3
2024-08,775,5
2024-08,776,2
2024-08,777,5
2024-08,778,2
2024-08,779,2
2024-08,780,2
2024-08,781,2
2024-08,782,5
2024-08,783,3
2024-08,784,2
2024-08,785,5
2024-08,787,3
2024-08,788,2
2024-08,789,2
2024-08,790,2
2024-08,791,3
2024-08,792,3
2024-08,793,3
2024-08,794,2
2024-08,795,3
2024-08,796,2
2024-08,797,2
2024-08,798,3
2024-08,799,3
2024-08,800,2
2024-08,801,2
2024-08,802,3
2024-08,803,3
2024-08,804,3
2024-08,805,3
2024-08,806,2
2024-08,807,3
2024-08,808,3
2024-08,809,5
2024-08,810,1
2024-08,811,2
2024-08,812,5
2024-08,813,2
2024-08,814,2
2024-08,815,3
2024-08,817,3
2024-08,818,2
2024-08,819,2
2024-08,820,2
2024-08,821,3
2024-08,822,1
2024-08,823,1
2024-08,824,5
2024-08,825,3
2024-08,826,3
2024-08,827,1
2024-08,828,1
2024-08,829,1
2024-08,830,2
2024-08,831,3
2024-08,832,1
2024-08,833,3
2024-08,834,1
2024-08,835,1
2024-08,836,1
2024-08,838,3
2024-08,839,1
2024-08,840,1
2024-08,841,2
2024-08,842,5
2024-08,843,5
2024-08,844,3
2024-08,846,2
2024-08,847,4
2024-08,848,4
2024-08,849,3
2024-08,851,3
2024-08,852,3
2024-08,853,4
2024-08,854,4
2024-08,855,2
2024-08,856,4
2024-08,857,4
2024-08,859,3
2024-08,860,2
2024-08,870,2
2024-08,871,2
2024-08,872,5
2024-08,873,3
2024-08,874,3
2024-08,875,4
2024-08,876,2
2024-08,877,3
2024-08,878,3
2024-08,879,2
2024-08,880,3
2024-08,881,3
2024-08,882,3
2024-08,883,3
2024-08,884,4
2024-08,885,3
2024-08,886,3
2024-08,888,4
2024-08,889,2
2024-08,890,5
2024-08,891,3
2024-08,892,2
2024-08,895,3
2024-08,896,5
2024-08,897,2
2024-08,898,3
2024-08,899,1
2024-08,900,1
2024-08,901,3
2024-08,902,3
2024-08,903,3
2024-08,904,1
2024-08,905,3
2024-08,907,3
2024-08,908,3
2024-08,909,3
2024-08,911,3
2024-08,912,2
2024-08,913,2
2024-08,914,1
2024-08,915,1
2024-08,916,4
2024-08,917,4
2024-08,918,2
2024-08,920,1
2024-08,922,1
2024-08,923,3
2024-08,924,1
2024-08,925,3
2024-08,926,1
2024-08,927,2
2024-08,928,2
2024-08,929,1
2024-08,930,3
2024-08,986,2
2024-08,987,3
2024-08,988,2
2024-08,989,2
2024-08,991,2
2024-08,992,2
2024-08,993,3
2024-08,994,3
2024-08,995,3
2024-08,996,2
2024-08,998,3
2024-08,999,3
2024-08,1001,2
2024-08,1002,3
2024-08,1003,3
2024-08,1004,3
2024-08,1005,2
2024-08,1006,3
2024-08,1007,2
2024-08,1008,2
2024-08,1009,2
2024-08,1010,2
2024-08,1011,1
2024-08,1012,3
2024-08,1013,1
2024-08,1014,1
2024-08,1015,3
2024-08,1016,1
2024-08,1017,1
2024-08,1018,1
2024-08,1019,1
2024-08,1020,3
2024-08,1021,1
2024-08,1023,1
2024-08,1024,1
2024-08,1025,3
2024-08,1026,1
2024-08,1027,1
2024-08,1028,1
2024-08,1029,1
2024-08,1030,1
2024-08,1031,1
2024-08,1032,1
2024-08,1033,1
2024-08,1034,3
2024-08,1035,3
2024-08,1036,1
2024-08,1037,1
2024-08,1038,1
2024-08,1039,2
2024-08,1040,1
2024-08,1041,1
2024-08,1044,1
2024-08,1047,2
2024-08,1048,2
2024-08,1049,3
2024-08,1051,2
2024-08,1052,3
2024-08,1053,1
2024-08,1054,2
2024-08,1055,2
2024-08,1056,3
2024-08,1057,3
2024-08,1058,3
2024-08,1059,2
2024-08,1060,3
2024-08,1061,2
2024-08,1062,2
2024-08,1063,3
2024-08,1064,1
2024-08,1065,1
2024-08,1066,3
2024-08,1067,1
2024-08,1068,3
2024-08,1069,1
2024-08,1070,3
2024-08,1071,2
2024-08,1072,3
2024-08,1107,2
2024-08,1108,3
2024-08,1109,2
2024-08,1110,3
2024-08,1111,3
2024-08,1112,3
2024-08,1113,3
2024-08,1115,3
2024-08,1116,1
2024-08,1117,2
2024-08,1118,3
2024-08,1119,3
2024-08,1120,3
2024-08,1121,3
2024-08,1122,3
2024-08,1123,3
2024-08,1124,3
2024-08,1125,3
2024-08,1126,1
2024-08,1127,3
2024-08,1128,3
2024-08,1129,3
2024-08,1130,3
2024-08,1131,2
2024-08,1132,3
2024-08,1133,1
2024-08,1134,5
2024-08,1135,2
2024-08,1136,2
2024-08,1137,2
2024-08,1138,2
2024-08,1139,2
2024-08,1140,2
2024-08,1141,2
2024-08,1142,2
2024-08,1143,3
2024-08,1144,1
2024-08,1146,3
2024-08,1147,2
2024-08,1148,1
2024-08,1149,2
2024-08,1150,5
2024-08,1151,3
2024-08,1152,4
2024-08,1153,2
2024-08,1154,3
2024-08,1155,2
2024-08,1157,3
2024-08,1158,2
2024-08,1159,2
2024-08,1160,3
2024-08,1161,3
2024-08,1163,3
2024-08,1164,3
2024-08,1165,4
2024-08,1166,1
2024-08,1167,3
2024-08,1168,3
2024-08,1169,2
2024-08,1170,1
2024-08,1171,2
2024-08,1172,2
2024-08,1173,2
2024-08,1174,3
2024-08,1175,2
2024-08,1176,5
2024-08,1178,1
2024-08,1179,3
2024-08,1180,3
2024-08,1181,2
2024-08,1184,3
2024-08,1185,3
2024-08,1186,5
2024-08,1187,3
2024-08,1188,5
2024-08,1189,2
2024-08,1190,5
2024-08,1191,2
2024-08,1192,2
2024-08,1193,2
2024-08,1194,3
2024-08,1195,3
2024-08,1196,1
2024-08,1197,2
2024-08,1198,2
2024-08,1200,3
2024-08,1201,1
2024-08,1203,3
2024-08,1204,1
2024-08,1205,1
2024-08,1206,3
2024-08,1207,2
2024-08,1208,1
2024-08,1209,1
2024-08,1210,1
2024-08,1211,3
2024-08,1212,2
2024-08,1213,1
2024-08,1214,3
2024-08,1215,1
2024-08,1217,1
2024-08,1218,1
2024-08,1219,3
2024-08,1220,1
2024-08,1221,2
2024-08,1222,1
2024-08,1223,1
2024-08,1224,5
2024-08,1225,2
2024-08,1226,2
2024-08,1227,2
2024-08,1228,2
2024-08,1229,2
2024-08,1230,2
2024-08,1231,2
2024-08,1232,3
2024-08,1233,2
2024-08,1234,2
2024-08,1235,2
2024-08,1236,2
2024-08,1237,3
2024-08,1238,2
2024-08,1240,2
2024-08,1241,2
2024-08,1242,1
2024-08,1243,2
2024-08,1244,3
2024-08,1246,2
2024-08,1249,2
2024-08,1250,2
2024-08,1251,1
2024-08,1252,3
2024-08,1253,1
2024-08,1254,2
2024-08,1256,2
2024-08,1257,3
2024-08,1258,2
2024-08,1259,3
2024-08,1260,2
2024-08,1261,1
2024-08,1262,3
2024-08,1264,1
2024-08,1265,3
2024-08,1266,1
2024-08,1267,1
2024-08,1268,1
2024-08,1269,1
2024-08,1270,3
2024-08,1271,1
2024-08,1272,1
2024-08,1273,1
2024-08,1274,1
2024-08,1275,2
2024-08,1276,3
2024-08,1277,3
2024-08,1278,3
2024-08,1279,1
2024-08,1280,3
2024-08,1281,3
2024-08,1282,1
2024-08,1284,3
2024-08,1285,3
2024-08,1286,1
2024-08,1287,1
2024-08,1288,3
2024-08,1289,1
2024-08,1290,3
2024-08,1291,1
2024-08,1292,3
2024-08,1293,3
2024-08,1294,3
2024-08,1295,3
2024-08,1296,1
2024-08,1297,1
2024-08,1298,3
2024-08,1299,1
2024-08,1300,1
2024-08,1301,1
2024-08,1302,1
2024-08,1303,2
2024-08,1304,3
2024-08,1305,3
2024-08,1306,3
2024-08,1308,1
2024-08,1309,1
2024-08,1310,3
2024-08,1311,1
2024-08,1312,3
2024-08,1313,1
2024-08,1314,1
2024-08,1315,2
2024-08,1316,3
2024-08,1317,1
2024-08,1319,1
2024-08,1320,1
2024-08,1321,3
2024-08,1322,1
2024-08,1323,1
2024-08,1324,1
2024-08,1325,1
2024-08,1326,3
2024-08,1327,1
2024-08,1328,1
2024-08,1329,1
2024-08,1330,1
2024-08,1331,1
2024-08,1333,2
2024-08,1334,3
2024-08,1335,1
2024-08,1336,1
2024-08,1337,3
2024-08,1338,3
2024-08,1339,3
2024-08,1340,3
2024-08,1341,3
2024-08,1343,3
2024-08,1344,1
2024-08,1345,1
2024-08,1346,1
2024-08,1347,3
2024-08,1348,1
2024-08,1349,1
2024-08,1350,1
2024-08,1351,1
2024-08,1352,1
2024-08,1353,1
2024-08,1355,3
2024-08,1356,3
2024-08,1357,3
2024-08,1358,1
2024-08,1392,3
2024-08,1393,2
2024-08,1394,2
2024-08,1395,5
2024-08,1396,2
2024-08,1397,5
2024-08,1398,5
2024-08,1399,3
2024-08,1400,2
2024-08,1401,2
2024-08,1402,5
2024-08,1403,2
2024-08,1404,2
2024-08,1405,2
2024-08,1406,3
2024-08,1407,2
2024-08,1408,2
2024-08,1409,5
2024-08,1410,2
2024-08,1411,2
2024-08,1412,1
2024-08,1413,3
2024-08,1414,1
2024-08,1415,1
2024-08,1416,1
2024-08,1417,1
2024-08,1419,1
2024-08,1420,1
2024-08,1421,1
2024-08,1422,1
2024-08,1423,1
2024-08,1425,1
2024-08,1426,1
2024-08,1427,3
2024-08,1428,1
2024-08,1429,1
2024-08,1430,4
2024-08,1431,4
2024-08,1438,4
2024-08,1439,5
2024-08,1440,2
2024-08,1443,5
2024-08,1444,5
2024-08,1445,5
2024-08,1446,5
2024-08,1447,2
2024-08,1448,5
2024-08,1449,3
2024-08,1453,5
2024-08,1454,2
2024-08,1456,5
2024-08,1457,5
2024-08,1459,5
2024-08,1461,5
2024-08,1463,2
2024-08,1464,5
2024-08,1465,5
2024-08,1467,5
2024-08,1468,5
2024-08,1472,5
2024-08,1473,2
2024-08,1474,3
2024-08,1475,5
2024-08,1477,2
2024-08,1478,2
2024-08,1480,2
2024-08,1481,5
2024-08,1483,3
2024-08,1484,5
2024-08,1486,2
2024-08,1488,5
2024-08,1489,2
2024-08,1490,2
2024-08,1491,5
2024-08,1492,5
2024-08,1493,5
2024-08,1494,3
2024-08,1495,2
2024-08,1496,5
2024-08,1500,5
2024-08,1501,5
2024-08,1504,2
2024-08,1506,5
2024-08,1507,5
2024-08,1508,5
2024-08,1509,4
2024-08,1510,3
2024-08,1511,5
2024-08,1512,4
2024-08,1518,5
2024-08,1519,3
2024-08,1520,3
2024-08,1521,5
2024-08,1522,3
2024-08,1523,5
2024-08,1525,2
2024-08,1526,2
2024-08,1527,2
2024-08,1528,3
2024-08,1529,3
2024-08,1530,3
2024-08,1532,1
2024-08,1533,3
2024-08,1534,3
2024-08,1535,3
2024-08,1536,3
2024-08,1537,1
2024-08,1539,2
2024-08,1540,2
2024-08,1541,1
2024-08,1542,3
2024-08,1543,1
2024-08,1544,1
2024-08,1545,1
2024-08,1546,3
2024-08,1547,1
2024-08,1548,1
2024-08,1549,3
2024-08,1550,3
2024-08,1551,1
2024-08,1552,1
2024-08,1553,2
2024-08,1554,1
2024-08,1555,3
2024-08,1556,1
2024-08,1557,3
2024-08,1558,1
2024-08,1559,1
2024-08,1560,2
2024-08,1561,1
2024-08,1562,3
2024-08,1563,2
2024-08,1564,1
2024-08,1565,3
2024-08,1566,1
2024-08,1567,1
2024-08,1568,1
2024-08,1569,1
2024-08,1570,1
2024-08,1571,1
2024-08,1572,2
2024-08,1573,1
2024-08,1574,3
2024-08,1575,2
2024-08,1577,2
2024-08,1578,3
2024-08,1579,3
2024-08,1580,1
2024-08,1581,1
2024-08,1582,1
2024-08,1583,3
2024-08,1584,1
2024-08,1585,1
2024-08,1586,2
2024-08,1587,1
2024-08,1588,3
2024-08,1589,3
2024-08,1590,1
2024-08,1591,1
2024-08,1592,3
2024-08,1593,3
2024-08,1594,3
2024-08,1595,3
2024-08,1596,1
2024-08,1597,5
2024-08,1598,5
2024-08,1599,2
2024-08,1600,2
2024-08,1601,5
2024-08,1602,1
2024-08,1603,2
2024-08,1604,3
2024-08,1605,1
2024-08,1606,1
2024-08,1607,1
2024-08,1608,3
2024-08,1609,2
2024-08,1610,3
2024-08,1611,3
2024-08,1612,3
2024-08,1613,1
2024-08,1614,1
2024-08,1615,2
2024-08,1616,1
2024-08,1617,1
2024-08,1618,3
2024-08,1619,2
2024-08,1620,5
2024-08,1621,1
2024-08,1622,1
2024-08,1623,2
2024-08,1624,3
2024-08,1625,2
2024-08,1626,1
2024-08,1627,1
2024-08,1628,3
2024-08,1629,3
2024-08,1630,1
2024-08,1631,1
2024-08,1632,5
2024-08,1633,3
2024-08,1634,1
2024-08,1635,1
2024-08,1636,3
2024-08,1637,1
2024-08,1638,3
2024-08,1639,3
2024-08,1640,1
2024-08,1641,3
2024-08,1642,1
2024-08,1643,3
2024-08,1644,3
2024-08,1645,3
2024-08,1646,1
2024-08,1647,1
2024-08,1648,1
2024-08,1649,3
2024-08,1650,3
2024-08,1651,1
2024-08,1652,2
2024-08,1653,3
2024-08,1654,1
2024-08,1655,3
2024-08,1656,1
2024-08,1657,1
2024-08,1658,3
2024-08,1659,2
2024-08,1660,1
2024-08,1661,3
2024-08,1662,1
2024-08,1663,3
2024-08,1664,3
2024-08,1665,2
2024-08,1666,1
2024-08,1667,2
2024-08,1668,2
2024-08,1669,3
2024-08,1670,3
2024-08,1671,3
2024-08,1672,3
2024-08,1673,3
2024-08,1674,3
2024-08,1675,2
2024-08,1676,3
2024-08,1678,3
2024-08,1679,3
2024-08,1680,1
2024-08,1681,1
2024-08,1682,3
2024-08,1683,2
2024-08,1685,3
2024-08,1686,3
2024-08,1687,3
2024-08,1688,3
2024-08,1689,1
2024-08,1690,1
2024-08,1691,1
2024-08,1692,3
2024-08,1693,3
2024-08,1694,3
2024-08,1696,3
2024-08,1697,3
2024-08,1698,1
2024-08,1699,3
2024-08,1700,3
2024-08,1701,3
2024-08,1702,3
2024-08,1703,1
2024-08,1704,3
2024-08,1705,3
2024-08,1706,3
2024-08,1707,2
2024-08,1708,3
2024-08,1709,3
2024-08,1710,3
2024-08,1711,3
2024-08,1712,3
2024-08,1714,1
2024-08,1715,3
2024-08,1717,3
2024-08,1718,1
2024-08,1719,3
2024-08,1722,1
2024-08,1724,1
2024-08,1725,1
2024-08,1726,2
2024-08,1727,1
2024-08,1728,3
2024-08,1730,3
2024-08,1731,3
2024-08,1732,1
2024-08,1733,1
2024-08,1737,1
2024-08,1738,1
2024-08,1739,1
2024-08,1740,2
2024-08,1741,1
2024-08,1742,3
2024-08,1743,1
2024-08,1744,1
2024-08,1745,1
2024-08,1746,1
2024-08,1747,1
2024-08,1749,1
2024-08,1750,1
2024-08,1751,3
2024-08,1752,3
2024-08,1753,1
2024-08,1754,1
2024-08,1755,1
2024-08,1756,1
2024-08,1757,1
2024-08,1758,2
2024-08,1759,3
2024-08,1760,1
2024-08,1761,1
2024-08,1762,1
2024-08,1764,2
2024-08,1765,2
2024-08,1766,3
2024-08,1768,3
2024-08,1769,1
2024-08,1770,3
2024-08,1771,1
2024-08,1773,1
2024-08,1774,3
2024-08,1775,1
2024-08,1776,3
2024-08,1777,1
2024-08,1778,3
2024-08,1780,3
2024-08,1781,1
2024-08,1782,3
2024-08,1783,5
2024-08,1784,1
2024-08,1785,1
2024-08,1786,3
2024-08,1787,1
2024-08,1788,2
2024-08,1845,2
2024-08,1846,1
2024-08,1848,1
2024-08,1849,1
2024-08,1850,1
2024-08,1851,1
2024-08,1852,3
2024-08,1853,1
2024-08,1854,1
2024-08,1855,1
2024-08,1856,1
2024-08,1857,1
2024-08,1858,3
2024-08,1859,3
2024-08,1860,1
2024-08,1861,3
2024-08,1862,1
2024-08,1863,2
2024-08,1864,1
2024-08,1865,1
2024-08,1868,1
2024-08,1869,3
2024-08,1870,1
2024-08,1871,3
2024-08,1872,1
2024-08,1873,1
2024-08,1874,5
2024-08,1875,2
2024-08,1876,2
2024-08,1877,2
2024-08,1878,3
2024-08,1879,2
2024-08,1880,3
2024-08,1881,2
2024-08,1883,2
2024-08,1884,1
2024-08,1885,3
2024-08,1886,3
2024-08,1887,1
2024-08,1888,3
2024-08,1889,3
2024-08,1890,2
2024-08,1891,1
2024-08,1892,1
2024-08,1893,1
2024-08,1894,3
2024-08,1895,3
2024-08,1896,1
2024-08,1897,1
2024-08,1898,3
2024-08,1899,3
2024-08,1900,3
2024-08,1901,3
2024-08,1902,3
2024-08,1903,3
2024-08,1904,3
2024-08,1905,2
2024-08,1906,2
2024-08,1907,1
2024-08,1908,1
2024-08,1909,1
2024-08,1910,1
2024-08,1912,1
2024-08,1915,1
2024-08,1916,1
2024-08,1917,3
2024-08,1918,1
2024-08,1919,2
2024-08,1920,2
2024-08,1921,1
2024-08,1922,2
2024-08,1923,3
2024-08,1924,1
2024-08,1925,3
2024-08,1926,1
2024-08,1927,1
2024-08,1928,1
2024-08,1929,1
2024-08,1930,3
2024-08,1931,3
2024-08,1932,1
2024-08,1933,1
2024-08,1934,3
2024-08,1935,1
2024-08,1936,3
2024-08,1937,1
2024-08,1938,3
2024-08,1939,3
2024-08,1940,1
2024-08,1941,1
2024-08,1942,1
2024-08,1943,1
2024-08,1944,1
2024-08,1945,1
2024-08,1947,3
2024-08,1948,1
2024-08,1949,1
2024-08,1950,3
2024-08,1951,3
2024-08,1952,2
2024-08,1954,3
2024-08,1955,2
2024-08,1956,3
2024-08,1957,4
2024-08,1958,4
2024-08,1959,3
2024-08,1960,3
2024-08,1961,4
2024-08,1962,4
2024-08,1963,4
2024-08,1965,3
2024-08,1966,2
2024-08,1967,2
2024-08,1968,4
2024-08,1969,4
2024-08,1970,4
2024-08,1971,5
2024-08,1972,3
2024-08,1973,3
2024-08,1974,2
2024-08,1975,3
2024-08,1976,3
2024-08,1977,5
2024-08,1978,3
2024-08,1979,5
2024-08,1980,3
2024-08,1981,3
2024-08,1982,3
2024-08,1983,2
2024-08,1984,3
2024-08,1985,2
2024-08,1986,2
2024-08,1987,3
2024-08,1988,3
2024-08,1989,3
2024-08,1990,3
2024-08,1991,3
2024-08,1992,3
2024-08,1993,2
2024-08,1994,3
2024-08,1995,2
2024-08,1996,3
2024-08,1997,3
2024-08,1999,3
2024-08,2000,2
2024-08,2001,3
2024-08,2002,3
2024-08,2004,2
2024-08,2005,2
2024-08,2006,2
2024-08,2007,3
2024-08,2008,3
2024-08,2009,3
2024-08,2010,2
2024-08,2011,3
2024-08,2012,3
2024-08,2015,3
2024-08,2017,1
2024-08,2018,3
2024-08,2019,2
2024-08,2021,1
2024-08,2022,1
2024-08,2023,1
2024-08,2024,2
2024-08,2025,2
2024-08,2027,3
2024-08,2028,3
2024-08,2030,3
2024-08,2031,3
2024-08,2032,2
2024-08,2033,2
2024-08,2034,2
2024-08,2035,3
2024-08,2036,3
2024-08,2037,3
2024-08,2039,3
2024-08,2040,2
2024-08,2041,3
2024-08,2042,3
2024-08,2043,1
2024-08,2044,2
2024-08,2045,2
2024-08,2046,3
2024-08,2047,2
2024-08,2048,2
2024-08,2049,1
2024-08,2050,1
2024-08,2051,3
2024-08,2052,1
2024-08,2053,1
2024-08,2054,3
2024-08,2055,3
2024-08,2056,1
2024-08,2057,1
2024-08,2058,1
2024-08,2059,3
2024-08,2060,2
2024-08,2061,1
2024-08,2062,3
2024-08,2063,2
2024-08,2064,1
2024-08,2065,1
2024-08,2066,1
2024-08,2067,1
2024-08,2068,1
2024-08,2069,3
2024-08,2070,3
2024-08,2072,1
2024-08,2073,3
2024-08,2074,2
2024-08,2075,1
2024-08,2076,1
2024-08,2077,1
2024-08,2078,1
2024-08,2079,1
2024-08,2080,1
2024-08,2081,1
2024-08,2082,1
2024-08,2085,1
2024-08,2087,1
2024-08,2088,1
2024-08,2089,1
2024-08,2090,1
2024-08,2091,1
2024-08,2093,1
2024-08,2094,1
2024-08,2095,1
2024-08,2096,1
2024-08,2098,1
2024-08,2100,1
2024-08,2101,2
2024-08,2105,3
2024-08,2108,2
2024-08,2109,3
2024-08,2110,1
2024-08,2111,3
2024-08,2112,1
2024-08,2113,1
2024-08,2114,1
2024-08,2116,1
2024-08,2117,1
2024-08,2118,1
2024-08,2119,2
2024-08,2120,3
2024-08,2121,3
2024-08,2122,3
2024-08,2124,2
2024-08,2125,1
2024-08,2126,3
2024-08,2127,1
2024-08,2128,1
2024-08,2129,1
2024-08,2130,2
2024-08,2131,3
2024-08,2132,1
2024-08,2133,1
2024-08,2134,3
2024-08,2136,1
2024-08,2137,1
2024-08,2138,1
2024-08,2139,1
2024-08,2140,1
2024-08,2142,1
2024-08,2143,1
2024-08,2144,5
2024-08,2145,3
2024-08,2146,3
2024-08,2148,3
2024-08,2149,3
2024-08,2150,3
2024-08,2151,3
2024-08,2152,1
2024-08,2153,3
2024-08,2154,3
2024-08,2155,3
2024-08,2156,1
2024-08,2157,1
2024-08,2158,3
2024-08,2159,1
2024-08,2160,3
2024-08,2161,5
2024-08,2162,1
2024-08,2163,3
2024-08,2164,5
2024-08,2165,2
2024-08,2167,2
2024-08,2168,2
2024-08,2169,2
2024-08,2171,1
2024-08,2172,1
2024-08,2173,3
2024-08,2174,3
2024-08,2175,1
2024-08,2176,3
2024-08,2177,2
2024-08,2178,3
2024-08,2179,3
2024-08,2180,3
2024-08,2181,1
2024-08,2182,1
2024-08,2183,3
2024-08,2184,1
2024-08,2185,1
2024-08,2186,3
2024-08,2187,1
2024-08,2188,2
2024-08,2189,3
2024-08,2190,5
2024-08,2191,2
2024-08,2192,2
2024-08,2193,2
2024-08,2194,2
2024-08,2195,1
2024-08,2196,1
2024-08,2197,1
2024-08,2198,1
2024-08,2199,3
2024-08,2200,1
2024-08,2201,1
2024-08,2202,3
2024-08,2203,2
2024-08,2204,3
2024-08,2205,1
2024-08,2206,1
2024-08,2207,1
2024-08,2208,2
2024-08,2210,5
2024-08,2211,3
2024-08,2212,1
2024-08,2213,1
2024-08,2215,3
2024-08,2216,5
2024-08,2217,5
2024-08,2218,4
2024-08,2219,4
2024-08,2220,5
2024-08,2221,5
2024-08,2222,5
2024-08,2223,4
2024-08,2224,2
2024-08,2225,3
2024-08,2226,5
2024-08,2227,5
2024-08,2228,5
2024-08,2229,4
2024-08,2230,4
2024-08,2231,2
2024-08,2232,4
2024-08,2233,3
2024-08,2234,3
2024-08,2235,2
2024-08,2236,4
2024-08,2237,2
2024-08,2238,5
2024-08,2241,4
2024-08,2242,5
2024-08,2243,5
2024-08,2244,4
2024-08,2245,4
2024-08,2248,4
2024-08,2249,4
2024-08,2250,4
2024-08,2251,2
2024-08,2252,2
2024-08,2253,3
2024-08,2254,1
2024-08,2255,1
2024-08,2256,1
2024-08,2257,1
2024-08,2258,1
2024-08,2259,1
2024-08,2260,1
2024-08,2262,1
2024-08,2264,3
2024-08,2265,1
2024-08,2266,1
2024-08,2267,1
2024-08,2268,1
2024-08,2269,3
2024-08,2270,1
2024-08,2271,1
2024-08,2272,3
2024-08,2274,3
2024-08,2275,5
2024-08,2276,3
2024-08,2278,3
2024-08,2279,2
2024-08,2280,2
2024-08,2281,2
2024-08,2282,2
2024-08,2286,2
2024-08,2287,3
2024-08,2288,2
2024-08,2289,2
2024-08,2292,3
2024-08,2293,3
2024-08,2294,3
2024-08,2295,1
2024-08,2296,3
2024-08,2297,3
2024-08,2298,3
2024-08,2299,3
2024-08,2300,3
2024-08,2301,1
2024-08,2302,3
2024-08,2303,3
2024-08,2304,3
2024-08,2305,1
2024-08,2307,3
2024-08,2308,3
2024-08,2309,3
2024-08,2310,3
2024-08,2311,2
2024-08,2312,2
2024-08,2314,3
2024-08,2315,3
2024-08,2316,3
2024-08,2317,1
2024-08,2318,2
2024-08,2320,2
2024-08,2321,3
2024-08,2322,3
2024-08,2323,1
2024-08,2324,3
2024-08,2325,3
2024-08,2326,3
2024-08,2327,3
2024-08,2328,3
2024-08,2329,3
2024-08,2330,3
2024-08,2332,3
2024-08,2333,2
2024-08,2334,3
2024-08,2335,3
2024-08,2336,2
2024-08,2337,2
2024-08,2338,2
2024-08,2339,2
2024-08,2340,2
2024-08,2341,4
2024-08,2342,3
2024-08,2343,3
2024-08,2344,4
2024-08,2345,4
2024-08,2348,4
2024-08,2349,4
2024-08,2351,5
2024-08,2352,5
2024-08,2353,5
2024-08,2354,5
2024-08,2355,5
2024-08,2356,5
2024-08,2357,5
2024-08,2358,5
2024-08,2359,5
2024-08,2360,5
2024-08,2361,5
2024-08,2362,5
2024-08,2363,5
2024-08,2364,5
2024-08,2365,5
2024-08,2366,5
2024-08,2367,5
2024-08,2368,5
2024-08,2369,5
2024-08,2370,5
2024-08,2371,5
2024-08,2372,5
2024-08,2373,5
2024-08,2374,5
2024-08,2375,5
2024-08,2376,5
2024-08,2377,5
2024-08,2378,5
2024-08,2379,5
2024-08,2380,5
2024-08,2381,5
2024-08,2382,5
2024-08,2383,5
2024-08,2384,5
2024-08,2385,5
2024-08,2386,5
2024-08,2387,5
2024-08,2388,5
2024-08,2389,5
2024-08,2390,5
2024-08,2391,5
2024-08,2392,5
2024-08,2393,5
2024-08,2395,2
2024-08,2398,5
2024-08,2399,5
2024-08,2400,5
2024-08,2401,5
2024-08,2402,5
2024-08,2403,5
2024-08,2404,5
2024-08,2405,5
2024-08,2406,5
2024-08,2407,5
2024-08,2408,5
2024-08,2409,5
2024-08,2410,5
2024-08,2411,5
2024-08,2412,5
2024-08,2416,5
2024-08,2422,5
2024-08,2423,5
2024-08,2424,5
2024-08,2425,5
2024-08,2426,5
2024-08,2427,5
2024-08,2428,5
2024-08,2429,5
2024-08,2430,5
2024-08,2431,5
2024-08,2432,5
2024-08,2433,5
2024-08,2434,5
2024-08,2435,5
2024-08,2436,5
2024-08,2437,5
2024-08,2439,5
2024-08,2440,5
2024-08,2441,5
2024-08,2442,5
2024-08,2443,5
2024-08,2444,5
2024-08,2445,5
2024-08,2446,5
2024-08,2447,5
2024-08,2449,5
2024-08,2450,5
2024-08,2451,5
2024-08,2452,5
2024-08,2453,5
2024-08,2454,5
2024-08,2455,5
2024-08,2456,5
2024-08,2457,5
2024-08,2458,5
2024-08,2459,5
2024-08,2460,5
2024-08,2461,5
2024-08,2462,5
2024-08,2463,5
2024-08,2464,5
2024-08,2465,5
2024-08,2466,5
2024-08,2467,5
2024-08,2468,5
2024-08,2469,5
2024-08,2470,5
2024-08,2471,5
2024-08,2472,5
2024-08,2473,5
2024-08,2474,5
2024-08,2475,5
2024-08,2476,5
2024-08,2477,5
2024-08,2478,5
2024-08,2479,5
2024-08,2480,5
2024-08,2481,5
2024-08,2482,5
2024-08,2483,5
2024-08,2484,5
2024-08,2485,5
2024-08,2486,5
2024-08,2487,5
2024-08,2488,5
2024-08,2489,5
2024-08,2490,5
2024-08,2491,5
2024-08,2492,5
2024-08,2493,5
2024-08,2494,5
2024-08,2495,5
2024-08,2496,5
2024-08,2497,5
2024-08,2498,5
2024-08,2499,5
2024-08,2500,5
2024-08,2501,5
2024-08,2502,5
2024-08,2503,5
2024-08,2504,5
2024-08,2505,5
2024-08,2506,5
2024-08,2507,5
2024-08,2508,5
2024-08,2509,5
2024-08,2510,5
2024-08,2511,5
2024-08,2512,5
2024-08,2513,5
2024-08,2514,5
2024-08,2515,5
2024-08,2516,5
2024-08,2517,5
2024-08,2518,5
2024-08,2519,5
2024-08,2520,5
2024-08,2521,5
2024-08,2522,5
2024-08,2523,5
2024-08,2524,5
2024-08,2525,5
2024-08,2526,5
2024-08,2527,5
2024-08,2528,5
2024-08,2529,5
2024-08,2530,5
2024-08,2531,5
2024-08,2532,5
2024-08,2533,5
2024-08,2534,5
2024-08,2535,5
2024-08,2536,5
2024-08,2537,5
2024-08,2538,5
2024-08,2539,5
2024-08,2540,5
2024-08,2541,5
2024-08,2542,5
2024-08,2543,5
2024-08,2544,5
2024-08,2545,5
2024-08,2546,5
2024-08,2547,5
2024-08,2548,5
2024-08,2549,5
2024-08,2550,5
2024-08,2551,5
2024-08,2552,5
2024-08,2553,5
2024-08,2554,5
2024-08,2555,5
2024-08,2556,5
2024-08,2557,5
2024-08,2558,5
2024-08,2559,5
2024-08,2560,5
2024-08,2561,5
2024-08,2562,5
2024-08,2563,5
2024-08,2564,5
2024-08,2565,5
2024-08,2566,5
2024-08,2567,5
2024-08,2568,5
2024-08,2569,5
2024-08,2570,5
2024-08,2571,5
2024-08,2572,5
2024-08,2573,5
2024-08,2574,5
2024-08,2575,5
2024-08,2576,5
2024-08,2577,5
2024-08,2578,5
2024-08,2579,5
2024-08,2580,5
2024-08,2581,5
2024-08,2582,5
2024-08,2583,5
2024-08,2584,5
2024-08,2585,5
2024-08,2586,5
2024-08,2587,5
2024-08,2588,5
2024-08,2589,5
2024-08,2590,5
2024-08,2591,2
2024-08,2592,5
2024-08,2593,3
2024-08,2595,2
2024-08,2596,2
2024-08,2597,5
2024-08,2598,2
2024-08,2599,5
2024-08,2600,5
2024-08,2601,2
2024-08,2602,5
2024-08,2604,5
2024-08,2605,5
2024-08,2606,5
2024-08,2607,2
2024-08,2618,1
2024-08,2619,2
2024-08,2620,2
2024-08,2621,2
2024-08,2644,5
2024-08,2646,5
2024-08,2647,2
2024-08,2648,5
2024-08,2649,5
2024-08,2651,5
2024-08,2652,2
2024-08,2710,2
2024-08,2808,5
2024-08,2809,2
2024-08,2813,2
2024-08,2814,5
2024-08,2872,4
2024-08,2876,5
2024-08,2879,5
2024-08,2880,4
2024-08,2881,2
2024-08,2882,4
2024-08,2883,2
2024-08,2884,2
2024-08,2885,2
2024-08,2886,3
2024-08,2887,2
2024-08,3005,2
2024-08,3007,2
2024-08,3009,2
2024-08,3011,2
2024-08,3012,3
2024-08,3013,5
2024-09,1,2
2024-09,2,3
2024-09,3,3
2024-09,4,2
2024-09,5,1
2024-09,6,2
2024-09,7,5
2024-09,8,2
2024-09,9,1
2024-09,10,2
2024-09,11,2
2024-09,12,2
2024-09,13,2
2024-09,14,2
2024-09,15,2
2024-09,16,2
2024-09,17,2
2024-09,18,2
2024-09,19,1
2024-09,20,2
2024-09,21,5
2024-09,22,3
2024-09,23,2
2024-09,25,2
2024-09,26,2
2024-09,27,2
2024-09,28,2
2024-09,29,2
2024-09,30,2
2024-09,31,1
2024-09,32,1
2024-09,33,1
2024-09,34,1
2024-09,35,2
2024-09,36,1
2024-09,37,1
2024-09,38,2
2024-09,39,1
2024-09,40,2
2024-09,41,1
2024-09,42,2
2024-09,43,1
2024-09,44,2
2024-09,45,1
2024-09,46,1
2024-09,47,2
2024-09,48,1
2024-09,49,3
2024-09,50,2
2024-09,51,2
2024-09,52,1
2024-09,53,2
2024-09,54,1
2024-09,55,2
2024-09,56,1
2024-09,57,2
2024-09,58,3
2024-09,59,1
2024-09,60,1
2024-09,61,1
2024-09,62,2
2024-09,63,1
2024-09,65,3
2024-09,66,2
2024-09,67,2
2024-09,68,1
2024-09,69,1
2024-09,70,3
2024-09,71,2
2024-09,72,1
2024-09,73,2
2024-09,74,2
2024-09,75,2
2024-09,76,2
2024-09,77,2
2024-09,78,1
2024-09,79,2
2024-09,80,1
2024-09,81,2
2024-09,82,1
2024-09,83,2
2024-09,167,2
2024-09,168,2
2024-09,169,3
2024-09,173,1
2024-09,181,3
2024-09,184,3
2024-09,185,1
2024-09,188,1
2024-09,191,1
2024-09,194,2
2024-09,195,3
2024-09,196,2
2024-09,198,1
2024-09,201,2
2024-09,203,3
2024-09,204,3
2024-09,205,2
2024-09,206,5
2024-09,207,2
2024-09,208,3
2024-09,209,2
2024-09,210,3
2024-09,211,3
2024-09,212,2
2024-09,213,3
2024-09,214,3
2024-09,215,3
2024-09,216,3
2024-09,217,3
2024-09,218,2
2024-09,219,3
2024-09,220,3
2024-09,221,3
2024-09,222,2
2024-09,223,3
2024-09,224,2
2024-09,225,4
2024-09,226,3
2024-09,227,4
2024-09,228,4
2024-09,229,4
2024-09,230,3
2024-09,231,3
2024-09,232,3
2024-09,233,3
2024-09,234,3
2024-09,235,3
2024-09,236,3
2024-09,237,2
2024-09,238,1
2024-09,239,3
2024-09,240,3
2024-09,241,3
2024-09,242,3
2024-09,243,1
2024-09,269,2
2024-09,270,3
2024-09,271,3
2024-09,272,3
2024-09,273,1
2024-09,274,1
2024-09,275,3
2024-09,276,3
2024-09,277,3
2024-09,278,2
2024-09,279,3
2024-09,280,3
2024-09,281,3
2024-09,282,3
2024-09,283,3
2024-09,284,3
2024-09,285,1
2024-09,287,1
2024-09,288,1
2024-09,289,3
2024-09,290,1
2024-09,292,1
2024-09,293,1
2024-09,294,1
2024-09,295,1
2024-09,296,1
2024-09,297,1
2024-09,298,3
2024-09,300,3
2024-09,301,2
2024-09,302,3
2024-09,303,3
2024-09,304,3
2024-09,305,1
2024-09,306,1
2024-09,307,3
2024-09,308,3
2024-09,309,5
2024-09,312,4
2024-09,314,4
2024-09,316,4
2024-09,317,4
2024-09,318,4
2024-09,319,4
2024-09,320,4
2024-09,321,4
2024-09,323,4
2024-09,324,4
2024-09,325,4
2024-09,326,4
2024-09,327,4
2024-09,329,4
2024-09,330,4
2024-09,331,4
2024-09,332,4
2024-09,333,4
2024-09,334,4
2024-09,335,4
2024-09,336,2
2024-09,337,4
2024-09,338,4
2024-09,339,4
2024-09,340,4
2024-09,341,4
2024-09,342,4
2024-09,343,4
2024-09,345,2
2024-09,346,2
2024-09,347,2
2024-09,348,2
2024-09,349,1
2024-09,351,2
2024-09,352,2
2024-09,354,5
2024-09,355,2
2024-09,356,3
2024-09,357,2
2024-09,358,1
2024-09,359,1
2024-09,360,3
2024-09,361,1
2024-09,362,2
2024-09,363,1
2024-09,364,1
2024-09,365,3
2024-09,366,1
2024-09,367,1
2024-09,368,2
2024-09,369,1
2024-09,370,2
2024-09,371,2
2024-09,372,1
2024-09,373,2
2024-09,374,2
2024-09,375,2
2024-09,376,1
2024-09,377,1
2024-09,378,1
2024-09,379,2
2024-09,380,2
2024-09,381,1
2024-09,382,3
2024-09,383,3
2024-09,384,1
2024-09,385,2
2024-09,386,1
2024-09,387,2
2024-09,388,2
2024-09,390,1
2024-09,391,1
2024-09,392,1
2024-09,393,1
2024-09,395,1
2024-09,396,1
2024-09,397,2
2024-09,398,3
2024-09,401,2
2024-09,402,2
2024-09,403,2
2024-09,404,2
2024-09,405,2
2024-09,408,2
2024-09,410,2
2024-09,413,2
2024-09,414,2
2024-09,416,2
2024-09,418,5
2024-09,419,2
2024-09,420,2
2024-09,421,2
2024-09,422,2
2024-09,423,1
2024-09,424,1
2024-09,425,1
2024-09,428,1
2024-09,429,1
2024-09,430,2
2024-09,431,1
2024-09,432,3
2024-09,433,1
2024-09,434,1
2024-09,435,1
2024-09,436,1
2024-09,437,1
2024-09,438,1
2024-09,440,2
2024-09,441,1
2024-09,442,1
2024-09,443,2
2024-09,444,1
2024-09,445,1
2024-09,446,3
2024-09,447,1
2024-09,448,2
2024-09,449,3
2024-09,450,2
2024-09,451,3
2024-09,452,2
2024-09,453,2
2024-09,455,2
2024-09,456,1
2024-09,457,1
2024-09,458,2
2024-09,459,2
2024-09,460,2
2024-09,478,2
2024-09,479,1
2024-09,480,2
2024-09,481,2
2024-09,482,3
2024-09,484,1
2024-09,485,1
2024-09,486,1
2024-09,487,1
2024-09,489,3
2024-09,490,1
2024-09,491,3
2024-09,492,1
2024-09,493,1
2024-09,494,3
2024-09,495,1
2024-09,496,1
2024-09,497,3
2024-09,498,2
2024-09,499,1
2024-09,501,1
2024-09,502,1
2024-09,503,3
2024-09,504,5
2024-09,505,2
2024-09,506,2
2024-09,507,2
2024-09,508,2
2024-09,509,2
2024-09,510,2
2024-09,511,2
2024-09,512,3
2024-09,515,2
2024-09,516,1
2024-09,517,2
2024-09,518,3
2024-09,519,1
2024-09,520,1
2024-09,521,1
2024-09,522,3
2024-09,523,1
2024-09,524,1
2024-09,525,3
2024-09,527,3
2024-09,528,3
2024-09,529,1
2024-09,530,1
2024-09,531,3
2024-09,532,1
2024-09,533,1
2024-09,534,3
2024-09,535,2
2024-09,536,1
2024-09,537,1
2024-09,538,3
2024-09,539,1
2024-09,540,1
2024-09,541,1
2024-09,542,3
2024-09,543,1
2024-09,544,1
2024-09,545,3
2024-09,546,1
2024-09,547,1
2024-09,548,1
2024-09,549,1
2024-09,550,1
2024-09,552,3
2024-09,553,1
2024-09,554,2
2024-09,555,1
2024-09,556,1
2024-09,557,1
2024-09,558,1
2024-09,559,3
2024-09,560,1
2024-09,561,3
2024-09,562,1
2024-09,563,1
2024-09,564,1
2024-09,565,3
2024-09,566,1
2024-09,567,1
2024-09,568,1
2024-09,569,1
2024-09,570,1
2024-09,571,1
2024-09,572,3
2024-09,574,3
2024-09,578,2
2024-09,579,2
2024-09,580,5
2024-09,581,2
2024-09,582,4
2024-09,583,1
2024-09,584,3
2024-09,585,3
2024-09,586,2
2024-09,587,2
2024-09,588,3
2024-09,589,2
2024-09,591,1
2024-09,592,2
2024-09,593,2
2024-09,594,2
2024-09,595,2
2024-09,598,2
2024-09,599,2
2024-09,600,2
2024-09,601,2
2024-09,602,1
2024-09,603,2
2024-09,604,2
2024-09,605,4
2024-09,606,2
2024-09,607,2
2024-09,608,5
2024-09,612,5
2024-09,613,4
2024-09,614,4
2024-09,615,4
2024-09,616,4
2024-09,618,4
2024-09,619,4
2024-09,621,4
2024-09,666,5
2024-09,667,2
2024-09,668,3
2024-09,669,3
2024-09,670,2
2024-09,671,3
2024-09,674,2
2024-09,675,2
2024-09,676,2
2024-09,677,2
2024-09,678,4
2024-09,679,2
2024-09,680,2
2024-09,683,1
2024-09,685,2
2024-09,686,2
2024-09,687,1
2024-09,689,3
2024-09,690,3
2024-09,691,1
2024-09,692,1
2024-09,693,2
2024-09,694,3
2024-09,695,3
2024-09,696,1
2024-09,697,3
2024-09,698,1
2024-09,699,1
2024-09,701,1
2024-09,702,3
2024-09,703,3
2024-09,704,3
2024-09,705,3
2024-09,706,1
2024-09,708,3
2024-09,710,1
2024-09,711,2
2024-09,712,1
2024-09,713,1
2024-09,714,3
2024-09,715,1
2024-09,716,4
2024-09,717,3
2024-09,718,4
2024-09,719,1
2024-09,720,4
2024-09,721,1
2024-09,722,2
2024-09,723,3
2024-09,725,2
2024-09,726,4
2024-09,727,5
2024-09,731,2
2024-09,734,3
2024-09,735,1
2024-09,736,3
2024-09,737,1
2024-09,738,2
2024-09,739,3
2024-09,741,3
2024-09,742,3
2024-09,743,3
2024-09,744,1
2024-09,745,3
2024-09,746,1
2024-09,747,3
2024-09,748,2
2024-09,749,1
2024-09,751,3
2024-09,752,1
2024-09,753,1
2024-09,754,3
2024-09,755,3
2024-09,756,2
2024-09,757,2
2024-09,758,1
2024-09,760,1
2024-09,761,1
2024-09,763,2
2024-09,764,3
2024-09,765,1
2024-09,766,2
2024-09,767,2
2024-09,769,1
2024-09,770,1
2024-09,771,1
2024-09,773,1
2024-09,774,3
2024-09,775,5
2024-09,776,2
2024-09,777,5
2024-09,778,2
2024-09,779,2
2024-09,780,2
2024-09,781,2
2024-09,782,5
2024-09,783,3
2024-09,784,2
2024-09,785,5
2024-09,787,3
2024-09,788,2
2024-09,789,2
2024-09,790,2
2024-09,791,3
2024-09,792,3
2024-09,793,3
2024-09,794,2
2024-09,795,3
2024-09,796,1
2024-09,797,3
2024-09,798,3
2024-09,799,3
2024-09,800,2
2024-09,801,2
2024-09,802,3
2024-09,803,3
2024-09,804,3
2024-09,805,3
2024-09,806,2
2024-09,807,3
2024-09,808,1
2024-09,809,5
2024-09,810,1
2024-09,811,2
2024-09,812,5
2024-09,813,2
2024-09,814,2
2024-09,815,3
2024-09,817,3
2024-09,818,2
2024-09,819,2
2024-09,820,2
2024-09,821,1
2024-09,822,1
2024-09,823,1
2024-09,824,5
2024-09,825,1
2024-09,826,1
2024-09,827,1
2024-09,828,1
2024-09,829,1
2024-09,830,2
2024-09,831,3
2024-09,832,1
2024-09,833,3
2024-09,834,1
2024-09,835,1
2024-09,836,1
2024-09,838,3
2024-09,839,3
2024-09,840,1
2024-09,841,2
2024-09,842,5
2024-09,843,5
2024-09,844,4
2024-09,846,4
2024-09,847,4
2024-09,848,4
2024-09,849,3
2024-09,851,3
2024-09,852,3
2024-09,853,4
2024-09,854,4
2024-09,855,4
2024-09,856,4
2024-09,857,4
2024-09,859,3
2024-09,860,2
2024-09,870,2
2024-09,871,2
2024-09,872,5
2024-09,873,4
2024-09,874,3
2024-09,875,4
2024-09,876,2
2024-09,877,3
2024-09,878,3
2024-09,879,4
2024-09,880,3
2024-09,881,3
2024-09,882,3
2024-09,883,4
2024-09,884,4
2024-09,885,3
2024-09,886,3
2024-09,888,4
2024-09,889,3
2024-09,890,2
2024-09,891,3
2024-09,892,2
2024-09,895,3
2024-09,896,5
2024-09,897,2
2024-09,898,3
2024-09,899,3
2024-09,900,1
2024-09,901,3
2024-09,902,3
2024-09,903,3
2024-09,904,1
2024-09,905,3
2024-09,907,3
2024-09,908,3
2024-09,909,3
2024-09,911,3
2024-09,912,2
2024-09,913,3
2024-09,914,3
2024-09,915,3
2024-09,916,4
2024-09,917,4
2024-09,918,2
2024-09,920,3
2024-09,922,1
2024-09,923,3
2024-09,924,1
2024-09,925,1
2024-09,926,1
2024-09,927,2
2024-09,928,2
2024-09,929,1
2024-09,930,3
2024-09,986,2
2024-09,987,2
2024-09,988,2
2024-09,989,2
2024-09,991,2
2024-09,992,2
2024-09,993,3
2024-09,994,3
2024-09,995,3
2024-09,996,2
2024-09,998,3
2024-09,999,3
2024-09,1001,2
2024-09,1002,3
2024-09,1003,3
2024-09,1004,3
2024-09,1005,2
2024-09,1006,3
2024-09,1007,2
2024-09,1008,2
2024-09,1009,2
2024-09,1010,2
2024-09,1011,1
2024-09,1012,3
2024-09,1013,1
2024-09,1014,1
2024-09,1015,3
2024-09,1016,1
2024-09,1017,1
2024-09,1018,1
2024-09,1019,3
2024-09,1020,3
2024-09,1021,1
2024-09,1023,1
2024-09,1024,1
2024-09,1025,3
2024-09,1026,3
2024-09,1027,1
2024-09,1028,1
2024-09,1029,1
2024-09,1030,1
2024-09,1031,1
2024-09,1032,1
2024-09,1033,1
2024-09,1034,3
2024-09,1035,3
2024-09,1036,1
2024-09,1037,3
2024-09,1038,1
2024-09,1039,2
2024-09,1040,1
2024-09,1041,1
2024-09,1044,1
2024-09,1047,3
2024-09,1048,2
2024-09,1049,3
2024-09,1051,2
2024-09,1052,3
2024-09,1053,3
2024-09,1054,2
2024-09,1055,2
2024-09,1056,3
2024-09,1057,3
2024-09,1058,3
2024-09,1059,2
2024-09,1060,3
2024-09,1061,2
2024-09,1062,2
2024-09,1063,2
2024-09,1064,1
2024-09,1065,1
2024-09,1066,3
2024-09,1067,3
2024-09,1068,3
2024-09,1069,1
2024-09,1070,3
2024-09,1071,2
2024-09,1072,3
2024-09,1107,2
2024-09,1108,3
2024-09,1109,2
2024-09,1110,3
2024-09,1111,3
2024-09,1112,3
2024-09,1113,3
2024-09,1115,3
2024-09,1116,3
2024-09,1117,2
2024-09,1118,1
2024-09,1119,3
2024-09,1120,3
2024-09,1121,3
2024-09,1122,3
2024-09,1123,3
2024-09,1124,3
2024-09,1125,3
2024-09,1126,3
2024-09,1127,3
2024-09,1128,3
2024-09,1129,3
2024-09,1130,3
2024-09,1131,2
2024-09,1132,3
2024-09,1133,3
2024-09,1134,5
2024-09,1135,2
2024-09,1136,2
2024-09,1137,2
2024-09,1138,2
2024-09,1139,2
2024-09,1140,2
2024-09,1141,2
2024-09,1142,2
2024-09,1143,3
2024-09,1144,1
2024-09,1146,3
2024-09,1147,2
2024-09,1148,1
2024-09,1149,2
2024-09,1150,5
2024-09,1151,3
2024-09,1152,4
2024-09,1153,2
2024-09,1154,3
2024-09,1155,2
2024-09,1157,3
2024-09,1158,2
2024-09,1159,2
2024-09,1160,2
2024-09,1161,3
2024-09,1163,3
2024-09,1164,3
2024-09,1165,4
2024-09,1166,1
2024-09,1167,3
2024-09,1168,3
2024-09,1169,2
2024-09,1170,2
2024-09,1171,2
2024-09,1172,2
2024-09,1173,1
2024-09,1174,2
2024-09,1175,2
2024-09,1176,5
2024-09,1178,1
2024-09,1179,3
2024-09,1180,3
2024-09,1181,2
2024-09,1184,3
2024-09,1185,3
2024-09,1186,5
2024-09,1187,3
2024-09,1188,5
2024-09,1189,1
2024-09,1190,5
2024-09,1191,2
2024-09,1192,2
2024-09,1193,3
2024-09,1194,3
2024-09,1195,3
2024-09,1196,1
2024-09,1197,2
2024-09,1198,2
2024-09,1200,3
2024-09,1201,1
2024-09,1203,3
2024-09,1204,1
2024-09,1205,1
2024-09,1206,3
2024-09,1207,2
2024-09,1208,1
2024-09,1209,3
2024-09,1210,1
2024-09,1211,3
2024-09,1212,2
2024-09,1213,3
2024-09,1214,3
2024-09,1215,1
2024-09,1217,3
2024-09,1218,3
2024-09,1219,3
2024-09,1220,1
2024-09,1221,2
2024-09,1222,1
2024-09,1223,1
2024-09,1224,5
2024-09,1225,2
2024-09,1226,2
2024-09,1227,2
2024-09,1228,2
2024-09,1229,2
2024-09,1230,2
2024-09,1231,2
2024-09,1232,2
2024-09,1233,2
2024-09,1234,2
2024-09,1235,2
2024-09,1236,2
2024-09,1237,2
2024-09,1238,2
2024-09,1240,2
2024-09,1241,2
2024-09,1242,1
2024-09,1243,2
2024-09,1244,3
2024-09,1246,2
2024-09,1249,2
2024-09,1250,2
2024-09,1251,1
2024-09,1252,2
2024-09,1253,1
2024-09,1254,2
2024-09,1256,2
2024-09,1257,3
2024-09,1258,2
2024-09,1259,3
2024-09,1260,2
2024-09,1261,1
2024-09,1262,3
2024-09,1264,1
2024-09,1265,3
2024-09,1266,1
2024-09,1267,1
2024-09,1268,1
2024-09,1269,1
2024-09,1270,3
2024-09,1271,1
2024-09,1272,3
2024-09,1273,1
2024-09,1274,1
2024-09,1275,2
2024-09,1276,3
2024-09,1277,3
2024-09,1278,1
2024-09,1279,1
2024-09,1280,3
2024-09,1281,3
2024-09,1282,1
2024-09,1284,3
2024-09,1285,3
2024-09,1286,1
2024-09,1287,3
2024-09,1288,3
2024-09,1289,1
2024-09,1290,3
2024-09,1291,1
2024-09,1292,3
2024-09,1293,3
2024-09,1294,3
2024-09,1295,3
2024-09,1296,1
2024-09,1297,1
2024-09,1298,3
2024-09,1299,1
2024-09,1300,1
2024-09,1301,3
2024-09,1302,3
2024-09,1303,2
2024-09,1304,3
2024-09,1305,3
2024-09,1306,3
2024-09,1308,3
2024-09,1309,1
2024-09,1310,3
2024-09,1311,1
2024-09,1312,3
2024-09,1313,1
2024-09,1314,1
2024-09,1315,2
2024-09,1316,3
2024-09,1317,1
2024-09,1319,1
2024-09,1320,1
2024-09,1321,3
2024-09,1322,1
2024-09,1323,1
2024-09,1324,1
2024-09,1325,1
2024-09,1326,3
2024-09,1327,1
2024-09,1328,1
2024-09,1329,3
2024-09,1330,1
2024-09,1331,1
2024-09,1333,2
2024-09,1334,3
2024-09,1335,1
2024-09,1336,1
2024-09,1337,1
2024-09,1338,3
2024-09,1339,3
2024-09,1340,3
2024-09,1341,3
2024-09,1343,3
2024-09,1344,1
2024-09,1345,3
2024-09,1346,1
2024-09,1347,3
2024-09,1348,1
2024-09,1349,1
2024-09,1350,1
2024-09,1351,1
2024-09,1352,1
2024-09,1353,1
2024-09,1355,1
2024-09,1356,1
2024-09,1357,3
2024-09,1358,1
2024-09,1392,3
2024-09,1393,2
2024-09,1394,2
2024-09,1395,5
2024-09,1396,2
2024-09,1397,5
2024-09,1398,5
2024-09,1399,3
2024-09,1400,2
2024-09,1401,2
2024-09,1402,5
2024-09,1403,2
2024-09,1404,2
2024-09,1405,2
2024-09,1406,3
2024-09,1407,2
2024-09,1408,2
2024-09,1409,5
2024-09,1410,2
2024-09,1411,2
2024-09,1412,1
2024-09,1413,3
2024-09,1414,3
2024-09,1415,1
2024-09,1416,3
2024-09,1417,1
2024-09,1419,1
2024-09,1420,1
2024-09,1421,1
2024-09,1422,1
2024-09,1423,1
2024-09,1425,1
2024-09,1426,1
2024-09,1427,3
2024-09,1428,1
2024-09,1429,3
2024-09,1430,4
2024-09,1431,4
2024-09,1438,4
2024-09,1439,5
2024-09,1440,2
2024-09,1443,5
2024-09,1444,5
2024-09,1445,5
2024-09,1446,5
2024-09,1447,2
2024-09,1448,5
2024-09,1449,3
2024-09,1453,5
2024-09,1454,2
2024-09,1456,5
2024-09,1457,5
2024-09,1459,5
2024-09,1461,5
2024-09,1463,2
2024-09,1464,5
2024-09,1465,5
2024-09,1467,5
2024-09,1468,5
2024-09,1472,5
2024-09,1473,2
2024-09,1474,3
2024-09,1475,5
2024-09,1477,2
2024-09,1478,2
2024-09,1480,2
2024-09,1481,5
2024-09,1483,3
2024-09,1484,5
2024-09,1486,2
2024-09,1488,5
2024-09,1489,2
2024-09,1490,2
2024-09,1491,5
2024-09,1492,5
2024-09,1493,5
2024-09,1494,3
2024-09,1495,2
2024-09,1496,5
2024-09,1500,5
2024-09,1501,5
2024-09,1504,2
2024-09,1506,5
2024-09,1507,5
2024-09,1508,5
2024-09,1509,4
2024-09,1510,3
2024-09,1511,5
2024-09,1512,4
2024-09,1518,5
2024-09,1519,3
2024-09,1520,3
2024-09,1521,5
2024-09,1522,3
2024-09,1523,5
2024-09,1525,2
2024-09,1526,2
2024-09,1527,2
2024-09,1528,3
2024-09,1529,3
2024-09,1530,3
2024-09,1532,1
2024-09,1533,3
2024-09,1534,3
2024-09,1535,3
2024-09,1536,3
2024-09,1537,1
2024-09,1539,2
2024-09,1540,2
2024-09,1541,1
2024-09,1542,3
2024-09,1543,1
2024-09,1544,1
2024-09,1545,1
2024-09,1546,3
2024-09,1547,1
2024-09,1548,1
2024-09,1549,3
2024-09,1550,3
2024-09,1551,1
2024-09,1552,1
2024-09,1553,2
2024-09,1554,3
2024-09,1555,3
2024-09,1556,3
2024-09,1557,3
2024-09,1558,1
2024-09,1559,1
2024-09,1560,2
2024-09,1561,1
2024-09,1562,3
2024-09,1563,2
2024-09,1564,1
2024-09,1565,3
2024-09,1566,1
2024-09,1567,1
2024-09,1568,3
2024-09,1569,1
2024-09,1570,1
2024-09,1571,1
2024-09,1572,2
2024-09,1573,1
2024-09,1574,3
2024-09,1575,5
2024-09,1577,2
2024-09,1578,3
2024-09,1579,3
2024-09,1580,1
2024-09,1581,1
2024-09,1582,1
2024-09,1583,3
2024-09,1584,1
2024-09,1585,1
2024-09,1586,2
2024-09,1587,3
2024-09,1588,3
2024-09,1589,3
2024-09,1590,1
2024-09,1591,3
2024-09,1592,3
2024-09,1593,3
2024-09,1594,1
2024-09,1595,3
2024-09,1596,3
2024-09,1597,5
2024-09,1598,5
2024-09,1599,2
2024-09,1600,2
2024-09,1601,5
2024-09,1602,1
2024-09,1603,2
2024-09,1604,2
2024-09,1605,1
2024-09,1606,1
2024-09,1607,1
2024-09,1608,3
2024-09,1609,2
2024-09,1610,3
2024-09,1611,3
2024-09,1612,3
2024-09,1613,1
2024-09,1614,1
2024-09,1615,2
2024-09,1616,1
2024-09,1617,1
2024-09,1618,3
2024-09,1619,2
2024-09,1620,5
2024-09,1621,1
2024-09,1622,1
2024-09,1623,2
2024-09,1624,3
2024-09,1625,2
2024-09,1626,1
2024-09,1627,3
2024-09,1628,1
2024-09,1629,3
2024-09,1630,1
2024-09,1631,1
2024-09,1632,5
2024-09,1633,3
2024-09,1634,1
2024-09,1635,1
2024-09,1636,3
2024-09,1637,1
2024-09,1638,3
2024-09,1639,3
2024-09,1640,1
2024-09,1641,3
2024-09,1642,1
2024-09,1643,3
2024-09,1644,3
2024-09,1645,3
2024-09,1646,1
2024-09,1647,1
2024-09,1648,1
2024-09,1649,3
2024-09,1650,3
2024-09,1651,1
2024-09,1652,2
2024-09,1653,3
2024-09,1654,1
2024-09,1655,1
2024-09,1656,1
2024-09,1657,1
2024-09,1658,3
2024-09,1659,2
2024-09,1660,1
2024-09,1661,3
2024-09,1662,1
2024-09,1663,3
2024-09,1664,3
2024-09,1665,2
2024-09,1666,1
2024-09,1667,2
2024-09,1668,2
2024-09,1669,3
2024-09,1670,3
2024-09,1671,3
2024-09,1672,3
2024-09,1673,3
2024-09,1674,3
2024-09,1675,2
2024-09,1676,3
2024-09,1678,1
2024-09,1679,3
2024-09,1680,1
2024-09,1681,1
2024-09,1682,3
2024-09,1683,2
2024-09,1685,3
2024-09,1686,3
2024-09,1687,1
2024-09,1688,3
2024-09,1689,1
2024-09,1690,1
2024-09,1691,1
2024-09,1692,3
2024-09,1693,3
2024-09,1694,3
2024-09,1696,3
2024-09,1697,3
2024-09,1698,3
2024-09,1699,3
2024-09,1700,3
2024-09,1701,3
2024-09,1702,1
2024-09,1703,1
2024-09,1704,3
2024-09,1705,3
2024-09,1706,1
2024-09,1707,2
2024-09,1708,3
2024-09,1709,3
2024-09,1710,3
2024-09,1711,3
2024-09,1712,3
2024-09,1714,1
2024-09,1715,3
2024-09,1717,3
2024-09,1718,1
2024-09,1719,3
2024-09,1722,1
2024-09,1724,1
2024-09,1725,3
2024-09,1726,2
2024-09,1727,1
2024-09,1728,3
2024-09,1730,1
2024-09,1731,3
2024-09,1732,1
2024-09,1733,3
2024-09,1737,1
2024-09,1738,1
2024-09,1739,1
2024-09,1740,2
2024-09,1741,1
2024-09,1742,3
2024-09,1743,1
2024-09,1744,3
2024-09,1745,1
2024-09,1746,1
2024-09,1747,3
2024-09,1749,1
2024-09,1750,1
2024-09,1751,1
2024-09,1752,3
2024-09,1753,1
2024-09,1754,1
2024-09,1755,3
2024-09,1756,1
2024-09,1757,1
2024-09,1758,2
2024-09,1759,3
2024-09,1760,1
2024-09,1761,1
2024-09,1762,1
2024-09,1764,2
2024-09,1765,2
2024-09,1766,3
2024-09,1768,3
2024-09,1769,1
2024-09,1770,3
2024-09,1771,1
2024-09,1773,1
2024-09,1774,3
2024-09,1775,3
2024-09,1776,3
2024-09,1777,1
2024-09,1778,3
2024-09,1780,3
2024-09,1781,1
2024-09,1782,3
2024-09,1783,5
2024-09,1784,1
2024-09,1785,3
2024-09,1786,3
2024-09,1787,1
2024-09,1788,3
2024-09,1845,2
2024-09,1846,2
2024-09,1848,1
2024-09,1849,1
2024-09,1850,3
2024-09,1851,1
2024-09,1852,3
2024-09,1853,3
2024-09,1854,1
2024-09,1855,1
2024-09,1856,1
2024-09,1857,1
2024-09,1858,3
2024-09,1859,3
2024-09,1860,1
2024-09,1861,3
2024-09,1862,1
2024-09,1863,2
2024-09,1864,1
2024-09,1865,1
2024-09,1868,1
2024-09,1869,3
2024-09,1870,1
2024-09,1871,1
2024-09,1872,1
2024-09,1873,3
2024-09,1874,5
2024-09,1875,2
2024-09,1876,2
2024-09,1877,2
2024-09,1878,3
2024-09,1879,2
2024-09,1880,3
2024-09,1881,2
2024-09,1883,2
2024-09,1884,3
2024-09,1885,3
2024-09,1886,3
2024-09,1887,1
2024-09,1888,3
2024-09,1889,3
2024-09,1890,2
2024-09,1891,1
2024-09,1892,1
2024-09,1893,3
2024-09,1894,3
2024-09,1895,3
2024-09,1896,1
2024-09,1897,1
2024-09,1898,3
2024-09,1899,3
2024-09,1900,3
2024-09,1901,3
2024-09,1902,3
2024-09,1903,3
2024-09,1904,3
2024-09,1905,2
2024-09,1906,2
2024-09,1907,1
2024-09,1908,1
2024-09,1909,1
2024-09,1910,3
2024-09,1912,3
2024-09,1915,1
2024-09,1916,1
2024-09,1917,1
2024-09,1918,1
2024-09,1919,2
2024-09,1920,2
2024-09,1921,1
2024-09,1922,2
2024-09,1923,3
2024-09,1924,1
2024-09,1925,3
2024-09,1926,1
2024-09,1927,1
2024-09,1928,1
2024-09,1929,1
2024-09,1930,3
2024-09,1931,3
2024-09,1932,1
2024-09,1933,1
2024-09,1934,3
2024-09,1935,1
2024-09,1936,3
2024-09,1937,1
2024-09,1938,3
2024-09,1939,3
2024-09,1940,1
2024-09,1941,1
2024-09,1942,1
2024-09,1943,3
2024-09,1944,1
2024-09,1945,1
2024-09,1947,3
2024-09,1948,3
2024-09,1949,1
2024-09,1950,3
2024-09,1951,3
2024-09,1952,2
2024-09,1954,3
2024-09,1955,4
2024-09,1956,4
2024-09,1957,4
2024-09,1958,4
2024-09,1959,4
2024-09,1960,4
2024-09,1961,4
2024-09,1962,4
2024-09,1963,4
2024-09,1965,3
2024-09,1966,2
2024-09,1967,4
2024-09,1968,4
2024-09,1969,4
2024-09,1970,4
2024-09,1971,5
2024-09,1972,3
2024-09,1973,3
2024-09,1974,2
2024-09,1975,3
2024-09,1976,3
2024-09,1977,5
2024-09,1978,3
2024-09,1979,5
2024-09,1980,3
2024-09,1981,3
2024-09,1982,3
2024-09,1983,2
2024-09,1984,3
2024-09,1985,2
2024-09,1986,2
2024-09,1987,3
2024-09,1988,3
2024-09,1989,3
2024-09,1990,3
2024-09,1991,3
2024-09,1992,3
2024-09,1993,2
2024-09,1994,3
2024-09,1995,2
2024-09,1996,3
2024-09,1997,3
2024-09,1999,3
2024-09,2000,2
2024-09,2001,3
2024-09,2002,3
2024-09,2004,2
2024-09,2005,2
2024-09,2006,2
2024-09,2007,3
2024-09,2008,3
2024-09,2009,3
2024-09,2010,2
2024-09,2011,3
2024-09,2012,3
2024-09,2015,3
2024-09,2017,1
2024-09,2018,3
2024-09,2019,2
2024-09,2021,3
2024-09,2022,1
2024-09,2023,1
2024-09,2024,2
2024-09,2025,2
2024-09,2027,3
2024-09,2028,3
2024-09,2030,3
2024-09,2031,3
2024-09,2032,2
2024-09,2033,2
2024-09,2034,2
2024-09,2035,3
2024-09,2036,3
2024-09,2037,3
2024-09,2039,3
2024-09,2040,4
2024-09,2041,3
2024-09,2042,3
2024-09,2043,3
2024-09,2044,2
2024-09,2045,2
2024-09,2046,3
2024-09,2047,2
2024-09,2048,2
2024-09,2049,1
2024-09,2050,3
2024-09,2051,3
2024-09,2052,3
2024-09,2053,1
2024-09,2054,1
2024-09,2055,3
2024-09,2056,3
2024-09,2057,1
2024-09,2058,3
2024-09,2059,3
2024-09,2060,2
2024-09,2061,1
2024-09,2062,3
2024-09,2063,2
2024-09,2064,3
2024-09,2065,1
2024-09,2066,3
2024-09,2067,1
2024-09,2068,1
2024-09,2069,3
2024-09,2070,3
2024-09,2072,1
2024-09,2073,3
2024-09,2074,2
2024-09,2075,1
2024-09,2076,1
2024-09,2077,1
2024-09,2078,1
2024-09,2079,1
2024-09,2080,1
2024-09,2081,3
2024-09,2082,1
2024-09,2085,1
2024-09,2087,1
2024-09,2088,1
2024-09,2089,1
2024-09,2090,3
2024-09,2091,1
2024-09,2093,1
2024-09,2094,1
2024-09,2095,1
2024-09,2096,1
2024-09,2098,1
2024-09,2100,1
2024-09,2101,2
2024-09,2105,3
2024-09,2108,2
2024-09,2109,3
2024-09,2110,1
2024-09,2111,3
2024-09,2112,1
2024-09,2113,1
2024-09,2114,1
2024-09,2116,1
2024-09,2117,1
2024-09,2118,3
2024-09,2119,2
2024-09,2120,3
2024-09,2121,3
2024-09,2122,3
2024-09,2124,2
2024-09,2125,1
2024-09,2126,3
2024-09,2127,1
2024-09,2128,1
2024-09,2129,1
2024-09,2130,2
2024-09,2131,3
2024-09,2132,3
2024-09,2133,3
2024-09,2134,3
2024-09,2136,2
2024-09,2137,1
2024-09,2138,1
2024-09,2139,1
2024-09,2140,1
2024-09,2142,1
2024-09,2143,1
2024-09,2144,5
2024-09,2145,3
2024-09,2146,4
2024-09,2148,3
2024-09,2149,3
2024-09,2150,3
2024-09,2151,3
2024-09,2152,1
2024-09,2153,3
2024-09,2154,3
2024-09,2155,3
2024-09,2156,1
2024-09,2157,3
2024-09,2158,3
2024-09,2159,1
2024-09,2160,3
2024-09,2161,5
2024-09,2162,1
2024-09,2163,3
2024-09,2164,5
2024-09,2165,2
2024-09,2167,2
2024-09,2168,2
2024-09,2169,2
2024-09,2171,3
2024-09,2172,1
2024-09,2173,3
2024-09,2174,3
2024-09,2175,1
2024-09,2176,3
2024-09,2177,2
2024-09,2178,3
2024-09,2179,3
2024-09,2180,3
2024-09,2181,1
2024-09,2182,3
2024-09,2183,3
2024-09,2184,1
2024-09,2185,1
2024-09,2186,3
2024-09,2187,3
2024-09,2188,2
2024-09,2189,3
2024-09,2190,5
2024-09,2191,2
2024-09,2192,2
2024-09,2193,2
2024-09,2194,2
2024-09,2195,1
2024-09,2196,1
2024-09,2197,1
2024-09,2198,1
2024-09,2199,3
2024-09,2200,1
2024-09,2201,1
2024-09,2202,3
2024-09,2203,2
2024-09,2204,1
2024-09,2205,3
2024-09,2206,1
2024-09,2207,1
2024-09,2208,2
2024-09,2210,5
2024-09,2211,3
2024-09,2212,1
2024-09,2213,1
2024-09,2215,3
2024-09,2216,5
2024-09,2217,5
2024-09,2218,4
2024-09,2219,4
2024-09,2220,5
2024-09,2221,5
2024-09,2222,5
2024-09,2223,4
2024-09,2224,2
2024-09,2225,3
2024-09,2226,5
2024-09,2227,2
2024-09,2228,2
2024-09,2229,4
2024-09,2230,4
2024-09,2231,2
2024-09,2232,4
2024-09,2233,3
2024-09,2234,3
2024-09,2235,2
2024-09,2236,4
2024-09,2237,2
2024-09,2238,5
2024-09,2241,4
2024-09,2242,5
2024-09,2243,5
2024-09,2244,4
2024-09,2245,4
2024-09,2248,4
2024-09,2249,4
2024-09,2250,4
2024-09,2251,2
2024-09,2252,2
2024-09,2253,3
2024-09,2254,1
2024-09,2255,1
2024-09,2256,1
2024-09,2257,1
2024-09,2258,1
2024-09,2259,1
2024-09,2260,1
2024-09,2262,1
2024-09,2264,3
2024-09,2265,1
2024-09,2266,1
2024-09,2267,3
2024-09,2268,1
2024-09,2269,1
2024-09,2270,1
2024-09,2271,1
2024-09,2272,3
2024-09,2274,3
2024-09,2275,5
2024-09,2276,3
2024-09,2278,3
2024-09,2279,2
2024-09,2280,2
2024-09,2281,2
2024-09,2282,2
2024-09,2286,2
2024-09,2287,3
2024-09,2288,2
2024-09,2289,2
2024-09,2292,3
2024-09,2293,3
2024-09,2294,3
2024-09,2295,1
2024-09,2296,3
2024-09,2297,3
2024-09,2298,3
2024-09,2299,3
2024-09,2300,3
2024-09,2301,1
2024-09,2302,3
2024-09,2303,3
2024-09,2304,3
2024-09,2305,1
2024-09,2307,3
2024-09,2308,3
2024-09,2309,3
2024-09,2310,3
2024-09,2311,2
2024-09,2312,2
2024-09,2314,3
2024-09,2315,3
2024-09,2316,3
2024-09,2317,3
2024-09,2318,2
2024-09,2320,2
2024-09,2321,3
2024-09,2322,3
2024-09,2323,1
2024-09,2324,3
2024-09,2325,3
2024-09,2326,3
2024-09,2327,3
2024-09,2328,3
2024-09,2329,3
2024-09,2330,3
2024-09,2332,3
2024-09,2333,2
2024-09,2334,2
2024-09,2335,3
2024-09,2336,2
2024-09,2337,2
2024-09,2338,2
2024-09,2339,4
2024-09,2340,2
2024-09,2341,4
2024-09,2342,3
2024-09,2343,3
2024-09,2344,4
2024-09,2345,4
2024-09,2348,4
2024-09,2349,4
2024-09,2351,5
2024-09,2352,5
2024-09,2353,5
2024-09,2354,5
2024-09,2355,5
2024-09,2356,5
2024-09,2357,5
2024-09,2358,5
2024-09,2359,5
2024-09,2360,5
2024-09,2361,5
2024-09,2362,5
2024-09,2363,5
2024-09,2364,5
2024-09,2365,5
2024-09,2366,5
2024-09,2367,5
2024-09,2368,5
2024-09,2369,5
2024-09,2370,5
2024-09,2371,5
2024-09,2372,5
2024-09,2373,5
2024-09,2374,5
2024-09,2375,5
2024-09,2376,5
2024-09,2377,5
2024-09,2378,5
2024-09,2379,5
2024-09,2380,5
2024-09,2381,5
2024-09,2382,5
2024-09,2383,5
2024-09,2384,5
2024-09,2385,5
2024-09,2386,5
2024-09,2387,5
2024-09,2388,5
2024-09,2389,5
2024-09,2390,5
2024-09,2391,5
2024-09,2392,5
2024-09,2393,5
2024-09,2395,2
2024-09,2398,5
2024-09,2399,5
2024-09,2400,5
2024-09,2401,5
2024-09,2402,5
2024-09,2403,5
2024-09,2404,5
2024-09,2405,5
2024-09,2406,5
2024-09,2407,5
2024-09,2408,5
2024-09,2409,5
2024-09,2410,5
2024-09,2411,5
2024-09,2412,5
2024-09,2416,5
2024-09,2422,5
2024-09,2423,5
2024-09,2424,5
2024-09,2425,5
2024-09,2426,5
2024-09,2427,5
2024-09,2428,5
2024-09,2429,5
2024-09,2430,5
2024-09,2431,5
2024-09,2432,5
2024-09,2433,5
2024-09,2434,5
2024-09,2435,5
2024-09,2436,5
2024-09,2437,5
2024-09,2439,5
2024-09,2440,5
2024-09,2441,5
2024-09,2442,5
2024-09,2443,5
2024-09,2444,5
2024-09,2445,5
2024-09,2446,5
2024-09,2447,5
2024-09,2449,5
2024-09,2450,5
2024-09,2451,5
2024-09,2452,5
2024-09,2453,5
2024-09,2454,5
2024-09,2455,5
2024-09,2456,5
2024-09,2457,5
2024-09,2458,5
2024-09,2459,5
2024-09,2460,5
2024-09,2461,5
2024-09,2462,5
2024-09,2463,5
2024-09,2464,5
2024-09,2465,5
2024-09,2466,5
2024-09,2467,5
2024-09,2468,5
2024-09,2469,5
2024-09,2470,5
2024-09,2471,5
2024-09,2472,5
2024-09,2473,5
2024-09,2474,5
2024-09,2475,5
2024-09,2476,5
2024-09,2477,5
2024-09,2478,5
2024-09,2479,5
2024-09,2480,5
2024-09,2481,5
2024-09,2482,5
2024-09,2483,5
2024-09,2484,5
2024-09,2485,5
2024-09,2486,5
2024-09,2487,5
2024-09,2488,5
2024-09,2489,5
2024-09,2490,5
2024-09,2491,5
2024-09,2492,5
2024-09,2493,5
2024-09,2494,5
2024-09,2495,5
2024-09,2496,5
2024-09,2497,5
2024-09,2498,5
2024-09,2499,5
2024-09,2500,5
2024-09,2501,5
2024-09,2502,5
2024-09,2503,5
2024-09,2504,5
2024-09,2505,5
2024-09,2506,5
2024-09,2507,5
2024-09,2508,5
2024-09,2509,5
2024-09,2510,5
2024-09,2511,5
2024-09,2512,5
2024-09,2513,5
2024-09,2514,5
2024-09,2515,5
2024-09,2516,5
2024-09,2517,5
2024-09,2518,5
2024-09,2519,5
2024-09,2520,5
2024-09,2521,5
2024-09,2522,5
2024-09,2523,5
2024-09,2524,5
2024-09,2525,5
2024-09,2526,5
2024-09,2527,5
2024-09,2528,5
2024-09,2529,5
2024-09,2530,5
2024-09,2531,5
2024-09,2532,5
2024-09,2533,5
2024-09,2534,5
2024-09,2535,5
2024-09,2536,5
2024-09,2537,5
2024-09,2538,5
2024-09,2539,5
2024-09,2540,5
2024-09,2541,5
2024-09,2542,5
2024-09,2543,5
2024-09,2544,5
2024-09,2545,5
2024-09,2546,5
2024-09,2547,5
2024-09,2548,5
2024-09,2549,5
2024-09,2550,5
2024-09,2551,5
2024-09,2552,5
2024-09,2553,5
2024-09,2554,5
2024-09,2555,5
2024-09,2556,5
2024-09,2557,5
2024-09,2558,5
2024-09,2559,5
2024-09,2560,5
2024-09,2561,5
2024-09,2562,5
2024-09,2563,5
2024-09,2564,5
2024-09,2565,5
2024-09,2566,5
2024-09,2567,5
2024-09,2568,5
2024-09,2569,5
2024-09,2570,5
2024-09,2571,5
2024-09,2572,5
2024-09,2573,5
2024-09,2574,5
2024-09,2575,5
2024-09,2576,5
2024-09,2577,5
2024-09,2578,5
2024-09,2579,5
2024-09,2580,5
2024-09,2581,5
2024-09,2582,5
2024-09,2583,5
2024-09,2584,5
2024-09,2585,5
2024-09,2586,5
2024-09,2587,5
2024-09,2588,5
2024-09,2589,5
2024-09,2590,5
2024-09,2591,2
2024-09,2592,5
2024-09,2593,3
2024-09,2595,2
2024-09,2596,2
2024-09,2597,5
2024-09,2598,2
2024-09,2599,5
2024-09,2600,5
2024-09,2601,2
2024-09,2602,5
2024-09,2604,5
2024-09,2605,5
2024-09,2606,5
2024-09,2607,2
2024-09,2618,3
2024-09,2619,2
2024-09,2620,2
2024-09,2621,2
2024-09,2644,5
2024-09,2646,5
2024-09,2647,2
2024-09,2648,5
2024-09,2649,5
2024-09,2651,5
2024-09,2652,2
2024-09,2710,2
2024-09,2808,5
2024-09,2809,2
2024-09,2813,2
2024-09,2814,5
2024-09,2872,4
2024-09,2876,5
2024-09,2879,5
2024-09,2880,4
2024-09,2881,2
2024-09,2882,4
2024-09,2883,2
2024-09,2884,2
2024-09,2885,2
2024-09,2886,3
2024-09,2887,2
2024-09,3005,2
2024-09,3007,2
2024-09,3009,2
2024-09,3011,2
2024-09,3012,3
2024-09,3013,5
2024-10,1,2
2024-10,2,3
2024-10,3,3
2024-10,4,2
2024-10,5,1
2024-10,6,2
2024-10,7,5
2024-10,8,2
2024-10,9,1
2024-10,10,2
2024-10,11,2
2024-10,12,2
2024-10,13,2
2024-10,14,2
2024-10,15,2
2024-10,16,2
2024-10,17,2
2024-10,18,2
2024-10,19,1
2024-10,20,2
2024-10,21,5
2024-10,22,3
2024-10,23,2
2024-10,25,2
2024-10,26,2
2024-10,27,2
2024-10,28,2
2024-10,29,2
2024-10,30,2
2024-10,31,1
2024-10,32,3
2024-10,33,1
2024-10,34,1
2024-10,35,2
2024-10,36,1
2024-10,37,1
2024-10,38,2
2024-10,39,3
2024-10,40,2
2024-10,41,1
2024-10,42,2
2024-10,43,1
2024-10,44,2
2024-10,45,1
2024-10,46,1
2024-10,47,2
2024-10,48,1
2024-10,49,3
2024-10,50,2
2024-10,51,2
2024-10,52,1
2024-10,53,2
2024-10,54,1
2024-10,55,2
2024-10,56,1
2024-10,57,2
2024-10,58,3
2024-10,59,1
2024-10,60,1
2024-10,61,1
2024-10,62,2
2024-10,63,1
2024-10,65,3
2024-10,66,2
2024-10,67,2
2024-10,68,1
2024-10,69,1
2024-10,70,3
2024-10,71,2
2024-10,72,1
2024-10,73,2
2024-10,74,2
2024-10,75,2
2024-10,76,2
2024-10,77,2
2024-10,78,1
2024-10,79,2
2024-10,80,1
2024-10,81,2
2024-10,82,3
2024-10,83,2
2024-10,167,2
2024-10,168,2
2024-10,169,3
2024-10,173,1
2024-10,181,3
2024-10,184,3
2024-10,185,1
2024-10,188,1
2024-10,191,1
2024-10,194,2
2024-10,195,3
2024-10,196,2
2024-10,198,1
2024-10,201,2
2024-10,203,1
2024-10,204,3
2024-10,205,2
2024-10,206,5
2024-10,207,2
2024-10,208,3
2024-10,209,2
2024-10,210,3
2024-10,211,3
2024-10,212,3
2024-10,213,3
2024-10,214,3
2024-10,215,3
2024-10,216,3
2024-10,217,3
2024-10,218,2
2024-10,219,3
2024-10,220,3
2024-10,221,3
2024-10,222,2
2024-10,223,3
2024-10,224,2
2024-10,225,4
2024-10,226,3
2024-10,227,4
2024-10,228,4
2024-10,229,4
2024-10,230,3
2024-10,231,3
2024-10,232,2
2024-10,233,3
2024-10,234,3
2024-10,235,3
2024-10,236,3
2024-10,237,2
2024-10,238,1
2024-10,239,3
2024-10,240,3
2024-10,241,3
2024-10,242,3
2024-10,243,3
2024-10,269,2
2024-10,270,3
2024-10,271,3
2024-10,272,1
2024-10,273,1
2024-10,274,1
2024-10,275,3
2024-10,276,3
2024-10,277,3
2024-10,278,2
2024-10,279,3
2024-10,280,3
2024-10,281,3
2024-10,282,3
2024-10,283,3
2024-10,284,3
2024-10,285,1
2024-10,287,1
2024-10,288,1
2024-10,289,1
2024-10,290,1
2024-10,292,1
2024-10,293,1
2024-10,294,1
2024-10,295,1
2024-10,296,1
2024-10,297,1
2024-10,298,1
2024-10,300,1
2024-10,301,2
2024-10,302,1
2024-10,303,3
2024-10,304,3
2024-10,305,1
2024-10,306,1
2024-10,307,1
2024-10,308,3
2024-10,309,5
2024-10,312,4
2024-10,314,4
2024-10,316,4
2024-10,317,4
2024-10,318,4
2024-10,319,4
2024-10,320,4
2024-10,321,4
2024-10,323,4
2024-10,324,4
2024-10,325,4
2024-10,326,4
2024-10,327,4
2024-10,329,4
2024-10,330,4
2024-10,331,4
2024-10,332,4
2024-10,333,4
2024-10,334,4
2024-10,335,4
2024-10,336,4
2024-10,337,4
2024-10,338,4
2024-10,339,4
2024-10,340,4
2024-10,341,4
2024-10,342,4
2024-10,343,4
2024-10,345,2
2024-10,346,2
2024-10,347,2
2024-10,348,2
2024-10,349,1
2024-10,351,2
2024-10,352,2
2024-10,354,5
2024-10,355,2
2024-10,356,3
2024-10,357,2
2024-10,358,1
2024-10,359,1
2024-10,360,3
2024-10,361,1
2024-10,362,2
2024-10,363,1
2024-10,364,1
2024-10,365,3
2024-10,366,1
2024-10,367,1
2024-10,368,2
2024-10,369,1
2024-10,370,3
2024-10,371,2
2024-10,372,1
2024-10,373,2
2024-10,374,2
2024-10,375,2
2024-10,376,1
2024-10,377,1
2024-10,378,1
2024-10,379,2
2024-10,380,2
2024-10,381,1
2024-10,382,3
2024-10,383,3
2024-10,384,1
2024-10,385,2
2024-10,386,1
2024-10,387,2
2024-10,388,2
2024-10,390,1
2024-10,391,1
2024-10,392,3
2024-10,393,3
2024-10,395,1
2024-10,396,1
2024-10,397,2
2024-10,398,3
2024-10,401,2
2024-10,402,2
2024-10,403,2
2024-10,404,2
2024-10,405,2
2024-10,408,1
2024-10,410,2
2024-10,413,2
2024-10,414,2
2024-10,416,2
2024-10,418,5
2024-10,419,2
2024-10,420,2
2024-10,421,2
2024-10,422,2
2024-10,423,1
2024-10,424,3
2024-10,425,1
2024-10,428,1
2024-10,429,1
2024-10,430,2
2024-10,431,1
2024-10,432,3
2024-10,433,1
2024-10,434,1
2024-10,435,1
2024-10,436,1
2024-10,437,1
2024-10,438,1
2024-10,440,2
2024-10,441,1
2024-10,442,1
2024-10,443,2
2024-10,444,1
2024-10,445,1
2024-10,446,1
2024-10,447,1
2024-10,448,2
2024-10,449,3
2024-10,450,2
2024-10,451,3
2024-10,452,2
2024-10,453,2
2024-10,455,2
2024-10,456,1
2024-10,457,1
2024-10,458,2
2024-10,459,2
2024-10,460,2
2024-10,478,2
2024-10,479,1
2024-10,480,2
2024-10,481,2
2024-10,482,3
2024-10,484,3
2024-10,485,1
2024-10,486,1
2024-10,487,1
2024-10,489,3
2024-10,490,1
2024-10,491,3
2024-10,492,1
2024-10,493,1
2024-10,494,3
2024-10,495,1
2024-10,496,3
2024-10,497,3
2024-10,498,2
2024-10,499,3
2024-10,501,3
2024-10,502,1
2024-10,503,3
2024-10,504,5
2024-10,505,2
2024-10,506,2
2024-10,507,2
2024-10,508,2
2024-10,509,2
2024-10,510,2
2024-10,511,2
2024-10,512,3
2024-10,515,2
2024-10,516,1
2024-10,517,2
2024-10,518,1
2024-10,519,1
2024-10,520,1
2024-10,521,1
2024-10,522,3
2024-10,523,1
2024-10,524,1
2024-10,525,3
2024-10,527,3
2024-10,528,3
2024-10,529,1
2024-10,530,1
2024-10,531,3
2024-10,532,1
2024-10,533,1
2024-10,534,1
2024-10,535,2
2024-10,536,1
2024-10,537,3
2024-10,538,3
2024-10,539,1
2024-10,540,1
2024-10,541,1
2024-10,542,3
2024-10,543,3
2024-10,544,1
2024-10,545,3
2024-10,546,3
2024-10,547,1
2024-10,548,3
2024-10,549,1
2024-10,550,1
2024-10,552,3
2024-10,553,1
2024-10,554,2
2024-10,555,1
2024-10,556,1
2024-10,557,1
2024-10,558,1
2024-10,559,3
2024-10,560,1
2024-10,561,3
2024-10,562,1
2024-10,563,1
2024-10,564,1
2024-10,565,1
2024-10,566,1
2024-10,567,1
2024-10,568,1
2024-10,569,1
2024-10,570,1
2024-10,571,1
2024-10,572,3
2024-10,574,3
2024-10,578,2
2024-10,579,2
2024-10,580,2
2024-10,581,2
2024-10,582,4
2024-10,583,1
2024-10,584,2
2024-10,585,3
2024-10,586,2
2024-10,587,2
2024-10,588,2
2024-10,589,2
2024-10,591,2
2024-10,592,2
2024-10,593,2
2024-10,594,2
2024-10,595,1
2024-10,598,1
2024-10,599,2
2024-10,600,2
2024-10,601,2
2024-10,602,1
2024-10,603,2
2024-10,604,2
2024-10,605,2
2024-10,606,2
2024-10,607,2
2024-10,608,5
2024-10,612,5
2024-10,613,4
2024-10,614,4
2024-10,615,4
2024-10,616,4
2024-10,618,4
2024-10,619,4
2024-10,621,4
2024-10,666,5
2024-10,667,2
2024-10,668,3
2024-10,669,3
2024-10,670,2
2024-10,671,2
2024-10,674,2
2024-10,675,2
2024-10,676,2
2024-10,677,2
2024-10,678,4
2024-10,679,2
2024-10,680,2
2024-10,683,1
2024-10,685,2
2024-10,686,2
2024-10,687,3
2024-10,689,3
2024-10,690,3
2024-10,691,3
2024-10,692,1
2024-10,693,2
2024-10,694,3
2024-10,695,2
2024-10,696,1
2024-10,697,3
2024-10,698,1
2024-10,699,1
2024-10,701,1
2024-10,702,3
2024-10,703,3
2024-10,704,3
2024-10,705,3
2024-10,706,1
2024-10,708,3
2024-10,710,1
2024-10,711,3
2024-10,712,1
2024-10,713,1
2024-10,714,3
2024-10,715,1
2024-10,716,4
2024-10,717,3
2024-10,718,4
2024-10,719,1
2024-10,720,4
2024-10,721,1
2024-10,722,2
2024-10,723,3
2024-10,725,2
2024-10,726,4
2024-10,727,5
2024-10,731,2
2024-10,734,3
2024-10,735,1
2024-10,736,3
2024-10,737,1
2024-10,738,2
2024-10,739,3
2024-10,741,3
2024-10,742,3
2024-10,743,3
2024-10,744,1
2024-10,745,3
2024-10,746,1
2024-10,747,3
2024-10,748,2
2024-10,749,1
2024-10,751,3
2024-10,752,1
2024-10,753,1
2024-10,754,2
2024-10,755,3
2024-10,756,2
2024-10,757,2
2024-10,758,1
2024-10,760,1
2024-10,761,1
2024-10,763,2
2024-10,764,3
2024-10,765,1
2024-10,766,2
2024-10,767,2
2024-10,769,1
2024-10,770,1
2024-10,771,1
2024-10,773,3
2024-10,774,3
2024-10,775,5
2024-10,776,2
2024-10,777,5
2024-10,778,2
2024-10,779,2
2024-10,780,2
2024-10,781,2
2024-10,782,5
2024-10,783,3
2024-10,784,2
2024-10,785,5
2024-10,787,2
2024-10,788,2
2024-10,789,2
2024-10,790,2
2024-10,791,3
2024-10,792,3
2024-10,793,3
2024-10,794,2
2024-10,795,3
2024-10,796,2
2024-10,797,2
2024-10,798,3
2024-10,799,3
2024-10,800,2
2024-10,801,2
2024-10,802,3
2024-10,803,4
2024-10,804,3
2024-10,805,2
2024-10,806,2
2024-10,807,2
2024-10,808,3
2024-10,809,5
2024-10,810,1
2024-10,811,2
2024-10,812,5
2024-10,813,2
2024-10,814,2
2024-10,815,3
2024-10,817,3
2024-10,818,2
2024-10,819,2
2024-10,820,2
2024-10,821,1
2024-10,822,1
2024-10,823,1
2024-10,824,5
2024-10,825,1
2024-10,826,1
2024-10,827,1
2024-10,828,1
2024-10,829,1
2024-10,830,2
2024-10,831,1
2024-10,832,1
2024-10,833,3
2024-10,834,2
2024-10,835,1
2024-10,836,1
2024-10,838,1
2024-10,839,3
2024-10,840,1
2024-10,841,2
2024-10,842,5
2024-10,843,5
2024-10,844,4
2024-10,846,4
2024-10,847,4
2024-10,848,4
2024-10,849,3
2024-10,851,3
2024-10,852,3
2024-10,853,4
2024-10,854,4
2024-10,855,4
2024-10,856,4
2024-10,857,4
2024-10,859,3
2024-10,860,2
2024-10,870,2
2024-10,871,2
2024-10,872,5
2024-10,873,4
2024-10,874,3
2024-10,875,4
2024-10,876,2
2024-10,877,3
2024-10,878,3
2024-10,879,4
2024-10,880,3
2024-10,881,2
2024-10,882,3
2024-10,883,4
2024-10,884,4
2024-10,885,3
2024-10,886,3
2024-10,888,4
2024-10,889,4
2024-10,890,2
2024-10,891,3
2024-10,892,2
2024-10,895,3
2024-10,896,5
2024-10,897,2
2024-10,898,3
2024-10,899,2
2024-10,900,1
2024-10,901,3
2024-10,902,3
2024-10,903,3
2024-10,904,1
2024-10,905,3
2024-10,907,3
2024-10,908,3
2024-10,909,3
2024-10,911,3
2024-10,912,2
2024-10,913,3
2024-10,914,3
2024-10,915,3
2024-10,916,4
2024-10,917,4
2024-10,918,2
2024-10,920,1
2024-10,922,1
2024-10,923,3
2024-10,924,1
2024-10,925,1
2024-10,926,1
2024-10,927,2
2024-10,928,2
2024-10,929,1
2024-10,930,1
2024-10,986,2
2024-10,987,2
2024-10,988,2
2024-10,989,2
2024-10,991,2
2024-10,992,2
2024-10,993,3
2024-10,994,3
2024-10,995,3
2024-10,996,2
2024-10,998,3
2024-10,999,3
2024-10,1001,2
2024-10,1002,3
2024-10,1003,3
2024-10,1004,3
2024-10,1005,2
2024-10,1006,3
2024-10,1007,2
2024-10,1008,2
2024-10,1009,2
2024-10,1010,2
2024-10,1011,1
2024-10,1012,1
2024-10,1013,1
2024-10,1014,1
2024-10,1015,3
2024-10,1016,1
2024-10,1017,1
2024-10,1018,1
2024-10,1019,1
2024-10,1020,3
2024-10,1021,2
2024-10,1023,1
2024-10,1024,1
2024-10,1025,1
2024-10,1026,3
2024-10,1027,1
2024-10,1028,3
2024-10,1029,1
2024-10,1030,1
2024-10,1031,1
2024-10,1032,1
2024-10,1033,1
2024-10,1034,1
2024-10,1035,1
2024-10,1036,1
2024-10,1037,2
2024-10,1038,1
2024-10,1039,2
2024-10,1040,1
2024-10,1041,1
2024-10,1044,1
2024-10,1047,2
2024-10,1048,2
2024-10,1049,3
2024-10,1051,2
2024-10,1052,3
2024-10,1053,3
2024-10,1054,2
2024-10,1055,2
2024-10,1056,3
2024-10,1057,3
2024-10,1058,3
2024-10,1059,2
2024-10,1060,3
2024-10,1061,2
2024-10,1062,1
2024-10,1063,2
2024-10,1064,1
2024-10,1065,1
2024-10,1066,3
2024-10,1067,1
2024-10,1068,3
2024-10,1069,3
2024-10,1070,3
2024-10,1071,2
2024-10,1072,3
2024-10,1107,2
2024-10,1108,3
2024-10,1109,2
2024-10,1110,3
2024-10,1111,3
2024-10,1112,3
2024-10,1113,3
2024-10,1115,3
2024-10,1116,3
2024-10,1117,2
2024-10,1118,3
2024-10,1119,3
2024-10,1120,3
2024-10,1121,3
2024-10,1122,3
2024-10,1123,3
2024-10,1124,3
2024-10,1125,3
2024-10,1126,3
2024-10,1127,3
2024-10,1128,3
2024-10,1129,3
2024-10,1130,3
2024-10,1131,2
2024-10,1132,3
2024-10,1133,3
2024-10,1134,5
2024-10,1135,2
2024-10,1136,2
2024-10,1137,2
2024-10,1138,2
2024-10,1139,2
2024-10,1140,2
2024-10,1141,2
2024-10,1142,2
2024-10,1143,3
2024-10,1144,1
2024-10,1146,3
2024-10,1147,2
2024-10,1148,2
2024-10,1149,2
2024-10,1150,5
2024-10,1151,3
2024-10,1152,4
2024-10,1153,2
2024-10,1154,3
2024-10,1155,2
2024-10,1157,3
2024-10,1158,2
2024-10,1159,1
2024-10,1160,2
2024-10,1161,2
2024-10,1163,2
2024-10,1164,3
2024-10,1165,4
2024-10,1166,1
2024-10,1167,2
2024-10,1168,3
2024-10,1169,2
2024-10,1170,2
2024-10,1171,2
2024-10,1172,2
2024-10,1173,2
2024-10,1174,2
2024-10,1175,2
2024-10,1176,5
2024-10,1178,1
2024-10,1179,2
2024-10,1180,3
2024-10,1181,2
2024-10,1184,3
2024-10,1185,3
2024-10,1186,5
2024-10,1187,3
2024-10,1188,5
2024-10,1189,1
2024-10,1190,5
2024-10,1191,2
2024-10,1192,2
2024-10,1193,3
2024-10,1194,2
2024-10,1195,3
2024-10,1196,1
2024-10,1197,2
2024-10,1198,2
2024-10,1200,3
2024-10,1201,1
2024-10,1203,3
2024-10,1204,1
2024-10,1205,1
2024-10,1206,3
2024-10,1207,2
2024-10,1208,1
2024-10,1209,1
2024-10,1210,1
2024-10,1211,3
2024-10,1212,2
2024-10,1213,3
2024-10,1214,3
2024-10,1215,1
2024-10,1217,1
2024-10,1218,1
2024-10,1219,3
2024-10,1220,1
2024-10,1221,2
2024-10,1222,3
2024-10,1223,1
2024-10,1224,5
2024-10,1225,2
2024-10,1226,2
2024-10,1227,2
2024-10,1228,2
2024-10,1229,2
2024-10,1230,2
2024-10,1231,2
2024-10,1232,2
2024-10,1233,2
2024-10,1234,2
2024-10,1235,2
2024-10,1236,2
2024-10,1237,3
2024-10,1238,2
2024-10,1240,2
2024-10,1241,2
2024-10,1242,1
2024-10,1243,2
2024-10,1244,3
2024-10,1246,2
2024-10,1249,2
2024-10,1250,2
2024-10,1251,1
2024-10,1252,2
2024-10,1253,1
2024-10,1254,2
2024-10,1256,2
2024-10,1257,3
2024-10,1258,2
2024-10,1259,3
2024-10,1260,2
2024-10,1261,3
2024-10,1262,3
2024-10,1264,1
2024-10,1265,3
2024-10,1266,1
2024-10,1267,1
2024-10,1268,3
2024-10,1269,1
2024-10,1270,3
2024-10,1271,1
2024-10,1272,3
2024-10,1273,1
2024-10,1274,1
2024-10,1275,2
2024-10,1276,3
2024-10,1277,3
2024-10,1278,1
2024-10,1279,1
2024-10,1280,3
2024-10,1281,3
2024-10,1282,1
2024-10,1284,3
2024-10,1285,3
2024-10,1286,1
2024-10,1287,3
2024-10,1288,3
2024-10,1289,3
2024-10,1290,3
2024-10,1291,1
2024-10,1292,3
2024-10,1293,3
2024-10,1294,3
2024-10,1295,3
2024-10,1296,1
2024-10,1297,1
2024-10,1298,3
2024-10,1299,1
2024-10,1300,1
2024-10,1301,3
2024-10,1302,3
2024-10,1303,2
2024-10,1304,3
2024-10,1305,3
2024-10,1306,3
2024-10,1308,3
2024-10,1309,1
2024-10,1310,3
2024-10,1311,1
2024-10,1312,3
2024-10,1313,1
2024-10,1314,1
2024-10,1315,2
2024-10,1316,3
2024-10,1317,1
2024-10,1319,1
2024-10,1320,1
2024-10,1321,3
2024-10,1322,1
2024-10,1323,1
2024-10,1324,1
2024-10,1325,1
2024-10,1326,3
2024-10,1327,1
2024-10,1328,1
2024-10,1329,3
2024-10,1330,1
2024-10,1331,1
2024-10,1333,2
2024-10,1334,3
2024-10,1335,1
2024-10,1336,1
2024-10,1337,3
2024-10,1338,3
2024-10,1339,3
2024-10,1340,3
2024-10,1341,3
2024-10,1343,3
2024-10,1344,1
2024-10,1345,1
2024-10,1346,1
2024-10,1347,3
2024-10,1348,1
2024-10,1349,1
2024-10,1350,1
2024-10,1351,1
2024-10,1352,1
2024-10,1353,1
2024-10,1355,3
2024-10,1356,3
2024-10,1357,3
2024-10,1358,3
2024-10,1392,3
2024-10,1393,2
2024-10,1394,2
2024-10,1395,5
2024-10,1396,2
2024-10,1397,5
2024-10,1398,5
2024-10,1399,3
2024-10,1400,2
2024-10,1401,2
2024-10,1402,5
2024-10,1403,2
2024-10,1404,2
2024-10,1405,2
2024-10,1406,3
2024-10,1407,2
2024-10,1408,2
2024-10,1409,5
2024-10,1410,2
2024-10,1411,2
2024-10,1412,1
2024-10,1413,3
2024-10,1414,1
2024-10,1415,1
2024-10,1416,1
2024-10,1417,1
2024-10,1419,1
2024-10,1420,1
2024-10,1421,1
2024-10,1422,1
2024-10,1423,1
2024-10,1425,3
2024-10,1426,1
2024-10,1427,3
2024-10,1428,1
2024-10,1429,1
2024-10,1430,4
2024-10,1431,4
2024-10,1438,4
2024-10,1439,5
2024-10,1440,2
2024-10,1443,5
2024-10,1444,5
2024-10,1445,5
2024-10,1446,5
2024-10,1447,2
2024-10,1448,5
2024-10,1449,2
2024-10,1453,5
2024-10,1454,2
2024-10,1456,5
2024-10,1457,5
2024-10,1459,5
2024-10,1461,5
2024-10,1463,2
2024-10,1464,5
2024-10,1465,5
2024-10,1467,5
2024-10,1468,5
2024-10,1472,5
2024-10,1473,2
2024-10,1474,3
2024-10,1475,5
2024-10,1477,2
2024-10,1478,2
2024-10,1480,2
2024-10,1481,5
2024-10,1483,2
2024-10,1484,5
2024-10,1486,2
2024-10,1488,5
2024-10,1489,2
2024-10,1490,2
2024-10,1491,5
2024-10,1492,5
2024-10,1493,5
2024-10,1494,3
2024-10,1495,2
2024-10,1496,5
2024-10,1500,5
2024-10,1501,5
2024-10,1504,2
2024-10,1506,5
2024-10,1507,5
2024-10,1508,5
2024-10,1509,4
2024-10,1510,3
2024-10,1511,5
2024-10,1512,4
2024-10,1518,5
2024-10,1519,3
2024-10,1520,3
2024-10,1521,5
2024-10,1522,3
2024-10,1523,5
2024-10,1525,2
2024-10,1526,2
2024-10,1527,2
2024-10,1528,3
2024-10,1529,3
2024-10,1530,3
2024-10,1532,1
2024-10,1533,3
2024-10,1534,3
2024-10,1535,3
2024-10,1536,3
2024-10,1537,1
2024-10,1539,2
2024-10,1540,2
2024-10,1541,1
2024-10,1542,3
2024-10,1543,1
2024-10,1544,1
2024-10,1545,1
2024-10,1546,3
2024-10,1547,1
2024-10,1548,1
2024-10,1549,3
2024-10,1550,3
2024-10,1551,1
2024-10,1552,1
2024-10,1553,2
2024-10,1554,3
2024-10,1555,3
2024-10,1556,3
2024-10,1557,3
2024-10,1558,1
2024-10,1559,1
2024-10,1560,2
2024-10,1561,1
2024-10,1562,3
2024-10,1563,2
2024-10,1564,1
2024-10,1565,3
2024-10,1566,1
2024-10,1567,1
2024-10,1568,1
2024-10,1569,1
2024-10,1570,1
2024-10,1571,1
2024-10,1572,2
2024-10,1573,1
2024-10,1574,3
2024-10,1575,5
2024-10,1577,2
2024-10,1578,3
2024-10,1579,3
2024-10,1580,1
2024-10,1581,1
2024-10,1582,1
2024-10,1583,3
2024-10,1584,1
2024-10,1585,1
2024-10,1586,2
2024-10,1587,1
2024-10,1588,3
2024-10,1589,3
2024-10,1590,1
2024-10,1591,3
2024-10,1592,3
2024-10,1593,1
2024-10,1594,3
2024-10,1595,3
2024-10,1596,1
2024-10,1597,5
2024-10,1598,5
2024-10,1599,2
2024-10,1600,2
2024-10,1601,5
2024-10,1602,1
2024-10,1603,2
2024-10,1604,2
2024-10,1605,1
2024-10,1606,1
2024-10,1607,1
2024-10,1608,3
2024-10,1609,2
2024-10,1610,3
2024-10,1611,3
2024-10,1612,3
2024-10,1613,1
2024-10,1614,1
2024-10,1615,2
2024-10,1616,1
2024-10,1617,1
2024-10,1618,3
2024-10,1619,2
2024-10,1620,5
2024-10,1621,1
2024-10,1622,1
2024-10,1623,2
2024-10,1624,3
2024-10,1625,2
2024-10,1626,1
2024-10,1627,3
2024-10,1628,2
2024-10,1629,3
2024-10,1630,1
2024-10,1631,1
2024-10,1632,5
2024-10,1633,3
2024-10,1634,1
2024-10,1635,1
2024-10,1636,3
2024-10,1637,1
2024-10,1638,3
2024-10,1639,3
2024-10,1640,1
2024-10,1641,3
2024-10,1642,3
2024-10,1643,3
2024-10,1644,3
2024-10,1645,3
2024-10,1646,1
2024-10,1647,1
2024-10,1648,1
2024-10,1649,3
2024-10,1650,3
2024-10,1651,1
2024-10,1652,2
2024-10,1653,3
2024-10,1654,1
2024-10,1655,3
2024-10,1656,3
2024-10,1657,1
2024-10,1658,3
2024-10,1659,2
2024-10,1660,1
2024-10,1661,3
2024-10,1662,1
2024-10,1663,3
2024-10,1664,3
2024-10,1665,2
2024-10,1666,1
2024-10,1667,2
2024-10,1668,2
2024-10,1669,3
2024-10,1670,3
2024-10,1671,3
2024-10,1672,3
2024-10,1673,3
2024-10,1674,2
2024-10,1675,2
2024-10,1676,3
2024-10,1678,1
2024-10,1679,3
2024-10,1680,1
2024-10,1681,1
2024-10,1682,3
2024-10,1683,2
2024-10,1685,3
2024-10,1686,3
2024-10,1687,1
2024-10,1688,3
2024-10,1689,1
2024-10,1690,1
2024-10,1691,1
2024-10,1692,3
2024-10,1693,1
2024-10,1694,3
2024-10,1696,3
2024-10,1697,3
2024-10,1698,1
2024-10,1699,3
2024-10,1700,3
2024-10,1701,3
2024-10,1702,1
2024-10,1703,1
2024-10,1704,3
2024-10,1705,3
2024-10,1706,1
2024-10,1707,2
2024-10,1708,3
2024-10,1709,3
2024-10,1710,3
2024-10,1711,3
2024-10,1712,1
2024-10,1714,1
2024-10,1715,3
2024-10,1717,3
2024-10,1718,1
2024-10,1719,3
2024-10,1722,1
2024-10,1724,1
2024-10,1725,1
2024-10,1726,2
2024-10,1727,1
2024-10,1728,3
2024-10,1730,3
2024-10,1731,3
2024-10,1732,1
2024-10,1733,3
2024-10,1737,1
2024-10,1738,1
2024-10,1739,1
2024-10,1740,2
2024-10,1741,1
2024-10,1742,1
2024-10,1743,1
2024-10,1744,1
2024-10,1745,3
2024-10,1746,1
2024-10,1747,1
2024-10,1749,1
2024-10,1750,3
2024-10,1751,3
2024-10,1752,3
2024-10,1753,1
2024-10,1754,1
2024-10,1755,3
2024-10,1756,1
2024-10,1757,1
2024-10,1758,2
2024-10,1759,3
2024-10,1760,1
2024-10,1761,1
2024-10,1762,1
2024-10,1764,2
2024-10,1765,2
2024-10,1766,3
2024-10,1768,3
2024-10,1769,1
2024-10,1770,3
2024-10,1771,1
2024-10,1773,1
2024-10,1774,3
2024-10,1775,1
2024-10,1776,3
2024-10,1777,1
2024-10,1778,2
2024-10,1780,3
2024-10,1781,1
2024-10,1782,3
2024-10,1783,5
2024-10,1784,1
2024-10,1785,1
2024-10,1786,3
2024-10,1787,1
2024-10,1788,3
2024-10,1845,2
2024-10,1846,2
2024-10,1848,1
2024-10,1849,1
2024-10,1850,3
2024-10,1851,1
2024-10,1852,3
2024-10,1853,1
2024-10,1854,1
2024-10,1855,1
2024-10,1856,1
2024-10,1857,1
2024-10,1858,1
2024-10,1859,3
2024-10,1860,1
2024-10,1861,3
2024-10,1862,1
2024-10,1863,2
2024-10,1864,1
2024-10,1865,1
2024-10,1868,3
2024-10,1869,3
2024-10,1870,1
2024-10,1871,1
2024-10,1872,1
2024-10,1873,3
2024-10,1874,5
2024-10,1875,2
2024-10,1876,2
2024-10,1877,2
2024-10,1878,3
2024-10,1879,2
2024-10,1880,3
2024-10,1881,2
2024-10,1883,2
2024-10,1884,1
2024-10,1885,3
2024-10,1886,3
2024-10,1887,1
2024-10,1888,3
2024-10,1889,3
2024-10,1890,2
2024-10,1891,1
2024-10,1892,1
2024-10,1893,1
2024-10,1894,3
2024-10,1895,3
2024-10,1896,1
2024-10,1897,3
2024-10,1898,3
2024-10,1899,3
2024-10,1900,3
2024-10,1901,3
2024-10,1902,3
2024-10,1903,3
2024-10,1904,3
2024-10,1905,2
2024-10,1906,2
2024-10,1907,1
2024-10,1908,1
2024-10,1909,1
2024-10,1910,3
2024-10,1912,1
2024-10,1915,1
2024-10,1916,1
2024-10,1917,1
2024-10,1918,1
2024-10,1919,2
2024-10,1920,2
2024-10,1921,1
2024-10,1922,2
2024-10,1923,1
2024-10,1924,1
2024-10,1925,1
2024-10,1926,1
2024-10,1927,1
2024-10,1928,1
2024-10,1929,1
2024-10,1930,3
2024-10,1931,3
2024-10,1932,1
2024-10,1933,1
2024-10,1934,3
2024-10,1935,1
2024-10,1936,2
2024-10,1937,1
2024-10,1938,1
2024-10,1939,3
2024-10,1940,1
2024-10,1941,1
2024-10,1942,1
2024-10,1943,1
2024-10,1944,1
2024-10,1945,1
2024-10,1947,3
2024-10,1948,3
2024-10,1949,1
2024-10,1950,3
2024-10,1951,1
2024-10,1952,2
2024-10,1954,3
2024-10,1955,4
2024-10,1956,4
2024-10,1957,4
2024-10,1958,4
2024-10,1959,4
2024-10,1960,4
2024-10,1961,4
2024-10,1962,4
2024-10,1963,4
2024-10,1965,4
2024-10,1966,2
2024-10,1967,4
2024-10,1968,4
2024-10,1969,4
2024-10,1970,4
2024-10,1971,5
2024-10,1972,3
2024-10,1973,3
2024-10,1974,2
2024-10,1975,3
2024-10,1976,3
2024-10,1977,5
2024-10,1978,2
2024-10,1979,5
2024-10,1980,2
2024-10,1981,3
2024-10,1982,3
2024-10,1983,2
2024-10,1984,3
2024-10,1985,2
2024-10,1986,2
2024-10,1987,2
2024-10,1988,3
2024-10,1989,3
2024-10,1990,3
2024-10,1991,3
2024-10,1992,3
2024-10,1993,2
2024-10,1994,3
2024-10,1995,2
2024-10,1996,3
2024-10,1997,3
2024-10,1999,2
2024-10,2000,2
2024-10,2001,3
2024-10,2002,3
2024-10,2004,2
2024-10,2005,2
2024-10,2006,2
2024-10,2007,3
2024-10,2008,3
2024-10,2009,3
2024-10,2010,2
2024-10,2011,3
2024-10,2012,3
2024-10,2015,3
2024-10,2017,3
2024-10,2018,3
2024-10,2019,2
2024-10,2021,3
2024-10,2022,1
2024-10,2023,1
2024-10,2024,2
2024-10,2025,2
2024-10,2027,3
2024-10,2028,3
2024-10,2030,3
2024-10,2031,3
2024-10,2032,2
2024-10,2033,2
2024-10,2034,2
2024-10,2035,3
2024-10,2036,3
2024-10,2037,3
2024-10,2039,3
2024-10,2040,2
2024-10,2041,3
2024-10,2042,3
2024-10,2043,1
2024-10,2044,2
2024-10,2045,2
2024-10,2046,3
2024-10,2047,2
2024-10,2048,2
2024-10,2049,1
2024-10,2050,3
2024-10,2051,3
2024-10,2052,1
2024-10,2053,3
2024-10,2054,1
2024-10,2055,3
2024-10,2056,3
2024-10,2057,1
2024-10,2058,1
2024-10,2059,3
2024-10,2060,2
2024-10,2061,1
2024-10,2062,3
2024-10,2063,2
2024-10,2064,1
2024-10,2065,3
2024-10,2066,3
2024-10,2067,1
2024-10,2068,1
2024-10,2069,3
2024-10,2070,3
2024-10,2072,1
2024-10,2073,3
2024-10,2074,2
2024-10,2075,1
2024-10,2076,1
2024-10,2077,1
2024-10,2078,1
2024-10,2079,1
2024-10,2080,1
2024-10,2081,1
2024-10,2082,1
2024-10,2085,1
2024-10,2087,1
2024-10,2088,1
2024-10,2089,1
2024-10,2090,1
2024-10,2091,1
2024-10,2093,1
2024-10,2094,1
2024-10,2095,1
2024-10,2096,1
2024-10,2098,1
2024-10,2100,1
2024-10,2101,2
2024-10,2105,3
2024-10,2108,2
2024-10,2109,3
2024-10,2110,1
2024-10,2111,3
2024-10,2112,1
2024-10,2113,1
2024-10,2114,1
2024-10,2116,1
2024-10,2117,1
2024-10,2118,1
2024-10,2119,2
2024-10,2120,3
2024-10,2121,3
2024-10,2122,3
2024-10,2124,2
2024-10,2125,1
2024-10,2126,3
2024-10,2127,1
2024-10,2128,1
2024-10,2129,1
2024-10,2130,2
2024-10,2131,3
2024-10,2132,1
2024-10,2133,1
2024-10,2134,3
2024-10,2136,1
2024-10,2137,1
2024-10,2138,1
2024-10,2139,1
2024-10,2140,1
2024-10,2142,1
2024-10,2143,1
2024-10,2144,5
2024-10,2145,3
2024-10,2146,4
2024-10,2148,3
2024-10,2149,3
2024-10,2150,3
2024-10,2151,3
2024-10,2152,1
2024-10,2153,3
2024-10,2154,3
2024-10,2155,3
2024-10,2156,1
2024-10,2157,3
2024-10,2158,3
2024-10,2159,1
2024-10,2160,1
2024-10,2161,5
2024-10,2162,1
2024-10,2163,3
2024-10,2164,5
2024-10,2165,2
2024-10,2167,2
2024-10,2168,2
2024-10,2169,2
2024-10,2171,3
2024-10,2172,1
2024-10,2173,3
2024-10,2174,3
2024-10,2175,1
2024-10,2176,3
2024-10,2177,2
2024-10,2178,3
2024-10,2179,3
2024-10,2180,3
2024-10,2181,1
2024-10,2182,1
2024-10,2183,3
2024-10,2184,3
2024-10,2185,1
2024-10,2186,3
2024-10,2187,3
2024-10,2188,2
2024-10,2189,3
2024-10,2190,5
2024-10,2191,2
2024-10,2192,2
2024-10,2193,2
2024-10,2194,2
2024-10,2195,1
2024-10,2196,1
2024-10,2197,1
2024-10,2198,1
2024-10,2199,3
2024-10,2200,1
2024-10,2201,1
2024-10,2202,3
2024-10,2203,2
2024-10,2204,1
2024-10,2205,3
2024-10,2206,1
2024-10,2207,1
2024-10,2208,2
2024-10,2210,5
2024-10,2211,3
2024-10,2212,1
2024-10,2213,1
2024-10,2215,2
2024-10,2216,5
2024-10,2217,5
2024-10,2218,4
2024-10,2219,4
2024-10,2220,5
2024-10,2221,5
2024-10,2222,5
2024-10,2223,3
2024-10,2224,2
2024-10,2225,3
2024-10,2226,5
2024-10,2227,2
2024-10,2228,2
2024-10,2229,4
2024-10,2230,3
2024-10,2231,2
2024-10,2232,2
2024-10,2233,3
2024-10,2234,3
2024-10,2235,2
2024-10,2236,4
2024-10,2237,2
2024-10,2238,5
2024-10,2241,4
2024-10,2242,5
2024-10,2243,5
2024-10,2244,4
2024-10,2245,4
2024-10,2248,4
2024-10,2249,4
2024-10,2250,4
2024-10,2251,2
2024-10,2252,2
2024-10,2253,3
2024-10,2254,1
2024-10,2255,1
2024-10,2256,1
2024-10,2257,1
2024-10,2258,1
2024-10,2259,1
2024-10,2260,1
2024-10,2262,1
2024-10,2264,3
2024-10,2265,1
2024-10,2266,1
2024-10,2267,3
2024-10,2268,1
2024-10,2269,3
2024-10,2270,1
2024-10,2271,1
2024-10,2272,3
2024-10,2274,3
2024-10,2275,5
2024-10,2276,3
2024-10,2278,3
2024-10,2279,2
2024-10,2280,2
2024-10,2281,2
2024-10,2282,2
2024-10,2286,2
2024-10,2287,3
2024-10,2288,2
2024-10,2289,2
2024-10,2292,3
2024-10,2293,3
2024-10,2294,3
2024-10,2295,1
2024-10,2296,3
2024-10,2297,3
2024-10,2298,3
2024-10,2299,3
2024-10,2300,3
2024-10,2301,3
2024-10,2302,3
2024-10,2303,3
2024-10,2304,3
2024-10,2305,1
2024-10,2307,3
2024-10,2308,3
2024-10,2309,3
2024-10,2310,3
2024-10,2311,2
2024-10,2312,2
2024-10,2314,3
2024-10,2315,3
2024-10,2316,3
2024-10,2317,3
2024-10,2318,2
2024-10,2320,2
2024-10,2321,3
2024-10,2322,3
2024-10,2323,1
2024-10,2324,3
2024-10,2325,3
2024-10,2326,3
2024-10,2327,3
2024-10,2328,3
2024-10,2329,3
2024-10,2330,3
2024-10,2332,3
2024-10,2333,2
2024-10,2334,2
2024-10,2335,3
2024-10,2336,2
2024-10,2337,2
2024-10,2338,2
2024-10,2339,2
2024-10,2340,2
2024-10,2341,4
2024-10,2342,3
2024-10,2343,2
2024-10,2344,4
2024-10,2345,4
2024-10,2348,4
2024-10,2349,4
2024-10,2351,5
2024-10,2352,5
2024-10,2353,5
2024-10,2354,5
2024-10,2355,5
2024-10,2356,5
2024-10,2357,5
2024-10,2358,5
2024-10,2359,5
2024-10,2360,5
2024-10,2361,5
2024-10,2362,5
2024-10,2363,5
2024-10,2364,5
2024-10,2365,5
2024-10,2366,5
2024-10,2367,5
2024-10,2368,5
2024-10,2369,5
2024-10,2370,5
2024-10,2371,5
2024-10,2372,5
2024-10,2373,5
2024-10,2374,5
2024-10,2375,5
2024-10,2376,5
2024-10,2377,5
2024-10,2378,5
2024-10,2379,5
2024-10,2380,5
2024-10,2381,5
2024-10,2382,5
2024-10,2383,5
2024-10,2384,5
2024-10,2385,5
2024-10,2386,5
2024-10,2387,5
2024-10,2388,5
2024-10,2389,5
2024-10,2390,5
2024-10,2391,5
2024-10,2392,5
2024-10,2393,5
2024-10,2395,2
2024-10,2398,5
2024-10,2399,5
2024-10,2400,5
2024-10,2401,5
2024-10,2402,5
2024-10,2403,5
2024-10,2404,5
2024-10,2405,5
2024-10,2406,5
2024-10,2407,5
2024-10,2408,5
2024-10,2409,5
2024-10,2410,5
2024-10,2411,5
2024-10,2412,5
2024-10,2416,5
2024-10,2422,5
2024-10,2423,5
2024-10,2424,5
2024-10,2425,5
2024-10,2426,5
2024-10,2427,5
2024-10,2428,5
2024-10,2429,5
2024-10,2430,5
2024-10,2431,5
2024-10,2432,5
2024-10,2433,5
2024-10,2434,5
2024-10,2435,5
2024-10,2436,5
2024-10,2437,5
2024-10,2439,5
2024-10,2440,5
2024-10,2441,5
2024-10,2442,5
2024-10,2443,5
2024-10,2444,5
2024-10,2445,5
2024-10,2446,5
2024-10,2447,5
2024-10,2449,5
2024-10,2450,5
2024-10,2451,5
2024-10,2452,5
2024-10,2453,5
2024-10,2454,5
2024-10,2455,5
2024-10,2456,5
2024-10,2457,5
2024-10,2458,5
2024-10,2459,5
2024-10,2460,5
2024-10,2461,5
2024-10,2462,5
2024-10,2463,5
2024-10,2464,5
2024-10,2465,5
2024-10,2466,5
2024-10,2467,5
2024-10,2468,5
2024-10,2469,5
2024-10,2470,5
2024-10,2471,5
2024-10,2472,5
2024-10,2473,5
2024-10,2474,5
2024-10,2475,5
2024-10,2476,5
2024-10,2477,5
2024-10,2478,5
2024-10,2479,5
2024-10,2480,5
2024-10,2481,5
2024-10,2482,5
2024-10,2483,5
2024-10,2484,5
2024-10,2485,5
2024-10,2486,5
2024-10,2487,5
2024-10,2488,5
2024-10,2489,5
2024-10,2490,5
2024-10,2491,5
2024-10,2492,5
2024-10,2493,5
2024-10,2494,5
2024-10,2495,5
2024-10,2496,5
2024-10,2497,5
2024-10,2498,5
2024-10,2499,5
2024-10,2500,5
2024-10,2501,5
2024-10,2502,5
2024-10,2503,5
2024-10,2504,5
2024-10,2505,5
2024-10,2506,5
2024-10,2507,5
2024-10,2508,5
2024-10,2509,5
2024-10,2510,5
2024-10,2511,5
2024-10,2512,5
2024-10,2513,5
2024-10,2514,5
2024-10,2515,5
2024-10,2516,5
2024-10,2517,5
2024-10,2518,5
2024-10,2519,5
2024-10,2520,5
2024-10,2521,5
2024-10,2522,5
2024-10,2523,5
2024-10,2524,5
2024-10,2525,5
2024-10,2526,5
2024-10,2527,5
2024-10,2528,5
2024-10,2529,5
2024-10,2530,5
2024-10,2531,5
2024-10,2532,5
2024-10,2533,5
2024-10,2534,5
2024-10,2535,5
2024-10,2536,5
2024-10,2537,5
2024-10,2538,5
2024-10,2539,5
2024-10,2540,5
2024-10,2541,5
2024-10,2542,5
2024-10,2543,5
2024-10,2544,5
2024-10,2545,5
2024-10,2546,5
2024-10,2547,5
2024-10,2548,5
2024-10,2549,5
2024-10,2550,5
2024-10,2551,5
2024-10,2552,5
2024-10,2553,5
2024-10,2554,5
2024-10,2555,5
2024-10,2556,5
2024-10,2557,5
2024-10,2558,5
2024-10,2559,5
2024-10,2560,5
2024-10,2561,5
2024-10,2562,5
2024-10,2563,5
2024-10,2564,5
2024-10,2565,5
2024-10,2566,5
2024-10,2567,5
2024-10,2568,5
2024-10,2569,5
2024-10,2570,5
2024-10,2571,5
2024-10,2572,5
2024-10,2573,5
2024-10,2574,5
2024-10,2575,5
2024-10,2576,5
2024-10,2577,5
2024-10,2578,5
2024-10,2579,5
2024-10,2580,5
2024-10,2581,5
2024-10,2582,5
2024-10,2583,5
2024-10,2584,5
2024-10,2585,5
2024-10,2586,5
2024-10,2587,5
2024-10,2588,5
2024-10,2589,5
2024-10,2590,5
2024-10,2591,2
2024-10,2592,5
2024-10,2593,2
2024-10,2595,2
2024-10,2596,2
2024-10,2597,5
2024-10,2598,2
2024-10,2599,5
2024-10,2600,5
2024-10,2601,2
2024-10,2602,5
2024-10,2604,5
2024-10,2605,5
2024-10,2606,5
2024-10,2607,2
2024-10,2618,1
2024-10,2619,2
2024-10,2620,2
2024-10,2621,2
2024-10,2644,5
2024-10,2646,5
2024-10,2647,2
2024-10,2648,5
2024-10,2649,5
2024-10,2651,5
2024-10,2652,2
2024-10,2710,2
2024-10,2808,5
2024-10,2809,2
2024-10,2813,2
2024-10,2814,5
2024-10,2872,4
2024-10,2876,5
2024-10,2879,5
2024-10,2880,4
2024-10,2881,2
2024-10,2882,4
2024-10,2883,2
2024-10,2884,2
2024-10,2885,2
2024-10,2886,3
2024-10,2887,2
2024-10,3005,2
2024-10,3007,2
2024-10,3009,2
2024-10,3011,2
2024-10,3012,3
2024-10,3013,5
2024-11,1,2
2024-11,2,3
2024-11,3,3
2024-11,4,2
2024-11,5,1
2024-11,6,2
2024-11,7,5
2024-11,8,2
2024-11,9,1
2024-11,10,2
2024-11,11,2
2024-11,12,2
2024-11,13,2
2024-11,14,2
2024-11,15,2
2024-11,16,2
2024-11,17,2
2024-11,18,2
2024-11,19,1
2024-11,20,2
2024-11,21,5
2024-11,22,3
2024-11,23,2
2024-11,25,2
2024-11,26,2
2024-11,27,2
2024-11,28,2
2024-11,29,2
2024-11,30,2
2024-11,31,1
2024-11,32,3
2024-11,33,1
2024-11,34,1
2024-11,35,2
2024-11,36,1
2024-11,37,1
2024-11,38,2
2024-11,39,3
2024-11,40,2
2024-11,41,1
2024-11,42,2
2024-11,43,1
2024-11,44,2
2024-11,45,1
2024-11,46,1
2024-11,47,1
2024-11,48,1
2024-11,49,2
2024-11,50,2
2024-11,51,2
2024-11,52,1
2024-11,53,2
2024-11,54,1
2024-11,55,2
2024-11,56,1
2024-11,57,2
2024-11,58,3
2024-11,59,1
2024-11,60,2
2024-11,61,2
2024-11,62,3
2024-11,63,1
2024-11,65,1
2024-11,66,2
2024-11,67,2
2024-11,68,1
2024-11,69,1
2024-11,70,3
2024-11,71,2
2024-11,72,1
2024-11,73,2
2024-11,74,1
2024-11,75,2
2024-11,76,2
2024-11,77,2
2024-11,78,3
2024-11,79,2
2024-11,80,1
2024-11,81,2
2024-11,82,1
2024-11,83,2
2024-11,167,2
2024-11,168,2
2024-11,169,1
2024-11,173,1
2024-11,181,1
2024-11,184,3
2024-11,185,1
2024-11,188,1
2024-11,191,1
2024-11,194,2
2024-11,195,3
2024-11,196,2
2024-11,198,1
2024-11,201,2
2024-11,203,1
2024-11,204,3
2024-11,205,2
2024-11,206,5
2024-11,207,2
2024-11,208,3
2024-11,209,2
2024-11,210,3
2024-11,211,3
2024-11,212,3
2024-11,213,3
2024-11,214,3
2024-11,215,3
2024-11,216,3
2024-11,217,3
2024-11,218,2
2024-11,219,3
2024-11,220,3
2024-11,221,3
2024-11,222,2
2024-11,223,3
2024-11,224,2
2024-11,225,4
2024-11,226,3
2024-11,227,4
2024-11,228,4
2024-11,229,4
2024-11,230,3
2024-11,231,3
2024-11,232,3
2024-11,233,3
2024-11,234,3
2024-11,235,1
2024-11,236,3
2024-11,237,2
2024-11,238,1
2024-11,239,3
2024-11,240,3
2024-11,241,3
2024-11,242,3
2024-11,243,3
2024-11,269,2
2024-11,270,3
2024-11,271,3
2024-11,272,2
2024-11,273,1
2024-11,274,3
2024-11,275,3
2024-11,276,3
2024-11,277,3
2024-11,278,2
2024-11,279,3
2024-11,280,3
2024-11,281,3
2024-11,282,3
2024-11,283,3
2024-11,284,3
2024-11,285,1
2024-11,287,1
2024-11,288,1
2024-11,289,1
2024-11,290,1
2024-11,292,1
2024-11,293,1
2024-11,294,1
2024-11,295,1
2024-11,296,1
2024-11,297,1
2024-11,298,1
2024-11,300,1
2024-11,301,2
2024-11,302,1
2024-11,303,3
2024-11,304,3
2024-11,305,1
2024-11,306,1
2024-11,307,1
2024-11,308,3
2024-11,309,5
2024-11,312,4
2024-11,314,2
2024-11,316,4
2024-11,317,2
2024-11,318,4
2024-11,319,4
2024-11,320,2
2024-11,321,2
2024-11,323,4
2024-11,324,2
2024-11,325,4
2024-11,326,2
2024-11,327,4
2024-11,329,2
2024-11,330,4
2024-11,331,4
2024-11,332,4
2024-11,333,4
2024-11,334,4
2024-11,335,4
2024-11,336,2
2024-11,337,2
2024-11,338,4
2024-11,339,2
2024-11,340,4
2024-11,341,4
2024-11,342,2
2024-11,343,2
2024-11,345,2
2024-11,346,2
2024-11,347,2
2024-11,348,2
2024-11,349,1
2024-11,351,2
2024-11,352,2
2024-11,354,5
2024-11,355,2
2024-11,356,3
2024-11,357,2
2024-11,358,1
2024-11,359,1
2024-11,360,3
2024-11,361,1
2024-11,362,2
2024-11,363,1
2024-11,364,1
2024-11,365,1
2024-11,366,3
2024-11,367,1
2024-11,368,2
2024-11,369,1
2024-11,370,3
2024-11,371,2
2024-11,372,1
2024-11,373,2
2024-11,374,2
2024-11,375,2
2024-11,376,1
2024-11,377,1
2024-11,378,1
2024-11,379,2
2024-11,380,2
2024-11,381,1
2024-11,382,3
2024-11,383,3
2024-11,384,1
2024-11,385,2
2024-11,386,1
2024-11,387,2
2024-11,388,2
2024-11,390,1
2024-11,391,1
2024-11,392,3
2024-11,393,3
2024-11,395,1
2024-11,396,1
2024-11,397,2
2024-11,398,3
2024-11,401,2
2024-11,402,2
2024-11,403,2
2024-11,404,2
2024-11,405,2
2024-11,408,2
2024-11,410,2
2024-11,413,2
2024-11,414,2
2024-11,416,2
2024-11,418,5
2024-11,419,2
2024-11,420,2
2024-11,421,2
2024-11,422,2
2024-11,423,1
2024-11,424,3
2024-11,425,1
2024-11,428,1
2024-11,429,1
2024-11,430,2
2024-11,431,1
2024-11,432,1
2024-11,433,1
2024-11,434,1
2024-11,435,1
2024-11,436,1
2024-11,437,1
2024-11,438,1
2024-11,440,2
2024-11,441,1
2024-11,442,1
2024-11,443,2
2024-11,444,1
2024-11,445,1
2024-11,446,1
2024-11,447,1
2024-11,448,2
2024-11,449,3
2024-11,450,2
2024-11,451,3
2024-11,452,2
2024-11,453,2
2024-11,455,2
2024-11,456,1
2024-11,457,1
2024-11,458,2
2024-11,459,2
2024-11,460,1
2024-11,478,2
2024-11,479,1
2024-11,480,2
2024-11,481,2
2024-11,482,3
2024-11,484,1
2024-11,485,1
2024-11,486,1
2024-11,487,1
2024-11,489,3
2024-11,490,1
2024-11,491,3
2024-11,492,1
2024-11,493,3
2024-11,494,3
2024-11,495,1
2024-11,496,1
2024-11,497,3
2024-11,498,2
2024-11,499,1
2024-11,501,3
2024-11,502,1
2024-11,503,3
2024-11,504,5
2024-11,505,2
2024-11,506,2
2024-11,507,2
2024-11,508,3
2024-11,509,2
2024-11,510,2
2024-11,511,2
2024-11,512,3
2024-11,515,2
2024-11,516,1
2024-11,517,2
2024-11,518,1
2024-11,519,1
2024-11,520,1
2024-11,521,1
2024-11,522,3
2024-11,523,1
2024-11,524,1
2024-11,525,1
2024-11,527,3
2024-11,528,3
2024-11,529,1
2024-11,530,1
2024-11,531,3
2024-11,532,1
2024-11,533,1
2024-11,534,1
2024-11,535,2
2024-11,536,1
2024-11,537,3
2024-11,538,3
2024-11,539,1
2024-11,540,1
2024-11,541,1
2024-11,542,3
2024-11,543,3
2024-11,544,1
2024-11,545,3
2024-11,546,3
2024-11,547,1
2024-11,548,1
2024-11,549,1
2024-11,550,1
2024-11,552,3
2024-11,553,1
2024-11,554,2
2024-11,555,1
2024-11,556,1
2024-11,557,1
2024-11,558,1
2024-11,559,3
2024-11,560,1
2024-11,561,3
2024-11,562,1
2024-11,563,1
2024-11,564,1
2024-11,565,1
2024-11,566,1
2024-11,567,1
2024-11,568,1
2024-11,569,1
2024-11,570,1
2024-11,571,1
2024-11,572,1
2024-11,574,3
2024-11,578,1
2024-11,579,2
2024-11,580,2
2024-11,581,2
2024-11,582,4
2024-11,583,1
2024-11,584,2
2024-11,585,3
2024-11,586,2
2024-11,587,2
2024-11,588,2
2024-11,589,2
2024-11,591,2
2024-11,592,2
2024-11,593,2
2024-11,594,2
2024-11,595,1
2024-11,598,1
2024-11,599,2
2024-11,600,2
2024-11,601,2
2024-11,602,1
2024-11,603,2
2024-11,604,2
2024-11,605,2
2024-11,606,1
2024-11,607,2
2024-11,608,5
2024-11,612,5
2024-11,613,4
2024-11,614,4
2024-11,615,4
2024-11,616,4
2024-11,618,4
2024-11,619,4
2024-11,621,4
2024-11,666,5
2024-11,667,2
2024-11,668,3
2024-11,669,3
2024-11,670,2
2024-11,671,2
2024-11,674,2
2024-11,675,2
2024-11,676,2
2024-11,677,2
2024-11,678,4
2024-11,679,2
2024-11,680,2
2024-11,683,1
2024-11,685,2
2024-11,686,2
2024-11,687,1
2024-11,689,3
2024-11,690,3
2024-11,691,1
2024-11,692,1
2024-11,693,2
2024-11,694,3
2024-11,695,1
2024-11,696,1
2024-11,697,3
2024-11,698,1
2024-11,699,1
2024-11,701,1
2024-11,702,3
2024-11,703,3
2024-11,704,3
2024-11,705,3
2024-11,706,1
2024-11,708,3
2024-11,710,1
2024-11,711,3
2024-11,712,1
2024-11,713,1
2024-11,714,3
2024-11,715,1
2024-11,716,4
2024-11,717,3
2024-11,718,4
2024-11,719,1
2024-11,720,4
2024-11,721,1
2024-11,722,2
2024-11,723,3
2024-11,725,2
2024-11,726,4
2024-11,727,5
2024-11,731,2
2024-11,734,3
2024-11,735,1
2024-11,736,3
2024-11,737,1
2024-11,738,2
2024-11,739,3
2024-11,741,3
2024-11,742,3
2024-11,743,3
2024-11,744,1
2024-11,745,3
2024-11,746,1
2024-11,747,3
2024-11,748,2
2024-11,749,1
2024-11,751,3
2024-11,752,1
2024-11,753,3
2024-11,754,3
2024-11,755,3
2024-11,756,2
2024-11,757,2
2024-11,758,1
2024-11,760,1
2024-11,761,1
2024-11,763,2
2024-11,764,3
2024-11,765,1
2024-11,766,2
2024-11,767,2
2024-11,769,3
2024-11,770,1
2024-11,771,3
2024-11,773,3
2024-11,774,3
2024-11,775,5
2024-11,776,2
2024-11,777,5
2024-11,778,2
2024-11,779,2
2024-11,780,2
2024-11,781,2
2024-11,782,5
2024-11,783,3
2024-11,784,2
2024-11,785,5
2024-11,787,3
2024-11,788,2
2024-11,789,2
2024-11,790,2
2024-11,791,3
2024-11,792,3
2024-11,793,3
2024-11,794,2
2024-11,795,3
2024-11,796,2
2024-11,797,2
2024-11,798,3
2024-11,799,3
2024-11,800,2
2024-11,801,3
2024-11,802,3
2024-11,803,2
2024-11,804,3
2024-11,805,2
2024-11,806,2
2024-11,807,2
2024-11,808,3
2024-11,809,5
2024-11,810,1
2024-11,811,2
2024-11,812,5
2024-11,813,2
2024-11,814,2
2024-11,815,1
2024-11,817,3
2024-11,818,2
2024-11,819,2
2024-11,820,2
2024-11,821,1
2024-11,822,1
2024-11,823,1
2024-11,824,5
2024-11,825,1
2024-11,826,1
2024-11,827,1
2024-11,828,1
2024-11,829,1
2024-11,830,2
2024-11,831,1
2024-11,832,1
2024-11,833,3
2024-11,834,2
2024-11,835,1
2024-11,836,1
2024-11,838,1
2024-11,839,1
2024-11,840,1
2024-11,841,2
2024-11,842,5
2024-11,843,5
2024-11,844,4
2024-11,846,4
2024-11,847,4
2024-11,848,4
2024-11,849,3
2024-11,851,3
2024-11,852,3
2024-11,853,4
2024-11,854,4
2024-11,855,4
2024-11,856,4
2024-11,857,4
2024-11,859,3
2024-11,860,5
2024-11,870,2
2024-11,871,2
2024-11,872,5
2024-11,873,3
2024-11,874,3
2024-11,875,4
2024-11,876,2
2024-11,877,3
2024-11,878,3
2024-11,879,2
2024-11,880,3
2024-11,881,2
2024-11,882,3
2024-11,883,3
2024-11,884,4
2024-11,885,3
2024-11,886,3
2024-11,888,4
2024-11,889,4
2024-11,890,2
2024-11,891,3
2024-11,892,2
2024-11,895,3
2024-11,896,5
2024-11,897,2
2024-11,898,3
2024-11,899,3
2024-11,900,1
2024-11,901,3
2024-11,902,3
2024-11,903,3
2024-11,904,3
2024-11,905,3
2024-11,907,3
2024-11,908,3
2024-11,909,3
2024-11,911,3
2024-11,912,2
2024-11,913,3
2024-11,914,3
2024-11,915,3
2024-11,916,4
2024-11,917,4
2024-11,918,2
2024-11,920,1
2024-11,922,1
2024-11,923,3
2024-11,924,1
2024-11,925,1
2024-11,926,1
2024-11,927,2
2024-11,928,2
2024-11,929,1
2024-11,930,1
2024-11,986,2
2024-11,987,2
2024-11,988,2
2024-11,989,2
2024-11,991,2
2024-11,992,2
2024-11,993,3
2024-11,994,3
2024-11,995,3
2024-11,996,2
2024-11,998,3
2024-11,999,3
2024-11,1001,2
2024-11,1002,3
2024-11,1003,3
2024-11,1004,3
2024-11,1005,2
2024-11,1006,3
2024-11,1007,2
2024-11,1008,2
2024-11,1009,2
2024-11,1010,2
2024-11,1011,1
2024-11,1012,1
2024-11,1013,1
2024-11,1014,1
2024-11,1015,3
2024-11,1016,1
2024-11,1017,1
2024-11,1018,1
2024-11,1019,1
2024-11,1020,3
2024-11,1021,2
2024-11,1023,1
2024-11,1024,1
2024-11,1025,1
2024-11,1026,1
2024-11,1027,1
2024-11,1028,1
2024-11,1029,1
2024-11,1030,1
2024-11,1031,1
2024-11,1032,1
2024-11,1033,1
2024-11,1034,1
2024-11,1035,1
2024-11,1036,1
2024-11,1037,2
2024-11,1038,1
2024-11,1039,2
2024-11,1040,1
2024-11,1041,1
2024-11,1044,1
2024-11,1047,2
2024-11,1048,2
2024-11,1049,3
2024-11,1051,2
2024-11,1052,3
2024-11,1053,3
2024-11,1054,2
2024-11,1055,2
2024-11,1056,3
2024-11,1057,3
2024-11,1058,3
2024-11,1059,2
2024-11,1060,3
2024-11,1061,2
2024-11,1062,1
2024-11,1063,3
2024-11,1064,3
2024-11,1065,1
2024-11,1066,3
2024-11,1067,1
2024-11,1068,3
2024-11,1069,3
2024-11,1070,3
2024-11,1071,2
2024-11,1072,3
2024-11,1107,2
2024-11,1108,3
2024-11,1109,2
2024-11,1110,3
2024-11,1111,3
2024-11,1112,3
2024-11,1113,3
2024-11,1115,3
2024-11,1116,3
2024-11,1117,2
2024-11,1118,3
2024-11,1119,3
2024-11,1120,3
2024-11,1121,3
2024-11,1122,3
2024-11,1123,3
2024-11,1124,3
2024-11,1125,3
2024-11,1126,3
2024-11,1127,3
2024-11,1128,3
2024-11,1129,3
2024-11,1130,3
2024-11,1131,2
2024-11,1132,3
2024-11,1133,3
2024-11,1134,5
2024-11,1135,2
2024-11,1136,2
2024-11,1137,2
2024-11,1138,3
2024-11,1139,2
2024-11,1140,2
2024-11,1141,2
2024-11,1142,2
2024-11,1143,3
2024-11,1144,1
2024-11,1146,3
2024-11,1147,2
2024-11,1148,2
2024-11,1149,2
2024-11,1150,5
2024-11,1151,3
2024-11,1152,4
2024-11,1153,2
2024-11,1154,3
2024-11,1155,2
2024-11,1157,3
2024-11,1158,2
2024-11,1159,2
2024-11,1160,3
2024-11,1161,2
2024-11,1163,2
2024-11,1164,3
2024-11,1165,4
2024-11,1166,1
2024-11,1167,2
2024-11,1168,3
2024-11,1169,2
2024-11,1170,2
2024-11,1171,2
2024-11,1172,2
2024-11,1173,2
2024-11,1174,2
2024-11,1175,2
2024-11,1176,5
2024-11,1178,1
2024-11,1179,2
2024-11,1180,3
2024-11,1181,2
2024-11,1184,3
2024-11,1185,3
2024-11,1186,5
2024-11,1187,3
2024-11,1188,5
2024-11,1189,3
2024-11,1190,5
2024-11,1191,2
2024-11,1192,2
2024-11,1193,3
2024-11,1194,2
2024-11,1195,3
2024-11,1196,2
2024-11,1197,2
2024-11,1198,2
2024-11,1200,3
2024-11,1201,1
2024-11,1203,3
2024-11,1204,1
2024-11,1205,1
2024-11,1206,3
2024-11,1207,2
2024-11,1208,1
2024-11,1209,3
2024-11,1210,1
2024-11,1211,3
2024-11,1212,2
2024-11,1213,3
2024-11,1214,1
2024-11,1215,1
2024-11,1217,1
2024-11,1218,1
2024-11,1219,3
2024-11,1220,1
2024-11,1221,2
2024-11,1222,1
2024-11,1223,1
2024-11,1224,5
2024-11,1225,2
2024-11,1226,2
2024-11,1227,2
2024-11,1228,2
2024-11,1229,2
2024-11,1230,2
2024-11,1231,2
2024-11,1232,2
2024-11,1233,2
2024-11,1234,2
2024-11,1235,2
2024-11,1236,2
2024-11,1237,3
2024-11,1238,2
2024-11,1240,2
2024-11,1241,2
2024-11,1242,1
2024-11,1243,2
2024-11,1244,3
2024-11,1246,2
2024-11,1249,2
2024-11,1250,2
2024-11,1251,1
2024-11,1252,2
2024-11,1253,1
2024-11,1254,2
2024-11,1256,2
2024-11,1257,3
2024-11,1258,2
2024-11,1259,3
2024-11,1260,2
2024-11,1261,3
2024-11,1262,3
2024-11,1264,1
2024-11,1265,3
2024-11,1266,1
2024-11,1267,1
2024-11,1268,3
2024-11,1269,1
2024-11,1270,3
2024-11,1271,1
2024-11,1272,3
2024-11,1273,1
2024-11,1274,1
2024-11,1275,2
2024-11,1276,3
2024-11,1277,3
2024-11,1278,3
2024-11,1279,1
2024-11,1280,3
2024-11,1281,3
2024-11,1282,1
2024-11,1284,3
2024-11,1285,3
2024-11,1286,1
2024-11,1287,3
2024-11,1288,3
2024-11,1289,3
2024-11,1290,3
2024-11,1291,1
2024-11,1292,3
2024-11,1293,3
2024-11,1294,3
2024-11,1295,3
2024-11,1296,1
2024-11,1297,1
2024-11,1298,3
2024-11,1299,1
2024-11,1300,1
2024-11,1301,3
2024-11,1302,3
2024-11,1303,2
2024-11,1304,3
2024-11,1305,3
2024-11,1306,3
2024-11,1308,3
2024-11,1309,1
2024-11,1310,3
2024-11,1311,1
2024-11,1312,1
2024-11,1313,1
2024-11,1314,1
2024-11,1315,2
2024-11,1316,3
2024-11,1317,1
2024-11,1319,1
2024-11,1320,1
2024-11,1321,3
2024-11,1322,1
2024-11,1323,1
2024-11,1324,1
2024-11,1325,1
2024-11,1326,3
2024-11,1327,1
2024-11,1328,1
2024-11,1329,3
2024-11,1330,1
2024-11,1331,1
2024-11,1333,2
2024-11,1334,3
2024-11,1335,1
2024-11,1336,1
2024-11,1337,3
2024-11,1338,3
2024-11,1339,3
2024-11,1340,3
2024-11,1341,3
2024-11,1343,3
2024-11,1344,1
2024-11,1345,1
2024-11,1346,1
2024-11,1347,3
2024-11,1348,1
2024-11,1349,1
2024-11,1350,1
2024-11,1351,1
2024-11,1352,1
2024-11,1353,1
2024-11,1355,1
2024-11,1356,1
2024-11,1357,3
2024-11,1358,1
2024-11,1392,3
2024-11,1393,2
2024-11,1394,2
2024-11,1395,5
2024-11,1396,2
2024-11,1397,5
2024-11,1398,5
2024-11,1399,3
2024-11,1400,2
2024-11,1401,2
2024-11,1402,5
2024-11,1403,2
2024-11,1404,2
2024-11,1405,2
2024-11,1406,3
2024-11,1407,2
2024-11,1408,2
2024-11,1409,5
2024-11,1410,2
2024-11,1411,2
2024-11,1412,1
2024-11,1413,3
2024-11,1414,3
2024-11,1415,1
2024-11,1416,1
2024-11,1417,1
2024-11,1419,1
2024-11,1420,1
2024-11,1421,1
2024-11,1422,3
2024-11,1423,1
2024-11,1425,3
2024-11,1426,1
2024-11,1427,3
2024-11,1428,1
2024-11,1429,1
2024-11,1430,4
2024-11,1431,4
2024-11,1438,4
2024-11,1439,5
2024-11,1440,2
2024-11,1443,5
2024-11,1444,5
2024-11,1445,5
2024-11,1446,5
2024-11,1447,2
2024-11,1448,5
2024-11,1449,2
2024-11,1453,5
2024-11,1454,2
2024-11,1456,5
2024-11,1457,5
2024-11,1459,5
2024-11,1461,5
2024-11,1463,2
2024-11,1464,5
2024-11,1465,5
2024-11,1467,5
2024-11,1468,5
2024-11,1472,5
2024-11,1473,2
2024-11,1474,3
2024-11,1475,5
2024-11,1477,2
2024-11,1478,2
2024-11,1480,2
2024-11,1481,5
2024-11,1483,2
2024-11,1484,5
2024-11,1486,2
2024-11,1488,5
2024-11,1489,2
2024-11,1490,2
2024-11,1491,5
2024-11,1492,5
2024-11,1493,5
2024-11,1494,3
2024-11,1495,2
2024-11,1496,5
2024-11,1500,5
2024-11,1501,5
2024-11,1504,2
2024-11,1506,5
2024-11,1507,4
2024-11,1508,4
2024-11,1509,4
2024-11,1510,3
2024-11,1511,4
2024-11,1512,4
2024-11,1518,4
2024-11,1519,3
2024-11,1520,3
2024-11,1521,4
2024-11,1522,3
2024-11,1523,5
2024-11,1525,2
2024-11,1526,2
2024-11,1527,2
2024-11,1528,3
2024-11,1529,3
2024-11,1530,3
2024-11,1532,1
2024-11,1533,3
2024-11,1534,3
2024-11,1535,3
2024-11,1536,3
2024-11,1537,1
2024-11,1539,2
2024-11,1540,2
2024-11,1541,1
2024-11,1542,3
2024-11,1543,1
2024-11,1544,1
2024-11,1545,1
2024-11,1546,3
2024-11,1547,1
2024-11,1548,1
2024-11,1549,3
2024-11,1550,3
2024-11,1551,1
2024-11,1552,1
2024-11,1553,2
2024-11,1554,3
2024-11,1555,3
2024-11,1556,3
2024-11,1557,3
2024-11,1558,1
2024-11,1559,1
2024-11,1560,2
2024-11,1561,1
2024-11,1562,3
2024-11,1563,2
2024-11,1564,3
2024-11,1565,3
2024-11,1566,1
2024-11,1567,1
2024-11,1568,1
2024-11,1569,1
2024-11,1570,1
2024-11,1571,1
2024-11,1572,2
2024-11,1573,1
2024-11,1574,3
2024-11,1575,5
2024-11,1577,2
2024-11,1578,3
2024-11,1579,3
2024-11,1580,1
2024-11,1581,1
2024-11,1582,1
2024-11,1583,3
2024-11,1584,1
2024-11,1585,1
2024-11,1586,2
2024-11,1587,3
2024-11,1588,3
2024-11,1589,3
2024-11,1590,1
2024-11,1591,1
2024-11,1592,3
2024-11,1593,3
2024-11,1594,1
2024-11,1595,3
2024-11,1596,3
2024-11,1597,5
2024-11,1598,5
2024-11,1599,2
2024-11,1600,2
2024-11,1601,5
2024-11,1602,1
2024-11,1603,2
2024-11,1604,2
2024-11,1605,1
2024-11,1606,1
2024-11,1607,1
2024-11,1608,3
2024-11,1609,2
2024-11,1610,3
2024-11,1611,3
2024-11,1612,3
2024-11,1613,1
2024-11,1614,1
2024-11,1615,2
2024-11,1616,1
2024-11,1617,1
2024-11,1618,3
2024-11,1619,2
2024-11,1620,5
2024-11,1621,1
2024-11,1622,1
2024-11,1623,2
2024-11,1624,3
2024-11,1625,2
2024-11,1626,1
2024-11,1627,1
2024-11,1628,2
2024-11,1629,3
2024-11,1630,1
2024-11,1631,1
2024-11,1632,5
2024-11,1633,3
2024-11,1634,3
2024-11,1635,1
2024-11,1636,3
2024-11,1637,1
2024-11,1638,3
2024-11,1639,3
2024-11,1640,1
2024-11,1641,3
2024-11,1642,1
2024-11,1643,3
2024-11,1644,3
2024-11,1645,3
2024-11,1646,1
2024-11,1647,1
2024-11,1648,3
2024-11,1649,3
2024-11,1650,3
2024-11,1651,3
2024-11,1652,2
2024-11,1653,3
2024-11,1654,1
2024-11,1655,1
2024-11,1656,3
2024-11,1657,1
2024-11,1658,3
2024-11,1659,2
2024-11,1660,1
2024-11,1661,3
2024-11,1662,1
2024-11,1663,1
2024-11,1664,3
2024-11,1665,2
2024-11,1666,1
2024-11,1667,2
2024-11,1668,2
2024-11,1669,3
2024-11,1670,3
2024-11,1671,3
2024-11,1672,3
2024-11,1673,3
2024-11,1674,2
2024-11,1675,2
2024-11,1676,3
2024-11,1678,1
2024-11,1679,3
2024-11,1680,1
2024-11,1681,1
2024-11,1682,3
2024-11,1683,2
2024-11,1685,3
2024-11,1686,3
2024-11,1687,1
2024-11,1688,3
2024-11,1689,1
2024-11,1690,1
2024-11,1691,1
2024-11,1692,3
2024-11,1693,3
2024-11,1694,3
2024-11,1696,3
2024-11,1697,3
2024-11,1698,1
2024-11,1699,3
2024-11,1700,3
2024-11,1701,3
2024-11,1702,1
2024-11,1703,1
2024-11,1704,3
2024-11,1705,3
2024-11,1706,1
2024-11,1707,2
2024-11,1708,3
2024-11,1709,3
2024-11,1710,1
2024-11,1711,3
2024-11,1712,3
2024-11,1714,1
2024-11,1715,3
2024-11,1717,1
2024-11,1718,1
2024-11,1719,3
2024-11,1722,1
2024-11,1724,1
2024-11,1725,1
2024-11,1726,2
2024-11,1727,1
2024-11,1728,3
2024-11,1730,3
2024-11,1731,3
2024-11,1732,1
2024-11,1733,3
2024-11,1737,1
2024-11,1738,1
2024-11,1739,1
2024-11,1740,2
2024-11,1741,1
2024-11,1742,3
2024-11,1743,1
2024-11,1744,1
2024-11,1745,3
2024-11,1746,1
2024-11,1747,1
2024-11,1749,1
2024-11,1750,3
2024-11,1751,1
2024-11,1752,3
2024-11,1753,1
2024-11,1754,1
2024-11,1755,3
2024-11,1756,1
2024-11,1757,1
2024-11,1758,2
2024-11,1759,3
2024-11,1760,1
2024-11,1761,1
2024-11,1762,1
2024-11,1764,2
2024-11,1765,2
2024-11,1766,3
2024-11,1768,3
2024-11,1769,1
2024-11,1770,3
2024-11,1771,1
2024-11,1773,3
2024-11,1774,3
2024-11,1775,1
2024-11,1776,3
2024-11,1777,1
2024-11,1778,3
2024-11,1780,3
2024-11,1781,1
2024-11,1782,3
2024-11,1783,5
2024-11,1784,1
2024-11,1785,1
2024-11,1786,3
2024-11,1787,1
2024-11,1788,3
2024-11,1845,5
2024-11,1846,2
2024-11,1848,1
2024-11,1849,1
2024-11,1850,3
2024-11,1851,1
2024-11,1852,3
2024-11,1853,1
2024-11,1854,1
2024-11,1855,1
2024-11,1856,1
2024-11,1857,1
2024-11,1858,1
2024-11,1859,3
2024-11,1860,1
2024-11,1861,3
2024-11,1862,1
2024-11,1863,2
2024-11,1864,1
2024-11,1865,1
2024-11,1868,1
2024-11,1869,3
2024-11,1870,1
2024-11,1871,3
2024-11,1872,1
2024-11,1873,3
2024-11,1874,5
2024-11,1875,2
2024-11,1876,2
2024-11,1877,2
2024-11,1878,3
2024-11,1879,2
2024-11,1880,2
2024-11,1881,2
2024-11,1883,2
2024-11,1884,1
2024-11,1885,3
2024-11,1886,3
2024-11,1887,1
2024-11,1888,1
2024-11,1889,3
2024-11,1890,2
2024-11,1891,1
2024-11,1892,1
2024-11,1893,1
2024-11,1894,3
2024-11,1895,3
2024-11,1896,1
2024-11,1897,1
2024-11,1898,3
2024-11,1899,3
2024-11,1900,3
2024-11,1901,3
2024-11,1902,3
2024-11,1903,1
2024-11,1904,3
2024-11,1905,2
2024-11,1906,2
2024-11,1907,1
2024-11,1908,3
2024-11,1909,1
2024-11,1910,1
2024-11,1912,3
2024-11,1915,1
2024-11,1916,1
2024-11,1917,1
2024-11,1918,1
2024-11,1919,2
2024-11,1920,2
2024-11,1921,1
2024-11,1922,2
2024-11,1923,3
2024-11,1924,1
2024-11,1925,1
2024-11,1926,1
2024-11,1927,1
2024-11,1928,1
2024-11,1929,1
2024-11,1930,1
2024-11,1931,3
2024-11,1932,1
2024-11,1933,1
2024-11,1934,3
2024-11,1935,1
2024-11,1936,3
2024-11,1937,1
2024-11,1938,1
2024-11,1939,3
2024-11,1940,1
2024-11,1941,1
2024-11,1942,1
2024-11,1943,1
2024-11,1944,1
2024-11,1945,1
2024-11,1947,3
2024-11,1948,3
2024-11,1949,1
2024-11,1950,3
2024-11,1951,1
2024-11,1952,2
2024-11,1954,3
2024-11,1955,2
2024-11,1956,4
2024-11,1957,4
2024-11,1958,4
2024-11,1959,4
2024-11,1960,3
2024-11,1961,4
2024-11,1962,4
2024-11,1963,4
2024-11,1965,4
2024-11,1966,2
2024-11,1967,2
2024-11,1968,4
2024-11,1969,4
2024-11,1970,4
2024-11,1971,5
2024-11,1972,3
2024-11,1973,3
2024-11,1974,2
2024-11,1975,3
2024-11,1976,3
2024-11,1977,5
2024-11,1978,2
2024-11,1979,5
2024-11,1980,2
2024-11,1981,3
2024-11,1982,3
2024-11,1983,2
2024-11,1984,3
2024-11,1985,2
2024-11,1986,2
2024-11,1987,2
2024-11,1988,3
2024-11,1989,3
2024-11,1990,3
2024-11,1991,3
2024-11,1992,3
2024-11,1993,2
2024-11,1994,3
2024-11,1995,2
2024-11,1996,3
2024-11,1997,3
2024-11,1999,2
2024-11,2000,2
2024-11,2001,3
2024-11,2002,3
2024-11,2004,2
2024-11,2005,2
2024-11,2006,2
2024-11,2007,3
2024-11,2008,3
2024-11,2009,3
2024-11,2010,2
2024-11,2011,3
2024-11,2012,3
2024-11,2015,3
2024-11,2017,3
2024-11,2018,3
2024-11,2019,2
2024-11,2021,3
2024-11,2022,3
2024-11,2023,2
2024-11,2024,2
2024-11,2025,2
2024-11,2027,3
2024-11,2028,3
2024-11,2030,2
2024-11,2031,3
2024-11,2032,2
2024-11,2033,2
2024-11,2034,2
2024-11,2035,3
2024-11,2036,3
2024-11,2037,1
2024-11,2039,3
2024-11,2040,2
2024-11,2041,3
2024-11,2042,3
2024-11,2043,1
2024-11,2044,2
2024-11,2045,2
2024-11,2046,3
2024-11,2047,2
2024-11,2048,2
2024-11,2049,1
2024-11,2050,1
2024-11,2051,3
2024-11,2052,3
2024-11,2053,1
2024-11,2054,1
2024-11,2055,3
2024-11,2056,1
2024-11,2057,1
2024-11,2058,1
2024-11,2059,3
2024-11,2060,2
2024-11,2061,1
2024-11,2062,3
2024-11,2063,2
2024-11,2064,1
2024-11,2065,1
2024-11,2066,1
2024-11,2067,1
2024-11,2068,1
2024-11,2069,3
2024-11,2070,3
2024-11,2072,1
2024-11,2073,3
2024-11,2074,2
2024-11,2075,1
2024-11,2076,1
2024-11,2077,1
2024-11,2078,1
2024-11,2079,1
2024-11,2080,1
2024-11,2081,3
2024-11,2082,1
2024-11,2085,1
2024-11,2087,1
2024-11,2088,1
2024-11,2089,1
2024-11,2090,1
2024-11,2091,1
2024-11,2093,1
2024-11,2094,1
2024-11,2095,1
2024-11,2096,1
2024-11,2098,1
2024-11,2100,1
2024-11,2101,2
2024-11,2105,3
2024-11,2108,2
2024-11,2109,3
2024-11,2110,1
2024-11,2111,3
2024-11,2112,1
2024-11,2113,2
2024-11,2114,1
2024-11,2116,1
2024-11,2117,1
2024-11,2118,1
2024-11,2119,2
2024-11,2120,3
2024-11,2121,3
2024-11,2122,3
2024-11,2124,2
2024-11,2125,1
2024-11,2126,3
2024-11,2127,1
2024-11,2128,1
2024-11,2129,1
2024-11,2130,2
2024-11,2131,3
2024-11,2132,1
2024-11,2133,1
2024-11,2134,3
2024-11,2136,2
2024-11,2137,1
2024-11,2138,1
2024-11,2139,1
2024-11,2140,1
2024-11,2142,1
2024-11,2143,1
2024-11,2144,5
2024-11,2145,3
2024-11,2146,3
2024-11,2148,3
2024-11,2149,3
2024-11,2150,1
2024-11,2151,3
2024-11,2152,1
2024-11,2153,3
2024-11,2154,3
2024-11,2155,3
2024-11,2156,1
2024-11,2157,1
2024-11,2158,3
2024-11,2159,1
2024-11,2160,1
2024-11,2161,5
2024-11,2162,1
2024-11,2163,3
2024-11,2164,5
2024-11,2165,2
2024-11,2167,2
2024-11,2168,2
2024-11,2169,2
2024-11,2171,3
2024-11,2172,1
2024-11,2173,3
2024-11,2174,3
2024-11,2175,1
2024-11,2176,3
2024-11,2177,2
2024-11,2178,3
2024-11,2179,3
2024-11,2180,3
2024-11,2181,1
2024-11,2182,1
2024-11,2183,3
2024-11,2184,3
2024-11,2185,1
2024-11,2186,3
2024-11,2187,3
2024-11,2188,2
2024-11,2189,3
2024-11,2190,5
2024-11,2191,2
2024-11,2192,2
2024-11,2193,2
2024-11,2194,2
2024-11,2195,1
2024-11,2196,1
2024-11,2197,1
2024-11,2198,1
2024-11,2199,3
2024-11,2200,2
2024-11,2201,1
2024-11,2202,2
2024-11,2203,2
2024-11,2204,1
2024-11,2205,1
2024-11,2206,1
2024-11,2207,1
2024-11,2208,1
2024-11,2210,5
2024-11,2211,3
2024-11,2212,1
2024-11,2213,1
2024-11,2215,2
2024-11,2216,5
2024-11,2217,5
2024-11,2218,4
2024-11,2219,4
2024-11,2220,5
2024-11,2221,5
2024-11,2222,4
2024-11,2223,3
2024-11,2224,2
2024-11,2225,3
2024-11,2226,5
2024-11,2227,2
2024-11,2228,2
2024-11,2229,4
2024-11,2230,4
2024-11,2231,2
2024-11,2232,4
2024-11,2233,3
2024-11,2234,3
2024-11,2235,2
2024-11,2236,4
2024-11,2237,2
2024-11,2238,5
2024-11,2241,4
2024-11,2242,5
2024-11,2243,5
2024-11,2244,4
2024-11,2245,4
2024-11,2248,4
2024-11,2249,4
2024-11,2250,4
2024-11,2251,2
2024-11,2252,2
2024-11,2253,3
2024-11,2254,1
2024-11,2255,1
2024-11,2256,1
2024-11,2257,1
2024-11,2258,1
2024-11,2259,1
2024-11,2260,1
2024-11,2262,1
2024-11,2264,1
2024-11,2265,1
2024-11,2266,1
2024-11,2267,1
2024-11,2268,1
2024-11,2269,3
2024-11,2270,1
2024-11,2271,1
2024-11,2272,3
2024-11,2274,3
2024-11,2275,5
2024-11,2276,3
2024-11,2278,3
2024-11,2279,2
2024-11,2280,2
2024-11,2281,2
2024-11,2282,2
2024-11,2286,2
2024-11,2287,3
2024-11,2288,2
2024-11,2289,2
2024-11,2292,3
2024-11,2293,3
2024-11,2294,3
2024-11,2295,1
2024-11,2296,3
2024-11,2297,3
2024-11,2298,3
2024-11,2299,3
2024-11,2300,3
2024-11,2301,3
2024-11,2302,3
2024-11,2303,3
2024-11,2304,3
2024-11,2305,2
2024-11,2307,3
2024-11,2308,3
2024-11,2309,3
2024-11,2310,3
2024-11,2311,2
2024-11,2312,2
2024-11,2314,3
2024-11,2315,3
2024-11,2316,3
2024-11,2317,3
2024-11,2318,2
2024-11,2320,2
2024-11,2321,3
2024-11,2322,3
2024-11,2323,1
2024-11,2324,3
2024-11,2325,3
2024-11,2326,3
2024-11,2327,3
2024-11,2328,3
2024-11,2329,3
2024-11,2330,3
2024-11,2332,3
2024-11,2333,2
2024-11,2334,2
2024-11,2335,3
2024-11,2336,2
2024-11,2337,2
2024-11,2338,2
2024-11,2339,4
2024-11,2340,2
2024-11,2341,4
2024-11,2342,3
2024-11,2343,2
2024-11,2344,4
2024-11,2345,4
2024-11,2348,4
2024-11,2349,4
2024-11,2351,5
2024-11,2352,5
2024-11,2353,5
2024-11,2354,5
2024-11,2355,5
2024-11,2356,5
2024-11,2357,5
2024-11,2358,5
2024-11,2359,5
2024-11,2360,5
2024-11,2361,5
2024-11,2362,5
2024-11,2363,5
2024-11,2364,5
2024-11,2365,5
2024-11,2366,5
2024-11,2367,5
2024-11,2368,5
2024-11,2369,5
2024-11,2370,5
2024-11,2371,5
2024-11,2372,5
2024-11,2373,5
2024-11,2374,5
2024-11,2375,5
2024-11,2376,5
2024-11,2377,5
2024-11,2378,5
2024-11,2379,5
2024-11,2380,5
2024-11,2381,5
2024-11,2382,5
2024-11,2383,5
2024-11,2384,5
2024-11,2385,5
2024-11,2386,5
2024-11,2387,5
2024-11,2388,5
2024-11,2389,5
2024-11,2390,5
2024-11,2391,5
2024-11,2392,5
2024-11,2393,5
2024-11,2395,2
2024-11,2398,5
2024-11,2399,5
2024-11,2400,5
2024-11,2401,5
2024-11,2402,5
2024-11,2403,5
2024-11,2404,5
2024-11,2405,5
2024-11,2406,5
2024-11,2407,5
2024-11,2408,5
2024-11,2409,5
2024-11,2410,5
2024-11,2411,5
2024-11,2412,5
2024-11,2416,5
2024-11,2422,5
2024-11,2423,5
2024-11,2424,5
2024-11,2425,5
2024-11,2426,5
2024-11,2427,5
2024-11,2428,5
2024-11,2429,5
2024-11,2430,5
2024-11,2431,5
2024-11,2432,5
2024-11,2433,5
2024-11,2434,5
2024-11,2435,5
2024-11,2436,5
2024-11,2437,5
2024-11,2439,5
2024-11,2440,5
2024-11,2441,5
2024-11,2442,5
2024-11,2443,5
2024-11,2444,5
2024-11,2445,5
2024-11,2446,5
2024-11,2447,5
2024-11,2449,5
2024-11,2450,5
2024-11,2451,5
2024-11,2452,5
2024-11,2453,5
2024-11,2454,5
2024-11,2455,5
2024-11,2456,5
2024-11,2457,5
2024-11,2458,5
2024-11,2459,5
2024-11,2460,5
2024-11,2461,5
2024-11,2462,5
2024-11,2463,5
2024-11,2464,5
2024-11,2465,5
2024-11,2466,5
2024-11,2467,5
2024-11,2468,5
2024-11,2469,5
2024-11,2470,5
2024-11,2471,5
2024-11,2472,5
2024-11,2473,5
2024-11,2474,5
2024-11,2475,5
2024-11,2476,5
2024-11,2477,5
2024-11,2478,5
2024-11,2479,5
2024-11,2480,5
2024-11,2481,5
2024-11,2482,5
2024-11,2483,5
2024-11,2484,5
2024-11,2485,5
2024-11,2486,5
2024-11,2487,5
2024-11,2488,5
2024-11,2489,5
2024-11,2490,5
2024-11,2491,5
2024-11,2492,5
2024-11,2493,5
2024-11,2494,5
2024-11,2495,5
2024-11,2496,5
2024-11,2497,5
2024-11,2498,5
2024-11,2499,5
2024-11,2500,5
2024-11,2501,5
2024-11,2502,5
2024-11,2503,5
2024-11,2504,5
2024-11,2505,5
2024-11,2506,5
2024-11,2507,5
2024-11,2508,5
2024-11,2509,5
2024-11,2510,5
2024-11,2511,5
2024-11,2512,5
2024-11,2513,5
2024-11,2514,5
2024-11,2515,5
2024-11,2516,5
2024-11,2517,5
2024-11,2518,5
2024-11,2519,5
2024-11,2520,5
2024-11,2521,5
2024-11,2522,5
2024-11,2523,5
2024-11,2524,5
2024-11,2525,5
2024-11,2526,5
2024-11,2527,5
2024-11,2528,5
2024-11,2529,5
2024-11,2530,5
2024-11,2531,5
2024-11,2532,5
2024-11,2533,5
2024-11,2534,5
2024-11,2535,5
2024-11,2536,5
2024-11,2537,5
2024-11,2538,5
2024-11,2539,5
2024-11,2540,5
2024-11,2541,5
2024-11,2542,5
2024-11,2543,5
2024-11,2544,5
2024-11,2545,5
2024-11,2546,5
2024-11,2547,5
2024-11,2548,5
2024-11,2549,5
2024-11,2550,5
2024-11,2551,5
2024-11,2552,5
2024-11,2553,5
2024-11,2554,5
2024-11,2555,5
2024-11,2556,5
2024-11,2557,5
2024-11,2558,5
2024-11,2559,5
2024-11,2560,5
2024-11,2561,5
2024-11,2562,5
2024-11,2563,5
2024-11,2564,5
2024-11,2565,5
2024-11,2566,5
2024-11,2567,5
2024-11,2568,5
2024-11,2569,5
2024-11,2570,5
2024-11,2571,5
2024-11,2572,5
2024-11,2573,5
2024-11,2574,5
2024-11,2575,5
2024-11,2576,5
2024-11,2577,5
2024-11,2578,5
2024-11,2579,5
2024-11,2580,5
2024-11,2581,5
2024-11,2582,5
2024-11,2583,5
2024-11,2584,5
2024-11,2585,5
2024-11,2586,5
2024-11,2587,5
2024-11,2588,5
2024-11,2589,5
2024-11,2590,5
2024-11,2591,5
2024-11,2592,5
2024-11,2593,2
2024-11,2595,2
2024-11,2596,5
2024-11,2597,5
2024-11,2598,2
2024-11,2599,5
2024-11,2600,5
2024-11,2601,2
2024-11,2602,5
2024-11,2604,5
2024-11,2605,5
2024-11,2606,5
2024-11,2607,2
2024-11,2618,1
2024-11,2619,2
2024-11,2620,2
2024-11,2621,2
2024-11,2644,5
2024-11,2646,5
2024-11,2647,2
2024-11,2648,5
2024-11,2649,5
2024-11,2651,5
2024-11,2652,2
2024-11,2710,2
2024-11,2808,5
2024-11,2809,2
2024-11,2813,2
2024-11,2814,5
2024-11,2872,4
2024-11,2876,5
2024-11,2879,4
2024-11,2880,4
2024-11,2881,2
2024-11,2882,4
2024-11,2883,2
2024-11,2884,2
2024-11,2885,2
2024-11,2886,3
2024-11,2887,2
2024-11,3005,2
2024-11,3007,2
2024-11,3009,2
2024-11,3011,2
2024-11,3012,3
2024-11,3013,5
2024-12,1,2
2024-12,2,3
2024-12,3,3
2024-12,4,2
2024-12,5,1
2024-12,6,2
2024-12,7,5
2024-12,8,2
2024-12,9,1
2024-12,10,2
2024-12,11,2
2024-12,12,2
2024-12,13,2
2024-12,14,2
2024-12,15,2
2024-12,16,2
2024-12,17,2
2024-12,18,2
2024-12,19,1
2024-12,20,2
2024-12,21,5
2024-12,22,3
2024-12,23,2
2024-12,25,2
2024-12,26,2
2024-12,27,2
2024-12,28,2
2024-12,29,2
2024-12,30,2
2024-12,31,1
2024-12,32,3
2024-12,33,1
2024-12,34,1
2024-12,35,2
2024-12,36,1
2024-12,37,1
2024-12,38,2
2024-12,39,1
2024-12,40,2
2024-12,41,1
2024-12,42,2
2024-12,43,1
2024-12,44,2
2024-12,45,1
2024-12,46,1
2024-12,47,1
2024-12,48,1
2024-12,49,2
2024-12,50,2
2024-12,51,2
2024-12,52,1
2024-12,53,2
2024-12,54,1
2024-12,55,2
2024-12,56,1
2024-12,57,2
2024-12,58,3
2024-12,59,1
2024-12,60,2
2024-12,61,2
2024-12,62,1
2024-12,63,1
2024-12,65,1
2024-12,66,2
2024-12,67,1
2024-12,68,1
2024-12,69,1
2024-12,70,3
2024-12,71,1
2024-12,72,1
2024-12,73,2
2024-12,74,1
2024-12,75,2
2024-12,76,2
2024-12,77,2
2024-12,78,1
2024-12,79,2
2024-12,80,1
2024-12,81,2
2024-12,82,1
2024-12,83,2
2024-12,167,2
2024-12,168,2
2024-12,169,1
2024-12,173,1
2024-12,181,1
2024-12,184,3
2024-12,185,1
2024-12,188,1
2024-12,191,1
2024-12,194,2
2024-12,195,2
2024-12,196,2
2024-12,198,1
2024-12,201,2
2024-12,203,3
2024-12,204,2
2024-12,205,2
2024-12,206,5
2024-12,207,2
2024-12,208,3
2024-12,209,2
2024-12,210,3
2024-12,211,3
2024-12,212,3
2024-12,213,3
2024-12,214,3
2024-12,215,3
2024-12,216,3
2024-12,217,3
2024-12,218,2
2024-12,219,3
2024-12,220,3
2024-12,221,3
2024-12,222,2
2024-12,223,3
2024-12,224,2
2024-12,225,4
2024-12,226,3
2024-12,227,4
2024-12,228,4
2024-12,229,2
2024-12,230,2
2024-12,231,3
2024-12,232,1
2024-12,233,3
2024-12,234,3
2024-12,235,1
2024-12,236,3
2024-12,237,2
2024-12,238,1
2024-12,239,3
2024-12,240,3
2024-12,241,3
2024-12,242,3
2024-12,243,2
2024-12,269,2
2024-12,270,3
2024-12,271,3
2024-12,272,2
2024-12,273,1
2024-12,274,3
2024-12,275,1
2024-12,276,3
2024-12,277,1
2024-12,278,2
2024-12,279,3
2024-12,280,3
2024-12,281,3
2024-12,282,3
2024-12,283,3
2024-12,284,3
2024-12,285,1
2024-12,287,1
2024-12,288,1
2024-12,289,1
2024-12,290,1
2024-12,292,1
2024-12,293,1
2024-12,294,1
2024-12,295,1
2024-12,296,1
2024-12,297,1
2024-12,298,1
2024-12,300,1
2024-12,301,2
2024-12,302,1
2024-12,303,3
2024-12,304,1
2024-12,305,1
2024-12,306,1
2024-12,307,1
2024-12,308,3
2024-12,309,4
2024-12,312,4
2024-12,314,4
2024-12,316,4
2024-12,317,4
2024-12,318,4
2024-12,319,4
2024-12,320,4
2024-12,321,4
2024-12,323,4
2024-12,324,4
2024-12,325,4
2024-12,326,4
2024-12,327,4
2024-12,329,4
2024-12,330,4
2024-12,331,4
2024-12,332,4
2024-12,333,4
2024-12,334,4
2024-12,335,4
2024-12,336,4
2024-12,337,4
2024-12,338,4
2024-12,339,4
2024-12,340,4
2024-12,341,4
2024-12,342,4
2024-12,343,4
2024-12,345,2
2024-12,346,2
2024-12,347,2
2024-12,348,2
2024-12,349,1
2024-12,351,2
2024-12,352,2
2024-12,354,5
2024-12,355,2
2024-12,356,3
2024-12,357,2
2024-12,358,1
2024-12,359,1
2024-12,360,3
2024-12,361,1
2024-12,362,2
2024-12,363,1
2024-12,364,1
2024-12,365,1
2024-12,366,3
2024-12,367,1
2024-12,368,2
2024-12,369,1
2024-12,370,2
2024-12,371,2
2024-12,372,1
2024-12,373,2
2024-12,374,2
2024-12,375,2
2024-12,376,1
2024-12,377,1
2024-12,378,1
2024-12,379,2
2024-12,380,2
2024-12,381,1
2024-12,382,3
2024-12,383,3
2024-12,384,1
2024-12,385,2
2024-12,386,1
2024-12,387,2
2024-12,388,2
2024-12,390,1
2024-12,391,3
2024-12,392,3
2024-12,393,1
2024-12,395,1
2024-12,396,1
2024-12,397,2
2024-12,398,3
2024-12,401,2
2024-12,402,2
2024-12,403,2
2024-12,404,2
2024-12,405,2
2024-12,408,2
2024-12,410,2
2024-12,413,2
2024-12,414,2
2024-12,416,2
2024-12,418,5
2024-12,419,2
2024-12,420,2
2024-12,421,2
2024-12,422,2
2024-12,423,1
2024-12,424,3
2024-12,425,1
2024-12,428,1
2024-12,429,1
2024-12,430,2
2024-12,431,1
2024-12,432,3
2024-12,433,1
2024-12,434,1
2024-12,435,3
2024-12,436,1
2024-12,437,1
2024-12,438,1
2024-12,440,2
2024-12,441,1
2024-12,442,1
2024-12,443,2
2024-12,444,1
2024-12,445,1
2024-12,446,1
2024-12,447,1
2024-12,448,2
2024-12,449,3
2024-12,450,2
2024-12,451,3
2024-12,452,2
2024-12,453,2
2024-12,455,2
2024-12,456,1
2024-12,457,1
2024-12,458,2
2024-12,459,2
2024-12,460,1
2024-12,478,2
2024-12,479,1
2024-12,480,2
2024-12,481,2
2024-12,482,3
2024-12,484,1
2024-12,485,1
2024-12,486,3
2024-12,487,1
2024-12,489,3
2024-12,490,1
2024-12,491,1
2024-12,492,1
2024-12,493,1
2024-12,494,3
2024-12,495,1
2024-12,496,1
2024-12,497,3
2024-12,498,2
2024-12,499,1
2024-12,501,3
2024-12,502,1
2024-12,503,3
2024-12,504,5
2024-12,505,2
2024-12,506,2
2024-12,507,2
2024-12,508,3
2024-12,509,2
2024-12,510,2
2024-12,511,2
2024-12,512,3
2024-12,515,2
2024-12,516,1
2024-12,517,2
2024-12,518,1
2024-12,519,1
2024-12,520,1
2024-12,521,1
2024-12,522,3
2024-12,523,1
2024-12,524,1
2024-12,525,1
2024-12,527,3
2024-12,528,3
2024-12,529,1
2024-12,530,1
2024-12,531,3
2024-12,532,1
2024-12,533,1
2024-12,534,1
2024-12,535,2
2024-12,536,1
2024-12,537,1
2024-12,538,3
2024-12,539,1
2024-12,540,1
2024-12,541,1
2024-12,542,3
2024-12,543,3
2024-12,544,1
2024-12,545,3
2024-12,546,1
2024-12,547,1
2024-12,548,1
2024-12,549,1
2024-12,550,1
2024-12,552,3
2024-12,553,1
2024-12,554,2
2024-12,555,1
2024-12,556,1
2024-12,557,1
2024-12,558,1
2024-12,559,3
2024-12,560,1
2024-12,561,3
2024-12,562,1
2024-12,563,1
2024-12,564,1
2024-12,565,1
2024-12,566,1
2024-12,567,1
2024-12,568,1
2024-12,569,1
2024-12,570,1
2024-12,571,1
2024-12,572,1
2024-12,574,3
2024-12,578,2
2024-12,579,2
2024-12,580,2
2024-12,581,2
2024-12,582,4
2024-12,583,2
2024-12,584,2
2024-12,585,3
2024-12,586,2
2024-12,587,3
2024-12,588,2
2024-12,589,2
2024-12,591,3
2024-12,592,2
2024-12,593,2
2024-12,594,2
2024-12,595,1
2024-12,598,1
2024-12,599,2
2024-12,600,2
2024-12,601,2
2024-12,602,1
2024-12,603,3
2024-12,604,2
2024-12,605,2
2024-12,606,2
2024-12,607,2
2024-12,608,5
2024-12,612,5
2024-12,613,4
2024-12,614,4
2024-12,615,4
2024-12,616,4
2024-12,618,4
2024-12,619,4
2024-12,621,4
2024-12,666,5
2024-12,667,2
2024-12,668,3
2024-12,669,3
2024-12,670,2
2024-12,671,3
2024-12,674,2
2024-12,675,2
2024-12,676,2
2024-12,677,2
2024-12,678,4
2024-12,679,2
2024-12,680,2
2024-12,683,1
2024-12,685,2
2024-12,686,2
2024-12,687,1
2024-12,689,3
2024-12,690,1
2024-12,691,3
2024-12,692,1
2024-12,693,2
2024-12,694,3
2024-12,695,2
2024-12,696,1
2024-12,697,3
2024-12,698,1
2024-12,699,1
2024-12,701,1
2024-12,702,3
2024-12,703,1
2024-12,704,3
2024-12,705,1
2024-12,706,1
2024-12,708,3
2024-12,710,1
2024-12,711,3
2024-12,712,1
2024-12,713,1
2024-12,714,3
2024-12,715,1
2024-12,716,4
2024-12,717,1
2024-12,718,4
2024-12,719,1
2024-12,720,4
2024-12,721,1
2024-12,722,2
2024-12,723,1
2024-12,725,2
2024-12,726,4
2024-12,727,5
2024-12,731,2
2024-12,734,3
2024-12,735,1
2024-12,736,3
2024-12,737,1
2024-12,738,2
2024-12,739,3
2024-12,741,3
2024-12,742,3
2024-12,743,3
2024-12,744,1
2024-12,745,3
2024-12,746,1
2024-12,747,3
2024-12,748,2
2024-12,749,1
2024-12,751,3
2024-12,752,1
2024-12,753,1
2024-12,754,3
2024-12,755,3
2024-12,756,2
2024-12,757,2
2024-12,758,1
2024-12,760,1
2024-12,761,1
2024-12,763,2
2024-12,764,3
2024-12,765,1
2024-12,766,2
2024-12,767,2
2024-12,769,1
2024-12,770,1
2024-12,771,3
2024-12,773,3
2024-12,774,1
2024-12,775,5
2024-12,776,2
2024-12,777,5
2024-12,778,2
2024-12,779,3
2024-12,780,2
2024-12,781,2
2024-12,782,5
2024-12,783,3
2024-12,784,2
2024-12,785,5
2024-12,787,3
2024-12,788,2
2024-12,789,2
2024-12,790,2
2024-12,791,3
2024-12,792,3
2024-12,793,3
2024-12,794,2
2024-12,795,3
2024-12,796,2
2024-12,797,4
2024-12,798,3
2024-12,799,3
2024-12,800,2
2024-12,801,1
2024-12,802,3
2024-12,803,3
2024-12,804,3
2024-12,805,3
2024-12,806,2
2024-12,807,3
2024-12,808,3
2024-12,809,5
2024-12,810,1
2024-12,811,2
2024-12,812,5
2024-12,813,2
2024-12,814,2
2024-12,815,1
2024-12,817,3
2024-12,818,2
2024-12,819,2
2024-12,820,2
2024-12,821,1
2024-12,822,1
2024-12,823,1
2024-12,824,5
2024-12,825,1
2024-12,826,1
2024-12,827,1
2024-12,828,1
2024-12,829,1
2024-12,830,2
2024-12,831,1
2024-12,832,1
2024-12,833,1
2024-12,834,1
2024-12,835,1
2024-12,836,1
2024-12,838,1
2024-12,839,1
2024-12,840,1
2024-12,841,2
2024-12,842,5
2024-12,843,5
2024-12,844,4
2024-12,846,4
2024-12,847,4
2024-12,848,4
2024-12,849,3
2024-12,851,3
2024-12,852,3
2024-12,853,4
2024-12,854,4
2024-12,855,4
2024-12,856,4
2024-12,857,4
2024-12,859,1
2024-12,860,5
2024-12,870,2
2024-12,871,2
2024-12,872,5
2024-12,873,3
2024-12,874,3
2024-12,875,4
2024-12,876,2
2024-12,877,3
2024-12,878,3
2024-12,879,2
2024-12,880,3
2024-12,881,2
2024-12,882,1
2024-12,883,3
2024-12,884,4
2024-12,885,3
2024-12,886,3
2024-12,888,4
2024-12,889,3
2024-12,890,2
2024-12,891,3
2024-12,892,2
2024-12,895,3
2024-12,896,5
2024-12,897,2
2024-12,898,3
2024-12,899,3
2024-12,900,1
2024-12,901,3
2024-12,902,3
2024-12,903,3
2024-12,904,3
2024-12,905,3
2024-12,907,1
2024-12,908,3
2024-12,909,3
2024-12,911,3
2024-12,912,2
2024-12,913,3
2024-12,914,3
2024-12,915,3
2024-12,916,4
2024-12,917,4
2024-12,918,2
2024-12,920,3
2024-12,922,1
2024-12,923,3
2024-12,924,1
2024-12,925,1
2024-12,926,1
2024-12,927,2
2024-12,928,2
2024-12,929,1
2024-12,930,1
2024-12,986,2
2024-12,987,3
2024-12,988,2
2024-12,989,2
2024-12,991,2
2024-12,992,2
2024-12,993,3
2024-12,994,3
2024-12,995,3
2024-12,996,2
2024-12,998,3
2024-12,999,3
2024-12,1001,2
2024-12,1002,3
2024-12,1003,3
2024-12,1004,3
2024-12,1005,2
2024-12,1006,3
2024-12,1007,2
2024-12,1008,2
2024-12,1009,2
2024-12,1010,2
2024-12,1011,1
2024-12,1012,1
2024-12,1013,1
2024-12,1014,1
2024-12,1015,3
2024-12,1016,1
2024-12,1017,1
2024-12,1018,1
2024-12,1019,1
2024-12,1020,3
2024-12,1021,2
2024-12,1023,1
2024-12,1024,1
2024-12,1025,1
2024-12,1026,3
2024-12,1027,1
2024-12,1028,1
2024-12,1029,1
2024-12,1030,1
2024-12,1031,2
2024-12,1032,1
2024-12,1033,1
2024-12,1034,1
2024-12,1035,1
2024-12,1036,1
2024-12,1037,2
2024-12,1038,1
2024-12,1039,2
2024-12,1040,1
2024-12,1041,1
2024-12,1044,1
2024-12,1047,2
2024-12,1048,2
2024-12,1049,3
2024-12,1051,2
2024-12,1052,1
2024-12,1053,3
2024-12,1054,2
2024-12,1055,2
2024-12,1056,3
2024-12,1057,3
2024-12,1058,3
2024-12,1059,2
2024-12,1060,3
2024-12,1061,2
2024-12,1062,2
2024-12,1063,3
2024-12,1064,1
2024-12,1065,1
2024-12,1066,3
2024-12,1067,1
2024-12,1068,3
2024-12,1069,3
2024-12,1070,3
2024-12,1071,2
2024-12,1072,3
2024-12,1107,2
2024-12,1108,3
2024-12,1109,2
2024-12,1110,3
2024-12,1111,3
2024-12,1112,3
2024-12,1113,3
2024-12,1115,3
2024-12,1116,3
2024-12,1117,2
2024-12,1118,1
2024-12,1119,3
2024-12,1120,3
2024-12,1121,3
2024-12,1122,3
2024-12,1123,3
2024-12,1124,3
2024-12,1125,3
2024-12,1126,3
2024-12,1127,3
2024-12,1128,3
2024-12,1129,3
2024-12,1130,3
2024-12,1131,3
2024-12,1132,3
2024-12,1133,3
2024-12,1134,5
2024-12,1135,2
2024-12,1136,2
2024-12,1137,2
2024-12,1138,3
2024-12,1139,2
2024-12,1140,2
2024-12,1141,2
2024-12,1142,2
2024-12,1143,3
2024-12,1144,1
2024-12,1146,3
2024-12,1147,2
2024-12,1148,2
2024-12,1149,2
2024-12,1150,5
2024-12,1151,3
2024-12,1152,4
2024-12,1153,2
2024-12,1154,3
2024-12,1155,2
2024-12,1157,3
2024-12,1158,2
2024-12,1159,2
2024-12,1160,3
2024-12,1161,3
2024-12,1163,2
2024-12,1164,2
2024-12,1165,2
2024-12,1166,1
2024-12,1167,2
2024-12,1168,3
2024-12,1169,2
2024-12,1170,2
2024-12,1171,2
2024-12,1172,2
2024-12,1173,2
2024-12,1174,2
2024-12,1175,2
2024-12,1176,5
2024-12,1178,3
2024-12,1179,3
2024-12,1180,3
2024-12,1181,2
2024-12,1184,3
2024-12,1185,3
2024-12,1186,5
2024-12,1187,3
2024-12,1188,5
2024-12,1189,3
2024-12,1190,5
2024-12,1191,3
2024-12,1192,2
2024-12,1193,3
2024-12,1194,2
2024-12,1195,3
2024-12,1196,2
2024-12,1197,2
2024-12,1198,2
2024-12,1200,3
2024-12,1201,1
2024-12,1203,3
2024-12,1204,1
2024-12,1205,1
2024-12,1206,3
2024-12,1207,2
2024-12,1208,1
2024-12,1209,3
2024-12,1210,1
2024-12,1211,3
2024-12,1212,2
2024-12,1213,3
2024-12,1214,1
2024-12,1215,1
2024-12,1217,1
2024-12,1218,3
2024-12,1219,3
2024-12,1220,1
2024-12,1221,2
2024-12,1222,1
2024-12,1223,1
2024-12,1224,5
2024-12,1225,2
2024-12,1226,2
2024-12,1227,2
2024-12,1228,2
2024-12,1229,2
2024-12,1230,2
2024-12,1231,2
2024-12,1232,2
2024-12,1233,2
2024-12,1234,2
2024-12,1235,2
2024-12,1236,2
2024-12,1237,3
2024-12,1238,2
2024-12,1240,2
2024-12,1241,2
2024-12,1242,1
2024-12,1243,2
2024-12,1244,1
2024-12,1246,2
2024-12,1249,2
2024-12,1250,2
2024-12,1251,1
2024-12,1252,2
2024-12,1253,1
2024-12,1254,2
2024-12,1256,2
2024-12,1257,2
2024-12,1258,2
2024-12,1259,3
2024-12,1260,2
2024-12,1261,3
2024-12,1262,3
2024-12,1264,1
2024-12,1265,3
2024-12,1266,1
2024-12,1267,1
2024-12,1268,1
2024-12,1269,1
2024-12,1270,3
2024-12,1271,1
2024-12,1272,3
2024-12,1273,1
2024-12,1274,1
2024-12,1275,2
2024-12,1276,3
2024-12,1277,3
2024-12,1278,1
2024-12,1279,1
2024-12,1280,1
2024-12,1281,3
2024-12,1282,1
2024-12,1284,3
2024-12,1285,3
2024-12,1286,1
2024-12,1287,3
2024-12,1288,1
2024-12,1289,1
2024-12,1290,3
2024-12,1291,1
2024-12,1292,3
2024-12,1293,3
2024-12,1294,3
2024-12,1295,3
2024-12,1296,1
2024-12,1297,1
2024-12,1298,1
2024-12,1299,1
2024-12,1300,1
2024-12,1301,3
2024-12,1302,3
2024-12,1303,2
2024-12,1304,3
2024-12,1305,3
2024-12,1306,3
2024-12,1308,3
2024-12,1309,1
2024-12,1310,3
2024-12,1311,1
2024-12,1312,1
2024-12,1313,1
2024-12,1314,1
2024-12,1315,2
2024-12,1316,3
2024-12,1317,1
2024-12,1319,1
2024-12,1320,1
2024-12,1321,3
2024-12,1322,1
2024-12,1323,1
2024-12,1324,1
2024-12,1325,1
2024-12,1326,3
2024-12,1327,1
2024-12,1328,1
2024-12,1329,3
2024-12,1330,1
2024-12,1331,1
2024-12,1333,2
2024-12,1334,3
2024-12,1335,1
2024-12,1336,1
2024-12,1337,3
2024-12,1338,3
2024-12,1339,1
2024-12,1340,3
2024-12,1341,3
2024-12,1343,1
2024-12,1344,1
2024-12,1345,1
2024-12,1346,1
2024-12,1347,3
2024-12,1348,1
2024-12,1349,1
2024-12,1350,1
2024-12,1351,1
2024-12,1352,1
2024-12,1353,1
2024-12,1355,1
2024-12,1356,3
2024-12,1357,3
2024-12,1358,1
2024-12,1392,3
2024-12,1393,2
2024-12,1394,2
2024-12,1395,5
2024-12,1396,2
2024-12,1397,5
2024-12,1398,2
2024-12,1399,3
2024-12,1400,2
2024-12,1401,2
2024-12,1402,5
2024-12,1403,2
2024-12,1404,3
2024-12,1405,2
2024-12,1406,3
2024-12,1407,2
2024-12,1408,2
2024-12,1409,5
2024-12,1410,2
2024-12,1411,2
2024-12,1412,1
2024-12,1413,3
2024-12,1414,3
2024-12,1415,1
2024-12,1416,1
2024-12,1417,1
2024-12,1419,1
2024-12,1420,1
2024-12,1421,1
2024-12,1422,3
2024-12,1423,1
2024-12,1425,3
2024-12,1426,1
2024-12,1427,1
2024-12,1428,1
2024-12,1429,1
2024-12,1430,4
2024-12,1431,4
2024-12,1438,4
2024-12,1439,5
2024-12,1440,2
2024-12,1443,5
2024-12,1444,5
2024-12,1445,5
2024-12,1446,5
2024-12,1447,2
2024-12,1448,5
2024-12,1449,2
2024-12,1453,5
2024-12,1454,2
2024-12,1456,5
2024-12,1457,5
2024-12,1459,5
2024-12,1461,5
2024-12,1463,2
2024-12,1464,5
2024-12,1465,5
2024-12,1467,5
2024-12,1468,5
2024-12,1472,5
2024-12,1473,3
2024-12,1474,3
2024-12,1475,5
2024-12,1477,2
2024-12,1478,3
2024-12,1480,5
2024-12,1481,5
2024-12,1483,3
2024-12,1484,5
2024-12,1486,2
2024-12,1488,5
2024-12,1489,2
2024-12,1490,2
2024-12,1491,5
2024-12,1492,5
2024-12,1493,5
2024-12,1494,3
2024-12,1495,2
2024-12,1496,5
2024-12,1500,5
2024-12,1501,5
2024-12,1504,2
2024-12,1506,5
2024-12,1507,4
2024-12,1508,4
2024-12,1509,4
2024-12,1510,3
2024-12,1511,4
2024-12,1512,4
2024-12,1518,4
2024-12,1519,3
2024-12,1520,3
2024-12,1521,4
2024-12,1522,3
2024-12,1523,5
2024-12,1525,2
2024-12,1526,2
2024-12,1527,2
2024-12,1528,3
2024-12,1529,3
2024-12,1530,3
2024-12,1532,1
2024-12,1533,3
2024-12,1534,3
2024-12,1535,3
2024-12,1536,3
2024-12,1537,1
2024-12,1539,2
2024-12,1540,2
2024-12,1541,1
2024-12,1542,3
2024-12,1543,3
2024-12,1544,1
2024-12,1545,1
2024-12,1546,3
2024-12,1547,1
2024-12,1548,1
2024-12,1549,3
2024-12,1550,3
2024-12,1551,1
2024-12,1552,1
2024-12,1553,2
2024-12,1554,3
2024-12,1555,3
2024-12,1556,3
2024-12,1557,3
2024-12,1558,1
2024-12,1559,1
2024-12,1560,2
2024-12,1561,1
2024-12,1562,3
2024-12,1563,2
2024-12,1564,1
2024-12,1565,3
2024-12,1566,1
2024-12,1567,1
2024-12,1568,1
2024-12,1569,1
2024-12,1570,1
2024-12,1571,1
2024-12,1572,2
2024-12,1573,1
2024-12,1574,3
2024-12,1575,2
2024-12,1577,2
2024-12,1578,3
2024-12,1579,3
2024-12,1580,1
2024-12,1581,1
2024-12,1582,1
2024-12,1583,3
2024-12,1584,1
2024-12,1585,1
2024-12,1586,2
2024-12,1587,3
2024-12,1588,3
2024-12,1589,3
2024-12,1590,1
2024-12,1591,1
2024-12,1592,3
2024-12,1593,1
2024-12,1594,3
2024-12,1595,3
2024-12,1596,1
2024-12,1597,5
2024-12,1598,2
2024-12,1599,2
2024-12,1600,2
2024-12,1601,5
2024-12,1602,1
2024-12,1603,2
2024-12,1604,2
2024-12,1605,1
2024-12,1606,1
2024-12,1607,1
2024-12,1608,3
2024-12,1609,2
2024-12,1610,1
2024-12,1611,1
2024-12,1612,3
2024-12,1613,1
2024-12,1614,1
2024-12,1615,2
2024-12,1616,1
2024-12,1617,1
2024-12,1618,3
2024-12,1619,2
2024-12,1620,5
2024-12,1621,1
2024-12,1622,1
2024-12,1623,2
2024-12,1624,3
2024-12,1625,1
2024-12,1626,1
2024-12,1627,1
2024-12,1628,1
2024-12,1629,1
2024-12,1630,1
2024-12,1631,1
2024-12,1632,5
2024-12,1633,3
2024-12,1634,1
2024-12,1635,1
2024-12,1636,3
2024-12,1637,1
2024-12,1638,3
2024-12,1639,3
2024-12,1640,1
2024-12,1641,3
2024-12,1642,1
2024-12,1643,3
2024-12,1644,3
2024-12,1645,3
2024-12,1646,1
2024-12,1647,1
2024-12,1648,1
2024-12,1649,3
2024-12,1650,3
2024-12,1651,1
2024-12,1652,2
2024-12,1653,3
2024-12,1654,1
2024-12,1655,1
2024-12,1656,1
2024-12,1657,1
2024-12,1658,3
2024-12,1659,2
2024-12,1660,1
2024-12,1661,1
2024-12,1662,1
2024-12,1663,1
2024-12,1664,3
2024-12,1665,2
2024-12,1666,1
2024-12,1667,2
2024-12,1668,2
2024-12,1669,3
2024-12,1670,3
2024-12,1671,3
2024-12,1672,3
2024-12,1673,3
2024-12,1674,2
2024-12,1675,2
2024-12,1676,3
2024-12,1678,1
2024-12,1679,3
2024-12,1680,1
2024-12,1681,1
2024-12,1682,3
2024-12,1683,2
2024-12,1685,3
2024-12,1686,3
2024-12,1687,1
2024-12,1688,3
2024-12,1689,1
2024-12,1690,1
2024-12,1691,1
2024-12,1692,3
2024-12,1693,1
2024-12,1694,3
2024-12,1696,1
2024-12,1697,3
2024-12,1698,1
2024-12,1699,3
2024-12,1700,3
2024-12,1701,3
2024-12,1702,1
2024-12,1703,3
2024-12,1704,3
2024-12,1705,3
2024-12,1706,3
2024-12,1707,2
2024-12,1708,3
2024-12,1709,3
2024-12,1710,1
2024-12,1711,3
2024-12,1712,3
2024-12,1714,1
2024-12,1715,3
2024-12,1717,1
2024-12,1718,1
2024-12,1719,3
2024-12,1722,1
2024-12,1724,1
2024-12,1725,1
2024-12,1726,2
2024-12,1727,1
2024-12,1728,3
2024-12,1730,3
2024-12,1731,3
2024-12,1732,1
2024-12,1733,3
2024-12,1737,1
2024-12,1738,1
2024-12,1739,1
2024-12,1740,2
2024-12,1741,1
2024-12,1742,3
2024-12,1743,1
2024-12,1744,1
2024-12,1745,1
2024-12,1746,1
2024-12,1747,1
2024-12,1749,1
2024-12,1750,1
2024-12,1751,1
2024-12,1752,3
2024-12,1753,1
2024-12,1754,1
2024-12,1755,1
2024-12,1756,1
2024-12,1757,1
2024-12,1758,2
2024-12,1759,3
2024-12,1760,1
2024-12,1761,1
2024-12,1762,1
2024-12,1764,2
2024-12,1765,2
2024-12,1766,3
2024-12,1768,3
2024-12,1769,1
2024-12,1770,3
2024-12,1771,1
2024-12,1773,1
2024-12,1774,3
2024-12,1775,1
2024-12,1776,3
2024-12,1777,1
2024-12,1778,3
2024-12,1780,3
2024-12,1781,1
2024-12,1782,3
2024-12,1783,5
2024-12,1784,1
2024-12,1785,1
2024-12,1786,3
2024-12,1787,1
2024-12,1788,3
2024-12,1845,2
2024-12,1846,2
2024-12,1848,1
2024-12,1849,1
2024-12,1850,3
2024-12,1851,1
2024-12,1852,3
2024-12,1853,1
2024-12,1854,1
2024-12,1855,1
2024-12,1856,1
2024-12,1857,1
2024-12,1858,3
2024-12,1859,3
2024-12,1860,1
2024-12,1861,3
2024-12,1862,3
2024-12,1863,2
2024-12,1864,1
2024-12,1865,1
2024-12,1868,1
2024-12,1869,3
2024-12,1870,1
2024-12,1871,3
2024-12,1872,1
2024-12,1873,3
2024-12,1874,5
2024-12,1875,2
2024-12,1876,2
2024-12,1877,2
2024-12,1878,3
2024-12,1879,3
2024-12,1880,1
2024-12,1881,2
2024-12,1883,2
2024-12,1884,1
2024-12,1885,3
2024-12,1886,3
2024-12,1887,1
2024-12,1888,1
2024-12,1889,3
2024-12,1890,2
2024-12,1891,1
2024-12,1892,1
2024-12,1893,3
2024-12,1894,1
2024-12,1895,3
2024-12,1896,1
2024-12,1897,1
2024-12,1898,3
2024-12,1899,3
2024-12,1900,3
2024-12,1901,1
2024-12,1902,3
2024-12,1903,1
2024-12,1904,3
2024-12,1905,2
2024-12,1906,2
2024-12,1907,1
2024-12,1908,1
2024-12,1909,1
2024-12,1910,1
2024-12,1912,3
2024-12,1915,1
2024-12,1916,1
2024-12,1917,1
2024-12,1918,1
2024-12,1919,2
2024-12,1920,2
2024-12,1921,1
2024-12,1922,2
2024-12,1923,1
2024-12,1924,1
2024-12,1925,1
2024-12,1926,1
2024-12,1927,1
2024-12,1928,1
2024-12,1929,1
2024-12,1930,1
2024-12,1931,3
2024-12,1932,1
2024-12,1933,1
2024-12,1934,3
2024-12,1935,1
2024-12,1936,2
2024-12,1937,1
2024-12,1938,1
2024-12,1939,3
2024-12,1940,1
2024-12,1941,1
2024-12,1942,1
2024-12,1943,1
2024-12,1944,1
2024-12,1945,1
2024-12,1947,3
2024-12,1948,3
2024-12,1949,1
2024-12,1950,3
2024-12,1951,1
2024-12,1952,2
2024-12,1954,3
2024-12,1955,4
2024-12,1956,4
2024-12,1957,4
2024-12,1958,4
2024-12,1959,4
2024-12,1960,3
2024-12,1961,4
2024-12,1962,4
2024-12,1963,4
2024-12,1965,4
2024-12,1966,2
2024-12,1967,2
2024-12,1968,4
2024-12,1969,4
2024-12,1970,4
2024-12,1971,5
2024-12,1972,3
2024-12,1973,3
2024-12,1974,2
2024-12,1975,3
2024-12,1976,3
2024-12,1977,5
2024-12,1978,2
2024-12,1979,5
2024-12,1980,3
2024-12,1981,3
2024-12,1982,3
2024-12,1983,2
2024-12,1984,3
2024-12,1985,2
2024-12,1986,2
2024-12,1987,3
2024-12,1988,3
2024-12,1989,3
2024-12,1990,3
2024-12,1991,3
2024-12,1992,3
2024-12,1993,2
2024-12,1994,3
2024-12,1995,2
2024-12,1996,3
2024-12,1997,3
2024-12,1999,2
2024-12,2000,2
2024-12,2001,3
2024-12,2002,3
2024-12,2004,2
2024-12,2005,2
2024-12,2006,2
2024-12,2007,3
2024-12,2008,3
2024-12,2009,3
2024-12,2010,2
2024-12,2011,3
2024-12,2012,3
2024-12,2015,3
2024-12,2017,3
2024-12,2018,3
2024-12,2019,2
2024-12,2021,3
2024-12,2022,1
2024-12,2023,2
2024-12,2024,2
2024-12,2025,2
2024-12,2027,3
2024-12,2028,3
2024-12,2030,2
2024-12,2031,3
2024-12,2032,2
2024-12,2033,2
2024-12,2034,2
2024-12,2035,3
2024-12,2036,3
2024-12,2037,1
2024-12,2039,1
2024-12,2040,2
2024-12,2041,3
2024-12,2042,3
2024-12,2043,1
2024-12,2044,2
2024-12,2045,3
2024-12,2046,3
2024-12,2047,2
2024-12,2048,2
2024-12,2049,1
2024-12,2050,1
2024-12,2051,3
2024-12,2052,1
2024-12,2053,3
2024-12,2054,1
2024-12,2055,3
2024-12,2056,1
2024-12,2057,1
2024-12,2058,1
2024-12,2059,3
2024-12,2060,2
2024-12,2061,1
2024-12,2062,3
2024-12,2063,2
2024-12,2064,1
2024-12,2065,1
2024-12,2066,1
2024-12,2067,1
2024-12,2068,1
2024-12,2069,3
2024-12,2070,3
2024-12,2072,1
2024-12,2073,3
2024-12,2074,2
2024-12,2075,1
2024-12,2076,1
2024-12,2077,1
2024-12,2078,1
2024-12,2079,1
2024-12,2080,1
2024-12,2081,3
2024-12,2082,1
2024-12,2085,1
2024-12,2087,1
2024-12,2088,1
2024-12,2089,1
2024-12,2090,1
2024-12,2091,1
2024-12,2093,1
2024-12,2094,1
2024-12,2095,1
2024-12,2096,1
2024-12,2098,1
2024-12,2100,1
2024-12,2101,2
2024-12,2105,3
2024-12,2108,2
2024-12,2109,3
2024-12,2110,1
2024-12,2111,3
2024-12,2112,1
2024-12,2113,2
2024-12,2114,1
2024-12,2116,1
2024-12,2117,1
2024-12,2118,3
2024-12,2119,2
2024-12,2120,3
2024-12,2121,3
2024-12,2122,3
2024-12,2124,2
2024-12,2125,1
2024-12,2126,1
2024-12,2127,1
2024-12,2128,1
2024-12,2129,1
2024-12,2130,2
2024-12,2131,3
2024-12,2132,1
2024-12,2133,1
2024-12,2134,3
2024-12,2136,1
2024-12,2137,1
2024-12,2138,1
2024-12,2139,1
2024-12,2140,1
2024-12,2142,1
2024-12,2143,1
2024-12,2144,5
2024-12,2145,3
2024-12,2146,3
2024-12,2148,3
2024-12,2149,3
2024-12,2150,1
2024-12,2151,1
2024-12,2152,1
2024-12,2153,3
2024-12,2154,1
2024-12,2155,3
2024-12,2156,1
2024-12,2157,1
2024-12,2158,3
2024-12,2159,1
2024-12,2160,1
2024-12,2161,5
2024-12,2162,1
2024-12,2163,3
2024-12,2164,2
2024-12,2165,2
2024-12,2167,2
2024-12,2168,2
2024-12,2169,2
2024-12,2171,3
2024-12,2172,1
2024-12,2173,3
2024-12,2174,3
2024-12,2175,1
2024-12,2176,3
2024-12,2177,2
2024-12,2178,1
2024-12,2179,3
2024-12,2180,3
2024-12,2181,1
2024-12,2182,1
2024-12,2183,3
2024-12,2184,3
2024-12,2185,1
2024-12,2186,3
2024-12,2187,3
2024-12,2188,2
2024-12,2189,3
2024-12,2190,5
2024-12,2191,2
2024-12,2192,2
2024-12,2193,2
2024-12,2194,2
2024-12,2195,1
2024-12,2196,1
2024-12,2197,1
2024-12,2198,1
2024-12,2199,3
2024-12,2200,2
2024-12,2201,1
2024-12,2202,3
2024-12,2203,2
2024-12,2204,1
2024-12,2205,1
2024-12,2206,1
2024-12,2207,1
2024-12,2208,2
2024-12,2210,5
2024-12,2211,3
2024-12,2212,1
2024-12,2213,1
2024-12,2215,2
2024-12,2216,5
2024-12,2217,5
2024-12,2218,4
2024-12,2219,4
2024-12,2220,5
2024-12,2221,5
2024-12,2222,4
2024-12,2223,3
2024-12,2224,2
2024-12,2225,3
2024-12,2226,5
2024-12,2227,2
2024-12,2228,2
2024-12,2229,4
2024-12,2230,4
2024-12,2231,2
2024-12,2232,4
2024-12,2233,3
2024-12,2234,3
2024-12,2235,2
2024-12,2236,4
2024-12,2237,2
2024-12,2238,5
2024-12,2241,4
2024-12,2242,5
2024-12,2243,5
2024-12,2244,4
2024-12,2245,4
2024-12,2248,4
2024-12,2249,4
2024-12,2250,4
2024-12,2251,2
2024-12,2252,2
2024-12,2253,3
2024-12,2254,1
2024-12,2255,1
2024-12,2256,1
2024-12,2257,1
2024-12,2258,1
2024-12,2259,1
2024-12,2260,1
2024-12,2262,1
2024-12,2264,1
2024-12,2265,1
2024-12,2266,1
2024-12,2267,1
2024-12,2268,1
2024-12,2269,3
2024-12,2270,1
2024-12,2271,1
2024-12,2272,3
2024-12,2274,3
2024-12,2275,5
2024-12,2276,3
2024-12,2278,3
2024-12,2279,2
2024-12,2280,2
2024-12,2281,2
2024-12,2282,2
2024-12,2286,2
2024-12,2287,3
2024-12,2288,2
2024-12,2289,2
2024-12,2292,3
2024-12,2293,3
2024-12,2294,3
2024-12,2295,1
2024-12,2296,3
2024-12,2297,3
2024-12,2298,3
2024-12,2299,3
2024-12,2300,3
2024-12,2301,1
2024-12,2302,3
2024-12,2303,3
2024-12,2304,3
2024-12,2305,1
2024-12,2307,3
2024-12,2308,3
2024-12,2309,3
2024-12,2310,3
2024-12,2311,2
2024-12,2312,2
2024-12,2314,3
2024-12,2315,3
2024-12,2316,3
2024-12,2317,1
2024-12,2318,2
2024-12,2320,2
2024-12,2321,3
2024-12,2322,1
2024-12,2323,1
2024-12,2324,3
2024-12,2325,3
2024-12,2326,3
2024-12,2327,3
2024-12,2328,3
2024-12,2329,3
2024-12,2330,3
2024-12,2332,3
2024-12,2333,3
2024-12,2334,2
2024-12,2335,3
2024-12,2336,2
2024-12,2337,2
2024-12,2338,2
2024-12,2339,4
2024-12,2340,2
2024-12,2341,4
2024-12,2342,1
2024-12,2343,2
2024-12,2344,4
2024-12,2345,4
2024-12,2348,4
2024-12,2349,4
2024-12,2351,5
2024-12,2352,5
2024-12,2353,5
2024-12,2354,5
2024-12,2355,5
2024-12,2356,5
2024-12,2357,5
2024-12,2358,5
2024-12,2359,5
2024-12,2360,5
2024-12,2361,5
2024-12,2362,5
2024-12,2363,5
2024-12,2364,5
2024-12,2365,5
2024-12,2366,5
2024-12,2367,5
2024-12,2368,5
2024-12,2369,5
2024-12,2370,5
2024-12,2371,5
2024-12,2372,5
2024-12,2373,5
2024-12,2374,5
2024-12,2375,5
2024-12,2376,5
2024-12,2377,5
2024-12,2378,5
2024-12,2379,5
2024-12,2380,5
2024-12,2381,5
2024-12,2382,5
2024-12,2383,5
2024-12,2384,5
2024-12,2385,5
2024-12,2386,5
2024-12,2387,5
2024-12,2388,5
2024-12,2389,5
2024-12,2390,5
2024-12,2391,5
2024-12,2392,5
2024-12,2393,5
2024-12,2395,2
2024-12,2398,5
2024-12,2399,5
2024-12,2400,5
2024-12,2401,5
2024-12,2402,5
2024-12,2403,5
2024-12,2404,5
2024-12,2405,5
2024-12,2406,5
2024-12,2407,5
2024-12,2408,5
2024-12,2409,5
2024-12,2410,5
2024-12,2411,5
2024-12,2412,5
2024-12,2416,5
2024-12,2422,5
2024-12,2423,5
2024-12,2424,5
2024-12,2425,5
2024-12,2426,5
2024-12,2427,5
2024-12,2428,5
2024-12,2429,5
2024-12,2430,5
2024-12,2431,5
2024-12,2432,5
2024-12,2433,5
2024-12,2434,5
2024-12,2435,5
2024-12,2436,5
2024-12,2437,5
2024-12,2439,5
2024-12,2440,5
2024-12,2441,5
2024-12,2442,5
2024-12,2443,5
2024-12,2444,5
2024-12,2445,5
2024-12,2446,5
2024-12,2447,5
2024-12,2449,5
2024-12,2450,5
2024-12,2451,5
2024-12,2452,5
2024-12,2453,5
2024-12,2454,5
2024-12,2455,5
2024-12,2456,5
2024-12,2457,5
2024-12,2458,5
2024-12,2459,5
2024-12,2460,5
2024-12,2461,5
2024-12,2462,5
2024-12,2463,5
2024-12,2464,5
2024-12,2465,5
2024-12,2466,5
2024-12,2467,5
2024-12,2468,5
2024-12,2469,5
2024-12,2470,5
2024-12,2471,5
2024-12,2472,5
2024-12,2473,5
2024-12,2474,5
2024-12,2475,5
2024-12,2476,5
2024-12,2477,5
2024-12,2478,5
2024-12,2479,5
2024-12,2480,5
2024-12,2481,5
2024-12,2482,5
2024-12,2483,5
2024-12,2484,5
2024-12,2485,5
2024-12,2486,5
2024-12,2487,5
2024-12,2488,5
2024-12,2489,5
2024-12,2490,5
2024-12,2491,5
2024-12,2492,5
2024-12,2493,5
2024-12,2494,5
2024-12,2495,5
2024-12,2496,5
2024-12,2497,5
2024-12,2498,5
2024-12,2499,5
2024-12,2500,5
2024-12,2501,5
2024-12,2502,5
2024-12,2503,5
2024-12,2504,5
2024-12,2505,5
2024-12,2506,5
2024-12,2507,5
2024-12,2508,5
2024-12,2509,5
2024-12,2510,5
2024-12,2511,5
2024-12,2512,5
2024-12,2513,5
2024-12,2514,5
2024-12,2515,5
2024-12,2516,5
2024-12,2517,5
2024-12,2518,5
2024-12,2519,5
2024-12,2520,5
2024-12,2521,5
2024-12,2522,5
2024-12,2523,5
2024-12,2524,5
2024-12,2525,5
2024-12,2526,5
2024-12,2527,5
2024-12,2528,5
2024-12,2529,5
2024-12,2530,5
2024-12,2531,5
2024-12,2532,5
2024-12,2533,5
2024-12,2534,5
2024-12,2535,5
2024-12,2536,5
2024-12,2537,5
2024-12,2538,5
2024-12,2539,5
2024-12,2540,5
2024-12,2541,5
2024-12,2542,5
2024-12,2543,5
2024-12,2544,5
2024-12,2545,5
2024-12,2546,5
2024-12,2547,5
2024-12,2548,5
2024-12,2549,5
2024-12,2550,5
2024-12,2551,5
2024-12,2552,5
2024-12,2553,5
2024-12,2554,5
2024-12,2555,5
2024-12,2556,5
2024-12,2557,5
2024-12,2558,5
2024-12,2559,5
2024-12,2560,5
2024-12,2561,5
2024-12,2562,5
2024-12,2563,5
2024-12,2564,5
2024-12,2565,5
2024-12,2566,5
2024-12,2567,5
2024-12,2568,5
2024-12,2569,5
2024-12,2570,5
2024-12,2571,5
2024-12,2572,5
2024-12,2573,5
2024-12,2574,5
2024-12,2575,5
2024-12,2576,5
2024-12,2577,5
2024-12,2578,5
2024-12,2579,5
2024-12,2580,5
2024-12,2581,5
2024-12,2582,5
2024-12,2583,5
2024-12,2584,5
2024-12,2585,5
2024-12,2586,5
2024-12,2587,5
2024-12,2588,5
2024-12,2589,5
2024-12,2590,5
2024-12,2591,5
2024-12,2592,5
2024-12,2593,2
2024-12,2595,2
2024-12,2596,5
2024-12,2597,5
2024-12,2598,2
2024-12,2599,5
2024-12,2600,5
2024-12,2601,2
2024-12,2602,5
2024-12,2604,5
2024-12,2605,5
2024-12,2606,5
2024-12,2607,2
2024-12,2618,1
2024-12,2619,2
2024-12,2620,2
2024-12,2621,2
2024-12,2644,5
2024-12,2646,5
2024-12,2647,2
2024-12,2648,5
2024-12,2649,5
2024-12,2651,5
2024-12,2652,2
2024-12,2710,2
2024-12,2808,5
2024-12,2809,2
2024-12,2813,2
2024-12,2814,5
2024-12,2872,4
2024-12,2876,5
2024-12,2879,4
2024-12,2880,4
2024-12,2881,2
2024-12,2882,4
2024-12,2883,2
2024-12,2884,2
2024-12,2885,2
2024-12,2886,3
2024-12,2887,2
2024-12,3005,2
2024-12,3007,2
2024-12,3009,2
2024-12,3011,2
2024-12,3012,3
2024-12,3013,5
