territory_id,municipal_district_name_short,region_name,dictionary_versions,distance_december,cluster_2023_12,cluster_2024_12,marketplace_change_pp
1267,Богородский,Кировская область,1,2.1212078954961076,2,1,14.52213602601627
1152,Катангский,Иркутская область,1,2.0830067988732104,4,4,3.946795075947969
859,Ульчский,Хабаровский край,1,1.8485230215570234,2,1,17.2948664700841
2130,Молоковский,Тверская область,1,1.5508054074373139,1,2,2.164907258098797
708,Мотыгинский,Красноярский край,1,1.5493834956236947,4,3,17.027627838802978
317,Верхневилюйский,Республика Саха (Якутия),1,1.476014393735352,4,4,7.2501070991124354
691,Большеулуйский,Красноярский край,1,1.4019769931061548,3,3,6.947100488991037
1959,Макаровский,Сахалинская область,1,1.362859164398229,4,4,9.207705301052494
185,Малодербетовский,Республика Калмыкия,1,1.3598974918688898,1,1,-1.9127177519432548
556,Солтонский,Алтайский край,1,1.3321738547216244,2,1,5.713484535675118
1124,Пестяковский,Ивановская область,1,1.301116936863519,1,3,8.961664260554
879,Мазановский,Амурская область,1,1.2943701211640959,4,2,7.990475114308479
1966,Томаринский,Сахалинская область,1,1.2891701077081883,4,2,8.87765304136006
1178,Мамоновский,Калининградская область,1,1.2571016161425317,2,3,16.43844982807843
852,Нанайский,Хабаровский край,1,1.2531029321666836,2,3,12.129924993752436
882,Ромненский,Амурская область,1,1.2259153918692076,2,1,9.135107976959373
319,Верхоянский,Республика Саха (Якутия),1,1.2239988344649757,4,4,5.690122150674578
1850,Захаровский,Рязанская область,1,1.2218270715157904,3,3,7.64309607842561
2143,Фировский,Тверская область,2,1.2176800055576877,1,1,6.343473435432944
1750,Лунинский,Пензенская область,1,1.2080243711933145,1,1,3.5425031928411426
764,Частинский,Пермский край,1,1.2022072127240564,2,3,7.978058169798954
1128,Савинский,Ивановская область,1,1.1947194291396919,3,3,6.434313904525285
583,Калганский,Забайкальский край,2,1.1897381381462357,2,2,9.385275278758748
602,Шелопугинский,Забайкальский край,1,1.176897456825937,2,1,9.301043065830397
1194,Полесский,Калининградская область,1,1.1727788122994531,3,2,12.405957231875938
1118,Ильинский,Ивановская область,1,1.1712243184398001,3,1,3.3052558464327864
320,Вилюйский,Республика Саха (Якутия),1,1.1698365413002203,4,4,5.519449293901866
2593,Киевский,Москва,1,1.1661988665112357,3,2,3.3214911654405292
363,Апастовский,Республика Татарстан,1,1.1418987175998103,1,1,6.979331067320213
1590,Поддорский,Новгородская область,1,1.1347858686450005,1,1,4.567448441166322
499,Шемуршинский,Чувашская Республика,2,1.1336331296014517,2,1,5.5228016627952545
338,Томпонский,Республика Саха (Якутия),1,1.130293376339382,4,4,5.3261758451797965
1925,Духовницкий,Саратовская область,1,1.1273097364809102,3,1,3.1379385512939644
1060,Междуреченский,Вологодская область,2,1.1128617381996662,3,3,12.140137613820471
1781,Плюсский,Псковская область,1,1.0929273503741164,1,1,2.451596370041778
880,Михайловский,Амурская область,1,1.0902017780776987,2,3,7.944387509586201
1858,Пителинский,Рязанская область,1,1.07409783580478,3,3,1.189004507866251
618,Карагинский,Камчатский край,1,1.072344559911604,4,4,2.3464221086417463
699,Казачинский,Красноярский край,1,1.0703727933964187,1,1,4.207274822516352
1277,Куменский,Кировская область,1,1.0655232652048183,3,3,6.284030259841687
2256,Вешкаймский,Ульяновская область,1,1.061234618434147,1,1,6.616563449893709
690,Большемуртинский,Красноярский край,1,1.0610885765297347,2,1,5.762800209800853
884,Селемджинский,Амурская область,1,1.0572067666952174,4,4,8.232372212655001
1122,Лухский,Ивановская область,1,1.0509920050378334,2,3,3.9788088643866626
191,Юстинский,Республика Калмыкия,1,1.0477933661392007,1,1,11.647735201721504
2145,Кедровый,Томская область,1,1.0461151781158364,3,3,6.451714098098341
1314,Кологривский,Костромская область,1,1.0427555469723775,1,1,4.117918734549467
1330,Сусанинский,Костромская область,1,1.0415748468889339,3,1,7.663644417950843
848,Верхнебуреинский,Хабаровский край,1,1.0406120683187043,4,4,7.223246610589372
1935,Новобурасский,Саратовская область,1,1.0366841294198395,3,1,6.065899687334325
2343,Смидовичский,Еврейская автономная область,1,1.0289955243390314,4,2,9.071148309765212
2049,Глинковский,Смоленская область,1,1.028694870242109,1,1,5.113345180865142
502,Яльчикский,Чувашская Республика,2,1.0231416980539307,1,1,0.44391424743150526
1319,Межевской,Костромская область,1,1.0193022770730429,1,1,10.067832681095929
456,Боградский,Республика Хакасия,1,1.01637787389557,2,1,5.732439129497954
314,Амгинский,Республика Саха (Якутия),1,1.0087451721833032,4,4,3.967328452296494
2332,Пошехонский,Ярославская область,1,1.0066092814990504,3,3,4.333626309236063
796,Ольгинский,Приморский край,2,0.9972108451519514,2,2,9.619034750852668
853,Николаевский,Хабаровский край,1,0.9945707222366749,4,4,7.415119638602126
2022,Гаринский,Свердловская область,1,0.9824923939574727,1,1,3.6199065216675317
343,Чурапчинский,Республика Саха (Якутия),1,0.9817960350600369,4,4,4.314459782252604
1970,Южно-Курильский,Сахалинская область,1,0.9807945091198175,4,4,8.481059291107629
395,Тюлячинский,Республика Татарстан,1,0.9768985552850716,2,1,7.90465981051196
698,Ирбейский,Красноярский край,1,0.9759335412114158,2,1,4.803436992003646
340,Усть-Майский,Республика Саха (Якутия),1,0.969959073830227,4,4,5.240639300861397
907,Мезенский,Архангельская область,2,0.9609454111521664,2,1,8.81233324172621
2339,Биробиджанский,Еврейская автономная область,1,0.9607641755800352,4,4,8.823134129121499
376,Кайбицкий,Республика Татарстан,1,0.9599927478027263,2,1,9.731360196037766
323,Кобяйский,Республика Саха (Якутия),1,0.9587723676980626,4,4,2.8965354627547844
2018,Ачитский,Свердловская область,1,0.9548936890940022,2,3,7.061349305017864
787,Анучинский,Приморский край,1,0.953942331026496,2,3,9.438390556855396
336,Сунтарский,Республика Саха (Якутия),1,0.9509013019437655,4,4,7.517404904196025
2244,Красноселькупский,Ямало-Ненецкий автономный округ,1,0.9465764239799255,4,4,4.490886053635923
1650,Одесский,Омская область,1,0.9445858578659542,2,3,5.519683534562903
1353,Частоозерский,Курганская область,2,0.9395591730248428,1,1,2.7956193591752747
1326,Поназыревский,Костромская область,2,0.9359801839005544,2,3,7.9742198194271845
2249,Шурышкарский,Ямало-Ненецкий автономный округ,2,0.9273656084668803,4,4,6.363191614430271
1282,Нагорский,Кировская область,1,0.9253124209425911,2,1,7.764962009902711
1654,Полтавский,Омская область,1,0.9237750821524121,3,1,3.412820187508345
2136,Сандовский,Тверская область,1,0.9229659215758422,2,1,4.51936983496074
2043,Таборинский,Свердловская область,1,0.918721547123955,2,1,3.527296017240808
1712,Глазуновский,Орловская область,1,0.9149240909871305,3,3,7.630319795452273
615,Усть-Большерецкий,Камчатский край,1,0.909104074733373,4,4,4.704584215538396
1240,Беловский,Кемеровская область,1,0.9088244630723451,2,2,6.466679553108326
546,Петропавловский,Алтайский край,1,0.9077131355587875,2,1,4.902990484994649
297,Кадошкинский,Республика Мордовия,1,0.9043092143927105,1,1,0.39653159842289454
9,Шовгеновский,Республика Адыгея,1,0.9039257031101076,2,1,7.456599274338887
580,Газимуро-Заводский,Забайкальский край,2,0.9028864979050214,4,2,5.321659310030742
1728,Свердловский,Орловская область,1,0.9000694041987555,3,3,0.7417680265566967
1975,Малышевский,Свердловская область,1,0.8996616567876612,3,3,6.94888750342717
1347,Мокроусовский,Курганская область,2,0.8996239077860448,3,3,8.043487522541795
2058,Новодугинский,Смоленская область,1,0.8963509181949384,1,1,6.7918640885664345
616,Усть-Камчатский,Камчатский край,1,0.8941997482301697,4,4,6.7315679364278385
2148,Александровский,Томская область,1,0.8884150728209972,3,3,11.646539843920406
916,Нарьян-Мар,Ненецкий автономный округ,1,0.8883202708953629,4,4,7.684814767868679
337,Таттинский,Республика Саха (Якутия),1,0.8874492200316695,4,4,4.37964817001692
1189,Краснознаменский,Калининградская область,1,0.8858159569759145,2,3,11.724442759300366
568,Хабарский,Алтайский край,1,0.8854702326783394,3,1,4.577083310130292
22,Агидель,Республика Башкортостан,1,0.883847074318822,3,3,6.842988916782315
1682,Беляевский,Оренбургская область,1,0.8835162083390902,3,3,6.129952092733082
1568,Сосновский,Нижегородская область,2,0.8772592696990779,3,1,3.9566751444795933
1596,Шимский,Новгородская область,1,0.8764731028614355,1,1,14.138491328702257
552,Смоленский,Алтайский край,1,0.8734591617264909,2,3,3.419804535172938
1129,Тейковский,Ивановская область,1,0.8712001752510867,3,3,5.371509565792773
621,Тигильский,Камчатский край,1,0.8694870876394869,4,4,2.83627761676611
1733,Шаблыкинский,Орловская область,1,0.8685650122935696,3,3,8.756025754079943
290,Большеберезниковский,Республика Мордовия,1,0.8648763187441202,1,1,4.984441706325179
339,Усть-Алданский,Республика Саха (Якутия),1,0.8646404550329871,4,4,2.967794030029194
1749,Лопатинский,Пензенская область,1,0.8637890107318107,1,1,1.5362903581391167
752,Октябрьский,Пермский край,1,0.863018342443721,2,1,4.615461251133668
433,Каракулинский,Удмуртская Республика,1,0.8580522471791013,1,1,7.81817619437941
1222,Хвастовичский,Калужская область,1,0.8538573589169135,1,1,3.8655039959368755
711,Новоселовский,Красноярский край,1,0.8494701859964076,2,3,6.898157889382955
753,Ординский,Пермский край,1,0.8487495176841099,2,1,8.606324334851942
2067,Хиславичский,Смоленская область,1,0.8471661060654211,1,1,4.115745188156611
1762,Тамалинский,Пензенская область,1,0.8412833501493627,1,1,2.1404870660243795
773,Юрлинский,Пермский край,1,0.8412155470661978,2,3,7.657400119487325
1699,Сакмарский,Оренбургская область,1,0.8409948140869006,3,3,3.210588530302372
1028,Ленинский,Волгоградская область,1,0.8388329168941346,1,1,5.218555625193222
1144,Балаганский,Иркутская область,1,0.8387930520247792,2,1,3.510895375744699
2269,Старомайнский,Ульяновская область,1,0.8329422078057084,1,3,4.766763920791245
188,Сарпинский,Республика Калмыкия,1,0.8321962209087829,1,1,-3.0449738256932646
503,Янтиковский,Чувашская Республика,2,0.8308668918637812,2,3,5.938851623216862
281,Оршанский,Республика Марий Эл,1,0.8307179967835532,3,3,4.64236657330315
877,Константиновский,Амурская область,1,0.8296482579718361,4,3,3.294660188488521
1358,Юргамышский,Курганская область,2,0.8294361473120178,2,1,6.284240356403077
1871,Чучковский,Рязанская область,1,0.8257714835713352,3,3,0.674953706090245
792,Лазовский,Приморский край,1,0.8244724342488106,4,3,8.378430531732418
542,Зональный,Алтайский край,1,0.8209911775172072,3,3,9.155248345953758
1636,Горьковский,Омская область,1,0.8205265891092126,3,3,9.81455351298958
567,Усть-Пристанский,Алтайский край,1,0.8153682996162688,1,1,4.131268076586586
402,Барун-Хемчикский,Республика Тыва,1,0.8139974215966961,2,2,4.992884627644195
302,Ромодановский,Республика Мордовия,1,0.8132715592673727,1,1,1.4741815444495625
1743,Земетчинский,Пензенская область,1,0.8122741109231917,1,1,1.448951034635451
1338,Далматовский,Курганская область,2,0.8120313372191643,3,3,5.053295370711944
1195,Правдинский,Калининградская область,1,0.8107977884279322,1,3,10.520867141254817
801,Тернейский,Приморский край,1,0.8098547879746473,2,1,11.380647735607061
553,Суетский,Алтайский край,2,0.8085787898847902,1,1,6.501802069282495
582,Каларский,Забайкальский край,1,0.8040510968779829,4,4,6.905513743357361
791,Красноармейский,Приморский край,2,0.8035851031948422,2,3,9.507138395855648
2091,Пичаевский,Тамбовская область,2,0.8032782908687419,2,1,7.489127433607387
770,Косинский,Пермский край,1,0.8013719946685198,2,1,5.2558180160874155
1893,Камышлинский,Самарская область,1,0.8001339767785551,1,3,3.5306663986346187
797,Партизанский,Приморский край,2,0.8000019637547793,4,4,7.083360947435077
1698,Пономарёвский,Оренбургская область,1,0.7994289071002184,1,1,4.167449928367298
1164,Усть-Илимский,Иркутская область,1,0.7979309749263568,2,2,7.115511910179836
1201,Барятинский,Калужская область,1,0.7978867308303883,1,1,8.339520211775293
2055,Кардымовский,Смоленская область,1,0.7893730611712331,3,3,2.524081850033105
1352,Целинный,Курганская область,1,0.7867584879836156,2,1,5.227411527370698
903,Котласский,Архангельская область,2,0.7855995620963868,3,3,4.7946268555367215
2162,Чаинский,Томская область,1,0.7853008779906983,1,1,5.2180366803499
534,Крутихинский,Алтайский край,1,0.7843667590329763,2,1,5.55399150921467
1196,Славский,Калининградская область,1,0.784293109945086,2,2,8.364771979591232
2250,Ямальский,Ямало-Ненецкий автономный округ,1,0.783324641185451,4,4,5.31510514687931
1732,Хотынецкий,Орловская область,1,0.7832767285687072,1,1,5.27090770575459
2305,Кунашакский,Челябинская область,1,0.7814399525767848,2,1,8.53332772685224
1064,Сямженский,Вологодская область,2,0.7811834292600949,1,1,5.494356309163417
1059,Кичменгско-Городецкий,Вологодская область,2,0.7783082692660711,2,2,2.928530184612388
1884,Алексеевский,Самарская область,1,0.7782610009573601,1,1,6.8423437894420704
2323,Брейтовский,Ярославская область,1,0.7768240259543117,1,1,5.240130976902558
917,Заполярный,Ненецкий автономный округ,1,0.775161635192481,4,4,6.090906855054514
1887,Большеглушицкий,Самарская область,1,0.774796277656552,1,1,3.9381750989001487
2185,Тепло-Огаревский,Тульская область,1,0.7742165662989694,1,1,6.95853603640213
1323,Островский,Костромская область,2,0.7731621425976397,1,1,8.445035963329111
520,Быстроистокский,Алтайский край,1,0.7729289215616548,1,1,7.250265405565237
2152,Зырянский,Томская область,1,0.772171170403588,1,1,5.634138874625775
1299,Фаленский,Кировская область,1,0.7690907591796536,3,1,5.259501217221314
926,Лиманский,Астраханская область,1,0.7688592852927895,1,1,3.6767290591661257
1730,Троснянский,Орловская область,1,0.7680337664898517,3,3,8.609806488845658
2316,Чебаркульский,Челябинская область,1,0.7674665036104882,3,3,6.143206899730361
2093,Ржаксинский,Тамбовская область,2,0.7666181338347399,1,1,4.019824988782333
1660,Тевризский,Омская область,1,0.7641697431017256,3,1,4.11181662972186
72,Стерлибашевский,Республика Башкортостан,1,0.7622855223940416,2,1,7.094356580681523
808,Яковлевский,Приморский край,2,0.761295409470776,2,3,5.7096152751375335
1902,Похвистневский,Самарская область,1,0.7579234418688771,1,3,7.02890376891854
1357,Щучанский,Курганская область,2,0.7560043915762614,2,3,7.388681418032089
851,Лазо,Хабаровский край,1,0.7554545518779824,4,3,8.09647802134583
1166,Усть-Удинский,Иркутская область,1,0.7551921914215531,2,1,4.317444271524307
1784,Пустошкинский,Псковская область,1,0.754709870113117,1,1,5.561829641447106
1627,Усть-Таркский,Новосибирская область,1,0.7543635190439621,3,1,4.354815452987363
914,Холмогорский,Архангельская область,2,0.754237355111736,1,3,6.326971824921376
78,Федоровский,Республика Башкортостан,1,0.7530242890875414,2,1,5.6942815673749685
449,Абаза,Республика Хакасия,1,0.7516375179791206,2,3,2.588286758465355
1860,Путятинский,Рязанская область,2,0.7468179937551453,1,1,1.3523473063669855
1058,Кирилловский,Вологодская область,2,0.7467715318176954,2,3,8.173296716834647
1257,Яшкинский,Кемеровская область,1,0.7448336379252695,2,2,2.1633648942732924
1681,Асекеевский,Оренбургская область,1,0.742451079946253,1,1,7.249423015617778
713,Пировский,Красноярский край,1,0.7417977474184092,1,1,3.3212343376727906
605,Агинский,Забайкальский край,1,0.7401929355123283,2,2,6.177901854273634
276,Куженерский,Республика Марий Эл,1,0.7391685176543907,3,3,10.880112887832528
857,Солнечный,Хабаровский край,1,0.7378801204906906,4,4,4.973084913729194
803,Хасанский,Приморский край,2,0.7370601381302645,4,3,6.49154994417415
1276,Котельничский,Кировская область,1,0.7358574601400653,2,3,6.211468368599814
272,Волжский,Республика Марий Эл,1,0.7356758567499485,2,2,7.7490786178483955
2037,Шалинский,Свердловская область,1,0.7355173212971587,1,1,8.206786615688438
606,Дульдургинский,Забайкальский край,1,0.7309445313817405,2,2,5.431110002336001
441,Селтинский,Удмуртская Республика,1,0.7302995669470734,1,1,4.4281821302916216
2205,Нижнетавдинский,Тюменская область,1,0.7301124283081266,2,1,8.028030880213224
600,Чернышевский,Забайкальский край,1,0.7299219662664989,4,2,4.735666848180063
2341,Облученский,Еврейская автономная область,1,0.728910267452942,4,4,7.5275589698694345
1295,Сунский,Кировская область,1,0.7274825785740927,3,3,7.47000483624044
1173,Нукутский,Иркутская область,1,0.726167000845052,2,2,3.0696789024542817
904,Красноборский,Архангельская область,2,0.7257672953231716,2,3,8.291881742055695
282,Параньгинский,Республика Марий Эл,1,0.7252704928841495,2,3,6.894256788757747
2278,Карабашский,Челябинская область,1,0.7239868048984952,3,3,2.3905031368526926
347,Ардонский,Республика Северная Осетия — Алания,1,0.7234685586353863,5,2,1.8391193141338857
2309,Октябрьский,Челябинская область,1,0.7206112854221023,3,3,7.525423681659235
2134,Рамешковский,Тверская область,1,0.719390437027099,3,3,9.142262528945247
2265,Павловский,Ульяновская область,1,0.7187143871248278,1,1,-0.7481132859922524
494,Моргаушский,Чувашская Республика,2,0.7177140019747456,3,3,9.559636574174727
1892,Исаклинский,Самарская область,1,0.7172723928677398,1,1,7.67800474333829
1898,Красноармейский,Самарская область,1,0.7164619421527274,3,3,6.139861112240647
1923,Воскресенский,Саратовская область,1,0.7115402636329337,3,1,0.7520997616651259
365,Атнинский,Республика Татарстан,1,0.7111524880199283,2,1,5.5539966287153355
1552,Гагинский,Нижегородская область,2,0.7110708974168086,1,1,0.7100417799912578
292,Дубенский,Республика Мордовия,1,0.7095616599957001,1,1,3.9125176826666053
275,Килемарский,Республика Марий Эл,1,0.7088321053782037,2,1,10.115564104922962
1153,Качугский,Иркутская область,1,0.708343218574954,3,2,2.709462849374483
2334,Рыбинский,Ярославская область,1,0.7081007395147254,3,2,6.342419332676299
1766,Бежаницкий,Псковская область,1,0.7077717446421464,3,3,6.4213226313182465
442,Сюмсинский,Удмуртская Республика,1,0.7062813254373714,2,1,4.398178765748701
592,Ононский,Забайкальский край,2,0.7060914382036936,2,2,1.8121001909635477
746,Кишертский,Пермский край,1,0.7060378422270444,3,1,8.553593165219288
181,Городовиковский,Республика Калмыкия,1,0.7059878756901097,1,1,1.9420442984953046
1037,Светлоярский,Волгоградская область,1,0.7052853965654668,3,2,0.9986092945274694
2127,Лесной,Тверская область,1,0.7035122188541238,1,1,3.89332419187359
1958,Курильский,Сахалинская область,1,0.7020254326077578,4,4,2.6160090552270288
1431,Ольский,Магаданская область,2,0.698586250692067,4,4,7.92583236074368
2027,Бисертский,Свердловская область,1,0.6984749320232012,2,3,5.828170963041707
1300,Шабалинский,Кировская область,1,0.6970039710153828,2,1,6.454054732972751
1768,Гдовский,Псковская область,1,0.6965251738868476,3,3,7.7077360335966825
2065,Темкинский,Смоленская область,1,0.6957077850022824,1,1,0.08857163660381806
1630,Чистоозерный,Новосибирская область,1,0.6951726890226615,2,1,6.016127629286302
557,Шелаболихинский,Алтайский край,1,0.6935798619963816,1,1,6.86871847695117
588,Могочинский,Забайкальский край,2,0.693352793873089,4,2,7.595322975627009
888,Тындинский,Амурская область,1,0.6925458361055373,4,4,6.522434270875865
720,Туруханский,Красноярский край,1,0.6925098884358706,4,4,2.8512159311773893
2327,Мышкинский,Ярославская область,1,0.6917384537109064,3,3,8.563125040267014
1584,Марёвский,Новгородская область,1,0.6891903074745631,1,1,11.760169338102596
341,Усть-Янский,Республика Саха (Якутия),1,0.6886276991315139,4,4,2.0350344349027973
1016,Даниловский,Волгоградская область,1,0.6880769138338791,1,1,5.2794334664797855
1270,Вятскополянский,Кировская область,1,0.6874714532328963,3,3,5.639637488334221
1956,Долинский,Сахалинская область,1,0.6870612306648768,4,4,3.998186850867598
1741,Вадинский,Пензенская область,1,0.6861915875050688,1,1,0.9247435537747178
1574,Шатковский,Нижегородская область,2,0.6839193476030464,3,3,3.0945540572099612
712,Партизанский,Красноярский край,1,0.683553355294871,2,1,3.2725477299587884
898,Верхнетоемский,Архангельская область,1,0.6778493960186969,3,3,7.61942154723606
1062,Нюксенский,Вологодская область,2,0.6751614789939986,2,2,2.7510527218841037
1550,Воротынский,Нижегородская область,1,0.6748526894118921,1,3,4.207814201541144
572,Немецкий,Алтайский край,1,0.6729552352997364,1,1,6.755972753186986
1651,Оконешниковский,Омская область,1,0.6713237464033841,2,1,4.678779878033831
2053,Ельнинский,Смоленская область,1,0.6707811622489132,3,3,6.639130164498722
1891,Елховский,Самарская область,1,0.6704162877941069,1,1,5.6493891311025255
54,Зилаирский,Республика Башкортостан,1,0.6701192334143791,2,1,4.464438807638518
706,Манский,Красноярский край,1,0.6693349996734983,1,1,3.588834092573892
855,Полины Осипенко,Хабаровский край,1,0.6680615884396562,4,4,4.029445253168184
915,Шенкурский,Архангельская область,2,0.667323213873856,3,3,4.439381835265365
1634,Большереченский,Омская область,1,0.6670088501358568,3,1,2.2783509277120335
598,Улётовский,Забайкальский край,1,0.6659236630652638,2,1,7.571068423309532
1191,Неманский,Калининградская область,1,0.6659073817872959,2,3,7.049789590469291
201,Ногайский,Карачаево-Черкесская Республика,1,0.6654837848683134,5,2,8.469865201346616
1013,Алексеевский,Волгоградская область,1,0.6649314597997559,1,1,4.589384688848338
528,Калманский,Алтайский край,1,0.6646315826660891,1,3,5.962796674852566
1327,Пыщугский,Костромская область,2,0.6619658561035112,1,1,6.0717373141329665
578,Балейский,Забайкальский край,1,0.6593205677197432,5,2,1.9391270360591766
522,Егорьевский,Алтайский край,1,0.6569874946606069,3,3,6.350641492000253
1350,Притобольный,Курганская область,2,0.6555760840742553,1,1,7.266511363885514
2157,Молчановский,Томская область,1,0.6545403501729651,3,1,10.259243535165288
69,Миякинский,Республика Башкортостан,1,0.6545054590018541,2,1,4.403848802594668
537,Кытмановский,Алтайский край,1,0.6526565480977226,2,1,5.514625629425632
1351,Сафакулевский,Курганская область,2,0.651792844225883,2,1,7.33362752995461
1694,Октябрьский,Оренбургская область,1,0.6512592696283475,3,3,4.624883002091512
1290,Подосиновский,Кировская область,1,0.650987138909784,3,3,3.9527327152921647
445,Юкаменский,Удмуртская Республика,1,0.6507309138791638,3,1,4.96449139667173
1649,Нововаршавский,Омская область,1,0.6493019712169338,3,3,5.745810538317622
1965,Смирныховский,Сахалинская область,1,0.6492903518655572,4,4,3.8715582321943804
62,Краснокамский,Республика Башкортостан,1,0.6491407514260035,2,1,5.737672839489713
715,Саянский,Красноярский край,1,0.6488211110647637,1,1,5.421578128702981
1593,Хвойнинский,Новгородская область,1,0.6473954463018494,1,1,4.984641897877218
1121,Лежневский,Ивановская область,1,0.6462886842547859,3,3,8.501887652042672
1329,Судиславский,Костромская область,1,0.6460691279359037,3,3,6.675708749374515
324,Нюрбинский,Республика Саха (Якутия),1,0.644743754376934,4,4,3.648908695820345
1579,Волотовский,Новгородская область,1,0.6444566790588555,3,3,6.123596511085827
1044,Чернышковский,Волгоградская область,1,0.6442192974079333,1,1,2.8227030111800415
390,Сабинский,Республика Татарстан,1,0.6438032567583966,2,1,6.8896719308753696
283,Сернурский,Республика Марий Эл,1,0.6437133231609323,3,3,6.715724501535456
501,Ядринский,Чувашская Республика,2,0.643657381147379,3,3,5.696738916389074
429,Дебёсский,Удмуртская Республика,1,0.6410011533233816,1,1,3.533375241746173
871,Белогорский,Амурская область,1,0.638740866416879,4,2,5.160352835026523
2254,Базарносызганский,Ульяновская область,1,0.6379830767671637,2,1,4.653592511036864
436,Киясовский,Удмуртская Республика,1,0.6371227048485674,1,1,7.792141181893451
1623,Сузунский,Новосибирская область,1,0.6365131997831537,2,2,3.129031864928483
788,Дальнереченский,Приморский край,1,0.6363689931205183,5,2,7.838889533855937
1896,Клявлинский,Самарская область,1,0.6362366729135688,1,1,3.729781609966837
1192,Нестеровский,Калининградская область,1,0.6357480133883942,2,2,7.329902589528668
2307,Нагайбакский,Челябинская область,1,0.6354115790875863,3,3,7.405232014041982
1722,Малоархангельский,Орловская область,1,0.6351260843483981,1,1,3.664508711243919
1683,Бугурусланский,Оренбургская область,1,0.6337825254351155,3,2,6.384066847070419
2154,Кожевниковский,Томская область,1,0.6330510790774893,3,1,6.18174308667517
2212,Упоровский,Тюменская область,1,0.6330322643157824,2,1,4.294459014872884
716,Северо-Енисейский,Красноярский край,1,0.6298565208553725,4,4,8.008636055661666
742,Еловский,Пермский край,1,0.6292566538964816,2,3,4.023802044939309
1412,Воловский,Липецкая область,1,0.6278514629404145,1,1,9.180392141140583
1120,Комсомольский,Ивановская область,1,0.6277279828584313,3,3,6.496013076679863
1274,Кильмезский,Кировская область,1,0.6261385691949061,1,1,2.7906515011171114
1311,Вохомский,Костромская область,1,0.6244028466230934,1,1,7.67601892736271
860,Хабаровский,Хабаровский край,1,0.6233406556837954,4,5,6.003342806966098
1662,Усть-Ишимский,Омская область,1,0.6233402994131605,2,1,5.592360228752957
1606,Доволенский,Новосибирская область,1,0.6224756751112182,1,1,3.6563897629889928
923,Икрянинский,Астраханская область,1,0.622159788845998,1,3,4.198694431863367
2267,Сенгилеевский,Ульяновская область,1,0.622067091520593,1,1,2.9762590136313465
1638,Исилькульский,Омская область,1,0.6211115012353732,3,3,4.01071990149647
1955,Анивский,Сахалинская область,1,0.6197274821273273,4,4,3.436606557633991
1288,Орловский,Кировская область,1,0.6196240442660743,1,1,6.798829227947023
184,Лаганский,Республика Калмыкия,1,0.6188810418470015,3,3,6.772864995806952
2125,Краснохолмский,Тверская область,1,0.6178963016876946,1,1,4.0766454305453195
1349,Половинский,Курганская область,2,0.6172846379506791,1,1,8.883803374322325
799,Пожарский,Приморский край,2,0.6169998657712245,4,3,5.203741107871875
2326,Любимский,Ярославская область,1,0.616764256544478,3,3,6.594727230911837
2260,Майнский,Ульяновская область,1,0.616728229192704,1,1,7.776169063059002
304,Старошайговский,Республика Мордовия,1,0.6164127548723141,1,1,1.5255762837869753
876,Ивановский,Амурская область,1,0.616081131842907,2,2,4.187619177014033
1320,Нейский,Костромская область,1,0.6152033733456559,1,1,6.980675026009445
2066,Угранский,Смоленская область,1,0.6150185075548541,1,1,2.6090188461524915
285,Юринский,Республика Марий Эл,1,0.6136891525553441,1,1,5.704069813652018
2215,Ярковский,Тюменская область,1,0.6132358381252698,2,2,7.369216894771993
2025,Красноуфимский,Свердловская область,1,0.6131669963197246,2,2,3.8410168906196445
447,Ярский,Удмуртская Республика,1,0.6125426979360945,1,1,5.294604655092217
492,Красночетайский,Чувашская Республика,2,0.612307252826863,2,1,3.6481642950842885
367,Балтасинский,Республика Татарстан,1,0.612012764484704,2,1,6.3019261758757565
1126,Пучежский,Ивановская область,1,0.6111704867820931,3,3,6.777365816359163
1888,Большечерниговский,Самарская область,1,0.6109396247191289,1,1,3.315548837917834
1185,Гвардейский,Калининградская область,1,0.610615953801738,3,3,7.2249011598942285
1633,Азовский немецкий,Омская область,1,0.6105405558811451,3,3,7.5523477301705135
1561,Лукояновский,Нижегородская область,2,0.6102946830834278,1,1,3.6124020616087105
849,Вяземский,Хабаровский край,1,0.6102942636456443,2,3,2.825553055909698
233,Корткеросский,Республика Коми,1,0.6069880274327608,3,3,5.50538709767307
335,Среднеколымский,Республика Саха (Якутия),1,0.606313745482131,4,4,0.8367817313678474
840,Туркменский,Ставропольский край,1,0.6062981768745228,1,1,6.6017846495388275
2342,Октябрьский,Еврейская автономная область,1,0.6056399500638845,2,1,6.978242929222388
1635,Большеуковский,Омская область,1,0.6050460350169543,1,1,4.182362860115524
2160,Тегульдетский,Томская область,1,0.6041907137809922,1,1,5.103847487608165
1343,Куртамышский,Курганская область,1,0.603448482967295,2,1,5.411436634503343
2294,Брединский,Челябинская область,1,0.6032688289899755,3,3,5.7317252723291885
1865,Сараевский,Рязанская область,1,0.602324311372924,1,1,2.8979547711855123
1279,Лузский,Кировская область,1,0.6017667925236235,2,1,3.7863587628847837
1602,Баганский,Новосибирская область,1,0.6010304388759046,2,1,4.12882187603002
1180,Светловский,Калининградская область,1,0.6010080573551794,3,3,7.822040536490536
1215,Мосальский,Калужская область,1,0.5991201859397023,1,1,0.9704315132549823
58,Калтасинский,Республика Башкортостан,1,0.598618111269968,3,3,8.251010993850802
523,Ельцовский,Алтайский край,1,0.598519786049496,1,1,3.076309633051011
486,Вурнарский,Чувашская Республика,2,0.5983294095914498,2,3,5.355651982457624
39,Белокатайский,Республика Башкортостан,1,0.5977748755038631,2,1,6.203468234988479
300,Краснослободский,Республика Мордовия,1,0.5975524019965222,1,1,3.344093068475937
1648,Нижнеомский,Омская область,1,0.5972379314105535,2,1,5.8933916547504905
1346,Мишкинский,Курганская область,2,0.5967835018964401,1,1,4.325267707422792
519,Бурлинский,Алтайский край,1,0.5954482168256574,2,1,6.754759271197827
414,Улуг-Хемский,Республика Тыва,1,0.5954475628347546,5,2,2.3293059952604693
35,Баймакский,Республика Башкортостан,1,0.5951559778659143,5,2,5.380770036885256
2292,Аргаяшский,Челябинская область,1,0.595152983171151,2,3,5.787304310770636
1617,Кыштовский,Новосибирская область,1,0.5949766622222488,1,1,0.6081031073365967
47,Бурзянский,Республика Башкортостан,1,0.5941763705491915,2,1,5.245075269641059
1742,Городищенский,Пензенская область,1,0.5937985938870722,3,3,4.2871358034030225
1278,Лебяжский,Кировская область,1,0.5923990866929344,1,1,4.5306446058743735
308,Чамзинский,Республика Мордовия,1,0.5921702548083079,1,3,2.540659469269552
1146,Братский,Иркутская область,1,0.5921609230342028,3,3,3.586364826993571
2082,Инжавинский,Тамбовская область,2,0.5906330336464385,1,1,3.8635124042069062
490,Комсомольский,Чувашская Республика,2,0.590429292696325,2,1,5.038000942722638
34,Аургазинский,Республика Башкортостан,1,0.590159753167611,2,1,4.786727301510643
1035,Палласовский,Волгоградская область,1,0.5900864335883158,1,1,3.523061755900894
856,Советско-Гаванский,Хабаровский край,1,0.5898300366294034,4,4,5.529768094495992
1690,Курманаевский,Оренбургская область,1,0.5894686714287107,1,1,5.550001206835733
2314,Увельский,Челябинская область,1,0.5881091661511242,3,3,8.554862705122027
870,Архаринский,Амурская область,2,0.5877068061588345,4,2,5.365828900742549
1680,Александровский,Оренбургская область,1,0.5876998918975889,1,1,5.57496802279189
1242,Ижморский,Кемеровская область,1,0.5875194308012891,1,1,4.654435967253079
2248,Тазовский,Ямало-Ненецкий автономный округ,1,0.5867743671990467,3,4,5.955874600454669
1870,Ухоловский,Рязанская область,1,0.5858513908466234,1,1,-0.35560961155767234
744,Карагайский,Пермский край,1,0.5842425025451136,2,1,7.150983100483558
531,Косихинский,Алтайский край,1,0.5836663502052556,3,3,6.988243115430438
696,Идринский,Красноярский край,1,0.583115661613492,2,1,8.096220228715486
901,Каргопольский,Архангельская область,1,0.5826741177568908,3,3,4.799554647798979
794,Надеждинский,Приморский край,1,0.5824506383434949,4,2,4.764059722831608
1738,Бековский,Пензенская область,1,0.5819698490134725,1,1,4.595042713982572
1869,Старожиловский,Рязанская область,1,0.5817861901089906,3,3,6.07948901029258
1960,Невельский,Сахалинская область,1,0.5817023055025142,4,3,3.9268032027331796
203,Урупский,Карачаево-Черкесская Республика,1,0.5808340811136342,3,3,5.365387371621033
1244,Крапивинский,Кемеровская область,1,0.58081465703584,3,1,4.757296046590126
761,Уинский,Пермский край,1,0.5798096938264726,1,1,7.5776455242331675
2132,Оленинский,Тверская область,1,0.5796381958123147,1,1,4.847042197684748
1543,Бутурлинский,Нижегородская область,1,0.5796159024485941,1,3,4.2981738155156295
695,Ермаковский,Красноярский край,1,0.5795092457763524,1,2,3.8387577152355687
196,Абазинский,Карачаево-Черкесская Республика,1,0.5789659795893076,5,2,4.867544742860777
491,Красноармейский,Чувашская Республика,1,0.5778043613580897,3,1,5.599815246499188
1348,Петуховский,Курганская область,1,0.5777733449735608,1,1,3.9020687066735893
774,Юсьвинский,Пермский край,1,0.5777015396931519,2,1,5.282199351015507
1254,Чебулинский,Кемеровская область,1,0.5775356622288459,2,2,4.605237402150944
2090,Петровский,Тамбовская область,2,0.5769174773829081,3,1,4.833792676946241
1753,Наровчатский,Пензенская область,1,0.5763558594600022,1,1,1.0565819508908392
2178,Каменский,Тульская область,1,0.5763188808482096,3,1,4.7450471932383165
1645,Москаленский,Омская область,1,0.5761524604576186,3,3,7.910485738060272
779,Дальнегорский,Приморский край,1,0.5757696970093269,2,3,4.080211120248131
2317,Чесменский,Челябинская область,1,0.5748313759681761,2,1,7.398904363429651
1918,Базарно-Карабулакский,Саратовская область,1,0.5742745037898923,1,1,4.561450235146339
237,Сыктывдинский,Республика Коми,1,0.5742634641120037,5,2,4.373961140794713
219,Пряжинский,Республика Карелия,1,0.57322957073935,3,3,5.998384380146743
1915,Александрово-Гайский,Саратовская область,1,0.5721899969443293,1,1,1.5391067775763212
802,Ханкайский,Приморский край,1,0.5721825589202684,2,3,4.3496961324293055
1123,Палехский,Ивановская область,1,0.5712601025346264,3,3,8.57401113741667
334,Оленекский,Республика Саха (Якутия),1,0.570226854625392,4,4,1.7630197063802509
889,Шимановский,Амурская область,2,0.5699050331017957,4,3,4.421024665869684
1744,Иссинский,Пензенская область,1,0.5691003188812638,1,1,1.6632979812817694
1773,Локнянский,Псковская область,2,0.5685766848462755,3,1,4.988765389642022
2595,Кокошкино,Москва,1,0.5684222637779686,3,2,-2.531104633154746
457,Орджоникидзевский,Республика Хакасия,1,0.5681647039498088,3,1,4.161344208178416
230,Ижемский,Республика Коми,1,0.5679866350397726,2,2,7.691175448995372
489,Козловский,Чувашская Республика,2,0.567931546488369,1,3,4.129906102616488
619,Олюторский,Камчатский край,1,0.5678298460354168,4,4,0.5123805357956167
1340,Каргапольский,Курганская область,2,0.5677482192325954,1,3,5.062967228327103
273,Горномарийский,Республика Марий Эл,1,0.5663543093992579,2,1,6.361738599714145
1580,Демянский,Новгородская область,2,0.5652474788661485,1,1,6.149524364092038
1273,Кикнурский,Кировская область,1,0.5651064764220061,1,1,5.32579874244665
1171,Баяндаевский,Иркутская область,1,0.5646359678446837,2,2,1.0646951794172632
1325,Парфеньевский,Костромская область,1,0.5634757424286904,1,1,6.480131954775042
32,Архангельский,Республика Башкортостан,1,0.5628124001224822,2,3,5.607384931646661
1605,Венгеровский,Новосибирская область,1,0.5622645743320452,1,1,5.3854457854241975
1339,Звериноголовский,Курганская область,2,0.5622011531750652,2,1,6.179658187414981
204,Усть-Джегутинский,Карачаево-Черкесская Республика,1,0.5617119005722563,3,2,4.93056189034069
2007,Дегтярск,Свердловская область,1,0.5612681794314289,3,3,3.199644260826023
2138,Сонковский,Тверская область,2,0.5611486708314608,1,1,6.511957900837956
1061,Никольский,Вологодская область,2,0.5610973775277793,2,2,2.8691092541598353
2328,Некоузский,Ярославская область,1,0.5606178176149554,3,3,7.9313900426019766
2253,Новоульяновск,Ульяновская область,1,0.560105187029021,3,3,2.9963390399043526
1715,Залегощенский,Орловская область,1,0.5597133776838689,3,3,6.051948237297952
886,Сковородинский,Амурская область,2,0.5597080811223744,4,3,5.790953256939689
793,Михайловский,Приморский край,1,0.5591906582560742,3,3,3.680097625948542
298,Ковылкинский,Республика Мордовия,1,0.5587715591443837,1,1,4.557466039262834
2607,Щаповское,Москва,1,0.5580554939854264,5,2,1.4448036704407778
1292,Свечинский,Кировская область,1,0.5572262355898794,1,3,5.2812991780891
844,Амурский,Хабаровский край,1,0.5569383082702268,4,4,5.38741341652898
288,Атюрьевский,Республика Мордовия,1,0.556735257028274,1,1,2.9350614727847475
2150,Бакчарский,Томская область,1,0.5563099173784731,2,1,8.047376576556871
68,Мишкинский,Республика Башкортостан,1,0.5559287461302146,2,1,7.991890832066571
1421,Краснинский,Липецкая область,1,0.5555284396769994,2,1,8.015324978728646
232,Койгородский,Республика Коми,1,0.5539275761967318,2,1,7.024654928239253
2304,Красноармейский,Челябинская область,1,0.5538577169949923,3,3,6.372246023852346
30,Абзелиловский,Республика Башкортостан,1,0.5537762638533777,2,2,6.293579603965203
587,Кыринский,Забайкальский край,1,0.55370873268893,2,3,4.467810653546746
593,Петровск-Забайкальский,Забайкальский край,1,0.553577139942528,2,2,5.782531026116416
2596,Краснопахорское,Москва,1,0.553445275717924,5,5,3.443478774343811
61,Кигинский,Республика Башкортостан,1,0.55228451510985,2,2,6.154625258953238
538,Локтевский,Алтайский край,1,0.5520435196372393,3,3,2.701301964280975
1933,Лысогорский,Саратовская область,1,0.5518599514174879,1,1,10.295479325778231
1775,Новоржевский,Псковская область,2,0.551647092927974,1,1,4.024887101899655
1337,Варгашинский,Курганская область,2,0.551360595911175,3,3,4.916519672907257
392,Спасский,Республика Татарстан,1,0.5496197518506112,3,3,1.920883487268188
437,Красногорский,Удмуртская Республика,1,0.5489168855378148,1,1,4.159519503517059
2031,Сосьвинский,Свердловская область,1,0.5486434454822123,3,3,5.011700851573125
79,Хайбуллинский,Республика Башкортостан,1,0.5481653222731516,2,2,3.6450063290683095
356,Агрызский,Республика Татарстан,1,0.5480495509931431,3,3,5.547283599481751
2237,Ханты-Мансийский,Ханты-Мансийский автономный округ — Югра,1,0.5477659638954357,2,2,5.892171168001716
2139,Спировский,Тверская область,1,0.5476473402573265,1,1,7.033754692123886
586,Красночикойский,Забайкальский край,1,0.5475804894631446,2,2,4.792814371837036
2100,Умётский,Тамбовская область,2,0.5470354432347082,3,1,3.6528885826544593
432,Камбарский,Удмуртская Республика,1,0.5467434544831151,3,3,4.308391926780719
2052,Духовщинский,Смоленская область,1,0.5463484437341448,3,1,3.2277033518050864
2159,Первомайский,Томская область,1,0.5457234954002023,1,1,5.2587864413007885
1852,Касимовский,Рязанская область,1,0.5451100493027119,1,3,6.0875794370947975
213,Лоухский,Республика Карелия,1,0.5447037109276462,3,3,4.740464107487671
1693,Новосергиевский,Оренбургская область,1,0.5443301825594827,3,1,5.634752666206963
398,Ютазинский,Республика Татарстан,1,0.5442565742819855,3,3,1.8134622177251314
1718,Краснозоренский,Орловская область,1,0.5440871202753225,1,1,4.489546092644495
1220,Ульяновский,Калужская область,1,0.5440249413452927,1,1,6.732766490174313
1187,Гусевский,Калининградская область,1,0.5433296273781473,3,3,5.728799788485178
2,Адыгейск,Республика Адыгея,1,0.5431353227836156,3,3,5.0039574407151735
2259,Кузоватовский,Ульяновская область,1,0.542016444993497,1,1,4.313982167213748
846,Бикинский,Хабаровский край,1,0.5417897850843291,5,4,3.563175296589659
1685,Грачёвский,Оренбургская область,1,0.5414270114803426,3,3,4.398253136875452
1614,Краснозерский,Новосибирская область,1,0.5412703641673893,1,1,3.0277471036289416
1286,Опаринский,Кировская область,1,0.5410842950854833,1,1,3.3846974784517316
1969,Холмский,Сахалинская область,1,0.5405822248899681,4,4,3.3864518485020314
1613,Кочковский,Новосибирская область,1,0.5404787067319559,1,1,5.8953256911826815
1214,Мещовский,Калужская область,1,0.5391487953396948,3,1,4.37167947431033
1697,Переволоцкий,Оренбургская область,1,0.5389902571859608,3,3,6.032662696623572
1328,Солигаличский,Костромская область,2,0.5389862044431917,1,1,3.907593560987452
209,Калевальский,Республика Карелия,1,0.5383632881445304,2,2,7.795030907748305
2156,Кривошеинский,Томская область,1,0.5371409210636708,1,1,4.153549368239609
52,Ермекеевский,Республика Башкортостан,1,0.5366529035730058,2,1,6.993788597639627
2348,Анадырский,Чукотский автономный округ,1,0.5356267094689086,4,4,4.409665422134497
495,Порецкий,Чувашская Республика,2,0.5349280487137543,1,1,5.363973071876277
2017,Артинский,Свердловская область,1,0.5348052633195653,2,3,5.970015765471066
1116,Заволжский,Ивановская область,1,0.5345253501873732,1,3,4.340783996155265
19,Чойский,Республика Алтай,1,0.5342827998643055,3,1,3.870646032222222
847,Ванинский,Хабаровский край,1,0.5337439646609955,4,4,6.060351323205776
1038,Серафимовичский,Волгоградская область,1,0.5335601258303093,1,1,1.5499291680387661
2046,Велижский,Смоленская область,1,0.533362451324007,1,3,4.7693751139656015
1656,Саргатский,Омская область,1,0.5332498391719638,3,1,6.290480723991279
2057,Монастырщинский,Смоленская область,1,0.5329473833094698,3,1,5.390522146833107
1664,Шербакульский,Омская область,1,0.5325052702412008,3,3,4.90147082428544
307,Торбеевский,Республика Мордовия,1,0.532439396751753,1,1,1.1924780096838088
718,Таймырский Долгано-Ненецкий,Красноярский край,1,0.5320199914697699,4,4,3.9837403666709403
1907,Хворостянский,Самарская область,1,0.5317678884724905,1,1,6.203827717546553
369,Буинский,Республика Татарстан,1,0.5313070410708283,2,1,4.630699541955309
795,Октябрьский,Приморский край,1,0.5308077052829161,4,3,4.061994317715306
790,Кировский,Приморский край,1,0.5305902028033748,2,2,4.084605895916066
1849,Ермишинский,Рязанская область,1,0.5304342529301522,1,1,8.691535378151844
589,Нерчинский,Забайкальский край,1,0.5302318587807766,2,2,3.873220128350781
1961,Ногликский,Сахалинская область,1,0.530170859530689,5,4,4.023655206677715
1208,Износковский,Калужская область,1,0.5297649773078421,1,1,4.7487035007841545
1889,Борский,Самарская область,1,0.5296432255033817,3,3,7.621938098087611
878,Магдагачинский,Амурская область,1,0.5289678415745223,4,3,4.7583529957842305
536,Курьинский,Алтайский край,1,0.5288945358990287,1,1,4.45383194109242
293,Ельниковский,Республика Мордовия,1,0.5287410176786629,1,1,2.3640974936143255
382,Менделеевский,Республика Татарстан,1,0.5283078074028675,3,3,3.2187185679514787
614,Соболевский,Камчатский край,1,0.5278247292000149,4,4,2.207391149093384
930,Черноярский,Астраханская область,1,0.5277516192822441,1,1,3.5766768434534773
218,Прионежский,Республика Карелия,1,0.5276505539572136,5,2,5.119166468841563
1034,Ольховский,Волгоградская область,1,0.5274077437488289,1,1,3.78962754255841
1321,Нерехта и Нерехтский,Костромская область,1,0.526909581088587,3,3,3.9870526326362983
571,Шипуновский,Алтайский край,1,0.5267321515709477,1,1,4.630213638526048
1313,Кадыйский,Костромская область,1,0.5264046764891744,1,1,5.833558388952515
238,Сысольский,Республика Коми,1,0.5263827033479384,1,1,5.452107895986656
2112,Бельский,Тверская область,2,0.5262009006962769,1,1,5.71104509919278
1335,Альменевский,Курганская область,1,0.5261051027099392,1,1,5.697202114164729
789,Кавалеровский,Приморский край,2,0.5258610574629893,2,2,3.623852496770477
408,Пий-Хемский,Республика Тыва,1,0.5254265665002497,2,2,4.269940343359169
444,Шарканский,Удмуртская Республика,1,0.5243028210525466,1,1,3.718203332713854
806,Чугуевский,Приморский край,1,0.5240166799936335,2,2,4.947047637536321
1213,Медынский,Калужская область,1,0.5235179001724279,3,3,2.462798496660729
2151,Верхнекетский,Томская область,1,0.5234089051056099,3,1,4.557348034662653
1040,Старополтавский,Волгоградская область,1,0.5229049374369215,1,1,4.690080582319867
2030,Пышминский,Свердловская область,1,0.5226272297923015,2,2,4.880721463010854
838,Степновский,Ставропольский край,1,0.5218509865613778,2,1,6.42241410145987
1108,Вичуга,Ивановская область,1,0.521184264918384,3,3,3.8539214422037533
1997,Верхняя Тура,Свердловская область,1,0.520751259940004,3,3,2.3476192403382194
364,Арский,Республика Татарстан,1,0.5201939801467007,2,1,6.034989272576813
316,Булунский,Республика Саха (Якутия),1,0.5181849409614897,4,4,1.6342478834307845
1127,Родниковский,Ивановская область,1,0.5177723574274653,3,3,3.652227033340058
1702,Северный,Оренбургская область,1,0.5177224372795992,1,1,3.963609144755478
607,Могойтуйский,Забайкальский край,1,0.5173841280166521,2,2,3.103262115685067
1739,Белинский,Пензенская область,1,0.5161009698105385,1,1,2.2866482212925114
1746,Камешкирский,Пензенская область,1,0.5157455121571863,1,1,5.935497274233844
807,Шкотовский,Приморский край,2,0.5157261560718112,4,3,5.722561282092369
1591,Солецкий,Новгородская область,1,0.5155707590539934,1,1,3.7198548147453243
776,Арсеньевский,Приморский край,1,0.5151417268140713,4,2,3.6516674457133442
1275,Кирово-Чепецкий,Кировская область,1,0.5145041023001655,2,2,5.441049293735303
2213,Юргинский,Тюменская область,1,0.5142315920169412,2,1,5.664230196746881
532,Красногорский,Алтайский край,1,0.5135017184030539,2,1,7.040906746884265
2349,Билибинский,Чукотский автономный округ,1,0.5134401600443601,4,4,1.8423606905534489
584,Карымский,Забайкальский край,1,0.5131640116194214,3,2,5.004634469369784
388,Пестречинский,Республика Татарстан,1,0.5128942672003752,5,2,5.369861964633471
1305,Волгореченск,Костромская область,1,0.5121454121385025,3,3,5.235762054817511
875,Зейский,Амурская область,2,0.5119502516158859,4,4,3.8248184952814444
2085,Мордовский,Тамбовская область,2,0.5118764637849512,1,1,1.2052579331065378
1558,Краснобаковский,Нижегородская область,2,0.5115824605824185,2,1,4.706766523262887
909,Онежский,Архангельская область,1,0.5114481217645239,3,3,4.184876791474338
53,Зианчуринский,Республика Башкортостан,1,0.5111874791222245,2,2,3.6715587419907934
1027,Кумылженский,Волгоградская область,1,0.5104537253796182,1,1,5.666108058074515
446,Якшур-Бодьинский,Удмуртская Республика,1,0.51040543597596,2,1,6.328096384357937
1666,Абдулинский,Оренбургская область,1,0.5103416602616008,1,1,5.576178512770516
1932,Краснопартизанский,Саратовская область,1,0.5098864316993253,1,1,5.756675300946856
1737,Башмаковский,Пензенская область,1,0.5096984625829358,1,1,2.538126598245488
574,Петровск-Забайкальский,Забайкальский край,1,0.5091855004827862,2,3,3.8902071036257535
1957,Корсаковский,Сахалинская область,1,0.5089419429273119,4,4,3.4310717390554446
1157,Нижнеилимский,Иркутская область,1,0.5085792428242303,3,3,3.131935644899306
1197,Черняховский,Калининградская область,1,0.508536998761032,3,2,5.794153881491858
2098,Токарёвский,Тамбовская область,2,0.5083927999320627,1,1,3.9562782824242526
563,Троицкий,Алтайский край,1,0.5075731610037432,1,1,2.972377074971244
70,Нуримановский,Республика Башкортостан,1,0.507386774501892,3,3,6.189424256189343
1291,Санчурский,Кировская область,1,0.5065783660168243,1,1,2.931767666622678
1556,Княгининский,Нижегородская область,2,0.5064430676080067,3,3,3.8457648695102318
1289,Пижанский,Кировская область,1,0.5063671291262134,2,1,5.329167594774073
1019,Жирновский,Волгоградская область,1,0.5060924479542243,1,1,3.2345866313309797
1264,Арбажский,Кировская область,1,0.5059081846550672,1,1,6.016753180595908
539,Мамонтовский,Алтайский край,1,0.5056314398101384,2,1,5.899054290522232
1067,Усть-Кубинский,Вологодская область,2,0.5055670889965709,1,1,3.733401538504935
2181,Куркинский,Тульская область,1,0.5054639281373576,1,1,3.2139345365479355
331,Нижнеколымский,Республика Саха (Якутия),1,0.5045346477251171,4,4,0.15169627428680693
377,Камско-Устьинский,Республика Татарстан,1,0.5044219900212199,1,1,5.4286272317101005
1557,Ковернинский,Нижегородская область,1,0.504407981317115,3,3,3.8651042587379143
74,Татышлинский,Республика Башкортостан,1,0.5043150467630293,2,1,3.4143395942879877
1193,Озерский,Калининградская область,1,0.5039102503748432,3,3,5.9467444297258085
1582,Любытинский,Новгородская область,1,0.5039057087394949,1,1,4.37959201811102
2023,Ирбитское,Свердловская область,1,0.5032454326032293,2,2,5.607551975176165
1661,Тюкалинский,Омская область,1,0.5027806233237372,2,1,3.8971814170537327
1031,Новоаннинский,Волгоградская область,1,0.5022568439022291,1,2,4.175356562282115
2872,Приуральский,Ямало-Ненецкий автономный округ,1,0.5022026511150567,4,4,4.735197415330552
1731,Урицкий,Орловская область,1,0.5017893489404338,3,3,3.940573872233355
1628,Чановский,Новосибирская область,1,0.5016558258008946,2,1,4.659508027713846
1052,Верховажский,Вологодская область,2,0.5015648455272057,2,1,5.3424202617975425
2233,Нижневартовский,Ханты-Мансийский автономный округ — Югра,1,0.501155367943342,3,3,3.2483630125230425
1425,Становлянский,Липецкая область,1,0.500642551968823,3,3,6.264066770748314
1909,Шенталинский,Самарская область,1,0.4998342208030607,1,1,1.4217213539167188
900,Виноградовский,Архангельская область,1,0.49899741279231363,3,1,4.691620293899046
683,Абанский,Красноярский край,1,0.4980555611607314,1,1,4.66519432569972
1653,Павлоградский,Омская область,1,0.49745861604723146,3,3,5.688841771663607
2051,Дорогобужский,Смоленская область,1,0.49743706981651936,3,3,5.813281394286488
2035,Тугулымский,Свердловская область,1,0.49726091100771935,3,3,7.170917645908776
318,Верхнеколымский,Республика Саха (Якутия),1,0.49697186563606915,4,4,0.8245005516964887
1725,Новосильский,Орловская область,1,0.49692726552763333,1,1,4.612777638435805
205,Хабезский,Карачаево-Черкесская Республика,1,0.4965142862022421,5,2,4.4059427445110435
603,Шилкинский,Забайкальский край,1,0.49638513121935773,2,3,4.563837624106301
1671,Медногорск,Оренбургская область,1,0.49594957408275,3,3,1.9585912800769516
332,Оймяконский,Республика Саха (Якутия),1,0.4958876170055489,4,4,3.367258774545915
37,Балтачевский,Республика Башкортостан,1,0.4957181810980264,2,1,1.7475074538504776
1947,Советский,Саратовская область,1,0.4953039117139637,3,3,5.2579943119267725
595,Сретенский,Забайкальский край,1,0.49519930210553176,2,1,4.874008096402728
358,Аксубаевский,Республика Татарстан,1,0.49483332808321195,2,1,5.768928309903592
4,Кошехабльский,Республика Адыгея,1,0.49469159832360277,2,2,3.87459198343518
277,Мари-Турекский,Республика Марий Эл,1,0.4945338515894322,2,1,6.796028459444581
378,Кукморский,Республика Татарстан,1,0.4937218623962628,2,1,4.849755625374661
48,Гафурийский,Республика Башкортостан,1,0.4936951699970084,2,1,5.908546196418482
2345,Эгвекинот,Чукотский автономный округ,1,0.49240848551138333,4,4,1.7906699489412699
2095,Сосновский,Тамбовская область,2,0.4920682083841005,1,1,4.216534763871288
1534,Первомайск,Нижегородская область,1,0.49162757081391845,3,3,2.683212160509876
1174,Осинский,Иркутская область,1,0.49123284105026377,2,2,5.355731482100361
1585,Мошенской,Новгородская область,2,0.4910251901921756,1,1,3.8586175646099257
854,Охотский,Хабаровский край,2,0.49101495882892615,4,4,1.8050957418604352
726,Эвенкийский,Красноярский край,1,0.4910039404256901,4,4,3.1471426615355833
2096,Староюрьевский,Тамбовская область,2,0.49047205149915396,1,1,4.167034939175193
2258,Карсунский,Ульяновская область,1,0.49004921852757066,1,1,4.4263896726862315
1297,Унинский,Кировская область,1,0.4889634224103218,1,1,6.830150526574771
2131,Нелидовский,Тверская область,1,0.4889281678052233,3,3,2.774564515712097
1241,Гурьевский,Кемеровская область,1,0.48863988650035,3,2,3.1086235369654993
1963,Поронайский,Сахалинская область,1,0.4881281427163799,4,4,3.865214119856428
1780,Печорский,Псковская область,2,0.4879816510543572,3,3,5.372304382841053
45,Буздякский,Республика Башкортостан,1,0.4879624229402485,2,1,6.01163874265785
1567,Сеченовский,Нижегородская область,2,0.4876533055718341,1,1,2.240935520662463
396,Черемшанский,Республика Татарстан,1,0.48754063488267935,2,1,7.208059974758251
226,Вуктыл,Республика Коми,2,0.4872593480359906,3,3,5.486960934403376
912,Приморский,Архангельская область,2,0.4865706809855457,5,2,5.292762669866749
1570,Тонкинский,Нижегородская область,2,0.48650953776018163,1,1,1.813974457657147
995,Камешковский,Владимирская область,1,0.48500627398806667,3,3,2.7642222902368507
517,Бийский,Алтайский край,1,0.48453276757176905,2,2,3.532134447123361
1949,Турковский,Саратовская область,1,0.4835813186260559,1,1,-1.0716917332675269
361,Алькеевский,Республика Татарстан,1,0.48348384750000073,2,1,5.183589226081112
1544,Вадский,Нижегородская область,1,0.4834472301927919,2,1,5.203599157604344
1261,Котельнич,Кировская область,1,0.4828866186531253,3,3,4.920214168071347
1886,Богатовский,Самарская область,1,0.4821872321294519,3,3,7.476257867180439
1622,Северный,Новосибирская область,1,0.4821404451678704,1,1,5.749165060415859
1864,Сапожковский,Рязанская область,1,0.4818452755565542,1,1,3.044711241469489
1312,Галичский,Костромская область,1,0.4817313556849263,3,1,2.116352784516165
558,Табунский,Алтайский край,1,0.48146496640141034,2,1,3.795236693010093
303,Рузаевский,Республика Мордовия,1,0.4813909106391326,3,3,2.879989591949836
1987,Камышловский,Свердловская область,1,0.4813141753353373,2,3,4.712956782244904
895,Новодвинск,Архангельская область,1,0.4812713999377799,3,3,4.208422688734448
783,Партизанский,Приморский край,1,0.4809144406329589,4,3,3.7287871969853987
198,Зеленчукский,Карачаево-Черкесская Республика,1,0.48090648447925166,1,1,3.550935834278257
82,Шаранский,Республика Башкортостан,1,0.48037361050364974,2,1,3.7447443916882928
594,Приаргунский,Забайкальский край,1,0.4796895761449082,2,2,4.239378889062731
2315,Уйский,Челябинская область,1,0.47911565132120837,3,3,5.324522168895507
451,Сорск,Республика Хакасия,1,0.47905468413788127,3,3,5.3899036712716315
453,Алтайский,Республика Хакасия,1,0.47903223913032933,2,2,5.774155201078307
1036,Руднянский,Волгоградская область,1,0.4784269667448512,1,1,4.59563783767546
312,Алданский,Республика Саха (Якутия),1,0.47820613640648485,4,4,4.784983900475644
60,Кармаскалинский,Республика Башкортостан,1,0.47801041605737293,2,2,5.683149716505548
1619,Мошковский,Новосибирская область,1,0.47775100315574104,3,2,4.118738696776133
274,Звениговский,Республика Марий Эл,1,0.47710620419005395,1,3,4.783833540689611
428,Граховский,Удмуртская Республика,1,0.4770688490262712,1,1,3.116129936503695
1878,Октябрьск,Самарская область,1,0.47701480512737393,3,3,3.2517102229639496
173,Майский,Кабардино-Балкарская Республика,1,0.47699843637885353,1,1,3.8642309357529383
438,Малопургинский,Удмуртская Республика,1,0.4768047682016662,2,1,5.1737435580641575
1256,Яйский,Кемеровская область,1,0.4768040988362463,2,2,2.9218863821740078
544,Панкрушихинский,Алтайский край,1,0.47647265085764434,1,1,3.1180912874064326
1172,Боханский,Иркутская область,1,0.4761535067974505,2,2,3.951753120688256
2206,Омутинский,Тюменская область,1,0.47581644520151783,2,1,6.746901499573618
1181,Советский,Калининградская область,1,0.4757875819779855,3,2,5.195668600987986
1147,Жигаловский,Иркутская область,1,0.4756394883913473,3,2,3.755686506538791
1631,Чулымский,Новосибирская область,1,0.47506449318774774,3,1,4.78072668731688
435,Кизнерский,Удмуртская Республика,1,0.4749841891326382,2,3,1.926700250205693
2262,Николаевский,Ульяновская область,1,0.4744964528031344,1,1,7.073960356230499
2338,Биробиджан,Еврейская автономная область,1,0.47318688926571895,4,2,4.601883706067909
1851,Кадомский,Рязанская область,1,0.4730512151409957,1,1,6.025210382913626
31,Альшеевский,Республика Башкортостан,1,0.47271047333601424,2,1,6.378477474689594
2172,Белевский,Тульская область,1,0.47266420382417434,3,1,3.8108275511613416
342,Хангаласский,Республика Саха (Якутия),1,0.47265048989172254,4,4,2.912543172739558
1151,Казачинско-Ленский,Иркутская область,1,0.4721076280972411,3,3,4.299019515816696
280,Новоторъяльский,Республика Марий Эл,1,0.4718389093915179,2,3,3.6236035226799497
1068,Устюженский,Вологодская область,2,0.47177608861566817,3,3,5.961760078824946
1769,Дедовичский,Псковская область,1,0.4716285947768604,3,1,2.3881482417792252
1546,Вачский,Нижегородская область,2,0.4707556062983105,3,3,6.791883918304709
1897,Кошкинский,Самарская область,1,0.46948242925105027,1,1,6.709826247962425
349,Ирафский,Республика Северная Осетия — Алания,1,0.46933531136229906,1,1,2.76566340109867
533,Краснощёковский,Алтайский край,1,0.4691781572308328,1,1,2.3664078865137523
1678,Адамовский,Оренбургская область,1,0.46843810254180973,1,1,4.744682215661323
1573,Шарангский,Нижегородская область,2,0.4683975952515354,1,1,3.734386770444653
545,Первомайский,Алтайский край,1,0.46833555309146213,3,3,4.425887495286041
1206,Жуковский,Калужская область,1,0.4679852814126528,3,3,1.2466525204052448
306,Теньгушевский,Республика Мордовия,1,0.4679760428695891,1,1,4.801276141303662
2142,Торопецкий,Тверская область,2,0.46749928150516684,1,1,4.12232708865477
210,Кемский,Республика Карелия,1,0.4671543066377791,3,3,2.759697238133754
287,Ардатовский,Республика Мордовия,1,0.46678559412030957,1,1,1.9821642403579283
1069,Харовский,Вологодская область,2,0.46672909312655414,2,3,1.6678327188649589
1757,Пачелмский,Пензенская область,1,0.4666582063034964,1,1,2.9122942425007015
717,Сухобузимский,Красноярский край,1,0.4665895794595994,2,1,5.1375760803420985
240,Удорский,Республика Коми,1,0.4664930305506418,3,3,5.877643716389514
883,Свободненский,Амурская область,1,0.4661506379516116,3,3,2.732331088253734
1980,Среднеуральск,Свердловская область,1,0.46572100568614283,3,3,3.684781649726701
704,Краснотуранский,Красноярский край,1,0.465459714944551,2,3,4.435128208621858
425,Вавожский,Удмуртская Республика,1,0.46538384519982706,2,1,5.903046870734233
2034,Талицкий,Свердловская область,1,0.4653159051204557,2,2,4.395015032929075
1719,Кромской,Орловская область,1,0.4651358902189612,3,3,3.878738516652025
1968,Углегорский,Сахалинская область,1,0.4650890372944604,4,4,4.4312658311592905
1309,Антроповский,Костромская область,1,0.4649527911703386,1,1,6.838395353310739
1322,Октябрьский,Костромская область,1,0.46351592835465866,1,1,1.856138751712591
1029,Нехаевский,Волгоградская область,1,0.4630434057374431,1,1,4.071321366084771
41,Бижбулякский,Республика Башкортостан,1,0.46292931339097537,2,1,4.767181101028588
1266,Белохолуницкий,Кировская область,1,0.4629195636205395,1,1,3.136979502100576
2111,Бежецкий,Тверская область,2,0.46291250524332134,3,3,3.934609903064051
67,Мечетлинский,Республика Башкортостан,1,0.4628304083206256,2,1,4.414140185239574
2266,Радищевский,Ульяновская область,1,0.46280654075285116,1,1,1.4223037584590648
831,Грачёвский,Ставропольский край,1,0.4623924674571396,1,1,1.2066985053199057
1691,Матвеевский,Оренбургская область,1,0.46237324771331334,1,1,3.889374426357692
284,Советский,Республика Марий Эл,1,0.4621411996885657,3,3,6.1454938448396
1301,Юрьянский,Кировская область,1,0.46182070001182834,3,3,3.5087181930043787
1954,Александровск-Сахалинский,Сахалинская область,1,0.46173989361533807,4,3,2.6100052142732295
826,Александровский,Ставропольский край,1,0.46133590171496425,1,1,4.478387087431482
2054,Ершичский,Смоленская область,1,0.4612185442347939,1,1,7.616478752053002
905,Ленский,Архангельская область,1,0.4606067199311702,3,3,5.675225500319539
1175,Эхирит-Булагатский,Иркутская область,1,0.46046554561489994,2,2,3.702930397307738
834,Курский,Ставропольский край,1,0.46043119610819544,1,1,4.753419470103312
236,Сосногорск,Республика Коми,1,0.4601032002353774,3,3,5.816168670973895
1545,Варнавинский,Нижегородская область,2,0.4600128584051097,1,1,2.1905459215903837
1788,Струго-Красненский,Псковская область,2,0.45989747843404366,3,3,4.186767767821803
366,Бавлинский,Республика Татарстан,1,0.45961625163656356,2,3,2.7308808210846
1494,Лотошино,Московская область,1,0.4595447201249439,3,3,2.522571495534301
1227,Березовский,Кемеровская область,1,0.4592954908721146,3,2,2.5620177866272824
50,Дуванский,Республика Башкортостан,1,0.4590604041115672,2,2,4.70539813394103
1962,Охинский,Сахалинская область,1,0.45901393960071374,4,4,3.7802717369877143
2195,Абатский,Тюменская область,1,0.4584520529233455,2,1,2.837068727032327
1218,Сухиничский,Калужская область,1,0.4584063588512946,1,3,2.552136521085771
902,Коношский,Архангельская область,1,0.458251034201577,2,3,2.932207464208467
2271,Тереньгульский,Ульяновская область,1,0.4581360081791535,1,1,4.721160684565981
1281,Мурашинский,Кировская область,1,0.45739396744271266,3,3,4.835110959918357
1724,Новодеревеньковский,Орловская область,1,0.45716929873360607,1,1,4.442170354679262
487,Ибресинский,Чувашская Республика,2,0.45701764910087345,2,1,5.806778469355789
1583,Маловишерский,Новгородская область,1,0.4567050472313538,3,3,3.1190554440383074
231,Княжпогостский,Республика Коми,1,0.456604087020404,3,3,6.544740189068995
525,Залесовский,Алтайский край,1,0.4560258411091758,1,1,4.0628220327589615
842,Хабаровск,Хабаровский край,1,0.4558905395572661,4,5,3.78546769585331
924,Камызякский,Астраханская область,1,0.4552759725448509,1,1,6.290705153202728
63,Кугарчинский,Республика Башкортостан,1,0.45508741970801964,2,1,4.796912666457394
1284,Нолинский,Кировская область,1,0.4544805403103834,3,3,4.1288692537343685
2116,Жарковский,Тверская область,2,0.45407787000575306,1,1,-1.078500663164278
1885,Безенчукский,Самарская область,1,0.4537372264899239,3,3,2.8234485506294233
782,Находкинский,Приморский край,1,0.45349700593119496,4,5,3.5177880985879693
329,Намский,Республика Саха (Якутия),1,0.4533049665847599,4,4,1.9715122880746199
1438,Ягоднинский,Магаданская область,2,0.45305694637104804,4,4,2.9263923345298286
839,Труновский,Ставропольский край,1,0.4530285284552045,3,1,4.069606323706135
516,Баевский,Алтайский край,1,0.4528206433767017,1,1,2.923322542897644
1589,Пестовский,Новгородская область,2,0.4524811176154696,3,3,3.1312297267706124
2140,Старицкий,Тверская область,2,0.45239253569112964,1,1,4.915889524490858
43,Благоварский,Республика Башкортостан,1,0.4523506377917207,2,1,5.019289961227745
403,Дзун-Хемчикский,Республика Тыва,1,0.4522972715412895,2,2,4.172286473529546
234,Печора,Республика Коми,1,0.45229099013252155,3,3,5.466080088499889
581,Забайкальский,Забайкальский край,1,0.4520463639012097,2,2,4.396701696394323
2113,Бологовский,Тверская область,2,0.4519961852385168,3,2,2.9969834945359377
827,Андроповский,Ставропольский край,1,0.4519769896281618,1,1,5.704919808234438
2880,Лабытнанги,Ямало-Ненецкий автономный округ,1,0.45076801147720325,4,4,4.263993207231513
381,Мамадышский,Республика Татарстан,1,0.45065488946416155,2,1,5.418529699575974
1929,Калининский,Саратовская область,1,0.45028396540440613,1,1,3.7740019945708885
1032,Новониколаевский,Волгоградская область,1,0.4492870923123596,1,1,4.489330152891902
2072,Кирсанов,Тамбовская область,1,0.4489145687571423,1,1,4.378239762379099
1940,Питерский,Саратовская область,1,0.44869618325217486,1,1,0.844429533071181
1770,Дновский,Псковская область,1,0.4484148878445463,3,3,5.025547104520217
1571,Тоншаевский,Нижегородская область,1,0.44822368112847716,1,1,2.1876214682409607
685,Балахтинский,Красноярский край,1,0.4478426443273051,3,2,5.281000786924742
51,Дюртюлинский,Республика Башкортостан,1,0.44775416972376275,5,2,3.887058406976958
242,Усть-Куломский,Республика Коми,1,0.447659212132639,2,3,6.186536840161761
1110,Кохма,Ивановская область,1,0.4470716783699887,3,3,3.96084700117941
771,Кочевский,Пермский край,1,0.44655063690781793,3,3,5.588115606224847
1643,Любинский,Омская область,1,0.4465486618069844,3,3,5.718911431200377
1287,Оричевский,Кировская область,1,0.44608856520417395,3,3,5.472132688316902
2196,Армизонский,Тюменская область,1,0.4460363960183971,1,1,4.084893692418154
1942,Ровенский,Саратовская область,1,0.44570590857423437,3,1,3.4530478410635226
560,Тогульский,Алтайский край,1,0.4454681613379265,1,1,8.279448882360363
2199,Вагайский,Тюменская область,1,0.4451602638917998,2,3,7.051787610856347
1644,Марьяновский,Омская область,1,0.44501549303273447,3,3,5.95972162979051
1310,Буйский,Костромская область,1,0.4447306168965446,3,3,2.234380267180913
1344,Лебяжьевский,Курганская область,1,0.4442295699450476,1,1,5.7888997328037375
738,Верещагинский,Пермский край,1,0.443982200221169,2,2,4.988696643793696
843,Комсомольск-на-Амуре,Хабаровский край,1,0.443763860416933,4,5,4.084286497381583
1336,Белозерский,Курганская область,2,0.4436167484555064,1,1,6.925356072936534
2041,Слободо-Туринский,Свердловская область,1,0.4431040388769814,3,3,6.265347754920278
925,Красноярский,Астраханская область,1,0.4428484128456167,1,1,4.429498172342503
59,Караидельский,Республика Башкортостан,1,0.44215197574957726,2,1,6.055971846658315
330,Нерюнгринский,Республика Саха (Якутия),1,0.4415288364897407,4,4,3.6334016190493172
1272,Зуевский,Кировская область,1,0.441032381296772,3,3,5.1743410657987505
2238,Салехард,Ямало-Ненецкий автономный округ,1,0.44037351228811483,4,5,3.4632991963641127
2039,Байкаловский,Свердловская область,1,0.44033042850938453,3,1,6.24669563781631
2040,Камышловский,Свердловская область,1,0.440001725877112,5,2,5.22492407904242
591,Оловяннинский,Забайкальский край,1,0.4399666239988995,2,3,4.029481890019654
671,Енисейск,Красноярский край,1,0.4398053717023,3,3,4.2902086607313175
1015,Городищенский,Волгоградская область,1,0.43852028374776403,3,3,1.9600754853039999
2155,Колпашевский,Томская область,1,0.43786611137707215,3,3,6.033749012105927
994,Гусь-Хрустальный,Владимирская область,1,0.43771236375648115,3,3,7.517275765736262
1994,Красноуральск,Свердловская область,1,0.43768215604206456,3,3,4.525675506798432
1252,Топкинский,Кемеровская область,1,0.4371113825132355,3,2,3.406804916722833
1637,Знаменский,Омская область,1,0.43711026077799914,2,1,5.580767047253407
777,Артемовский,Приморский край,1,0.43661062013236734,4,5,3.470332504873297
391,Сармановский,Республика Татарстан,1,0.43590424266104905,3,3,2.9795674447010896
604,Агинское,Забайкальский край,1,0.43546979490920673,2,2,3.529763156056588
1657,Седельниковский,Омская область,1,0.435173932807172,2,1,3.923230497242425
40,Белорецкий,Республика Башкортостан,1,0.4351017559736974,2,2,4.700857737334514
1522,Терский,Мурманская область,1,0.4346154824245645,3,3,4.712861828046969
1200,Бабынинский,Калужская область,1,0.4338249610557891,3,3,5.6712075462245295
2236,Сургутский,Ханты-Мансийский автономный округ — Югра,1,0.43372466000027987,5,4,3.6358547926950036
1532,Семеновский,Нижегородская область,1,0.43365767806106864,1,1,3.4847869261932423
1565,Починковский,Нижегородская область,1,0.4335981924631715,1,3,1.6572371522866587
1607,Здвинский,Новосибирская область,1,0.4334708302013417,1,1,2.500339047816111
1755,Нижнеломовский,Пензенская область,1,0.4334168004050534,1,1,5.527913877036605
1355,Шатровский,Курганская область,1,0.4327025145804794,1,1,5.7589226271193645
2340,Ленинский,Еврейская автономная область,1,0.4326081177876533,5,2,4.966380848305155
1943,Романовский,Саратовская область,1,0.4320127498834667,1,1,3.068486462705705
296,Ичалковский,Республика Мордовия,1,0.43172294353900353,1,1,6.58121398188338
1133,Юрьевецкий,Ивановская область,1,0.4305139823018956,1,3,3.0056296954756285
515,Алтайский,Алтайский край,1,0.4303244336587617,2,2,2.8035520000316865
1967,Тымовский,Сахалинская область,1,0.4294344516727751,4,2,3.7458507263421286
1754,Неверкинский,Пензенская область,1,0.4291550845297521,1,1,3.5139344050119896
1012,Фролово,Волгоградская область,1,0.4286197901066737,1,1,2.8494563305857894
326,Мегино-Кангаласский,Республика Саха (Якутия),1,0.4283217699863886,4,4,1.4476800572734114
1404,Подпорожский,Ленинградская область,1,0.42810463511471525,3,3,4.5597624119008335
459,Усть-Абаканский,Республика Хакасия,1,0.4277293513245721,2,2,4.522038276493692
195,Карачаевский,Карачаево-Черкесская Республика,1,0.42763472157991994,3,2,1.7633336016487977
736,Березовский,Пермский край,1,0.4273682267571764,2,3,5.700174434365271
785,Уссурийский,Приморский край,1,0.4270753109684724,4,5,3.3039984030114655
1204,Думиничский,Калужская область,1,0.4270138838845543,3,1,7.725004916893397
2194,Ялуторовск,Тюменская область,1,0.4267543180848972,2,2,3.0894588096455013
1652,Омский,Омская область,1,0.4265951337140358,5,2,5.22122875227217
1269,Верхошижемский,Кировская область,1,0.4265676744993498,1,1,5.767185994640965
15,Улаганский,Республика Алтай,1,0.4264417538557405,2,2,3.051888836171099
1555,Дивеевский,Нижегородская область,1,0.4262345568218887,1,3,3.3350759383442066
1115,Гаврилово-Посадский,Ивановская область,1,0.42596971789825455,3,3,3.349560949280633
2308,Нязепетровский,Челябинская область,1,0.42571950935602326,1,3,3.805946776763558
2200,Викуловский,Тюменская область,1,0.4250361477024417,1,2,-0.6833222694939967
458,Таштыпский,Республика Хакасия,1,0.4245567176714445,2,2,3.4123976161787444
2078,Бондарский,Тамбовская область,2,0.42443989158739154,1,1,3.350431688260194
401,Бай-Тайгинский,Республика Тыва,1,0.42413934415572146,2,2,3.5249890090876814
1554,Дальнеконстантиновский,Нижегородская область,2,0.4240188670553071,3,3,4.222841086857174
566,Усть-Калманский,Алтайский край,1,0.4239063793018697,1,1,5.518948028604162
18,Чемальский,Республика Алтай,1,0.4236451845088771,2,2,4.307911052077412
2019,Белоярский,Свердловская область,1,0.4235301262165166,5,2,4.548439800573112
2179,Кимовский,Тульская область,1,0.42343930686269005,3,3,5.116795176900343
1317,Макарьевский,Костромская область,1,0.42307294949632285,1,1,6.8819790192874155
443,Увинский,Удмуртская Республика,1,0.42305703117050075,2,2,3.799383319115654
1950,Федоровский,Саратовская область,1,0.4230494024717397,3,3,4.429861397545038
1186,Гурьевский,Калининградская область,1,0.42257558603983525,5,5,4.528783751831431
735,Бардымский,Пермский край,1,0.4220654582968017,2,1,4.520839561198528
2163,Шегарский,Томская область,1,0.42187533789907894,3,3,5.460743969070539
2598,Михайлово-Ярцевское,Москва,1,0.42183329522313473,3,2,-2.748064656632454
564,Тюменцевский,Алтайский край,1,0.42123719529178055,2,1,6.023099668385229
1760,Сосновоборский,Пензенская область,1,0.42114762833503966,1,1,3.017166970394131
2274,Чердаклинский,Ульяновская область,1,0.42079700448047613,3,3,5.255575477586127
1752,Мокшанский,Пензенская область,1,0.4207534225551535,1,3,2.1479851518164477
1679,Акбулакский,Оренбургская область,1,0.4207216962033727,3,3,2.6195725254891276
929,Харабалинский,Астраханская область,1,0.42057861749335235,1,1,5.2157172703031165
725,Шушенский,Красноярский край,1,0.4205613634047632,2,2,4.567092850577767
2076,Рассказово,Тамбовская область,1,0.42005320574343874,1,1,3.2436782187529074
1416,Добровский,Липецкая область,1,0.41972346551848383,1,1,6.294690453869498
1939,Петровский,Саратовская область,1,0.4189335430299692,3,3,4.832381339945005
2081,Знаменский,Тамбовская область,2,0.41874113943986124,3,3,6.001320160677223
1587,Окуловский,Новгородская область,1,0.41847817369357115,3,3,4.088077280590169
1559,Краснооктябрьский,Нижегородская область,2,0.418460052152017,1,1,2.523637189284633
2299,Карталинский,Челябинская область,1,0.41833993231666267,3,3,4.929638995309182
1938,Перелюбский,Саратовская область,1,0.4177469942744679,1,1,4.104302974421511
2175,Воловский,Тульская область,1,0.4175272265231102,1,1,5.01078952173975
570,Чарышский,Алтайский край,2,0.4174001482506584,1,1,3.8042511569045088
80,Чекмагушевский,Республика Башкортостан,1,0.4167219527806366,2,1,3.820307956809124
2128,Лихославльский,Тверская область,1,0.41664804694131846,3,1,4.58417715500021
1253,Тяжинский,Кемеровская область,1,0.4165596914844835,1,1,2.6319073031888465
1931,Краснокутский,Саратовская область,1,0.41653960969077075,3,3,3.8285242083848257
599,Хилокский,Забайкальский край,1,0.41613924721852735,2,2,5.611200158921053
1302,Яранский,Кировская область,1,0.41601320118113255,3,3,4.509260911667274
239,Троицко-Печорский,Республика Коми,1,0.4159172535170209,3,3,5.032201973737749
1014,Быковский,Волгоградская область,1,0.41586665968792397,1,1,7.3135569722574285
1776,Новосокольнический,Псковская область,1,0.41578588543643064,3,3,4.303782605308973
217,Питкярантский,Республика Карелия,2,0.4154732697174228,3,3,4.147451557944462
1910,Шигонский,Самарская область,1,0.41545880454273193,1,1,5.695625170992308
2021,Верхотурский,Свердловская область,1,0.41499004745383955,3,3,5.084336168606771
2242,Новый Уренгой,Ямало-Ненецкий автономный округ,1,0.4149741710846271,5,5,3.978514266091071
1774,Невельский,Псковская область,2,0.4148156784150304,3,3,3.4834646770829982
2056,Краснинский,Смоленская область,1,0.41476927745620734,1,1,5.119565768214226
1976,Рефтинский,Свердловская область,1,0.41467805178409806,3,3,4.680029873039235
13,Онгудайский,Республика Алтай,1,0.4142216203598919,2,2,4.533452979283606
1449,Зарайск,Московская область,1,0.414071200575633,3,2,3.2445787058639484
1944,Ртищевский,Саратовская область,1,0.41362750178751956,1,1,4.268362656931036
1711,Верховский,Орловская область,1,0.41345128569278033,3,3,4.771535238181776
2133,Пеновский,Тверская область,1,0.4134317211305027,1,1,5.552270089611305
687,Бирилюсский,Красноярский край,1,0.41309784812051653,1,1,4.930482442465128
835,Левокумский,Ставропольский край,1,0.41278461262707467,1,1,3.900211645975249
2600,Мосрентген,Москва,1,0.4127163989473082,5,5,3.3168136952313465
279,Моркинский,Республика Марий Эл,1,0.4125245498567101,3,3,5.776037236377974
434,Кезский,Удмуртская Республика,1,0.411255625404323,2,1,2.9125389363355834
2225,Радужный,Ханты-Мансийский автономный округ — Югра,1,0.4112293390925949,3,3,3.3863635095090356
550,Романовский,Алтайский край,1,0.41002218471282087,1,1,5.0341496566157415
194,Черкесский,Карачаево-Черкесская Республика,1,0.4099635428543753,5,2,3.553168057346218
243,Усть-Цилемский,Республика Коми,1,0.4097760637231824,2,2,0.7591291601867972
1002,Селивановский,Владимирская область,1,0.40920034989986265,3,3,2.8077168359024323
1066,Тотемский,Вологодская область,2,0.4087813807001547,3,3,3.5852746900905537
765,Чердынский,Пермский край,1,0.40860168304757355,1,1,4.199139584095171
1113,Вичугский,Ивановская область,1,0.40852988352039743,3,3,5.8305463562420305
1149,Зиминский,Иркутская область,1,0.4084704485294595,2,2,3.1216156533822454
1071,Череповецкий,Вологодская область,1,0.40827851953706396,5,2,4.754074516766467
1179,Пионерский,Калининградская область,1,0.4081600348303021,3,3,6.040310278974478
561,Топчихинский,Алтайский край,1,0.40800509866088974,3,3,3.253817350126917
1687,Илекский,Оренбургская область,1,0.40798531129871973,2,1,5.158736690362032
1992,Верхний Тагил,Свердловская область,1,0.407728905022893,3,3,4.484538490488959
758,Сивинский,Пермский край,1,0.4070780679441822,2,1,4.308642448305039
1641,Кормиловский,Омская область,1,0.40678192501663235,3,3,4.217621300841129
1020,Иловлинский,Волгоградская область,1,0.4066716309720661,3,3,4.443262054396032
686,Березовский,Красноярский край,1,0.4065247376204392,5,2,4.580113965961507
325,Ленский,Республика Саха (Якутия),1,0.4058972316884065,4,4,4.073222433520178
885,Серышевский,Амурская область,2,0.40575362427419437,4,3,1.4006813521565618
1393,Волосовский,Ленинградская область,1,0.40571972975842724,3,2,4.454684089251726
1154,Киренский,Иркутская область,1,0.40556613990209883,3,3,6.051003413465433
2268,Старокулаткинский,Ульяновская область,1,0.40506088213109875,1,1,3.1759174866491406
81,Чишминский,Республика Башкортостан,1,0.40505091603075616,5,2,3.6360954698231556
999,Меленковский,Владимирская область,1,0.4047132757236821,3,3,4.913383830852277
518,Благовещенский,Алтайский край,1,0.4041087357722967,3,1,3.371208054378366
2036,Туринский,Свердловская область,1,0.4040025077100824,3,3,4.721065535761065
83,Янаульский,Республика Башкортостан,1,0.40390603202032915,2,2,3.6348478482150823
755,Оханский,Пермский край,1,0.402734974851774,2,3,5.125289536224001
2465,Восточный,Москва,1,0.4026917499267049,5,5,3.653732787182512
2197,Аромашевский,Тюменская область,1,0.40257203805287306,1,1,3.6090264945298878
780,Дальнереченский,Приморский край,1,0.40153559525701266,2,2,3.295099610958982
505,Алейск,Алтайский край,1,0.4015253530414371,3,2,2.845590085254596
357,Азнакаевский,Республика Татарстан,1,0.40136514693682035,2,2,4.043260936969021
1205,Жиздринский,Калужская область,1,0.401171915884324,1,1,2.6630864325613595
1595,Чудовский,Новгородская область,1,0.4011477949791731,3,3,3.6003397515161906
1119,Кинешемский,Ивановская область,1,0.39971046656920195,3,3,3.6766816783884493
1700,Саракташский,Оренбургская область,1,0.39961868795471894,3,3,3.2098280317228194
1478,Серебряные Пруды,Московская область,1,0.3991651637294171,3,3,2.234892708769048
2126,Кувшиновский,Тверская область,2,0.3988209286055293,1,1,4.90580867782833
828,Апанасенковский,Ставропольский край,1,0.39870895630940173,1,1,5.000372922650853
1761,Спасский,Пензенская область,1,0.39854238427968125,1,1,2.4136914212907006
1926,Екатериновский,Саратовская область,1,0.39827583010818557,1,1,4.882957272465379
2202,Исетский,Тюменская область,1,0.3980777896575106,2,3,5.191528832054293
71,Салаватский,Республика Башкортостан,1,0.3980233059043123,2,1,4.560130075916899
393,Тетюшский,Республика Татарстан,1,0.39797410299441305,2,1,3.4582516723723478
2300,Каслинский,Челябинская область,1,0.3977505232336241,3,3,4.321726956846797
2077,Уварово,Тамбовская область,1,0.397161628012208,1,1,3.2313127819733194
33,Аскинский,Республика Башкортостан,1,0.3969840384176989,2,1,3.46416429725199
223,Суоярвский,Республика Карелия,2,0.39676773276118404,3,3,5.017861778333025
1130,Фурмановский,Ивановская область,1,0.3966417186391896,3,3,5.391085118943575
2302,Кизильский,Челябинская область,1,0.39612338986788026,3,3,5.407831663068838
2198,Бердюжский,Тюменская область,1,0.3958844549408383,2,1,5.940811642156751
360,Алексеевский,Республика Татарстан,1,0.3958400819914819,3,3,4.861712876897506
530,Ключевский,Алтайский край,1,0.3958226203569878,3,1,2.063485347620009
1331,Чухломский,Костромская область,1,0.3955847931936784,1,1,3.679491438967025
1972,Алапаевск,Свердловская область,1,0.39490530196752843,3,3,4.008215800252265
228,Усинск,Республика Коми,2,0.39487324722008504,3,4,4.072079986065893
613,Мильковский,Камчатский край,2,0.3947033267985066,4,4,1.3785879311972769
235,Прилузский,Республика Коми,1,0.3945553817210486,1,1,5.043760691599747
1226,Беловский,Кемеровская область,1,0.39381614738960913,5,2,3.031597891355356
1646,Муромцевский,Омская область,1,0.3937637487621555,2,1,4.402781926446283
737,Большесосновский,Пермский край,1,0.39345427498529456,3,1,4.556930241670046
404,Каа-Хемский,Республика Тыва,1,0.3930220684734001,2,2,2.0998801039762287
2322,Борисоглебский,Ярославская область,1,0.39296954595757144,3,1,5.115150958078097
1908,Челно-Вершинский,Самарская область,1,0.3928977832178461,1,1,7.229011791547885
2187,Чернский,Тульская область,1,0.39282606887244054,3,3,6.23367730592527
2182,Одоевский,Тульская область,1,0.39267568800719155,3,1,3.6285242033324785
722,Ужурский,Красноярский край,1,0.39255307994449123,3,2,3.902128119120846
2882,Пуровский,Ямало-Ненецкий автономный округ,1,0.3923148532502515,5,4,5.49115825322403
1411,Елец,Липецкая область,1,0.3906118755228039,5,2,4.007343536857519
1341,Катайский,Курганская область,2,0.3904969358380564,3,3,4.946145302022281
2321,Большесельский,Ярославская область,1,0.3903645074732375,3,3,5.315608834509378
920,Ахтубинский,Астраханская область,1,0.3901178389542651,3,3,3.181085501472458
677,Назарово,Красноярский край,1,0.3899474431816526,3,2,3.5039068983649946
65,Кушнаренковский,Республика Башкортостан,1,0.38986492538930734,3,1,3.804398980441079
1158,Нижнеудинский,Иркутская область,1,0.38969027501854003,3,2,3.7033424588073127
1675,Сорочинский,Оренбургская область,1,0.3896057145340368,3,2,4.003801301359242
2129,Максатихинский,Тверская область,2,0.38941625317152584,1,1,6.5060204077446695
702,Кежемский,Красноярский край,1,0.3890460469083855,3,3,4.122731692036242
2879,Губкинский,Ямало-Ненецкий автономный округ,1,0.3884971147192254,5,4,4.747162881339683
1190,Светлогорский,Калининградская область,1,0.388194447851295,5,5,4.101115138401244
2089,Первомайский,Тамбовская область,2,0.38816876525014893,1,1,5.42484770289596
675,Лесосибирск,Красноярский край,1,0.38794662538837205,3,2,3.627973212511942
1981,Верхнесалдинский,Свердловская область,1,0.38745902819045847,3,3,2.6623992375971435
2118,Зубцовский,Тверская область,2,0.3872019759676595,1,3,4.368111023603352
1047,Бабаевский,Вологодская область,2,0.38708398707486663,3,2,4.2713993658929
2257,Инзенский,Ульяновская область,1,0.38675832186380865,1,1,3.132951380983487
775,Владивостокский,Приморский край,1,0.3864191971395162,4,5,2.895976783848786
1428,Хлевенский,Липецкая область,1,0.38616656586927894,1,1,3.4475465642021113
455,Бейский,Республика Хакасия,1,0.3860147187420142,2,2,4.263421970985948
1900,Нефтегорский,Самарская область,1,0.38579353236004243,3,3,3.230564451904966
2064,Сычевский,Смоленская область,1,0.3857833778527847,3,1,4.420422704417626
1211,Людиновский,Калужская область,1,0.3849806382962873,3,3,1.9720888736401014
215,Муезерский,Республика Карелия,1,0.3841274784219852,3,3,5.548831941745264
1423,Лев-Толстовский,Липецкая область,1,0.38371355192746437,1,1,3.9614885654524477
3012,Кусинский,Челябинская область,1,0.38330927025184197,3,3,4.898264882667544
1983,Ивдельский,Свердловская область,1,0.38323290217751976,3,2,4.6874247240372675
2094,Сампурский,Тамбовская область,2,0.38292097514918877,1,1,5.2730987588483575
1904,Сергиевский,Самарская область,1,0.38286414740498564,3,3,4.703792381611938
747,Красновишерский,Пермский край,1,0.38272277539529787,3,3,3.9788634129054645
1670,Кувандыкский,Оренбургская область,1,0.38252412123303464,3,3,2.5675175295865356
1055,Вытегорский,Вологодская область,1,0.3824851998933252,2,2,3.943058971927518
2298,Еткульский,Челябинская область,1,0.38247470861832494,3,3,5.374275505239876
387,Нурлатский,Республика Татарстан,1,0.3823231229552276,2,2,5.279617066269482
873,Бурейский,Амурская область,1,0.38211524569694805,4,3,2.6397152756518953
359,Актанышский,Республика Татарстан,1,0.3817703707725307,2,1,4.694073092959601
1604,Болотнинский,Новосибирская область,1,0.3817253409337365,2,2,3.2331369827505063
49,Давлекановский,Республика Башкортостан,1,0.3816700222350507,3,2,5.124841587134188
569,Целинный,Алтайский край,1,0.3815757829697221,1,1,2.9233658739080655
496,Урмарский,Чувашская Республика,2,0.3814923034267662,3,1,3.8155297612929076
1927,Ершовский,Саратовская область,1,0.38098174531179585,1,1,3.1072990958611406
781,Лесозаводский,Приморский край,1,0.38096333085262446,4,2,3.978917178401331
1440,Бронницы,Московская область,1,0.38032364954269776,5,2,2.11978230734208
1184,Балтийский,Калининградская область,1,0.3802685543614583,3,3,5.256361835093526
1676,Ясненский,Оренбургская область,1,0.38012564971150137,3,3,2.273828610897377
745,Кизел,Пермский край,1,0.3798692122093561,3,3,4.55322824010059
2295,Варненский,Челябинская область,1,0.3797626084024905,2,1,4.4481370397445374
421,Можга,Удмуртская Республика,1,0.3797435877296207,2,2,3.1284770915573272
697,Иланский,Красноярский край,1,0.37929280996072134,3,3,2.426278290093911
305,Темниковский,Республика Мордовия,1,0.3792459369303379,1,1,4.976287350583275
1541,Большеболдинский,Нижегородская область,2,0.3789126483089617,1,1,3.63036699926996
710,Нижнеингашский,Красноярский край,1,0.37883493152121894,3,1,4.957012376287587
372,Дрожжановский,Республика Татарстан,1,0.37871333352038594,2,1,4.308666324009755
220,Пудожский,Республика Карелия,1,0.378600077856192,3,3,5.846488958107981
1855,Милославский,Рязанская область,1,0.37851594398576616,1,1,2.1929933259822314
547,Поспелихинский,Алтайский край,1,0.37819968776856766,1,1,2.351330263539328
1420,Измалковский,Липецкая область,1,0.3778659023911027,1,1,3.323773422477033
1053,Вожегодский,Вологодская область,2,0.3776748594491061,3,3,4.306169280387473
1148,Заларинский,Иркутская область,1,0.37733015525124286,2,2,2.289253511732392
1111,Тейково,Ивановская область,1,0.376981356714013,3,3,3.1503535219344405
1356,Шумихинский,Курганская область,1,0.37678369314764404,2,3,5.0717000083216
767,Чусовской,Пермский край,1,0.37646145258279495,3,2,3.967264396353748
424,Балезинский,Удмуртская Республика,1,0.37628715005112773,3,3,4.5218916805668075
2069,Шумячский,Смоленская область,1,0.3759995632517629,3,3,6.231834512255285
386,Новошешминский,Республика Татарстан,1,0.3759948447178266,2,1,4.938120447466593
225,Воркута,Республика Коми,1,0.3756308753899392,4,4,4.327133363129941
1165,Усть-Кутский,Иркутская область,1,0.3756013223573,5,2,2.4103645204727577
749,Куединский,Пермский край,1,0.37538209109963566,2,1,3.8528002795327394
554,Советский,Алтайский край,1,0.3753704316783085,2,2,3.027440832172515
535,Кулундинский,Алтайский край,1,0.3750892843282576,2,2,3.5451005865617917
2310,Пластовский,Челябинская область,1,0.3724314215359698,3,3,4.174141452409186
805,Черниговский,Приморский край,2,0.37210293582200693,4,3,3.106374422435333
579,Борзинский,Забайкальский край,1,0.3718706897096447,2,2,3.8467212393224384
1629,Черепановский,Новосибирская область,1,0.3715477801720481,3,1,3.9202791617793635
2329,Некрасовский,Ярославская область,1,0.3714890975671588,3,3,2.906962543150832
77,Учалинский,Республика Башкортостан,1,0.37146137103855975,5,2,3.6344065411113875
1223,Юхновский,Калужская область,1,0.37120077305002785,1,1,2.5350861470281316
46,Бураевский,Республика Башкортостан,1,0.37110009781640496,2,1,3.2625927211241383
416,Чеди-Хольский,Республика Тыва,1,0.3709902932502736,2,2,0.2113477691852661
1176,Калининград,Калининградская область,1,0.37065145867315763,5,5,3.535067091675223
271,Козьмодемьянск,Республика Марий Эл,1,0.3706220621304223,3,3,3.877087461455633
1520,Ловозерский,Мурманская область,1,0.37035522902314955,3,3,5.28545452850612
784,Спасск-Дальний,Приморский край,1,0.3699340577223224,4,2,3.2300279874935054
1624,Татарский,Новосибирская область,1,0.3699008221548678,3,3,4.9059674947947745
2191,Заводоуковский,Тюменская область,1,0.36974331437145175,2,2,2.9971414258622655
1188,Зеленоградский,Калининградская область,1,0.369561765199891,5,5,3.34336069645942
1056,Грязовецкий,Вологодская область,2,0.36940574231037043,3,3,4.897050307912945
212,Лахденпохский,Республика Карелия,1,0.36936922415411816,3,3,3.683536624122885
2207,Сладковский,Тюменская область,1,0.36928288303218726,1,1,0.3573085842589391
2201,Голышмановский,Тюменская область,1,0.36914047927268473,2,1,4.585652751558553
2264,Новоспасский,Ульяновская область,1,0.3691333630867726,1,1,0.6588356647200727
497,Цивильский,Чувашская Республика,2,0.3689264754698457,3,3,4.0375478438624715
11,Кош-Агачский,Республика Алтай,1,0.36878736112592597,2,2,2.846901400353563
348,Дигорский,Республика Северная Осетия — Алания,1,0.3684734066782416,5,2,-0.8693878284072254
1610,Каргатский,Новосибирская область,1,0.3684590131839526,3,1,3.940972745164845
601,Читинский,Забайкальский край,1,0.3683071951749714,2,2,4.296839429421487
1210,Куйбышевский,Калужская область,1,0.36797556330353276,1,1,1.1499338541500426
1510,Оленегорск,Мурманская область,1,0.36685569242526317,3,3,4.7142226730821
548,Ребрихинский,Алтайский край,1,0.36672801964546836,3,1,4.0373464913398855
756,Очерский,Пермский край,1,0.3663183273718858,2,2,3.635393394510264
1785,Пушкиногорский,Псковская область,1,0.36623898632017515,3,1,4.355073917634458
2045,Десногорск,Смоленская область,1,0.3662224987240697,3,3,3.483951249089362
1551,Воскресенский,Нижегородская область,2,0.3660656159646755,1,1,3.8316853190085904
1474,Пущино,Московская область,1,0.365780544128362,3,3,0.6290210576861299
2008,Режевской,Свердловская область,1,0.3657623454191362,3,3,4.31282487611239
1410,Липецк,Липецкая область,1,0.36570638126994975,5,2,3.81943363302078
798,Пограничный,Приморский край,1,0.36507684894152564,4,3,3.404307207048697
2231,Кондинский,Ханты-Мансийский автономный округ — Югра,1,0.36501042163137426,5,2,4.612038296086237
1856,Михайловский,Рязанская область,1,0.3647800665769416,1,1,3.2155159417757733
1608,Искитимский,Новосибирская область,1,0.36400093847033366,3,3,3.377000292522378
1647,Называевский,Омская область,1,0.36396628496719036,2,1,3.909957450882767
1243,Кемеровский,Кемеровская область,1,0.36307801547718954,5,2,3.117042215248647
1974,Асбестовский,Свердловская область,1,0.3628609486840081,5,2,3.9231029253693177
1512,Ковдорский,Мурманская область,1,0.3625670773237081,3,4,4.316726893734874
1706,Шарлыкский,Оренбургская область,1,0.36185085480540785,3,3,4.502637439301246
1704,Тоцкий,Оренбургская область,1,0.36183209631445734,3,3,5.157639337146697
1017,Дубовский,Волгоградская область,1,0.3617932624975646,1,1,5.458214986869941
1143,Свирск,Иркутская область,1,0.36170695852259455,3,3,2.2958459317784676
739,Горнозаводский,Пермский край,1,0.3614423373038412,3,3,3.288243484270739
2325,Даниловский,Ярославская область,1,0.36086955554819283,3,3,4.963796839115905
1740,Бессоновский,Пензенская область,1,0.36074882385221035,2,2,3.7594084234287144
1973,Артемовский,Свердловская область,1,0.36044548904485274,3,3,4.127095162984753
2276,Верхнеуфалейский,Челябинская область,1,0.36011542461560375,3,3,4.359359131585408
714,Рыбинский,Красноярский край,1,0.35989413547752735,3,3,2.8835981108232684
1921,Балтайский,Саратовская область,1,0.35984238453129413,1,1,3.380291053629067
1225,Анжеро-Судженский,Кемеровская область,1,0.3597847227189566,5,2,2.8567661761731618
760,Суксунский,Пермский край,1,0.35925183265562133,1,1,4.080503862683352
1324,Павинский,Костромская область,2,0.35903740941726836,1,1,1.3456607727965253
2146,Стрежевой,Томская область,1,0.3587956680185798,3,3,3.549866337306573
1710,Болховский,Орловская область,1,0.3586734316164681,3,1,5.158747793587787
2121,Кашинский,Тверская область,1,0.3582356152108422,3,3,4.088445481009847
1906,Сызранский,Самарская область,1,0.35820559123534945,3,2,2.6842666791766696
1259,Вятские Поляны,Кировская область,1,0.35794164166745385,3,3,3.541574390349428
1392,Бокситогорский,Ленинградская область,1,0.35787089807148875,3,3,4.037215064534877
1588,Парфинский,Новгородская область,1,0.3577456671245216,3,3,4.934826635536299
1640,Колосовский,Омская область,1,0.3574892128002671,1,1,4.712387273445573
1262,Слободской,Кировская область,1,0.3574256310491484,3,3,4.901684162192524
36,Бакалинский,Республика Башкортостан,1,0.35719391052753213,2,1,4.190703760884279
778,Большой Камень,Приморский край,1,0.356790388064327,4,2,2.9574909776016054
670,Дивногорск,Красноярский край,1,0.3567792706442049,3,2,2.287549343757905
585,Краснокаменск и Краснокаменский,Забайкальский край,1,0.3567376970276424,3,3,3.289475709604592
1586,Новгородский,Новгородская область,1,0.35667393606584946,5,2,3.949181318917869
3007,Прокопьевский,Кемеровская область,1,0.35662336452851345,3,2,1.721988168054414
221,Сегежский,Республика Карелия,2,0.3566204945966498,3,3,5.3047285672314395
2149,Асиновский,Томская область,1,0.3561953782298575,2,3,4.4411661721327125
1026,Котовский,Волгоградская область,1,0.35593396680598655,3,3,2.7930776570221276
693,Емельяновский,Красноярский край,1,0.35576107800483453,5,2,3.8620710281282333
1005,Суздальский,Владимирская область,1,0.3554222118504883,3,2,2.0151900343561344
327,Мирнинский,Республика Саха (Якутия),1,0.3553639746419254,5,4,2.525201252366363
1251,Тисульский,Кемеровская область,1,0.3549598921883023,1,1,4.18299312418765
56,Илишевский,Республика Башкортостан,1,0.354957957989336,2,1,3.5288024551835635
2229,Белоярский,Ханты-Мансийский автономный округ — Югра,1,0.35429429065291984,5,4,5.238752521341484
289,Атяшевский,Республика Мордовия,1,0.3537145877101916,1,1,0.895786759377809
825,Советский,Ставропольский край,2,0.35360379045352786,1,1,4.312649198767312
1549,Володарский,Нижегородская область,2,0.3535445704990667,3,3,2.5640145792675204
1928,Ивантеевский,Саратовская область,1,0.35336475781481064,1,1,4.1713056298555236
1989,Волчанский,Свердловская область,1,0.3533203328582126,3,3,6.34078352417165
2223,Покачи,Ханты-Мансийский автономный округ — Югра,1,0.35248003604514344,3,3,1.7568775939951293
214,Медвежьегорский,Республика Карелия,1,0.35226255252827204,3,3,4.966091615970128
751,Нытвенский,Пермский край,1,0.3522568591429862,3,3,4.719942258613721
1542,Большемурашкинский,Нижегородская область,2,0.35216280178464127,3,3,3.326312041186183
1528,Кулебаки,Нижегородская область,1,0.3520904685550625,3,3,2.887675709028423
1612,Коченевский,Новосибирская область,1,0.35205530376131283,3,3,6.0242258294680076
2220,Нефтеюганск,Ханты-Мансийский автономный округ — Югра,1,0.3519468864477231,5,5,2.8886667102429318
692,Дзержинский,Красноярский край,1,0.35192442452317285,1,1,3.1260126966263457
1566,Сергачский,Нижегородская область,2,0.35172902241684045,1,1,1.8885373726742316
1230,Ленинск-Кузнецкий,Кемеровская область,1,0.3513957559568656,5,2,3.5222751937588948
1978,Богданович,Свердловская область,1,0.351301994544217,3,2,4.016901976510121
383,Мензелинский,Республика Татарстан,1,0.3512336811618281,3,3,4.4560823885132494
1916,Аркадакский,Саратовская область,1,0.3510754718988352,1,1,3.433984757056796
167,Нальчик,Кабардино-Балкарская Республика,1,0.3510085141934444,5,2,1.9874158473855819
1857,Александро-Невский,Рязанская область,1,0.3507548750748756,1,1,3.293843318324283
1024,Клетский,Волгоградская область,1,0.3500186948194434,1,1,4.061968947065411
1581,Крестецкий,Новгородская область,2,0.3498045218776227,3,1,4.078782560675939
1674,Соль-Илецкий,Оренбургская область,1,0.3498016914113415,3,2,4.153770308731749
2227,Урай,Ханты-Мансийский автономный округ — Югра,1,0.34962989566415037,5,2,2.038049381301646
2183,Плавский,Тульская область,1,0.3490396419388519,3,3,2.7016557755094013
1548,Вознесенский,Нижегородская область,2,0.34896912053169277,1,1,3.9834073436137043
1018,Еланский,Волгоградская область,1,0.34851163349469977,1,1,3.2129919583162803
294,Зубово-Полянский,Республика Мордовия,1,0.34849162681443396,1,1,1.7101552002722453
1786,Пыталовский,Псковская область,2,0.3481596915692514,3,3,5.827130647720832
521,Волчихинский,Алтайский край,1,0.348140499380078,1,1,4.4677706022492965
352,Правобережный,Республика Северная Осетия — Алания,1,0.34813666227115864,5,2,0.712393455883667
1294,Советский,Кировская область,1,0.34733740108854605,3,3,3.8816225514854614
1692,Новоорский,Оренбургская область,1,0.3469720310024558,3,3,4.52009200292173
1708,Ливны,Орловская область,1,0.34687699210385536,3,3,2.9469899059364533
1237,Тайгинский,Кемеровская область,1,0.34672218957833123,3,3,4.530279666698994
1562,Лысковский,Нижегородская область,1,0.3463742959849761,3,3,2.946145347193924
1316,Красносельский,Костромская область,1,0.34605124601052123,3,3,3.2713504285075135
1048,Бабушкинский,Вологодская область,2,0.345964978321598,2,2,4.739779727550802
1167,Черемховский,Иркутская область,1,0.34588756600086806,2,2,3.304469187758216
1688,Кваркенский,Оренбургская область,1,0.34535114933416344,2,3,4.9959248629101225
2211,Уватский,Тюменская область,1,0.34501719463336294,3,3,4.601110049227366
2001,Нижняя Салда,Свердловская область,1,0.3444724874366118,3,3,4.371340194097803
17,Усть-Коксинский,Республика Алтай,1,0.3443576380423399,2,2,2.920286393099822
295,Инсарский,Республика Мордовия,1,0.3443094507481239,1,1,4.22054353043727
1161,Тайшетский,Иркутская область,1,0.3431960889547174,3,3,3.545964180117056
2110,Андреапольский,Тверская область,1,0.3429972974834888,3,1,1.407657185613831
829,Арзгирский,Ставропольский край,1,0.34286425215747723,1,1,2.8359427397781465
2075,Моршанск,Тамбовская область,1,0.3428210979483231,1,1,3.4789925190554127
57,Ишимбайский,Республика Башкортостан,1,0.34279054072853266,5,2,2.797717746213753
2230,Березовский,Ханты-Мансийский автономный округ — Югра,1,0.3427129904561607,5,4,6.003619507670424
2068,Холм-Жирковский,Смоленская область,1,0.3425390561877848,1,1,5.0126335659274766
2002,Нижнетуринский,Свердловская область,1,0.34169464512653475,3,3,4.906620483455651
2193,Тобольск,Тюменская область,1,0.3416548652089104,5,2,2.981477252532763
754,Осинский,Пермский край,1,0.3414035721370471,3,3,3.2940432073189667
26,Октябрьский,Республика Башкортостан,1,0.3404594382105666,5,2,3.4334840310392174
1920,Балашовский,Саратовская область,1,0.34041825887974364,3,2,2.88744221100784
2028,Новолялинский,Свердловская область,1,0.340249182817408,3,3,6.449228850144115
1594,Холмский,Новгородская область,1,0.3399510217378019,3,3,-0.28154451698256255
397,Чистопольский,Республика Татарстан,1,0.33963576675443385,2,2,4.311692181115931
2050,Демидовский,Смоленская область,1,0.33926564570225526,1,1,2.418234107458947
1759,Сердобский,Пензенская область,1,0.3392013452651976,3,3,3.5174143047142863
701,Каратузский,Красноярский край,1,0.33912432059694547,1,1,4.195258344998015
1508,Кировск,Мурманская область,1,0.33894389082977977,5,4,4.552307683956205
2011,Сухой Лог,Свердловская область,1,0.33863242668233884,3,3,3.7413310305623337
540,Михайловский,Алтайский край,1,0.33856304418709987,2,1,4.685829274004835
1745,Каменский,Пензенская область,1,0.33854674752611913,1,1,2.8709682664885743
450,Саяногорск,Республика Хакасия,1,0.3385418950469301,3,2,4.246426620563456
2245,Надымский,Ямало-Ненецкий автономный округ,1,0.3384375074355467,5,4,4.697655223479708
1298,Уржумский,Кировская область,1,0.3382933380157938,3,1,4.195541579627829
1901,Пестравский,Самарская область,1,0.3381633822774865,3,1,3.9853995095821104
2079,Гавриловский,Тамбовская область,2,0.33811773652668325,1,1,4.814437607610006
1117,Ивановский,Ивановская область,1,0.3380559481222156,5,2,4.2589663955227595
1235,Полысаевский,Кемеровская область,1,0.337985892754888,3,2,1.8579550783740268
800,Спасский,Приморский край,1,0.33792028111159583,2,2,3.1035810367680994
1296,Тужинский,Кировская область,1,0.337879840163593,1,1,3.6130364081309403
1025,Котельниковский,Волгоградская область,1,0.3378748757820995,1,1,3.2532033724626626
1535,Сокольский,Нижегородская область,1,0.3378461972803538,3,3,5.309234794831672
1667,Бугуруслан,Оренбургская область,1,0.33756412973949934,3,2,3.4296388236502438
833,Красногвардейский,Ставропольский край,1,0.33741310343119846,1,1,3.1032954322231077
28,Сибай,Республика Башкортостан,1,0.33740703172853487,5,2,3.7653437483831613
2395,Понтонный,Санкт-Петербург,1,0.33715775529252434,5,2,4.722355662085398
168,Баксан,Кабардино-Балкарская Республика,1,0.3370185354278659,5,2,4.752894257472012
676,Минусинск,Красноярский край,1,0.33656895958905964,5,2,3.126922064902729
899,Вилегодский,Архангельская область,1,0.3358567577564207,3,3,4.158344588632482
1030,Николаевский,Волгоградская область,1,0.3358134472149055,1,1,5.130550060813896
668,Боготол,Красноярский край,1,0.33523800822099165,3,3,3.7274335161190333
2809,Кунгурский,Пермский край,1,0.33482960867677153,5,2,3.874053468718634
38,Белебеевский,Республика Башкортостан,1,0.3348248658283623,5,2,3.4069038758288066
2171,Арсеньевский,Тульская область,1,0.33468348675233395,3,3,1.2765414431096744
44,Благовещенский,Республика Башкортостан,1,0.3343686013985123,5,2,4.303174306246863
440,Сарапульский,Удмуртская Республика,1,0.3343606017682198,3,2,4.720870085382048
2062,Сафоновский,Смоленская область,1,0.3337004589856661,3,3,3.983974660331682
1903,Приволжский,Самарская область,1,0.33342994843398877,3,1,4.760284767210979
1751,Малосердобинский,Пензенская область,1,0.33326606031457773,1,1,-0.41218193282879234
2330,Первомайский,Ярославская область,1,0.3330743932210563,3,3,3.299990812068107
2032,Сысертский,Свердловская область,1,0.3329118676735362,5,2,2.758978172993001
1937,Озинский,Саратовская область,1,0.3325600698211784,3,1,-0.4097404261092896
480,Канаш,Чувашская Республика,1,0.3320791002533882,2,2,3.6990024999906055
2059,Починковский,Смоленская область,1,0.331962447899733,3,3,5.456207885761111
1895,Кинель-Черкасский,Самарская область,1,0.3317598417642821,3,3,5.078691704321459
1304,Буй,Костромская область,1,0.3316251578536895,3,3,4.322955392883943
2208,Сорокинский,Тюменская область,1,0.33124627993151273,2,2,1.017895993082596
23,Кумертау,Республика Башкортостан,1,0.33117378504679257,5,2,3.4970808276070935
1170,Аларский,Иркутская область,1,0.33111757377866247,2,2,2.110971042879986
891,Коряжма,Архангельская область,1,0.33102567633837654,3,3,4.451562848101514
1663,Черлакский,Омская область,1,0.3308076016016182,3,1,3.9667843081550442
1054,Вологодский,Вологодская область,2,0.3306829948790444,5,2,2.6260519614748374
208,Беломорский,Республика Карелия,2,0.3304660277995977,3,3,4.241189644886961
1988,Карпинск,Свердловская область,1,0.3302201998223501,3,3,4.809022218479625
1419,Задонский,Липецкая область,1,0.3301057721658954,1,1,4.331630828789154
2120,Калязинский,Тверская область,2,0.32984147493760757,3,3,3.18296725745037
1265,Афанасьевский,Кировская область,2,0.32974125349732253,3,3,4.156066652358151
309,Якутск,Республика Саха (Якутия),1,0.3295787556231089,4,4,1.4487650636115699
169,Прохладный,Кабардино-Балкарская Республика,1,0.32895314653168356,1,1,3.541443492236401
1168,Чунский,Иркутская область,1,0.3289132441598732,3,3,4.1182957427379705
1686,Домбаровский,Оренбургская область,1,0.32864736590314575,3,3,2.3544445543926455
881,Октябрьский,Амурская область,1,0.3273821090955743,2,2,3.2375902919837123
1536,Чкаловск,Нижегородская область,1,0.32664443402412197,3,3,3.9748801453753395
216,Олонецкий,Республика Карелия,1,0.32641097700176097,3,3,5.457785902225748
1689,Красногвардейский,Оренбургская область,1,0.32597312197257383,1,1,3.9370877689319657
2012,Тавдинский,Свердловская область,1,0.3258962447042944,3,3,3.6201170281664834
1985,Ирбит,Свердловская область,1,0.3258680479765646,5,2,4.521232127947325
1232,Мысковский,Кемеровская область,1,0.3258476442302958,3,2,3.1850208969182807
1529,Навашинский,Нижегородская область,1,0.32555326892248876,3,3,4.421560087404974
680,Шарыпово,Красноярский край,1,0.32517055768973313,3,2,3.8297797370707016
1049,Белозерский,Вологодская область,2,0.3251616616609377,3,3,4.70081357770093
20,Шебалинский,Республика Алтай,1,0.3249498281811593,2,2,3.7881753659131103
1219,Тарусский,Калужская область,1,0.3241963731032878,3,3,2.1034443205959485
1854,Кораблинский,Рязанская область,1,0.3237360939135778,1,1,4.82400984055737
2060,Рославльский,Смоленская область,1,0.32319467071129865,3,2,4.288355673598415
2153,Каргасокский,Томская область,1,0.32305669122036396,3,3,4.666989644485212
2333,Ростовский,Ярославская область,1,0.32278967192909674,3,3,4.120256798867131
2886,Губахинский,Пермский край,1,0.322633051980038,3,3,3.926237161531279
493,Мариинско-Посадский,Чувашская Республика,2,0.3221872364744138,3,1,0.2317190913580569
1518,Кандалакшский,Мурманская область,1,0.32194211737091183,5,4,4.144952326254062
2174,Веневский,Тульская область,1,0.3218779179514623,3,3,3.1360627801525127
410,Тандинский,Республика Тыва,1,0.32154920533327963,2,2,1.7089314014436863
1934,Марксовский,Саратовская область,1,0.3214878225450978,3,3,4.615808857691639
431,Игринский,Удмуртская Республика,1,0.3212737224370301,2,1,4.124838165712467
485,Батыревский,Чувашская Республика,2,0.3212618633227322,2,1,4.139113816505896
922,Енотаевский,Астраханская область,1,0.3209827082181424,1,1,5.591323806383569
1155,Куйтунский,Иркутская область,1,0.3206625982703872,2,2,3.5477004109927908
1863,Рязанский,Рязанская область,1,0.32058438334105477,5,2,3.593234290892716
3011,Златоустовский,Челябинская область,1,0.32047872817302425,5,2,3.832527232586347
892,Котлас,Архангельская область,1,0.3202140438522836,5,2,3.4632917511041974
229,Ухта,Республика Коми,1,0.32009730314935136,3,2,3.898128009654493
1990,Качканарский,Свердловская область,1,0.3199408849377322,3,3,3.4922012908487288
75,Туймазинский,Республика Башкортостан,1,0.31919799284237715,5,2,3.4891388697800187
1547,Ветлужский,Нижегородская область,2,0.318721673338751,1,1,3.6114714781385446
1063,Сокольский,Вологодская область,2,0.31790967269217874,3,3,2.10065449653718
814,Изобильненский,Ставропольский край,2,0.3172842499058053,3,2,3.312659004970067
2122,Кесовогорский,Тверская область,2,0.3169612370702172,3,3,0.5452203118400945
559,Тальменский,Алтайский край,1,0.31685494345208975,3,3,4.184115720524018
8,Теучежский,Республика Адыгея,1,0.3167822636399122,5,2,3.6124893055069163
2088,Никифоровский,Тамбовская область,2,0.3167341198123988,1,1,3.166687275343716
2312,Сосновский,Челябинская область,1,0.316268894789582,5,2,3.5105835840149675
1861,Рыбновский,Рязанская область,1,0.3159440188446601,3,3,1.9310824651358445
1006,Юрьев-Польский,Владимирская область,1,0.31576158192995984,3,3,4.521198514267266
1948,Татищевский,Саратовская область,1,0.3154245642708694,3,3,4.6421576412649435
211,Кондопожский,Республика Карелия,1,0.3153371039768156,3,3,4.966176734369535
1131,Шуйский,Ивановская область,1,0.31529837666237426,3,3,4.3626234338848855
2591,Вороновское,Москва,1,0.3150304309271656,5,5,1.6972497732292173
565,Угловский,Алтайский край,1,0.314180375178658,1,1,5.718797385766075
1977,Березовский,Свердловская область,1,0.3141400852837495,5,5,2.9520539850949437
1620,Новосибирский,Новосибирская область,1,0.31392889533141616,5,5,2.8724589982699973
2287,Усть-Катавский,Челябинская область,1,0.3138551766679004,3,3,3.5316057434159025
55,Иглинский,Республика Башкортостан,1,0.31374435540713735,5,2,4.421422783008766
1308,Шарья,Костромская область,1,0.31366936943824913,3,3,3.2364040314007387
479,Алатырь,Чувашская Республика,1,0.3135938217612895,1,1,3.037817151124009
1655,Русско-Полянский,Омская область,1,0.31262842020580967,2,1,3.9971617509076656
1995,Красноуфимск,Свердловская область,1,0.31225138791738427,5,2,3.927913744421771
543,Павловский,Алтайский край,1,0.31195275577607917,3,3,3.5729038097769616
2241,Муравленко,Ямало-Ненецкий автономный округ,1,0.31188293545711665,5,4,3.4020449037098195
2232,Нефтеюганский,Ханты-Мансийский автономный округ — Югра,1,0.311793482302305,5,4,3.341887232328758
1701,Светлинский,Оренбургская область,1,0.3116922507173654,3,3,1.5376925433611466
1564,Пильнинский,Нижегородская область,2,0.31165051375937564,1,1,2.0495179223082802
2006,Ревда,Свердловская область,1,0.31073178210904845,5,2,3.316925895738601
1611,Колыванский,Новосибирская область,1,0.31067496890445545,2,1,4.441694420554882
549,Родинский,Алтайский край,1,0.30942921374998655,1,1,2.6762817886131662
2337,Ярославский,Ярославская область,1,0.30889532482926324,5,2,4.216699899416768
1132,Южский,Ивановская область,1,0.3081176686892287,3,3,4.687575422185603
993,Гороховецкий,Владимирская область,1,0.30774876651119787,3,3,3.3734826319019806
430,Завьяловский,Удмуртская Республика,1,0.3076602755976758,5,2,3.4700441826600885
2324,Гаврилов-Ямский,Ярославская область,1,0.30765829862685334,3,3,4.3628485718148475
2009,Североуральский,Свердловская область,1,0.3075619980410298,3,3,3.118623076096616
1609,Карасукский,Новосибирская область,1,0.30731366515649927,2,2,3.698212100923887
911,Плесецкий,Архангельская область,1,0.3073028006450205,3,3,4.169982571484598
2061,Руднянский,Смоленская область,1,0.3071102889450761,1,1,2.596691820007413
2210,Тюменский,Тюменская область,1,0.30684245764938867,5,5,2.4229940285159124
996,Киржачский,Владимирская область,1,0.30683592210437977,3,2,3.116520487136376
507,Бийск,Алтайский край,1,0.30640431513312083,5,2,2.940257958443268
2073,Котовск,Тамбовская область,1,0.30637729660962365,3,3,3.2590166801331892
874,Завитинский,Амурская область,1,0.30604100744829077,3,3,2.0127173632186897
1626,Убинский,Новосибирская область,1,0.30589648571658945,1,1,3.253517778729262
2441,Посадский,Санкт-Петербург,1,0.30576605799057305,5,5,1.329028230627069
1899,Красноярский,Самарская область,1,0.305726463332654,3,3,4.033585864325512
1618,Маслянинский,Новосибирская область,1,0.30549205169824023,3,3,1.4548712193048514
2080,Жердевский,Тамбовская область,2,0.3049386496834232,1,1,3.979785483632872
2042,Нижнесергинский,Свердловская область,1,0.3047681273289992,3,3,4.898577245628169
1109,Кинешма,Ивановская область,1,0.30460697446418,3,2,3.4243118565155632
1621,Ордынский,Новосибирская область,1,0.3045219398207849,2,1,4.27379992707427
1345,Макушинский,Курганская область,1,0.3044027199111145,1,1,4.562288295088177
371,Высокогорский,Республика Татарстан,1,0.3043866995478189,5,2,4.27550912325804
384,Муслюмовский,Республика Татарстан,1,0.30425084866279184,2,1,1.9012797876569787
2219,Мегион,Ханты-Мансийский автономный округ — Югра,1,0.30417264481647827,3,4,2.710487497940042
769,Гайнский,Пермский край,1,0.3041273986591499,3,1,3.250341288520173
42,Бирский,Республика Башкортостан,1,0.3041046383885965,5,2,4.118216395152306
2224,Пыть-Ях,Ханты-Мансийский автономный округ — Югра,1,0.30407682718326945,5,2,2.736074659341134
1539,Балахнинский,Нижегородская область,1,0.30294590529788995,3,2,2.2436793457009383
2288,Чебаркульский,Челябинская область,1,0.3027910359435855,3,2,3.7232673860635113
1936,Новоузенский,Саратовская область,1,0.30252415946896916,3,2,2.2291732720008617
1293,Слободской,Кировская область,1,0.30207090321665503,3,3,2.170630734894863
1879,Отрадный,Самарская область,1,0.30188260755444096,3,3,3.1414218336214104
2416,Песочный,Санкт-Петербург,1,0.3017269229845978,5,5,2.5651213365505994
1982,Заречный,Свердловская область,1,0.30148924294693014,3,3,3.763037283148904
804,Хорольский,Приморский край,1,0.30134380751099815,4,3,2.656257219506143
1848,Скопин,Рязанская область,1,0.30093027524578886,1,1,2.4121552775310446
270,Волжск,Республика Марий Эл,1,0.30018856900579893,3,3,4.9105074336322465
2221,Нижневартовск,Ханты-Мансийский автономный округ — Югра,1,0.2999718382268006,5,5,2.980428136871585
5,Красногвардейский,Республика Адыгея,1,0.2998314994546359,1,1,-0.3039539960383947
719,Тасеевский,Красноярский край,1,0.2996844196749727,1,1,3.3264100008308595
1057,Кадуйский,Вологодская область,2,0.2996178888532421,3,3,4.650278404031457
1912,Шиханы,Саратовская область,1,0.2995239144830487,3,3,5.270633053541604
227,Инта,Республика Коми,1,0.2986894967004806,3,4,4.205313569233328
2883,Кимрский,Тверская область,1,0.29865474359014565,3,2,3.305403058023093
2190,Тюмень,Тюменская область,1,0.29864037723607656,5,5,2.138281341681017
2311,Саткинский,Челябинская область,1,0.2984073180757383,3,2,3.336001314790038
1203,Дзержинский,Калужская область,1,0.2983395617742629,3,3,4.063523607002651
1853,Клепиковский,Рязанская область,1,0.29832052397411957,1,1,3.4084731747653088
2226,Сургут,Ханты-Мансийский автономный округ — Югра,1,0.2980721109383902,5,5,2.606140088677461
908,Няндомский,Архангельская область,2,0.29784830534662715,3,3,4.424397352859111
333,Олекминский,Республика Саха (Якутия),1,0.29756758208982,4,4,1.9801052941545798
1930,Красноармейский,Саратовская область,1,0.297434344344797,3,1,5.077193939898134
1426,Тербунский,Липецкая область,1,0.29718995971222584,1,1,3.2803785919319814
1169,Шелеховский,Иркутская область,1,0.29614585548023725,5,2,2.517847697793871
1714,Должанский,Орловская область,1,0.29611907888488853,1,1,3.858112956132029
2297,Еманжелинский,Челябинская область,1,0.29576495102031886,3,3,3.4860120418273355
2186,Узловский,Тульская область,1,0.29572703588116833,3,3,3.269107770732868
743,Ильинский,Пермский край,1,0.2954947094152956,3,3,4.728617194932033
987,Гусь-Хрустальный,Владимирская область,1,0.29517273414305817,3,3,2.820459107942333
1207,Кировский,Калужская область,1,0.2950872009101968,3,2,3.1714718790308876
16,Усть-Канский,Республика Алтай,1,0.29485651052440237,2,2,3.1555783777895337
1268,Верхнекамский,Кировская область,1,0.29471819197523036,3,1,3.392199415808672
2184,Суворовский,Тульская область,1,0.2942012370796643,3,3,3.4527433137313963
1271,Даровской,Кировская область,1,0.2940369791079213,1,1,3.841802012240808
815,Ипатовский,Ставропольский край,2,0.2939964539559717,3,1,4.310457039831209
689,Богучанский,Красноярский край,1,0.2939833405808932,3,3,4.385296168210326
6,Майкопский,Республика Адыгея,1,0.2938454527024476,5,2,3.181955011096402
2234,Октябрьский,Ханты-Мансийский автономный округ — Югра,1,0.29376584813253026,3,3,4.811865473597535
1669,Гайский,Оренбургская область,1,0.29367090833512943,3,3,4.012902627228879
1862,Ряжский,Рязанская область,2,0.2935506866107312,3,3,3.274902300394819
705,Курагинский,Красноярский край,1,0.29277973415684816,2,1,3.405193706074389
2597,Марушкинское,Москва,1,0.2926514705388447,5,5,3.689727385988875
1065,Тарногский,Вологодская область,2,0.2923678400161816,2,1,3.3731894810970555
810,Благодарненский,Ставропольский край,2,0.29234401148161243,1,1,5.158304389421309
2303,Коркинский,Челябинская область,2,0.2921741296512867,3,3,3.6754350956680253
1875,Жигулевск,Самарская область,1,0.29191426269121507,3,2,3.1562061580673317
2270,Сурский,Ульяновская область,1,0.29187228623329775,1,1,5.2477914455341
1782,Порховский,Псковская область,1,0.2914720957113743,3,3,3.235666229016912
823,Петровский,Ставропольский край,2,0.29075216963899153,1,1,3.9553559029103402
1703,Ташлинский,Оренбургская область,1,0.2906542899290495,3,3,3.7641848046046755
2180,Киреевский,Тульская область,1,0.2901985773689716,3,3,4.380054530901337
1616,Купинский,Новосибирская область,1,0.29001690797436874,1,1,2.80908874751018
423,Алнашский,Удмуртская Республика,1,0.28988650518544823,2,1,3.3991119329794235
2015,Алапаевское,Свердловская область,1,0.2895661922288512,3,3,3.700597219677701
1625,Тогучинский,Новосибирская область,1,0.2891813652526148,3,1,3.3899836038433717
821,Нефтекумский,Ставропольский край,2,0.28853685365475007,1,1,3.3350513597473626
448,Абакан,Республика Хакасия,1,0.28852706542416523,5,2,3.0401935513275773
2335,Тутаевский,Ярославская область,1,0.28835406609767006,3,3,3.4647087808466566
2289,Южноуральский,Челябинская область,1,0.28829849499938004,3,2,3.871562032547571
1125,Приволжский,Ивановская область,1,0.28748515715961437,3,3,3.443084587093348
1658,Таврический,Омская область,1,0.28698765630923717,3,3,3.54516752931944
1315,Костромской,Костромская область,1,0.286916797970319,5,2,4.4314407325995395
1991,Кировградский,Свердловская область,1,0.2868127539962294,3,3,3.411623783058748
1246,Мариинский,Кемеровская область,1,0.28642654985321736,2,2,3.356016770024109
2243,Ноябрьск,Ямало-Ненецкий автономный округ,1,0.28603657969298263,5,5,3.180405249771967
1705,Тюльганский,Оренбургская область,1,0.28598314405321956,3,3,5.0648423753289595
1519,Кольский,Мурманская область,1,0.28569778044938554,3,3,5.2918123030332245
1569,Спасский,Нижегородская область,2,0.28562230007284733,1,1,4.641859573404078
2352,Сенной,Санкт-Петербург,1,0.28520950362092384,5,5,2.3359518829712362
1221,Ферзиковский,Калужская область,1,0.2846754230590926,3,2,0.40382366760068067
368,Бугульминский,Республика Татарстан,1,0.2841776953452265,5,2,3.431487810140277
1160,Слюдянский,Иркутская область,1,0.28400774171627674,3,3,2.7641956407883415
1868,Спасский,Рязанская область,1,0.2840032932146116,1,1,5.10218119213286
301,Лямбирский,Республика Мордовия,1,0.28376389828525733,2,2,2.673821491404285
998,Кольчугинский,Владимирская область,1,0.28329865040810265,3,3,2.935622268764826
2235,Советский,Ханты-Мансийский автономный округ — Югра,1,0.28328142361500586,5,2,3.503000248819305
2114,Весьегонский,Тверская область,1,0.2831108084708027,1,1,2.6667218967811657
1280,Малмыжский,Кировская область,1,0.28269762970709933,3,1,3.4637503675736676
1041,Суровикинский,Волгоградская область,1,0.2819775632761938,1,1,0.9568696681748118
674,Канск,Красноярский край,1,0.2816077395688612,5,2,3.1938822176093673
1003,Собинский,Владимирская область,1,0.28121688117037646,3,3,1.5739763058096852
1483,Черноголовка,Московская область,1,0.2811994397254349,3,3,-0.40209405589758107
703,Козульский,Красноярский край,1,0.28104579076427594,1,1,1.80505299897738
1250,Таштагольский,Кемеровская область,1,0.2810143721296817,5,2,2.736752838706158
1996,Кушвинский,Свердловская область,1,0.28069092927960143,3,3,4.121471078371982
374,Заинский,Республика Татарстан,1,0.2795322527533124,3,2,3.518419703329201
2033,Арамильский,Свердловская область,1,0.27953165927512985,5,2,3.4159281533064245
1639,Калачинский,Омская область,1,0.27901963659127793,3,3,3.8810186701629363
2158,Парабельский,Томская область,1,0.2789516878821761,3,3,4.220252426490384
1333,Курган,Курганская область,1,0.2787861897967552,5,2,3.0305788334892196
2165,Алексин,Тульская область,1,0.2787197673145289,3,2,2.332129885749909
460,Ширинский,Республика Хакасия,1,0.27830667802466763,2,1,4.0463402414425556
29,Стерлитамак,Республика Башкортостан,1,0.27770608858616963,5,2,3.132782848745487
3,Гиагинский,Республика Адыгея,1,0.2773443300219956,3,3,2.9380483884693276
1642,Крутинский,Омская область,1,0.27713990228122637,2,1,1.5326449295260447
1537,Ардатовский,Нижегородская область,2,0.27706768606767507,1,1,3.752886192885849
2648,Лосино-Петровский,Московская область,1,0.27706035358750414,5,5,1.4719410714716274
321,Горный,Республика Саха (Якутия),1,0.2767578908285392,2,4,-1.2538301636303137
241,Усть-Вымский,Республика Коми,1,0.27651408367152563,3,3,3.689066888618453
1159,Ольхонский,Иркутская область,1,0.27648056529422743,2,2,2.100006085824102
2228,Югорск,Ханты-Мансийский автономный округ — Югра,1,0.27637963207068256,5,2,2.8320706597157104
1575,Великий Новгород,Новгородская область,1,0.2762702702170819,5,2,1.9698779829337598
1023,Киквидзенский,Волгоградская область,1,0.27602216074316926,1,1,2.209616485895402
1984,Пелым,Свердловская область,1,0.2759451156039804,3,3,2.2578402670265008
484,Аликовский,Чувашская Республика,2,0.27579681834961084,2,1,1.077344365339633
66,Мелеузовский,Республика Башкортостан,1,0.2754076626934272,5,2,3.7923723166214036
811,Георгиевский,Ставропольский край,2,0.2752034408857232,5,2,3.0914558646870094
1249,Промышленновский,Кемеровская область,1,0.2748427066594291,2,2,3.202797562586654
2087,Мучкапский,Тамбовская область,2,0.27481515670632456,1,1,2.781417250498902
222,Сортавальский,Республика Карелия,1,0.2741673961099564,5,2,3.9449660436713883
2203,Ишимский,Тюменская область,1,0.2739485719860336,2,2,2.538417456876579
1070,Чагодощенский,Вологодская область,2,0.273618580274611,3,3,3.1477110809111837
1672,Новотроицк,Оренбургская область,1,0.27348616693494654,3,3,3.2662213086340985
2272,Ульяновский,Ульяновская область,1,0.2734729125282384,3,3,2.730015190000909
1403,Лужский,Ленинградская область,1,0.2731716110540983,5,2,3.462681260615827
992,Вязниковский,Владимирская область,1,0.2730158120851959,3,2,3.248172200803995
1407,Тихвинский,Ленинградская область,1,0.27240259646930826,3,2,4.009472096943395
512,Яровое,Алтайский край,1,0.2723072326711587,3,3,2.612927522623329
370,Верхнеуслонский,Республика Татарстан,1,0.2721190020540843,3,2,0.023833547602625238
2004,Первоуральск,Свердловская область,1,0.2719509459452401,5,2,3.021727109369432
14,Турочакский,Республика Алтай,1,0.2716246318431492,2,2,4.8703650854281575
1883,Чапаевск,Самарская область,1,0.2715178856232724,3,2,3.6153708557453896
1578,Валдайский,Новгородская область,1,0.27099620545531405,3,3,3.7245990869324257
278,Медведевский,Республика Марий Эл,1,0.26964227941778957,5,2,2.9289803119211393
2117,Западнодвинский,Тверская область,1,0.2694678399023617,1,1,3.845476689644217
2885,Кудымкарский,Пермский край,1,0.26917312833150975,5,2,3.1932631938347624
1417,Долгоруковский,Липецкая область,1,0.2691064060785321,1,1,4.873569602335904
2161,Томский,Томская область,1,0.26870078075064585,5,5,3.2477813104417272
207,Костомукшский,Республика Карелия,1,0.26859730400113707,5,2,4.26714722076984
73,Стерлитамакский,Республика Башкортостан,1,0.267653327591857,5,2,3.017864387198636
2217,Когалым,Ханты-Мансийский автономный округ — Югра,1,0.2676485731593546,5,5,2.96378599279426
1001,Петушинский,Владимирская область,1,0.2672961336904762,3,2,1.684099515131718
989,Муром,Владимирская область,1,0.2672524515698301,5,2,2.4592318020086603
2216,Ханты-Мансийск,Ханты-Мансийский автономный округ — Югра,1,0.2666485146332478,5,5,2.6783017308286055
269,Йошкар-Ола,Республика Марий Эл,1,0.26640255733283535,5,2,3.2059695626812794
1306,Галич,Костромская область,1,0.26586382709449335,3,3,3.1364398402275064
1951,Хвалынский,Саратовская область,1,0.26536371187216534,3,1,1.566240113800446
1999,Невьянский,Свердловская область,1,0.2652679651065883,3,2,3.2684680067039147
1139,Тулун,Иркутская область,1,0.2652517146734913,2,2,2.2752468931671017
2070,Ярцевский,Смоленская область,1,0.2651550682659137,3,3,3.01703747560233
562,Третьяковский,Алтайский край,1,0.2642175772015564,1,1,2.6288183179356635
1334,Шадринск,Курганская область,1,0.26394812848493304,3,3,3.6282843966022575
1673,Орск,Оренбургская область,1,0.2636707407346379,3,3,3.3056397425418966
1454,Кашира,Московская область,1,0.26318122097258306,5,2,1.8834017944514199
1394,Волховский,Ленинградская область,1,0.26307318885502917,3,2,3.609334012360346
2601,Новофедоровское,Москва,1,0.2630619779673478,5,2,1.8896949797534146
2354,Семеновский,Санкт-Петербург,1,0.2630302427044123,5,5,2.7725634788984097
2281,Магнитогорский,Челябинская область,1,0.26281078589228707,5,2,3.0243086805900017
1492,Клин,Московская область,1,0.2626720638580021,5,5,2.336230353067456
1039,Среднеахтубинский,Волгоградская область,1,0.2623118865883201,3,2,2.6397566707786786
1209,Козельский,Калужская область,1,0.2622209987418351,3,3,3.997374571504078
1880,Похвистнево,Самарская область,1,0.26160421324118815,3,1,3.2185111677801777
1406,Сланцевский,Ленинградская область,1,0.26159119647405454,3,3,3.424291779094371
1430,Магадан,Магаданская область,1,0.2612708415940258,4,4,2.4397325570361033
1033,Октябрьский,Волгоградская область,1,0.2612308023330328,1,1,5.1714551732355645
897,Вельский,Архангельская область,1,0.260777650835075,3,2,3.770583099940186
819,Минераловодский,Ставропольский край,2,0.2606663965770349,5,2,3.681741345833145
1285,Омутнинский,Кировская область,1,0.26006970521599354,3,3,3.246934692746442
529,Каменский,Алтайский край,1,0.259735828802473,2,1,3.1383747239271176
345,Владикавказ,Республика Северная Осетия — Алания,1,0.2596780397971465,5,2,2.634813176307488
757,Пермский,Пермский край,2,0.25924994359342823,5,2,2.9522669616703108
2296,Верхнеуральский,Челябинская область,1,0.25892052320306985,3,3,3.430794923273281
1877,Новокуйбышевск,Самарская область,1,0.2584800341213008,5,2,2.6644165187680646
2124,Конаковский,Тверская область,2,0.2583948671927433,3,2,2.4692092528341787
723,Уярский,Красноярский край,1,0.2583533343437441,3,1,3.6036345214786354
1771,Красногородский,Псковская область,2,0.2582772671167361,1,1,3.7836980803399314
508,Заринск,Алтайский край,1,0.2577330481693177,3,3,3.036199406869433
1668,Бузулук,Оренбургская область,1,0.2574962736025769,5,2,3.1579766663497906
2301,Катав-Ивановский,Челябинская область,1,0.2567957621428751,3,1,3.6380534511739726
2388,Автово,Санкт-Петербург,1,0.2564739798379129,5,5,2.596595867792489
1521,Печенгский,Мурманская область,1,0.2561639344689872,5,4,3.0687528198387826
2047,Вяземский,Смоленская область,1,0.25599662078542446,3,2,2.4293366313581894
375,Зеленодольский,Республика Татарстан,1,0.2556783879751292,5,2,3.3149085691124904
612,Елизовский,Камчатский край,1,0.2555108172379081,4,5,1.8552855263900172
1401,Лодейнопольский,Ленинградская область,1,0.25530002131247426,3,2,3.585327181897596
1659,Тарский,Омская область,1,0.2550960846039136,2,2,3.6319308857926975
1509,Мончегорск,Мурманская область,1,0.2548550103900171,5,4,2.5242575065120176
2063,Смоленский,Смоленская область,1,0.25476311869487817,5,2,2.8920074157601396
405,Кызылский,Республика Тыва,1,0.25439633539567547,2,2,1.8396212333822117
541,Новичихинский,Алтайский край,1,0.25420886062958736,1,1,1.7692420829714313
766,Чернушинский,Пермский край,1,0.25385105017703496,2,2,2.636339428623502
2176,Дубенский,Тульская область,1,0.2537990835538615,3,3,4.269352335969556
2000,Нижний Тагил,Свердловская область,1,0.2533947104882573,5,2,2.6478645451686154
2173,Богородицкий,Тульская область,1,0.2530181789618547,3,3,3.100104326644107
1141,Усть-Илимск,Иркутская область,1,0.2530028348681813,5,2,2.4273550387580918
10,Горно-Алтайск,Республика Алтай,1,0.25208141912960585,5,2,2.6622451631982456
1142,Черемхово,Иркутская область,1,0.25198148330578635,2,2,2.919812408955988
1597,Новосибирск,Новосибирская область,1,0.25179784742904476,5,5,2.414752781246929
420,Глазов,Удмуртская Республика,1,0.2512692140554998,5,2,2.831746647735485
206,Петрозаводский,Республика Карелия,1,0.2502865144893839,5,5,3.6389679008497655
830,Будённовский,Ставропольский край,1,0.2502252536149587,5,2,3.025615897796796
2391,Морские ворота,Санкт-Петербург,1,0.25005286983042735,5,5,3.1210351309299305
373,Елабужский,Республика Татарстан,1,0.25002551943205253,5,2,2.439241481164242
1553,Городецкий,Нижегородская область,2,0.2498903866235967,3,2,2.6098822567723223
1665,Оренбург,Оренбургская область,1,0.24974310802672567,5,2,3.1987730768696987
380,Лениногорский,Республика Татарстан,1,0.24947829649651174,5,2,3.3574521543864337
511,Славгород,Алтайский край,2,0.24947246115945473,3,2,2.9763934567345522
2461,Владимирский,Санкт-Петербург,1,0.2492812801572729,5,5,2.4156275919283265
1010,Михайловка,Волгоградская область,1,0.24927312153107775,3,2,3.373820120726667
524,Завьяловский,Алтайский край,1,0.24924009381651782,2,1,3.9975496920692857
2710,Вышневолоцкий,Тверская область,1,0.2487713869208277,3,2,3.253260392218518
1758,Пензенский,Пензенская область,1,0.24857161307269895,5,2,2.2721127506290237
2286,Троицкий,Челябинская область,1,0.24848209977238858,3,2,3.600455474892023
2402,Ржевка,Санкт-Петербург,1,0.24808022474584357,5,5,2.9546936811281177
1533,Шахунья,Нижегородская область,1,0.2476038820435133,3,3,3.62847673984831
2105,Осташковский,Тверская область,1,0.24754903030386227,3,3,3.2801501213307658
667,Ачинск,Красноярский край,1,0.2475093551583979,5,2,3.1548763394981916
2010,Серовский,Свердловская область,1,0.24749693665781825,3,2,2.8005837980595887
1778,Островский,Псковская область,1,0.24746303163783934,3,3,3.091389351168389
817,Кировский,Ставропольский край,2,0.2471461653656772,3,3,4.206952450012888
2618,Мантуровский,Костромская область,2,0.24694022655858847,1,1,3.032808185379279
1486,Шаховская,Московская область,1,0.2469282374941819,3,2,2.5292568812486342
1917,Аткарский,Саратовская область,1,0.2463483706804076,1,1,3.264574896501343
2881,Предгорный,Ставропольский край,1,0.24628173322516297,5,2,3.7681001762306154
1072,Шекснинский,Вологодская область,1,0.2459875793740475,3,3,4.030029181367575
76,Уфимский,Республика Башкортостан,1,0.24582399415260908,5,2,3.1356240662132966
1859,Пронский,Рязанская область,1,0.24574368896419455,3,3,2.605838432569052
918,Астрахань,Астраханская область,1,0.24527796574760102,5,2,2.921914160091216
1727,Покровский,Орловская область,1,0.24521284960331052,1,1,4.187077415686597
1971,Екатеринбург,Свердловская область,1,0.24516956678238067,5,5,2.0795726259832934
1489,Волоколамский,Московская область,1,0.245110710033791,5,2,2.277335563807223
2282,Миасский,Челябинская область,1,0.2450051113725079,5,2,2.9357000761644296
2492,Матушкино,Москва,1,0.24454112247232293,5,5,2.1767317876526358
2119,Калининский,Тверская область,2,0.24434024100501628,5,2,3.4722095726937074
1601,Кольцово,Новосибирская область,1,0.24421672128205513,5,5,2.0643689940804846
2411,Зеленогорск,Санкт-Петербург,1,0.2428285542757877,5,5,3.2623257936617382
1993,Краснотурьинск,Свердловская область,1,0.24272238248919606,5,2,3.466650520450787
2167,Донской,Тульская область,1,0.242620845931894,3,2,3.26149747423867
482,Шумерля,Чувашская Республика,1,0.24242077046500476,3,3,2.4058674863201652
2137,Селижаровский,Тверская область,1,0.24239416935702854,1,1,2.1023802667795106
2526,Ярославский,Москва,1,0.24237722083397845,5,5,1.6426933726868043
731,Лысьвенский,Пермский край,1,0.24187205376389187,3,2,3.2129464693092524
1598,Бердск,Новосибирская область,1,0.24185832370266497,5,2,2.9881481154973857
836,Новоселицкий,Ставропольский край,1,0.24160188650606296,3,1,4.350353495927347
1504,Талдомский,Московская область,1,0.2410409270646035,3,2,2.269177550299528
2204,Казанский,Тюменская область,1,0.24102508479137674,2,1,3.459994728742466
1233,Новокузнецкий,Кемеровская область,1,0.2407824907933157,5,2,2.8034992433148234
1228,Калтанский,Кемеровская область,1,0.24013971900447165,3,2,1.7734956431654876
991,Александровский,Владимирская область,1,0.23942575303526992,3,2,3.250799934931223
1894,Кинельский,Самарская область,1,0.2393294420687212,3,1,3.275200881083598
1924,Дергачевский,Саратовская область,1,0.23875197638650622,1,1,3.9534482660707915
2252,Димитровград,Ульяновская область,1,0.23858303092268646,3,2,3.12634394252575
2188,Щекинский,Тульская область,1,0.23851766252293238,3,2,2.659675212268292
1405,Приозерский,Ленинградская область,1,0.2384947445928517,3,2,1.3525831840737608
2619,Переславль-Залесский,Ярославская область,1,0.2384837560338802,3,2,2.987442551361033
1941,Пугачевский,Саратовская область,1,0.2384327859377226,1,1,3.0215075204696324
1709,Мценск,Орловская область,1,0.2383306705174549,3,3,2.513367815653289
1506,Мурманск,Мурманская область,1,0.23806401757237516,5,5,3.2530736874259754
2571,Бирюлево Западное,Москва,1,0.23787831464645812,5,5,2.519553055565665
1473,Протвино,Московская область,1,0.23764429918578797,3,3,0.6720986388201317
2275,Челябинский,Челябинская область,1,0.23687585958913535,5,5,2.6124252630076366
1615,Куйбышевский,Новосибирская область,1,0.23669390590724185,2,2,2.723685220355815
509,Новоалтайск,Алтайский край,1,0.23663957039722397,5,2,2.88546916490231
1986,Каменск-Уральский,Свердловская область,1,0.23624695407372134,5,2,2.7893450747068975
2362,Левашово,Санкт-Петербург,1,0.23616254310407947,5,5,2.56782789519133
1756,Никольский,Пензенская область,1,0.23614961834793638,1,1,3.3828457674570904
2429,Ивановский,Санкт-Петербург,1,0.23603187726983385,5,5,2.2437089269058825
25,Нефтекамск,Республика Башкортостан,1,0.23592263257541798,5,2,2.867291420048937
418,Ижевск,Удмуртская Республика,1,0.23568927865012226,5,5,2.547495589187461
1491,Дмитровский,Московская область,1,0.23559400451105025,5,5,1.953851968923631
1399,Киришский,Ленинградская область,1,0.2354074014819367,3,3,2.7750537693111728
1632,Омск,Омская область,1,0.23490860058749963,5,5,2.5088775691251355
224,Сыктывкар,Республика Коми,1,0.2348255523381942,5,2,3.0277994775958925
1224,Кемеровский,Кемеровская область,1,0.23433199843138897,5,5,2.314211376976473
2218,Лангепас,Ханты-Мансийский автономный округ — Югра,1,0.23423517654160506,3,4,2.320064448568973
1004,Судогодский,Владимирская область,1,0.23407555304257185,3,3,4.076733403655614
1011,Урюпинск,Волгоградская область,1,0.23334625571808432,1,1,2.426648995889988
1137,Зима,Иркутская область,1,0.23330724963227675,2,2,2.839597308004244
841,Шпаковский,Ставропольский край,1,0.23317587052471384,5,2,3.1390722327120866
2547,Капотня,Москва,1,0.2324149460307317,5,5,1.4378052169835065
734,Александровский,Пермский край,1,0.23207173196380568,3,3,2.2907914710161013
2144,Томск,Томская область,1,0.23207096832415464,5,5,2.9895800102196906
1777,Опочецкий,Псковская область,2,0.2320070285287642,1,1,3.1708286100377068
1238,Юргинский,Кемеровская область,1,0.2319423968000414,5,2,2.473141354648095
2602,Первомайское,Москва,1,0.23181426700053795,5,5,2.052303202482861
1414,Данковский,Липецкая область,1,0.23121506508756548,3,3,2.680373115477103
1303,Кострома,Костромская область,1,0.23036605076247366,5,2,2.7590716025257063
2109,Удомельский,Тверская область,1,0.2303566473338831,3,3,3.43289058386031
362,Альметьевский,Республика Татарстан,1,0.23035110526009125,5,2,2.647051940851157
2177,Заокский,Тульская область,1,0.23023761796214984,3,2,2.7049014911662645
2336,Угличский,Ярославская область,1,0.22986117106191967,3,2,3.5562125100685513
3005,Арзамас,Нижегородская область,1,0.2298576609454532,5,2,2.752124413195695
1463,Луховицы,Московская область,1,0.2298179717244537,5,2,2.585278036653693
2510,Алексеевский,Москва,1,0.2297838093090786,5,5,1.7493528561606408
527,Змеиногорский,Алтайский край,1,0.2297743447742343,3,3,3.3686989007354007
1876,Кинель,Самарская область,1,0.22971918569154706,3,2,3.2928339535514164
2539,Красносельский,Москва,1,0.22970239140459153,5,5,2.2010140622723635
1112,Шуя,Ивановская область,1,0.22965814521722233,3,3,3.5123816963272185
1443,Дзержинский,Московская область,1,0.2293968399069651,5,5,2.0270272100536224
2449,Шушары,Санкт-Петербург,1,0.22928576749891627,5,5,2.3083726481641422
1783,Псковский,Псковская область,1,0.2292662616672257,5,5,3.119915088607286
1413,Грязинский,Липецкая область,1,0.22917914033709685,3,3,3.2789761348715363
2385,Княжево,Санкт-Петербург,1,0.22823317557213907,5,5,2.586527503957972
2457,№ 78,Санкт-Петербург,1,0.22795730702898612,5,5,1.8503201881824916
2621,Березники,Пермский край,1,0.2279200319700646,5,2,2.641198844048756
2024,Каменский,Свердловская область,1,0.22745779197181487,5,2,2.8900498165779718
1765,Великие Луки,Псковская область,1,0.22744080467938554,3,2,3.5681299887955262
12,Майминский,Республика Алтай,1,0.22724438920054416,5,2,2.6730933885880908
2452,Купчино,Санкт-Петербург,1,0.22668972467985862,5,5,2.7562596425493027
1979,Верхняя Пышма,Свердловская область,1,0.22667952735463626,5,5,2.201712059602537
890,Архангельск,Архангельская область,1,0.22663029404685572,5,2,2.7890032267024885
1138,Саянск,Иркутская область,1,0.22649938239276543,3,3,1.8993723704753662
666,Красноярск,Красноярский край,1,0.2264933950242177,5,5,2.370330405130068
2393,Металлострой,Санкт-Петербург,1,0.2264418289034932,5,5,2.589546528673006
2459,Смольнинское,Санкт-Петербург,1,0.22636609114428977,5,5,2.316466404471669
2553,Нижегородский,Москва,1,0.22620132034479903,5,5,1.7346714289105751
1726,Орловский,Орловская область,1,0.22577315381631144,5,2,1.2975876243068452
2222,Нягань,Ханты-Мансийский автономный округ — Югра,1,0.22575445430592306,5,4,3.4479118572036866
818,Лермонтов,Ставропольский край,1,0.22575301823311214,3,2,3.565620018508653
2498,Восточное Дегунино,Москва,1,0.22547146856125466,5,5,1.581645083991881
1163,Усольский,Иркутская область,1,0.2254675706526713,3,2,3.438387169957216
2074,Мичуринск,Тамбовская область,1,0.22534998243191218,3,2,2.665540923896173
1600,Обь,Новосибирская область,1,0.22449460483317424,5,2,2.4895794748193367
2403,Красное Село,Санкт-Петербург,1,0.2241606811811449,5,5,3.180377297814474
988,Ковров,Владимирская область,1,0.22415310743077757,5,2,2.847857122760078
1229,Киселевский,Кемеровская область,1,0.22410292016498204,5,2,3.051232262235018
1397,Гатчинский,Ленинградская область,1,0.2236338549992296,5,5,2.447586653926817
385,Нижнекамский,Республика Татарстан,1,0.22358096617738102,5,2,3.024510515705968
1872,Шацкий,Рязанская область,1,0.2233858894492132,1,1,2.3821731588907435
419,Воткинск,Удмуртская Республика,1,0.22335052838469788,5,2,2.769167676663456
2192,Ишим,Тюменская область,1,0.22333747387410152,5,2,1.9978208588877862
1051,Великоустюгский,Вологодская область,2,0.22299943131934738,2,2,2.7854801594137335
2808,Коломна,Московская область,1,0.22284539766758057,5,5,1.9651049723793668
2652,Орехово-Зуевский,Московская область,1,0.22280042230410443,5,2,1.3467997437012298
2552,Некрасовка,Москва,1,0.22266143558262286,5,5,1.6095281968440178
2548,Кузьминки,Москва,1,0.22203967922338053,5,5,1.744892852745486
1717,Колпнянский,Орловская область,1,0.22199862133055603,3,1,3.879883642860191
1572,Уренский,Нижегородская область,1,0.22177564685005896,2,2,3.1901642221342676
1212,Малоярославецкий,Калужская область,1,0.22169441997957418,3,2,2.403480300077712
1260,Кирово-Чепецк,Кировская область,1,0.22150766469757138,3,2,2.960166204404835
2529,Покровское-Стрешнево,Москва,1,0.22118909302032577,5,5,1.401601833687907
2005,Полевской,Свердловская область,1,0.22111824935092417,3,2,3.2918244894445476
1398,Кингисеппский,Ленинградская область,1,0.2208484205948328,5,2,2.7722823689008083
2813,Шатура,Московская область,1,0.22078350096066135,3,2,2.2591495556220282
1764,Псков,Псковская область,1,0.22063879969832542,5,2,3.0880486398461304
1846,Касимов,Рязанская область,1,0.22040506618406183,3,2,3.183608502237292
913,Устьянский,Архангельская область,2,0.2203588132193375,3,3,3.9263890021124235
694,Енисейский,Красноярский край,1,0.21965172246738146,3,3,2.6691262885593368
928,Приволжский,Астраханская область,1,0.21937989864364713,5,2,2.5348368227337743
669,Бородино,Красноярский край,1,0.21897248414039638,3,3,3.1772455757663076
2390,Красненькая речка,Санкт-Петербург,1,0.21883717849007933,5,5,2.1212277583477963
1021,Калачевский,Волгоградская область,1,0.21866228554620212,3,2,1.8321488551623326
1447,Егорьевск,Московская область,1,0.21726551286351964,5,2,2.396126082845687
1747,Колышлейский,Пензенская область,1,0.21715392689901478,1,1,3.2090185956200115
1787,Себежский,Псковская область,1,0.21666032772592608,1,1,4.199419048941358
1577,Боровичский,Новгородская область,1,0.21648273876257756,3,2,2.912030852420064
2535,Арбат,Москва,1,0.21593682604589123,5,5,2.0360326393197887
2464,Восточное Измайлово,Москва,1,0.21591648257024854,5,5,1.223749820222686
2189,Ясногорский,Тульская область,1,0.2154418440631035,3,3,1.7750302179300015
608,Петропавловск-Камчатский,Камчатский край,1,0.2153710864415974,4,5,1.5550540074480228
1400,Кировский,Ленинградская область,1,0.21512637064785142,5,2,2.715450749682585
27,Салават,Республика Башкортостан,1,0.21476349385196708,5,2,2.630379428184032
21,Уфа,Республика Башкортостан,1,0.21462864583291175,5,5,2.571292674857427
678,Норильск,Красноярский край,1,0.2139730821221205,4,4,2.3114195477057913
721,Тюхтетский,Красноярский край,1,0.21337138600622493,1,1,1.8999081814342178
1,Майкоп,Республика Адыгея,1,0.21269109893512025,5,2,2.3059603465331118
2048,Гагаринский,Смоленская область,1,0.21259093768317847,3,2,2.7779659372671324
2491,Крюково,Москва,1,0.21258166847936452,5,5,2.1784847657439377
1135,Ангарский,Иркутская область,1,0.21254134379786668,5,2,2.3840700053499644
2586,Старое Крюково,Москва,1,0.21252078741911942,5,5,1.9493211094972485
1495,Можайский,Московская область,1,0.21244526019700294,5,2,1.4297159200694687
1231,Междуреченский,Кемеровская область,1,0.21230148135934968,5,2,2.6661704682410607
2540,Мещанский,Москва,1,0.2122630419740527,5,5,1.678887268402167
2279,Копейский,Челябинская область,1,0.21166308879968415,5,2,2.4887794749347547
2320,Рыбинск,Ярославская область,1,0.21093996694019024,3,2,2.9765957479406024
2384,Прометей,Санкт-Петербург,1,0.21078937784350965,5,5,2.6795077423955096
504,Барнаул,Алтайский край,1,0.2106801211955965,5,5,2.4001812009825847
820,Невинномысск,Ставропольский край,1,0.2103655673452856,5,2,3.0255213210171243
1873,Шиловский,Рязанская область,1,0.2098497252324352,3,3,1.3876761932332005
1427,Усманский,Липецкая область,1,0.20889860729638254,3,1,4.002498493470571
1490,Воскресенск,Московская область,1,0.2088588867530554,5,2,2.275736526833522
506,Белокуриха,Алтайский край,1,0.20850470601633816,5,2,2.098764229825889
1507,Апатиты,Мурманская область,1,0.2083902871944397,5,4,3.3943309016039813
2368,Сергиевское,Санкт-Петербург,1,0.20789830187845057,5,5,2.4405405776137146
1696,Первомайский,Оренбургская область,1,0.20760145002206187,3,1,1.6180993486894446
2569,Ясенево,Москва,1,0.20758318219013225,5,5,1.8586720644622718
832,Кочубеевский,Ставропольский край,1,0.20747555442542226,1,1,3.5777994114387814
1560,Кстовский,Нижегородская область,1,0.20724103611437678,5,2,2.2656880837523987
2451,№ 72,Санкт-Петербург,1,0.20712721143641538,5,5,2.3841005927896037
1134,Иркутск,Иркутская область,1,0.20703956283767505,5,5,2.0746245769180423
2620,Соликамский,Пермский край,1,0.20681145161027162,5,2,2.5763400178563267
1603,Барабинский,Новосибирская область,1,0.2063047054760206,2,2,3.006919061612581
2435,Оккервиль,Санкт-Петербург,1,0.20624196840389736,5,5,2.6468626109855564
727,Пермский,Пермский край,1,0.20611120805620775,5,5,2.2785978228293606
1881,Сызрань,Самарская область,1,0.20586548144382952,5,2,2.4694111140369235
2456,Дворцовый,Санкт-Петербург,1,0.20584553687442336,5,5,0.52217921814878
452,Черногорск,Республика Хакасия,1,0.20582241697312054,5,2,3.02467559648521
2484,Очаково-Матвеевское,Москва,1,0.2058083813492884,5,5,1.621730665409757
1905,Ставропольский,Самарская область,1,0.20568658413657545,5,2,3.080628870473498
1592,Старорусский,Новгородская область,1,0.20437087861453998,3,3,3.1403120362010846
7,Тахтамукайский,Республика Адыгея,1,0.20432492510852157,5,5,2.866164815039576
2450,Волковское,Санкт-Петербург,1,0.20401117914835903,5,5,2.0854624350510886
2577,Нагатино-Садовники,Москва,1,0.20394511961868791,5,5,1.7361221746978268
2515,Лианозово,Москва,1,0.2034893478440031,5,5,1.7297418628081707
2555,Рязанский,Москва,1,0.20314653594172666,5,5,1.4610897278759472
1258,Киров,Кировская область,1,0.20313965230933687,5,2,2.6217416740087374
813,Железноводск,Ставропольский край,1,0.20309721986451823,5,2,2.840438443650575
872,Благовещенский,Амурская область,2,0.20264882670869044,4,5,1.6527060366280752
1150,Иркутский,Иркутская область,1,0.20253152567862326,5,5,2.1678683997080146
1461,Лобня,Московская область,1,0.20219689765813922,5,5,1.513307625756957
2592,Десеновское,Москва,1,0.2021651869070771,5,5,1.3688665771621396
1422,Лебедянский,Липецкая область,1,0.20180055385053097,3,3,3.4422560426832005
1525,Бор,Нижегородская область,1,0.20179669784775253,5,2,2.1821593056333635
510,Рубцовск,Алтайский край,1,0.20163743420534694,5,2,2.588034384820423
1409,Сосновоборский,Ленинградская область,1,0.20163480253502167,5,5,2.7671596106358805
679,Сосновоборск,Красноярский край,1,0.20150584510838748,5,2,2.390575999174138
748,Краснокамский,Пермский край,1,0.2013904543808149,5,2,2.8702166711200654
2401,Пороховые,Санкт-Петербург,1,0.20128437403616486,5,5,2.4171808676100026
2430,Обуховский,Санкт-Петербург,1,0.20115849476102365,5,5,2.3694377037547456
1563,Павловский,Нижегородская область,1,0.20103605135949937,3,2,1.731912878926964
2356,Екатерингофский,Санкт-Петербург,1,0.20100403943042128,5,5,2.0300097929544902
741,Добрянский,Пермский край,1,0.2008938865354437,3,3,2.5671673390666534
2251,Ульяновск,Ульяновская область,1,0.20075805430968896,5,2,2.80919038042779
1457,Котельники,Московская область,1,0.20036201538369822,5,5,1.6607530203246013
2344,Анадырь,Чукотский автономный округ,1,0.200345666773059,4,4,0.3795629833498279
1107,Иваново,Ивановская область,1,0.20016954472515344,5,2,2.9277548622042153
1890,Волжский,Самарская область,1,0.19960930944737657,5,2,3.0899266411337
2455,Балканский,Санкт-Петербург,1,0.19932390251940274,5,5,2.343882369916095
3009,Тамбов,Тамбовская область,1,0.1993203903652565,5,2,2.5531442195840413
1707,Орёл,Орловская область,1,0.1990543454205765,5,2,2.775096239440783
1477,Рузский,Московская область,1,0.19855572353022896,5,2,1.923282665021242
2398,Полюстрово,Санкт-Петербург,1,0.19822545652471024,5,5,2.1958536585358264
2108,Торжок,Тверская область,1,0.19810097055013254,3,2,2.8291158603932445
2408,Константиновское,Санкт-Петербург,1,0.1980400444506141,5,5,2.304553851285079
2367,№ 15,Санкт-Петербург,1,0.19792526389051066,5,5,2.196871574386308
1236,Прокопьевский,Кемеровская область,1,0.19789084503547585,5,2,2.895570768423461
2582,Царицыно,Москва,1,0.19784193574945122,5,5,2.2147898225732376
346,Алагирский,Республика Северная Осетия — Алания,1,0.19763862062843532,5,2,1.1785758748158626
1540,Богородский,Нижегородская область,1,0.19757839591509377,3,2,1.851931546013036
2454,№ 75,Санкт-Петербург,1,0.19749563922604663,5,5,2.4262970201532505
1136,Братск,Иркутская область,1,0.19746603908202007,5,2,2.1344599406471736
2363,Парголово,Санкт-Петербург,1,0.19741784212427638,5,5,2.0607197726416504
2406,Сосновая поляна,Санкт-Петербург,1,0.19707113029519127,5,5,2.2490805906844047
2543,Тверской,Москва,1,0.19675343013112323,5,5,0.8957486488671146
2442,Аптекарский остров,Санкт-Петербург,1,0.19636502447454668,5,5,1.6110449988056303
1009,Камышин,Волгоградская область,1,0.1955831638350037,3,2,2.368214245997252
2453,Георгиевский,Санкт-Петербург,1,0.19549287617582548,5,5,2.2735179016986464
498,Чебоксарский,Чувашская Республика,2,0.19547829374654585,2,2,2.762157334237231
2525,Южное Медведково,Москва,1,0.1954092536307939,5,5,1.158894140735009
2374,Комендантский аэродром,Санкт-Петербург,1,0.1953803938041317,5,5,2.1899078171542325
822,Новоалександровский,Ставропольский край,2,0.19400512451402985,1,1,2.6724552952152063
1493,Ленинский,Московская область,1,0.1938854381814335,5,5,1.8014497533488298
2255,Барышский,Ульяновская область,1,0.19388103560881154,1,1,3.2221629463568853
1952,Энгельсский,Саратовская область,1,0.19334858293107995,5,2,2.611255512147262
379,Лаишевский,Республика Татарстан,1,0.19329725817549043,5,2,2.640438389852853
1530,Перевозский,Нижегородская область,1,0.19305308997194717,3,3,2.5527224420253374
2444,Чкаловское,Санкт-Петербург,1,0.19301166905015804,5,5,1.5431968379076635
2378,Гражданка,Санкт-Петербург,1,0.19288994916345986,5,5,2.1598891050404605
2524,Северный,Москва,1,0.19279070446142635,5,5,1.1469864453526686
355,Набережные Челны,Республика Татарстан,1,0.19278425121940704,5,2,2.3301379821047408
2169,Новомосковск,Тульская область,1,0.192782724365891,5,2,2.6706654655908824
1008,Волжский,Волгоградская область,1,0.19244885980818735,5,2,2.4031296729022653
2361,Остров Декабристов,Санкт-Петербург,1,0.19238900517079702,5,5,1.6442766024831523
2380,Финляндский,Санкт-Петербург,1,0.19145517706819892,5,5,2.0714246042901063
1234,Осинниковский,Кемеровская область,1,0.19092883092970972,3,2,2.551689264918755
2369,Шувалово-Озерки,Санкт-Петербург,1,0.19007603234533912,5,5,2.07721043025447
478,Чебоксары,Чувашская Республика,1,0.1891617790387526,5,2,2.1945016129716777
2478,Внуково,Москва,1,0.18887562567059968,5,5,1.7974302669966802
809,Ставрополь,Ставропольский край,1,0.18815089272844082,5,5,2.721257741778993
896,Северодвинск,Архангельская область,1,0.1881286788194724,5,5,2.682396905317938
2371,Лахта-Ольгино,Санкт-Петербург,1,0.18778383674404797,5,5,2.190496687722737
2884,Ржевский,Тверская область,1,0.18776051442164077,3,2,2.9504252868861656
422,Сарапул,Удмуртская Республика,1,0.18759722880422047,5,2,2.603204576270382
2538,Савелки,Москва,1,0.18732415916716685,5,5,1.3790772749923241
2499,Головинский,Москва,1,0.18655735444621305,5,5,1.6125450645070343
2381,№ 21,Санкт-Петербург,1,0.18633737828237712,5,5,2.187657657348824
2500,Дмитровский,Москва,1,0.1863293626097988,5,5,1.8106616308217194
2431,Рыбацкое,Санкт-Петербург,1,0.186159074213026,5,5,2.14489723003643
2566,Теплый Стан,Москва,1,0.1857430875112999,5,5,1.3401338659669109
1526,Выкса,Нижегородская область,1,0.18567204700906756,3,2,2.2566605074259174
2549,Лефортово,Москва,1,0.18565849383419006,5,5,1.1569500974447449
2474,Северное Измайлово,Москва,1,0.18562527207753254,5,5,1.8922066654508685
2432,Народный,Санкт-Петербург,1,0.18549893121020206,5,5,2.534207707746716
2101,Тверь,Тверская область,1,0.18535103955868967,5,2,2.589764157463323
2351,Коломна,Санкт-Петербург,1,0.1853323611208122,5,5,2.1180330395317193
1599,Искитим,Новосибирская область,1,0.18530981544464045,5,2,2.8720822662017973
2460,Лиговка-Ямская,Санкт-Петербург,1,0.18526333103724818,5,5,1.857704511698799
2407,Урицк,Санкт-Петербург,1,0.18498138897095998,5,5,2.2517074552226317
2512,Бабушкинский,Москва,1,0.18455277222110092,5,5,1.7604511690424567
2379,Академическое,Санкт-Петербург,1,0.18436436815406657,5,5,2.031174464548588
812,Ессентуки,Ставропольский край,1,0.18408111032441266,5,5,2.7255443976599874
2399,Большая Охта,Санкт-Петербург,1,0.1835854157347527,5,5,1.9212848488847023
2476,Сокольники,Москва,1,0.18303516528551733,5,5,1.9593552199130588
2557,Южнопортовый,Москва,1,0.1828559759155907,5,5,1.7505523604486846
2647,Боровский,Калужская область,1,0.18284361202750637,5,2,1.5550157150068662
1429,Чаплыгинский,Липецкая область,1,0.18279258647358806,3,1,3.0728463928346494
1922,Вольский,Саратовская область,1,0.18236186709146365,3,2,2.7578715621420002
824,Пятигорск,Ставропольский край,1,0.18230984470671457,5,5,2.629712449727678
1396,Выборгский,Ленинградская область,1,0.18218258478861,5,2,2.859359183635868
1511,Полярные Зори,Мурманская область,1,0.18212274074481194,5,4,2.857403514770013
1468,Наро-Фоминский,Московская область,1,0.18201958145539077,5,5,1.6428058751199126
2581,Орехово-Борисово Южное,Москва,1,0.1816230935240112,5,5,1.6407495783636261
2386,Ульянка,Санкт-Петербург,1,0.18142955721647916,5,5,2.2623834025893297
2044,Смоленск,Смоленская область,1,0.1812707322420645,5,2,2.479072023221746
1140,Усолье-Сибирское,Иркутская область,1,0.18076156222800283,5,2,2.472454498983956
2887,Саратов,Саратовская область,1,0.18064786220619689,5,2,2.3044650245751
2364,Сампсониевское,Санкт-Петербург,1,0.18019459978332486,5,5,2.0976549316510273
2426,Пулковский меридиан,Санкт-Петербург,1,0.18014054916038408,5,5,2.0235786594972356
2428,Невская застава,Санкт-Петербург,1,0.1800315448798051,5,5,1.9420192471333475
2318,Ярославль,Ярославская область,1,0.18000311580531905,5,2,2.4080335920825564
2545,Якиманка,Москва,1,0.17984025387443422,5,5,1.3894621267170977
927,Наримановский,Астраханская область,1,0.17960335583500187,5,2,2.4256419497775186
2546,Выхино-Жулебино,Москва,1,0.17952010877055502,5,5,1.6548901970778602
2360,Морской,Санкт-Петербург,1,0.17950097975700247,5,5,2.0716881895955246
2392,Колпино,Санкт-Петербург,1,0.1787392069469993,5,5,2.2047848163847252
2527,Куркино,Москва,1,0.17828345524043918,5,5,1.8891255936564462
763,Чайковский,Пермский край,1,0.1781723156364797,5,2,2.2794353643821847
354,Казань,Республика Татарстан,1,0.17805400227771404,5,5,2.101388958092415
2578,Нагатинский затон,Москва,1,0.177916765847241,5,5,1.3640359970971405
2519,Останкинский,Москва,1,0.17777701499292908,5,5,1.711880377541991
2513,Бибирево,Москва,1,0.1775652359711863,5,5,1.70851588438517
1496,Богородский,Московская область,1,0.1772809691474719,5,5,1.5254339455686576
2437,Павловск,Санкт-Петербург,1,0.17711665514739028,5,5,2.6393841234592594
2168,Ефремов,Тульская область,1,0.17695023943071655,3,2,2.8856658299095588
2387,Дачное,Санкт-Петербург,1,0.1768665864263804,5,5,2.1101525910608516
351,Моздокский,Республика Северная Осетия — Алания,1,0.17633302987752655,5,2,1.5884854313269692
2382,Пискаревка,Санкт-Петербург,1,0.176093753892915,5,5,1.9874883972461315
1484,Чехов,Московская область,1,0.1757816534438883,5,5,1.5872880167502794
2550,Люблино,Москва,1,0.1752552902245197,5,5,1.7700974314432738
1501,Сергиево-Посадский,Московская область,1,0.17512375077773035,5,5,1.7649078896248143
2530,Северное Тушино,Москва,1,0.174822189797037,5,5,1.677308403000946
1919,Балаковский,Саратовская область,1,0.17474196005722167,5,2,2.7473480593606965
2355,Измайловское,Санкт-Петербург,1,0.17446042881638288,5,5,1.8228525314920085
2358,Васильевский,Санкт-Петербург,1,0.1740624589030207,5,5,2.0498924155646776
2280,Кыштымский,Челябинская область,1,0.17359065977564192,3,2,2.7789052308066746
2495,Беговой,Москва,1,0.1735019464687703,5,5,1.4288941014537635
2573,Даниловский,Москва,1,0.17318527644694356,5,5,1.311528022971592
481,Новочебоксарск,Чувашская Республика,1,0.1731682286873358,5,2,2.3105923418750978
2507,Тимирязевский,Москва,1,0.17313674438713045,5,5,1.4650769599691889
2876,Кисловодск,Ставропольский край,1,0.17293568350492577,5,5,1.820211485464032
2508,Ховрино,Москва,1,0.17282418738710162,5,5,1.5049333126319897
1402,Ломоносовский,Ленинградская область,1,0.1726042087333403,5,5,2.323040047066252
1217,Спас-Деменский,Калужская область,1,0.17250305441392724,1,1,1.2422230292647052
2383,Северный,Санкт-Петербург,1,0.1724620166526257,5,5,2.3203901104261018
2443,Петровский,Санкт-Петербург,1,0.1722154605165439,5,5,1.960437757139799
2477,Преображенское,Москва,1,0.17216080634516032,5,5,1.3092837037961074
1874,Самара,Самарская область,1,0.17139410945232883,5,5,2.06563155770933
2409,Горелово,Санкт-Петербург,1,0.17130736694745943,5,5,2.431155936760429
2575,Зябликово,Москва,1,0.17128693245365195,5,5,1.73783583239365
1500,Раменский,Московская область,1,0.17113641541796035,5,5,1.5383000956863735
2814,Пушкинский,Московская область,1,0.17104005745137763,5,5,1.6755444661149617
2537,Замоскворечье,Москва,1,0.170728425085789,5,5,1.3121291336763568
1845,Рязань,Рязанская область,1,0.17054461788796416,5,2,2.231282184119801
2570,Бирюлево Восточное,Москва,1,0.17022358016234068,5,5,1.546136576160012
2353,Адмиралтейский,Санкт-Петербург,1,0.17013971853247287,5,5,1.5572113965680867
2359,Гавань,Санкт-Петербург,1,0.16981135897126753,5,5,1.6558219220600703
2482,Можайский,Москва,1,0.16962777796406658,5,5,1.5496651595611088
1488,Электросталь,Московская область,1,0.16956755870652362,5,5,1.1294085488339074
2365,Светлановское,Санкт-Петербург,1,0.16953419412496554,5,5,1.8316636714933527
2564,Обручевский,Москва,1,0.16944426433364948,5,5,1.036150400065658
2560,Зюзино,Москва,1,0.16837231976468123,5,5,1.6207584649752749
2293,Ашинский,Челябинская область,1,0.16814267627993823,3,3,2.782838624045944
2505,Савеловский,Москва,1,0.16792921925002297,5,5,2.035337622574554
2509,Хорошевский,Москва,1,0.1673484057059416,5,5,1.7002206878311137
2514,Бутырский,Москва,1,0.1672732097699,5,5,1.2597719176691113
1415,Добринский,Липецкая область,1,0.166910231925097,1,1,2.7897033507554263
2585,Чертаново Южное,Москва,1,0.16660912693571875,5,5,1.274903599679178
1198,Калуга,Калужская область,1,0.1664581458741144,5,2,1.955428233767151
2503,Левобережный,Москва,1,0.16629123111291788,5,5,1.409798976512705
2370,Лисий Нос,Санкт-Петербург,1,0.1657918430991292,5,5,1.5409966991684343
2433,№ 54,Санкт-Петербург,1,0.1651379490379682,5,5,1.9004806945196073
2424,Гагаринское,Санкт-Петербург,1,0.16493205326982088,5,5,2.1083584011039354
2556,Текстильщики,Москва,1,0.16454986518615616,5,5,1.2660943837557586
2389,Нарвский,Санкт-Петербург,1,0.1645118314451633,5,5,1.842801827708382
2373,Ланское,Санкт-Петербург,1,0.16398579539566158,5,5,1.9125888167838445
2445,Петергоф,Санкт-Петербург,1,0.1639143604352767,5,5,2.3320523510594047
2517,Марфино,Москва,1,0.1638647823748336,5,5,1.564360106008031
2504,Молжаниновский,Москва,1,0.16383784851293232,5,5,1.550329627772834
2494,Аэропорт,Москва,1,0.16382860280092712,5,5,1.0305270923427312
2521,Ростокино,Москва,1,0.16353180721821103,5,5,1.5294608161437018
2574,Донской,Москва,1,0.16352701027866592,5,5,1.5314076290074419
2551,Марьино,Москва,1,0.16342007412987825,5,5,1.2546149591653148
2466,Гольяново,Москва,1,0.16311595636157683,5,5,1.8468108020286729
2536,Басманный,Москва,1,0.1631081133643503,5,5,1.5431096279474712
1527,Дзержинск,Нижегородская область,1,0.16221643314083475,5,2,2.0907754849326943
2568,Южное Бутово,Москва,1,0.16152073951939422,5,5,1.5049666521865097
2649,Щёлково,Московская область,1,0.16137238689784456,5,5,1.6319448811846937
2164,Тула,Тульская область,1,0.16133454845856898,5,2,2.4765098953003912
2472,Метро,Москва,1,0.16081376856099497,5,5,2.3027627778643813
2502,Коптево,Москва,1,0.16057187490728672,5,5,1.2751863847441147
2366,Сосновское,Санкт-Петербург,1,0.1603588304422608,5,5,2.1023013251680296
2458,Литейный,Санкт-Петербург,1,0.16013111984121764,5,5,1.252109543710314
2558,Академический,Москва,1,0.15971924182779215,5,5,1.382721928570127
2425,Новоизмайловское,Санкт-Петербург,1,0.15943197088153938,5,5,2.0838876215429707
1007,Волгоград,Волгоградская область,1,0.15911262752224936,5,2,2.0804734790023622
2427,Звездное,Санкт-Петербург,1,0.15891265861928813,5,5,1.9077096379102016
2405,Южно-Приморский,Санкт-Петербург,1,0.15865114951433845,5,5,1.890207084166276
2375,Озеро Долгое,Санкт-Петербург,1,0.15849555733660073,5,5,1.7734319657935538
2572,Братеево,Москва,1,0.1584349365358399,5,5,1.8191464266477886
2520,Отрадное,Москва,1,0.15832621128381089,5,5,1.4749709673589073
2446,Стрельна,Санкт-Петербург,1,0.15812321823857808,5,5,1.2527867898250973
2583,Чертаново Северное,Москва,1,0.15810455869898446,5,5,1.575137856968964
1523,Нижний Новгород,Нижегородская область,1,0.15690926967313787,5,5,1.398155409388535
2481,Кунцево,Москва,1,0.1561573455018648,5,5,1.2874902423367862
2410,Кронштадт,Санкт-Петербург,1,0.15602247696302807,5,5,2.508031737028851
2579,Нагорный,Москва,1,0.15597529463273535,5,5,1.5033503679737685
2562,Котловка,Москва,1,0.1558511291330299,5,5,1.4341541622038183
2580,Орехово-Борисово Северное,Москва,1,0.15563401437937704,5,5,1.2473294735596996
1472,Подольск,Московская область,1,0.1553145870835239,5,5,1.3944724046679706
2423,Московская застава,Санкт-Петербург,1,0.15517858708861448,5,5,1.7324434518175447
1464,Лыткарино,Московская область,1,0.15507899390067875,5,5,1.9770168116574367
2488,Тропарево-Никулино,Москва,1,0.1549054708096084,5,5,1.3902961631193507
2587,Троицк,Москва,1,0.15489447486597455,5,5,1.560751975386554
2440,Кронверкское,Санкт-Петербург,1,0.15456158961710637,5,5,1.4735845914727694
413,Тоджинский,Республика Тыва,1,0.15449544748312477,2,2,1.7749157260927961
986,Владимир,Владимирская область,1,0.15433958346617135,5,2,2.1278946113938852
2531,Строгино,Москва,1,0.1541837454741887,5,5,1.6858657676376176
2462,Богородское,Москва,1,0.15358655242435187,5,5,1.6543467212388112
2493,Силино,Москва,1,0.15343954949790087,5,5,1.6039199989863335
1444,Долгопрудный,Московская область,1,0.15334131673612905,5,5,1.1672288281109915
2436,Правобережный,Санкт-Петербург,1,0.15323065124088975,5,5,1.858230632561958
2422,Ломоносов,Санкт-Петербург,1,0.15278799718858815,5,5,2.4883047699195027
2434,Невский,Санкт-Петербург,1,0.15258487722389869,5,5,1.912392322304235
2588,Щербинка,Москва,1,0.15253400293466077,5,5,1.5137608899454507
555,Солонешенский,Алтайский край,1,0.15221437171898458,1,1,0.18884019825761433
2567,Черемушки,Москва,1,0.15203613827141932,5,5,1.0664014981418835
2496,Бескудниковский,Москва,1,0.15116885906131186,5,5,1.5285991423481082
2490,Фили-Давыдково,Москва,1,0.15052722903614169,5,5,1.3505643941352035
1475,Реутов,Московская область,1,0.15048752321385295,5,5,1.2345998553856763
2473,Перово,Москва,1,0.15040487308303424,5,5,1.7729901755665578
2565,Северное Бутово,Москва,1,0.1499079498903594,5,5,1.2393075123159263
1465,Люберцы,Московская область,1,0.14981948667461906,5,5,1.4866456266036332
2377,Коломяги,Санкт-Петербург,1,0.1497441945491403,5,5,1.8729413419361185
2400,Малая Охта,Санкт-Петербург,1,0.1495971443758006,5,5,1.4686780177014662
2542,Таганский,Москва,1,0.14938353733178514,5,5,1.2631311037913984
2541,Пресненский,Москва,1,0.1488499681128816,5,5,1.556275335490473
2561,Коньково,Москва,1,0.1485516766057022,5,5,1.4859280820782472
1446,Дубна,Московская область,1,0.14846824500857922,5,5,1.7584536027821396
2511,Алтуфьевский,Москва,1,0.1476508741192949,5,5,1.5941337195737009
2584,Чертаново Центральное,Москва,1,0.14705762216892976,5,5,1.712439017016329
2576,Москворечье-Сабурово,Москва,1,0.14639706478548017,5,5,1.148197978051907
2357,№ 7,Санкт-Петербург,1,0.14636142170180094,5,5,1.5489488429489537
2563,Ломоносовский,Москва,1,0.14615540943756108,5,5,1.3318631457872403
2589,Внуковское,Москва,1,0.14610206594184347,5,5,0.8964295936082112
1395,Всеволожский,Ленинградская область,1,0.14571408511498768,5,5,2.035444339027692
1480,Ступино,Московская область,1,0.14521688719449877,5,5,1.549107146456169
1467,Мытищи,Московская область,1,0.14499093018363263,5,5,1.3973718067152503
2506,Сокол,Москва,1,0.14395538071945208,5,5,1.1023951722114678
2646,Обнинск,Калужская область,1,0.14373655473639,5,5,1.466468047721467
2372,№ 65,Санкт-Петербург,1,0.1436540140997624,5,5,1.7160128929738088
2404,Юго-Запад,Санкт-Петербург,1,0.1434431879701958,5,5,1.8197903569614038
2534,Южное Тушино,Москва,1,0.14273950027558802,5,5,1.420407604288529
2604,Рязановское,Москва,1,0.14266174750485996,5,5,1.3867822441677031
2497,Войковский,Москва,1,0.1425205796172693,5,5,0.9990444928529019
1408,Тосненский,Ленинградская область,1,0.14235669486811017,5,2,2.172972918411392
2475,Соколиная гора,Москва,1,0.14195117664324824,5,5,1.2132940430767931
1453,Истра,Московская область,1,0.14150455238491383,5,5,1.3730354078245162
1439,Балашиха,Московская область,1,0.14118295910915782,5,5,1.2646238069746936
2479,Дорогомилово,Москва,1,0.1408467252714131,5,5,1.0383887282667135
2489,Филевский парк,Москва,1,0.14047778125834723,5,5,0.9258703089735337
2528,Митино,Москва,1,0.14041772210595455,5,5,1.474529252880505
2533,Щукино,Москва,1,0.13904956291507486,5,5,1.1668859437703627
2523,Северное Медведково,Москва,1,0.13870658466314292,5,5,1.6780318395855698
2606,Филимонковское,Москва,1,0.13810865994773064,5,5,-0.5883002346237648
2376,Юнтолово,Санкт-Петербург,1,0.13751488397914413,5,5,1.6229922337892444
3013,Солнечногорск,Московская область,1,0.1336512781841573,5,5,1.4872443681191838
2518,Марьина роща,Москва,1,0.13276598032140927,5,5,1.1683173420257764
1445,Домодедово,Московская область,1,0.13194778843497557,5,5,1.5433044174741228
2447,Пушкин,Санкт-Петербург,1,0.13104180951352215,5,5,1.8836136942297688
2554,Печатники,Москва,1,0.13067433238544313,5,5,1.4882500297951462
1945,Самойловский,Саратовская область,1,0.130073073714467,1,1,1.686966060116382
2439,Введенский,Санкт-Петербург,1,0.129551936548708,5,5,1.22703175970382
2463,Вешняки,Москва,1,0.1285847754619631,5,5,1.290160487287334
2532,Хорошево-Мневники,Москва,1,0.12817878723462808,5,5,1.305784192290499
2467,Ивановское,Москва,1,0.12742869579618674,5,5,1.2520478555554408
2516,Лосиноостровский,Москва,1,0.12684622161402595,5,5,1.2550094771672153
2469,Косино-Ухтомский,Москва,1,0.12564258615987486,5,5,1.3080960444786434
1456,Королёв,Московская область,1,0.1253698119226465,5,5,1.4561327669122548
2486,Раменки,Москва,1,0.12527740225124775,5,5,1.0433584593469811
2487,Солнцево,Москва,1,0.12317446863474295,5,5,1.247548666902229
2605,Сосенское,Москва,1,0.12311692982244543,5,5,1.320730089149777
2412,Сестрорецк,Санкт-Петербург,1,0.12277943970334658,5,5,1.7271836292836769
2485,Проспект Вернадского,Москва,1,0.12156106508263544,5,5,1.0701219533101172
2559,Гагаринский,Москва,1,0.12135148831745611,5,5,1.1737765306566574
1448,Жуковский,Московская область,1,0.1203508149721159,5,5,1.1317115269095845
2599,Московский,Москва,1,0.12030845717053512,5,5,0.9198277230775848
2644,Серпухов,Московская область,1,0.11996901993100245,5,5,1.8121259830017833
2544,Хамовники,Москва,1,0.11935377354765578,5,5,1.0906501324304694
1481,Фрязино,Московская область,1,0.11815485891952929,5,5,1.6649512523582515
1459,Красногорск,Московская область,1,0.1171042346834324,5,5,1.351561791813885
2470,Новогиреево,Москва,1,0.11658662858431738,5,5,1.4311585862028076
2522,Свиблово,Москва,1,0.11536920874988367,5,5,0.8283661852391488
2590,Воскресенское,Москва,1,0.11318353778269871,5,5,1.0286521301631435
2471,Новокосино,Москва,1,0.10735559090990654,5,5,1.0988502766891477
2480,Крылатское,Москва,1,0.10232062793293244,5,5,0.8139934022675738
2651,Одинцовский,Московская область,1,0.10193448365495608,5,5,1.0650871695036257
2468,Измайлово,Москва,1,0.10106218167269443,5,5,0.9012141812236946
2501,Западное Дегунино,Москва,1,0.09440243479328339,5,5,1.2182391900802587
2483,Ново-Переделкино,Москва,1,0.09346631579522471,5,5,1.1216323164198294
