territory_id,Продовольствие,Здоровье,Маркетплейсы,Общественное питание,Транспорт,Все категории,Прочие расходы,share_Продовольствие,share_Здоровье,share_Маркетплейсы,share_Общественное питание,share_Транспорт,share_Прочие расходы,municipal_district_name_short,oktmo,municipal_district_name,municipal_district_type,municipal_district_status,shape,shape_linked_oktmo,municipal_district_center,source_rosstat,year_from,year_to,change_id_from,change_id_to,region_code,region_name,municipal_district_center_lat,municipal_district_center_lon,dictionary_versions,salary,population,market_access,cluster
1,12031,1621,7726,1734,2253,36320,10955,0.33125,0.04463105726872247,0.2127202643171806,0.04774229074889868,0.06203193832599119,0.30162444933920707,Майкоп,79-701-000-000,городской округ город Майкоп,городской округ,административный_центр_субъекта,1,,г Майкоп,data-20180110-structure-20150128.csv,2018,9999,,,1,Республика Адыгея,44.6062079,40.104053,1,57440.5,161898.0,309.6,2
2,9473,1363,6711,1271,1232,28136,8086,0.3366860961046346,0.04844327551890816,0.23852004549331818,0.04517344327551891,0.04378731873756042,0.2873898208700597,Адыгейск,79-703-000-000,городской округ город Адыгейск,городской округ,,1,,г Адыгейск,data-20180110-structure-20150128.csv,2018,9999,,,1,Республика Адыгея,44.8833775,39.1909625,1,47407.2,15661.0,322.8,3
3,11090,988,6989,410,765,27367,7125,0.40523257938392954,0.03610187452040779,0.25538056783717616,0.014981547118792706,0.027953374502137612,0.26035005663755617,Гиагинский,79-605-000-000,Гиагинский муниципальный район,муниципальный район,,1,,ст-ца Гиагинская,data-20180110-structure-20150128.csv,2018,9999,,,1,Республика Адыгея,44.8755853,40.0564982,1,54547.7,31872.0,315.2,3
4,11340,1373,6729,838,2088,31036,8668,0.3653821368733084,0.04423894831808223,0.2168127335996907,0.027000902178115738,0.0672767109163552,0.27928856811444774,Кошехабльский,79-615-000-000,Кошехабльский муниципальный район,муниципальный район,,1,,аул Кошехабль,data-20180110-structure-20150128.csv,2018,9999,,,1,Республика Адыгея,44.8964998,40.4963631,1,51262.1,30319.0,315.5,2
5,11088,1065,6338,361,1608,27742,7282,0.3996827914353688,0.03838944560594045,0.22846225939009443,0.013012760435440848,0.05796265590080023,0.2624900872323553,Красногвардейский,79-618-000-000,Красногвардейский муниципальный район,муниципальный район,,1,,с Красногвардейское,data-20180110-structure-20150128.csv,2018,9999,,,1,Республика Адыгея,45.1443556,39.5861478,1,48849.1,32095.0,320.2,1
6,11505,1094,8371,1071,1998,32452,8413,0.3545236040921977,0.03371132749907556,0.2579502033772957,0.03300258843830889,0.061567854061382966,0.2592444225317392,Майкопский,79-622-000-000,Майкопский муниципальный район,муниципальный район,,1,,п Тульский,data-20180110-structure-20150128.csv,2018,9999,,,1,Республика Адыгея,44.5093616,40.1762144,1,47965.8,59156.0,308.1,2
7,16009,1993,9228,2577,3444,47558,14307,0.33662054754194876,0.04190672442070735,0.1940367551200639,0.05418646705075907,0.0724168383868119,0.300832667479709,Тахтамукайский,79-630-000-000,Тахтамукайский муниципальный район,муниципальный район,,1,,аул Тахтамукай,data-20180110-structure-20150128.csv,2018,9999,,,1,Республика Адыгея,44.9212862,38.994718,1,75708.3,131043.0,324.7,5
8,14430,1461,8715,1627,3108,40031,10690,0.3604706352576753,0.03649671504583948,0.217706277634833,0.04064350128650296,0.07763982913242237,0.2670430416427269,Теучежский,79-633-000-000,Теучежский муниципальный район,муниципальный район,,1,,аул Понежукай,data-20180110-structure-20150128.csv,2018,9999,,,1,Республика Адыгея,44.8876896,39.3828521,1,74168.0,22260.0,317.4,2
9,8581,772,6312,301,1407,24136,6763,0.3555270135896586,0.03198541597613523,0.261518064302287,0.012470997679814385,0.058294663573085846,0.2802038448790189,Шовгеновский,79-640-000-000,Шовгеновский муниципальный район,муниципальный район,,1,,аул Хакуринохабль,data-20180110-structure-20150128.csv,2018,9999,,,1,Республика Адыгея,45.020114,40.2291119,1,42776.6,16287.0,314.3,1
10,14546,1622,6793,1758,2660,39907,12528,0.36449745658656374,0.04064449845891698,0.17022076327461347,0.04405242188087303,0.06665497281178741,0.31392988698724533,Горно-Алтайск,84-701-000-000,городской округ город Горно-Алтайск,городской округ,административный_центр_субъекта,1,,г Горно-Алтайск,data-20180110-structure-20150128.csv,2018,9999,,,4,Республика Алтай,51.957775,85.963653,1,73499.3,64508.0,213.5,2
11,11612,1052,5909,1176,3124,30659,7786,0.3787468606282005,0.034312926057601355,0.1927329658501582,0.03835741544081673,0.10189503897713559,0.2539547930460876,Кош-Агачский,84-610-000-000,Кош-Агачский муниципальный район,муниципальный район,,1,,с Кош-Агач,data-20180110-structure-20150128.csv,2018,9999,,,4,Республика Алтай,49.9947055,88.6628218,1,70732.2,18620.0,191.0,2
12,15653,1742,7287,1533,3138,42595,13242,0.36748444653128304,0.04089681887545486,0.17107641741988497,0.03599013968775678,0.0736706186172086,0.3108815588684118,Майминский,84-615-000-000,Майминский муниципальный район,муниципальный район,,1,,с Майма,data-20180110-structure-20150128.csv,2018,9999,,,4,Республика Алтай,52.004684,85.898743,1,73551.6,30941.0,214.9,2
13,11800,1029,5756,582,2255,29431,8009,0.40093778668750635,0.034963134110291866,0.19557609323502428,0.0197750671061126,0.07661989059155312,0.2721280282695117,Онгудайский,84-620-000-000,Онгудайский муниципальный район,муниципальный район,,1,,с Онгудай,data-20180110-structure-20150128.csv,2018,9999,,,4,Республика Алтай,50.7495872,86.1335256,1,46742.2,14025.0,202.6,2
14,14435,1067,7622,398,1748,33305,8035,0.43341840564479805,0.032037231646899866,0.22885452634739528,0.01195015763398889,0.05248461192013211,0.24125506680678577,Турочакский,84-625-000-000,Турочакский муниципальный район,муниципальный район,,1,,с Турочак,data-20180110-structure-20150128.csv,2018,9999,,,4,Республика Алтай,52.259956,87.117538,1,57696.8,10794.0,210.9,2
15,12823,1001,8064,607,2922,32963,7546,0.38901192245851407,0.030367381609683584,0.24463792737311532,0.01841458605102691,0.08864484421927615,0.22892333828838393,Улаганский,84-630-000-000,Улаганский муниципальный район,муниципальный район,,1,,с Улаган,data-20180110-structure-20150128.csv,2018,9999,,,4,Республика Алтай,50.6317434,87.9561929,1,63315.0,11926.0,192.9,2
16,10670,919,5692,610,2090,27711,7730,0.38504564974197975,0.033163725596333585,0.20540579553246002,0.022012919057414024,0.07542131283605788,0.27895059723575477,Усть-Канский,84-635-000-000,Усть-Канский муниципальный район,муниципальный район,,1,,с Усть-Кан,data-20180110-structure-20150128.csv,2018,9999,,,4,Республика Алтай,50.932003,84.765213,1,45304.0,14207.0,204.7,2
17,13012,1224,7104,566,2394,33059,8759,0.3935993224235458,0.037024713391209656,0.21488853262349134,0.017120905048549562,0.07241598354457182,0.26495054296863185,Усть-Коксинский,84-640-000-000,Усть-Коксинский муниципальный район,муниципальный район,,1,,с Усть-Кокса,data-20180110-structure-20150128.csv,2018,9999,,,4,Республика Алтай,50.2695927,85.6155842,1,47699.6,15634.0,198.8,2
18,15594,1301,7544,750,2228,36204,8787,0.43072588664235995,0.03593525577284278,0.20837476521931278,0.020715942989724893,0.06154016130814274,0.24270798806761684,Чемальский,84-643-000-000,Чемальский муниципальный район,муниципальный район,,1,,с Чемал,data-20180110-structure-20150128.csv,2018,9999,,,4,Республика Алтай,51.4065933,86.0037576,1,65317.7,10557.0,207.6,2
19,12357,801,6323,282,1305,27961,6893,0.4419369836558063,0.028647044097135296,0.22613640427738635,0.010085476198991453,0.046672150495332784,0.2465219412753478,Чойский,84-645-000-000,Чойский муниципальный район,муниципальный район,,1,,с Чоя,data-20180110-structure-20150128.csv,2018,9999,,,4,Республика Алтай,51.8987536,86.5916701,1,55749.4,7439.0,210.2,1
20,11755,909,5696,402,1657,28507,8088,0.412354860209773,0.03188690497070895,0.19981057284175816,0.014101799558003298,0.05812607429754096,0.2837197881222156,Шебалинский,84-650-000-000,Шебалинский муниципальный район,муниципальный район,,1,,с Шебалино,data-20180110-structure-20150128.csv,2018,9999,,,4,Республика Алтай,51.2922638,85.6739928,1,50870.5,12114.0,207.8,2
21,14531,2263,6250,2666,2789,42485,13986,0.3420265976226904,0.05326585853830764,0.14711074496881252,0.06275155937389668,0.0656466988348829,0.3291985406614099,Уфа,80-701-000-000,городской округ город Уфа,городской округ,административный_центр_субъекта,2,80-652-000-000,г Уфа,data-20180110-structure-20150128.csv,2018,9999,,,2,Республика Башкортостан,54.7261409,55.947499,1,87313.0,1186715.0,374.3,5
22,9494,1085,4378,502,520,23441,7462,0.40501685081694466,0.04628642122776332,0.18676677616142656,0.021415468623352245,0.02218335395247643,0.31833112921803675,Агидель,80-703-000-000,городской округ город Агидель,городской округ,,1,,г Агидель,data-20180110-structure-20150128.csv,2018,9999,,,2,Республика Башкортостан,55.899276,53.9374202,1,63802.6,13728.0,319.2,3
23,12694,1581,5390,1229,1773,33374,10707,0.3803559657218194,0.04737220590879127,0.16150296638101516,0.036825073410439266,0.053125187271528734,0.32081860130640616,Кумертау,80-723-000-000,городской округ город Кумертау,городской округ,,1,,г Кумертау,data-20180110-structure-20150128.csv,2018,9999,,,2,Республика Башкортостан,52.760975,55.796482,1,60446.9,61143.0,306.7,2
25,13626,1832,5349,1941,2239,36830,11843,0.36997013304371434,0.049742058104805864,0.14523486288351886,0.05270160195492805,0.060792831930491446,0.3215585120825414,Нефтекамск,80-727-000-000,городской округ город Нефтекамск,городской округ,,1,,г Нефтекамск,data-20180110-structure-20150128.csv,2018,9999,,,2,Республика Башкортостан,56.0884031,54.2478094,1,63974.7,144598.0,323.7,2
26,14031,1682,5806,1798,2278,37249,11654,0.37668125318800505,0.045155574646299226,0.15586995624043598,0.04826975220811297,0.061156004188031896,0.3128674595291149,Октябрьский,80-735-000-000,городской округ город Октябрьский,городской округ,,1,,г Октябрьский,data-20180110-structure-20150128.csv,2018,9999,,,2,Республика Башкортостан,54.4809722,53.4660062,1,68419.2,116427.0,338.4,2
27,13193,1635,5618,2002,2179,36718,12091,0.35930606242170054,0.04452856909417724,0.1530039762514298,0.05452366686638706,0.05934419086006863,0.3292935345062367,Салават,80-739-000-000,городской округ город Салават,городской округ,,1,,г Салават,data-20180110-structure-20150128.csv,2018,9999,,,2,Республика Башкортостан,53.361687,55.924641,1,73747.8,146633.0,313.8,2
28,12899,1652,5126,1829,1944,35246,11796,0.36597060659365604,0.04687056687283663,0.14543494297225218,0.0518924133234977,0.05515519491573512,0.3346762753220224,Сибай,80-743-000-000,городской округ город Сибай,городской округ,,1,,г Сибай,data-20180110-structure-20150128.csv,2018,9999,,,2,Республика Башкортостан,52.720425,58.665466,1,56023.4,56470.0,288.3,2
29,13511,1799,5373,1947,2417,37273,12226,0.3624875915542081,0.048265500496337835,0.1441526037614359,0.05223620314973305,0.06484586698146111,0.32801223405682395,Стерлитамак,80-745-000-000,городской округ город Стерлитамак,городской округ,,2,80-649-000-000,г Стерлитамак,data-20180110-structure-20150128.csv,2018,9999,,,2,Республика Башкортостан,53.632374,55.952259,1,65443.6,280497.0,343.8,2
30,8615,683,3686,728,1433,22044,6899,0.39080929050988933,0.030983487570313918,0.16721103248049357,0.03302485937216476,0.06500635093449465,0.3129649791326438,Абзелиловский,80-601-000-000,Абзелиловский муниципальный район,муниципальный район,,1,,с Аскарово,data-20180110-structure-20150128.csv,2018,9999,,,2,Республика Башкортостан,53.3391062,58.5060548,1,52673.4,43983.0,294.7,2
31,10217,1149,4460,581,1329,24091,6355,0.42410028641401354,0.04769415964468059,0.18513137686272882,0.024116890124942926,0.05516582956290731,0.26379145739072685,Альшеевский,80-602-000-000,Альшеевский муниципальный район,муниципальный район,,1,,с Раевский,data-20180110-structure-20150128.csv,2018,9999,,,2,Республика Башкортостан,54.068695,54.941628,1,60609.4,35536.0,324.0,1
32,11245,1194,4827,359,1123,25860,7112,0.4348414539829853,0.04617169373549884,0.18665893271461717,0.01388244392884764,0.0434261407579273,0.27501933488012376,Архангельский,80-603-000-000,Архангельский муниципальный район,муниципальный район,,1,,с Архангельское,data-20180110-structure-20150128.csv,2018,9999,,,2,Республика Башкортостан,54.405724,56.784122,1,46871.6,16616.0,316.6,3
33,10091,1071,4102,377,1321,23835,6873,0.4233689951751626,0.044933920704845816,0.17209985315712187,0.015817075728970002,0.055422697713446614,0.2883574575204531,Аскинский,80-604-000-000,Аскинский муниципальный район,муниципальный район,,1,,с Аскино,data-20180110-structure-20150128.csv,2018,9999,,,2,Республика Башкортостан,56.0855892,56.5788224,1,47944.1,17418.0,317.4,1
34,7971,1197,2827,322,981,19335,6037,0.4122575640031032,0.06190845616757176,0.14621153348849236,0.01665373674683217,0.05073700543056633,0.3122317041634342,Аургазинский,80-605-000-000,Аургазинский муниципальный район,муниципальный район,,1,,с Толбазы,data-20180110-structure-20150128.csv,2018,9999,,,2,Республика Башкортостан,54.010342,55.886463,1,47303.5,29757.0,322.3,1
35,10304,1191,3902,895,1737,25634,7605,0.4019661387220098,0.04646173051416088,0.15221970820004682,0.034914566591246005,0.06776156666926737,0.2966762893032691,Баймакский,80-606-000-000,Баймакский муниципальный район,муниципальный район,,1,,г Баймак,data-20180110-structure-20150128.csv,2018,9999,,,2,Республика Башкортостан,52.597919,58.30756,1,47395.4,53399.0,288.3,2
36,11220,1086,4326,478,1397,24103,5596,0.46550221964070865,0.045056631954528484,0.17947973281334273,0.01983155623781272,0.0579595900925196,0.23217026926108783,Бакалинский,80-607-000-000,Бакалинский муниципальный район,муниципальный район,,1,,с Бакалы,data-20180110-structure-20150128.csv,2018,9999,,,2,Республика Башкортостан,55.1811919,53.7990407,1,43414.8,24813.0,333.9,1
37,9975,1128,3236,516,1285,22004,5864,0.4533266678785675,0.05126340665333576,0.14706417015088166,0.023450281766951464,0.0583984730049082,0.2664970005453554,Балтачевский,80-608-000-000,Балтачевский муниципальный район,муниципальный район,,1,,с Старобалтачево,data-20180110-structure-20150128.csv,2018,9999,,,2,Республика Башкортостан,56.000443,55.923466,1,45217.8,17837.0,320.2,1
38,13423,1749,5625,1294,1862,34976,11023,0.3837774473924977,0.050005718206770355,0.16082456541628545,0.0369967978042086,0.05323650503202196,0.3151589661482159,Белебеевский,80-609-000-000,Белебеевский муниципальный район,муниципальный район,,1,,г Белебей,data-20180110-structure-20150128.csv,2018,9999,,,2,Республика Башкортостан,54.106495,54.107811,1,58297.8,94978.0,327.7,2
39,10554,1434,4953,284,1425,27313,8663,0.3864094021162084,0.05250247135063889,0.18134221799143266,0.010397978984366419,0.052172957932120234,0.3171749716252334,Белокатайский,80-610-000-000,Белокатайский муниципальный район,муниципальный район,,1,,с Новобелокатай,data-20180110-structure-20150128.csv,2018,9999,,,2,Республика Башкортостан,55.704636,58.961376,1,50585.9,17369.0,307.7,1
40,13813,1542,5356,1254,2071,34137,10101,0.40463426780326334,0.04517092890412163,0.15689720830770132,0.03673433517883821,0.06066731112868735,0.29589594867738817,Белорецкий,80-611-000-000,Белорецкий муниципальный район,муниципальный район,,1,,г Белорецк,data-20180110-structure-20150128.csv,2018,9999,,,2,Республика Башкортостан,53.9680705,58.4099549,1,57286.0,96915.0,302.2,2
41,10613,1252,3961,623,1357,24010,6204,0.4420241566014161,0.05214493960849646,0.16497292794668889,0.025947521865889212,0.056518117451062055,0.25839233652644733,Бижбулякский,80-612-000-000,Бижбулякский муниципальный район,муниципальный район,,1,,с Бижбуляк,data-20180110-structure-20150128.csv,2018,9999,,,2,Республика Башкортостан,53.693443,54.268616,1,50782.7,20951.0,323.0,1
42,13096,1479,5505,1490,2137,33604,9897,0.3897155100583264,0.04401261754553029,0.16381978335912392,0.04433995952862754,0.06359361980716581,0.29451850970122606,Бирский,80-613-000-000,Бирский муниципальный район,муниципальный район,,1,,г Бирск,data-20180110-structure-20150128.csv,2018,9999,,,2,Республика Башкортостан,55.4206774,55.5407179,1,50586.9,61478.0,327.0,2
43,12061,1133,4385,556,1322,25457,6000,0.4737793141375653,0.044506422594964054,0.17225124720116275,0.021840751070432495,0.051930706681855676,0.23569155831401972,Благоварский,80-614-000-000,Благоварский муниципальный район,муниципальный район,,1,,с Языково,data-20180110-structure-20150128.csv,2018,9999,,,2,Республика Башкортостан,54.691818,55.01387,1,57138.2,23850.0,329.2,1
44,15129,1870,6489,1582,1969,38174,11135,0.39631686488185675,0.048986220988107086,0.16998480641274166,0.04144181903913659,0.0515796091580657,0.2916906795200922,Благовещенский,80-615-000-000,Благовещенский муниципальный район,муниципальный район,,1,,г Благовещенск,data-20180110-structure-20150128.csv,2018,9999,,,2,Республика Башкортостан,55.031143,55.981876,1,75715.0,48718.0,328.0,2
45,10686,1165,4115,631,1433,24615,6585,0.4341255332114564,0.047328864513508026,0.16717448710136096,0.025634775543367867,0.05821653463335365,0.2675198049969531,Буздякский,80-617-000-000,Буздякский муниципальный район,муниципальный район,,1,,с Буздяк,data-20180110-structure-20150128.csv,2018,9999,,,2,Республика Башкортостан,54.5696389,54.5323993,1,52308.9,25432.0,331.8,1
46,10342,948,3755,396,1466,22953,6046,0.45057290985927767,0.0413017906156058,0.16359517274430357,0.017252646712847992,0.0638696466692807,0.2634078333986843,Бураевский,80-618-000-000,Бураевский муниципальный район,муниципальный район,,1,,с Бураево,data-20180110-structure-20150128.csv,2018,9999,,,2,Республика Башкортостан,55.836903,55.410423,1,71323.4,20840.0,325.1,1
47,9380,1030,3967,454,1589,23203,6783,0.4042580700771452,0.044390811532991424,0.1709692712149291,0.019566435374736027,0.06848252381157609,0.29233288798862217,Бурзянский,80-619-000-000,Бурзянский муниципальный район,муниципальный район,,1,,с Старосубхангулово,data-20180110-structure-20150128.csv,2018,9999,,,2,Республика Башкортостан,53.1028707,57.4444763,1,37911.8,17061.0,295.4,1
48,10212,1109,3820,389,1340,23697,6827,0.4309406253956197,0.04679917289108326,0.1612018398953454,0.016415580031227582,0.05654724226695362,0.28809553951977046,Гафурийский,80-621-000-000,Гафурийский муниципальный район,муниципальный район,,1,,с Красноусольский,data-20180110-structure-20150128.csv,2018,9999,,,2,Республика Башкортостан,53.8961616,56.4705604,1,48074.0,29525.0,312.2,1
49,11597,1141,5130,803,1368,27879,7840,0.41597618278991355,0.04092686251300262,0.1840094694931669,0.028803041715986945,0.04906919186484451,0.28121525162308547,Давлекановский,80-622-000-000,Давлекановский муниципальный район,муниципальный район,,1,,г Давлеканово,data-20180110-structure-20150128.csv,2018,9999,,,2,Республика Башкортостан,54.2129656,55.0307219,1,49262.3,35565.0,325.1,2
50,11531,1285,5155,735,1838,30039,9495,0.38386763873630947,0.04277772229435068,0.17161024002130565,0.024468191351243385,0.06118712340623856,0.31608908419055226,Дуванский,80-623-000-000,Дуванский муниципальный район,муниципальный район,,1,,с Месягутово,data-20180110-structure-20150128.csv,2018,9999,,,2,Республика Башкортостан,55.534695,58.239239,1,51092.4,30750.0,306.3,2
51,11931,1454,4700,1229,1814,31207,10079,0.38231806966385745,0.046592110744384276,0.15060723555612524,0.039382189893293174,0.058127984106130036,0.3229724100362098,Дюртюлинский,80-624-000-000,Дюртюлинский муниципальный район,муниципальный район,,1,,г Дюртюли,data-20180110-structure-20150128.csv,2018,9999,,,2,Республика Башкортостан,55.490616,54.863895,1,56946.4,59179.0,331.3,2
52,9736,1245,4416,527,1169,22561,5468,0.43154115509064317,0.055183724125703645,0.19573600460972473,0.023358893666060903,0.05181507911883339,0.24236514338903417,Ермекеевский,80-625-000-000,Ермекеевский муниципальный район,муниципальный район,,1,,с Ермекеево,data-20180110-structure-20150128.csv,2018,9999,,,2,Республика Башкортостан,54.073929,53.671932,1,56981.8,14369.0,330.3,1
53,10348,1076,4077,471,1760,25374,7642,0.4078190273508316,0.042405612043824384,0.16067628280917476,0.01856230787420194,0.06936233940253803,0.3011744305194293,Зианчуринский,80-626-000-000,Зианчуринский муниципальный район,муниципальный район,,1,,с Исянгулово,data-20180110-structure-20150128.csv,2018,9999,,,2,Республика Башкортостан,52.189625,56.582493,1,43741.2,23381.0,296.6,2
54,11259,1235,5271,531,1999,26873,6578,0.4189707140996539,0.045956908421091805,0.19614482938265174,0.019759610017489673,0.07438693112045548,0.2447810069586574,Зилаирский,80-627-000-000,Зилаирский муниципальный район,муниципальный район,,1,,с Зилаир,data-20180110-structure-20150128.csv,2018,9999,,,2,Республика Башкортостан,52.233707,57.441547,1,45957.4,14231.0,290.4,1
55,14179,1316,6221,1119,2241,34248,9172,0.41400957720158843,0.038425601494977805,0.1816456435412287,0.03267344078486335,0.06543447792571828,0.26781125905162345,Иглинский,80-628-000-000,Иглинский муниципальный район,муниципальный район,,1,,с Иглино,data-20180110-structure-20150128.csv,2018,9999,,,2,Республика Башкортостан,54.8340521,56.4165846,1,63419.6,71099.0,328.2,2
56,9826,1147,3765,533,1391,23313,6651,0.4214815768026423,0.049200017157808945,0.1614978767211427,0.02286278042293999,0.05966628061596534,0.2852914682795007,Илишевский,80-630-000-000,Илишевский муниципальный район,муниципальный район,,1,,с Верхнеяркеево,data-20180110-structure-20150128.csv,2018,9999,,,2,Республика Башкортостан,55.4451166,54.3153665,1,62935.4,30405.0,332.5,1
57,13399,1681,5453,1572,1941,36757,12711,0.36452920532143535,0.04573278559186005,0.14835269472481433,0.04276736403950268,0.05280626819381342,0.34581168212857416,Ишимбайский,80-631-000-000,Ишимбайский муниципальный район,муниципальный район,,1,,г Ишимбай,data-20180110-structure-20150128.csv,2018,9999,,,2,Республика Башкортостан,53.4546454,56.0439119,1,62428.7,82948.0,315.0,2
58,10208,1060,4506,403,884,23484,6423,0.4346789303355476,0.04513711463123829,0.1918753193663771,0.017160619996593424,0.03764265031510816,0.2735053653551354,Калтасинский,80-633-000-000,Калтасинский муниципальный район,муниципальный район,,1,,с Калтасы,data-20180110-structure-20150128.csv,2018,9999,,,2,Республика Башкортостан,55.970051,54.7900496,1,66702.3,21101.0,320.4,3
59,9429,1064,4689,680,1488,23706,6356,0.3977474057200709,0.044883151944655364,0.19779802581624906,0.028684721167636887,0.06276891926094659,0.26811777609044124,Караидельский,80-634-000-000,Караидельский муниципальный район,муниципальный район,,1,,с Караидель,data-20180110-structure-20150128.csv,2018,9999,,,2,Республика Башкортостан,55.83279,56.913136,1,44545.4,23105.0,315.0,1
60,11028,1031,5079,618,1361,26373,7256,0.4181549311796155,0.0390930117923634,0.19258332385394153,0.023433056535092707,0.0516058089712964,0.27512986766769043,Кармаскалинский,80-635-000-000,Кармаскалинский муниципальный район,муниципальный район,,1,,с Кармаскалы,data-20180110-structure-20150128.csv,2018,9999,,,2,Республика Башкортостан,54.367451,56.168819,1,55837.1,51575.0,324.2,2
61,10817,1108,4262,609,1295,25393,7302,0.4259835387705273,0.04363407238215256,0.16784153113062655,0.02398298743748277,0.050998306619934625,0.28755956365927615,Кигинский,80-636-000-000,Кигинский муниципальный район,муниципальный район,,1,,с Верхние Киги,data-20180110-structure-20150128.csv,2018,9999,,,2,Республика Башкортостан,55.4059473,58.5993731,1,43959.4,16339.0,310.7,2
62,10754,1089,3630,578,1221,23685,6413,0.45404264302301034,0.04597846738442052,0.1532615579480684,0.02440363099007811,0.05155161494616846,0.27076208570825416,Краснокамский,80-637-000-000,Краснокамский муниципальный район,муниципальный район,,1,,с Николо-Березовка,data-20180110-structure-20150128.csv,2018,9999,,,2,Республика Башкортостан,56.1286312,54.1702787,1,64901.0,25332.0,325.6,1
63,9482,1244,3995,290,1472,24270,7787,0.39068809229501444,0.051256695508858675,0.1646065100947672,0.011948908117016894,0.06065100947672023,0.32084878450762255,Кугарчинский,80-638-000-000,Кугарчинский муниципальный район,муниципальный район,,1,,с Мраково,data-20180110-structure-20150128.csv,2018,9999,,,2,Республика Башкортостан,52.7154243,56.6223067,1,47305.4,26359.0,301.3,1
65,10211,1151,3605,552,1135,23283,6629,0.4385603229824335,0.04943521023923034,0.1548339990551046,0.023708285014817677,0.04874801357213417,0.28471416913627967,Кушнаренковский,80-640-000-000,Кушнаренковский муниципальный район,муниципальный район,,1,,с Кушнаренково,data-20180110-structure-20150128.csv,2018,9999,,,2,Республика Башкортостан,55.107124,55.342201,1,50295.3,26370.0,332.0,1
66,13173,1685,5584,1460,2267,35687,11518,0.3691260122733769,0.04721607307983299,0.1564715442598145,0.040911256199736595,0.06352453274301566,0.32275058144422336,Мелеузовский,80-641-000-000,Мелеузовский муниципальный район,муниципальный район,,1,,г Мелеуз,data-20180110-structure-20150128.csv,2018,9999,,,2,Республика Башкортостан,52.96328,55.928612,1,54630.9,79609.0,309.6,2
67,10761,1307,4163,510,1439,27015,8835,0.3983342587451416,0.04838052933555432,0.1540995743105682,0.018878400888395337,0.053266703683138995,0.32704053303720154,Мечетлинский,80-642-000-000,Мечетлинский муниципальный район,муниципальный район,,1,,с Большеустьикинское,data-20180110-structure-20150128.csv,2018,9999,,,2,Республика Башкортостан,55.95219,58.2687,1,45561.3,21838.0,308.9,1
68,10194,1153,4333,507,1294,23447,5966,0.4347677741288864,0.049174734507612915,0.18479976116347507,0.021623235381925194,0.0551882970102785,0.2544461978078219,Мишкинский,80-643-000-000,Мишкинский муниципальный район,муниципальный район,,1,,с Мишкино,data-20180110-structure-20150128.csv,2018,9999,,,2,Республика Башкортостан,55.531227,55.970352,1,45268.6,20716.0,322.6,1
69,9447,1339,3477,486,1203,23593,7641,0.40041537744246175,0.05675412198533463,0.14737422116729537,0.020599330309837665,0.05098970033484508,0.3238672487602255,Миякинский,80-644-000-000,Миякинский муниципальный район,муниципальный район,,1,,с Киргиз-Мияки,data-20180110-structure-20150128.csv,2018,9999,,,2,Республика Башкортостан,53.629292,54.800922,1,47598.1,23086.0,319.7,1
70,11260,1064,5573,545,1025,25879,6412,0.4351018200085011,0.041114417094941846,0.21534835194559296,0.021059546350322655,0.03960740368638665,0.2477684609142548,Нуримановский,80-645-000-000,Нуримановский муниципальный район,муниципальный район,,1,,с Красная Горка,data-20180110-structure-20150128.csv,2018,9999,,,2,Республика Башкортостан,55.1897234,56.6677432,1,45435.8,19945.0,316.4,3
71,11235,1172,4544,680,1493,26184,7060,0.4290788267644363,0.04476015887564925,0.17354109379773908,0.025970058050717997,0.057019553926061714,0.26963030858539566,Салаватский,80-647-000-000,Салаватский муниципальный район,муниципальный район,,1,,с Малояз,data-20180110-structure-20150128.csv,2018,9999,,,2,Республика Башкортостан,55.2034086,58.1536392,1,51691.7,23304.0,311.5,1
72,7334,1123,3579,214,1107,19859,6502,0.36930359031169746,0.056548668110176746,0.18022055491213052,0.010775970592678383,0.05574298806586434,0.32740822800745256,Стерлибашевский,80-648-000-000,Стерлибашевский муниципальный район,муниципальный район,,1,,с Стерлибашево,data-20180110-structure-20150128.csv,2018,9999,,,2,Республика Башкортостан,53.438549,55.256725,1,42737.0,16360.0,316.9,1
73,13454,1798,5368,1796,2659,37509,12434,0.35868724839371885,0.04793516222773201,0.1431123197099363,0.04788184169132741,0.07088965314991069,0.33149377482737474,Стерлитамакский,80-649-000-000,Стерлитамакский муниципальный район,муниципальный район,,3,80-745-000-000,г Стерлитамак,data-20180110-structure-20150128.csv,2018,9999,,,2,Республика Башкортостан,53.632374,55.952259,1,57412.3,47531.0,485.7,2
74,10410,1204,3783,547,1707,25018,7367,0.41610040770645135,0.048125349748181306,0.15121112798784875,0.02186425773443121,0.06823087377088496,0.2944679830522024,Татышлинский,80-650-000-000,Татышлинский муниципальный район,муниципальный район,,1,,с Верхние Татышлы,data-20180110-structure-20150128.csv,2018,9999,,,2,Республика Башкортостан,56.2921876,55.8557435,1,72519.4,20679.0,317.6,1
75,13570,1620,5038,1419,2067,34123,10409,0.3976789848489289,0.04747530990827301,0.1476423526653577,0.04158485479002432,0.06057497875333353,0.3050435190340826,Туймазинский,80-651-000-000,Туймазинский муниципальный район,муниципальный район,,1,,г Туймазы,data-20180110-structure-20150128.csv,2018,9999,,,2,Республика Башкортостан,54.606537,53.6974004,1,61257.3,130733.0,336.0,2
76,14570,1973,6784,2135,2839,40481,12180,0.3599219386872854,0.04873891455250611,0.1675847928657889,0.05274079197648279,0.07013166670783824,0.30088189521009856,Уфимский,80-652-000-000,Уфимский муниципальный район,муниципальный район,,3,80-701-000-000,г Уфа,data-20180110-structure-20150128.csv,2018,9999,,,2,Республика Башкортостан,54.7261409,55.947499,1,90380.8,117125.0,889.7,2
77,13337,1807,5398,1526,2013,35489,11408,0.3758065879568317,0.05091718560680775,0.1521034686804362,0.04299923920087915,0.056721801121474257,0.321451717433571,Учалинский,80-653-000-000,Учалинский муниципальный район,муниципальный район,,1,,г Учалы,data-20180110-structure-20150128.csv,2018,9999,,,2,Республика Башкортостан,54.316597,59.384636,1,81713.4,68451.0,299.6,2
78,7881,1084,3484,216,902,20222,6655,0.3897240629017901,0.05360498467016121,0.172287607556127,0.010681436059736921,0.04460488576797547,0.3290970230442093,Федоровский,80-654-000-000,Федоровский муниципальный район,муниципальный район,,1,,с Федоровка,data-20180110-structure-20150128.csv,2018,9999,,,2,Республика Башкортостан,53.1771974,55.1864825,1,45108.6,15491.0,313.8,1
79,11932,1215,5049,980,1564,29788,9048,0.40056398549751576,0.04078823687390896,0.16949778434268833,0.032899154021753724,0.05250436417349268,0.3037464750906405,Хайбуллинский,80-655-000-000,Хайбуллинский муниципальный район,муниципальный район,,1,,с Акъяр,data-20180110-structure-20150128.csv,2018,9999,,,2,Республика Башкортостан,51.865116,58.220215,1,79129.2,29249.0,283.6,2
80,9549,1285,2895,439,1284,22527,7075,0.4238913304035158,0.05704265991920806,0.12851245172459716,0.019487725840102988,0.05699826874417366,0.31406756336840236,Чекмагушевский,80-656-000-000,Чекмагушевский муниципальный район,муниципальный район,,1,,с Чекмагуш,data-20180110-structure-20150128.csv,2018,9999,,,2,Республика Башкортостан,55.1378996,54.6534999,1,54175.5,27671.0,332.7,1
81,13444,1524,5197,1281,1780,32888,9662,0.40878131841401116,0.046339090245682314,0.15802116273412795,0.038950377037217224,0.05412308440768669,0.2937849671612746,Чишминский,80-657-000-000,Чишминский муниципальный район,муниципальный район,,1,,рп Чишмы,data-20180110-structure-20150128.csv,2018,9999,,,2,Республика Башкортостан,54.58968,55.385605,1,61702.3,50536.0,331.1,2
82,8924,935,3096,329,1043,19858,5531,0.44939067378386544,0.047084298519488366,0.15590693926880855,0.016567630174237083,0.0525229126800282,0.27852754557357234,Шаранский,80-658-000-000,Шаранский муниципальный район,муниципальный район,,1,,с Шаран,data-20180110-structure-20150128.csv,2018,9999,,,2,Республика Башкортостан,54.8182509,54.0016574,1,54072.2,18637.0,332.9,1
83,10984,1353,4116,928,1535,27654,8738,0.3971938960005786,0.04892601431980907,0.14883922759817747,0.033557532364214944,0.055507340710204675,0.31597598900701523,Янаульский,80-659-000-000,Янаульский муниципальный район,муниципальный район,,1,,г Янаул,data-20180110-structure-20150128.csv,2018,9999,,,2,Республика Башкортостан,56.2714237,54.9294823,1,62296.6,42391.0,321.6,2
167,9143,1822,6686,1807,2879,32016,9679,0.2855759620189905,0.05690904547726137,0.20883308345827087,0.05644052973513243,0.08992378810594703,0.30231759120439783,Нальчик,83-701-000-000,городской округ Нальчик,городской округ,административный_центр_субъекта,1,,г Нальчик,data-20180110-structure-20150128.csv,2018,9999,,,7,Кабардино-Балкарская Республика,43.4769604,43.5966578,1,54194.3,245756.0,298.0,2
168,6377,1553,6576,812,1947,24522,7257,0.2600521980262621,0.0633308865508523,0.268167359921703,0.03311312291003996,0.07939809150966479,0.2959383410814779,Баксан,83-703-000-000,городской округ Баксан,городской округ,,2,83-610-000-000,г Баксан,data-20180110-structure-20150128.csv,2018,9999,,,7,Кабардино-Балкарская Республика,43.6820626,43.5344319,1,41355.4,61043.0,337.9,2
169,8450,1398,7981,611,1412,27883,8031,0.30305203887673493,0.05013807696445863,0.2862317541154108,0.021912993580317758,0.05064017501703547,0.2880249614460424,Прохладный,83-710-000-000,городской округ Прохладный,городской округ,,2,83-625-000-000,г Прохладный,data-20180110-structure-20150128.csv,2018,9999,,,7,Кабардино-Балкарская Республика,43.7590017,44.0103981,1,44481.9,60023.0,346.2,1
173,7986,1191,7440,316,1268,24011,5810,0.3325975594519179,0.04960226562825372,0.30985798175836077,0.013160634709091667,0.052809129149139974,0.241972429303236,Майский,83-620-000-000,Майский муниципальный район,муниципальный район,,1,,г Майский,data-20180110-structure-20150128.csv,2018,9999,,,7,Кабардино-Балкарская Республика,43.6282481,44.0518741,1,43597.7,37609.0,301.5,1
181,9335,1063,5721,128,978,22794,5569,0.409537597613407,0.04663507940686146,0.2509871018689129,0.005615512854259893,0.042906027902079494,0.24431868035447926,Городовиковский,85-605-000-000,Городовиковский муниципальный район,муниципальный район,,1,,г Городовиковск,data-20180110-structure-20150128.csv,2018,9999,,,8,Республика Калмыкия,46.082851,41.934269,1,36828.2,13573.0,314.8,1
184,10828,884,5460,127,872,24387,6216,0.44400705293804077,0.036248821093205395,0.22388977734038626,0.005207692623118875,0.035756755648501254,0.25488990035674747,Лаганский,85-615-000-000,Лаганский муниципальный район,муниципальный район,,1,,г Лагань,data-20180110-structure-20150128.csv,2018,9999,,,8,Республика Калмыкия,45.392059,47.361282,1,39218.1,18650.0,280.8,3
185,6810,964,6317,193,1177,23853,8392,0.2854986794113948,0.04041420366410934,0.26483041965371235,0.008091225422378737,0.04934389804217499,0.3518215738062298,Малодербетовский,85-620-000-000,Малодербетовский муниципальный район,муниципальный район,,1,,с Малые Дербеты,data-20180110-structure-20150128.csv,2018,9999,,,8,Республика Калмыкия,47.9509398,44.6783553,1,37385.0,9256.0,321.1,1
188,10755,892,5958,373,1566,23808,4264,0.45173891129032256,0.03746639784946237,0.25025201612903225,0.015667002688172043,0.06577620967741936,0.1790994623655914,Сарпинский,85-632-000-000,Сарпинский муниципальный район,муниципальный район,,1,,с Садовое,data-20180110-structure-20150128.csv,2018,9999,,,8,Республика Калмыкия,47.7676505,44.5164159,1,43198.5,11466.0,319.0,1
191,9415,861,8312,112,1474,24343,4169,0.3867641621821468,0.03536951074230785,0.3414533952265538,0.00460091196647907,0.0605512878445549,0.17126073203795752,Юстинский,85-646-000-000,Юстинский муниципальный район,муниципальный район,,1,,п Цаган Аман,data-20180110-structure-20150128.csv,2018,9999,,,8,Республика Калмыкия,47.565372,46.724106,1,42368.8,8903.0,298.7,1
194,10274,1860,6483,1872,1869,31341,8983,0.32781340735777414,0.05934718100890208,0.20685364219393126,0.059730066047669186,0.05963434478797741,0.2866213586037459,Черкесский,91-701-000-000,городской округ Черкесский,городской округ,административный_центр_субъекта,1,,г Черкесск,data-20180110-structure-20150128.csv,2018,9999,,,9,Карачаево-Черкесская Республика,44.2285229,42.048257,1,56717.4,112782.0,306.5,2
195,7611,1480,6843,1264,1298,25488,6992,0.2986111111111111,0.05806654111738858,0.2684792843691149,0.04959196484620213,0.05092592592592592,0.27432517263025735,Карачаевский,91-705-000-000,городской округ Карачаевский,городской округ,,2,91-615-000-000,г Карачаевск,data-20180110-structure-20150128.csv,2018,9999,,,9,Карачаево-Черкесская Республика,43.7715594,41.911979,1,43034.8,41150.0,311.0,2
196,8823,1590,6208,1634,2182,28058,7621,0.31445577019032006,0.05666832988808896,0.22125596977689072,0.05823651008624991,0.07776748164516359,0.27161593841328674,Абазинский,91-601-000-000,Абазинский муниципальный район,муниципальный район,,1,,аул Инжич-Чукун,data-20180110-structure-20150128.csv,2018,9999,,,9,Карачаево-Черкесская Республика,44.0524374,41.78537743530578,1,40284.5,18121.0,324.7,2
198,8854,1450,7690,557,1730,28232,7951,0.3136157551714367,0.05136015868517994,0.2723859450269198,0.01972938509492774,0.06127798243128365,0.2816307735902522,Зеленчукский,91-610-000-000,Зеленчукский муниципальный район,муниципальный район,,1,,ст-ца Зеленчукская,data-20180110-structure-20150128.csv,2018,9999,,,9,Карачаево-Черкесская Республика,43.8549752,41.5853611,1,49497.5,53555.0,297.8,1
201,8745,1671,6636,1332,2045,27773,7344,0.3148741583552371,0.060166348611961254,0.2389370971807151,0.04796024916285601,0.07363266481834875,0.2644294818708818,Ногайский,91-623-000-000,Ногайский муниципальный район,муниципальный район,,1,,п Эркен-Шахар,data-20180110-structure-20150128.csv,2018,9999,,,9,Карачаево-Черкесская Республика,44.3768288,41.9579221,1,35727.4,16400.0,304.8,2
203,8912,1096,9952,625,960,28160,6615,0.3164772727272727,0.03892045454545454,0.3534090909090909,0.022194602272727272,0.03409090909090909,0.23490767045454544,Урупский,91-630-000-000,Урупский муниципальный район,муниципальный район,,1,,ст-ца Преградная,data-20180110-structure-20150128.csv,2018,9999,,,9,Карачаево-Черкесская Республика,43.9528755,41.1917906,1,56531.0,24072.0,296.8,3
204,7798,1433,5965,1115,1291,24139,6537,0.32304569369070796,0.059364513857243464,0.2471104851070881,0.046190811549774224,0.05348191722937984,0.27080657856580637,Усть-Джегутинский,91-635-000-000,Усть-Джегутинский муниципальный район,муниципальный район,,1,,г Усть-Джегута,data-20180110-structure-20150128.csv,2018,9999,,,9,Карачаево-Черкесская Республика,44.0858961,41.9722557,1,53103.8,50870.0,303.9,2
205,8012,1316,5588,1051,2066,24147,6114,0.331801051890504,0.054499523750362364,0.23141591087919824,0.043525075578746845,0.08555928272663271,0.2531991551745558,Хабезский,91-640-000-000,Хабезский муниципальный район,муниципальный район,,1,,аул Хабез,data-20180110-structure-20150128.csv,2018,9999,,,9,Карачаево-Черкесская Республика,44.0461094,41.7695948,1,38811.6,31020.0,315.0,2
206,18954,2401,8972,2499,2853,51653,15974,0.36694867674675236,0.046483263314812305,0.17369755870907788,0.048380539368478116,0.055233965113352566,0.30925599674752674,Петрозаводский,86-701-000-000,городской округ Петрозаводский,городской округ,административный_центр_субъекта,2,86-636-000-000,г Петрозаводск,data-20180110-structure-20150128.csv,2018,9999,,,10,Республика Карелия,61.7900426,34.390007,1,80872.6,235694.0,280.5,5
207,20284,1901,10268,2082,2076,49397,12786,0.41063222462902604,0.03848411846873292,0.20786687450654898,0.04214830860173695,0.04202684373544952,0.2588416300585056,Костомукшский,86-706-000-000,городской округ Костомукшский,городской округ,,1,,г Костомукша,data-20180110-structure-20150128.csv,2018,9999,,,10,Республика Карелия,64.5873013,30.5969076,1,112900.5,26470.0,238.5,2
208,17130,1481,8466,466,1430,40784,11811,0.42001765398195373,0.03631326010200078,0.2075814044723421,0.011426049431149471,0.03506276971361318,0.2895988622989408,Беломорский,86-504-000-000,Беломорский муниципальный округ,муниципальный округ,,1,,г Беломорск,data-20240101-structure-20150128.csv,2024,9999,,,10,Республика Карелия,64.5216684,34.7625835,2,86078.3,12305.0,247.2,3
209,20191,1358,10512,635,2514,43152,7942,0.4679041527623285,0.03147015202076381,0.2436040044493882,0.01471542454579162,0.058259176863181314,0.18404708935854652,Калевальский,86-609-000-000,Калевальский муниципальный район,муниципальный район,,1,,пгт Калевала,data-20180110-structure-20150128.csv,2018,9999,,,10,Республика Карелия,65.200096,31.180172,1,70023.1,5888.0,234.5,2
210,16800,1139,8046,613,1242,37372,9532,0.44953441078882583,0.030477362731456705,0.21529487316707696,0.016402654393663705,0.03323343679760248,0.2550572621213743,Кемский,86-612-000-000,Кемский муниципальный район,муниципальный район,,1,,г Кемь,data-20180110-structure-20150128.csv,2018,9999,,,10,Республика Карелия,64.9550895,34.5697446,1,99031.2,12493.0,244.4,3
211,15273,1348,6672,1071,1163,34658,9131,0.44067747706157306,0.03889433896935773,0.19250966587800797,0.030901956258295345,0.03355646603958682,0.2634600957931791,Кондопожский,86-615-000-000,Кондопожский муниципальный район,муниципальный район,,1,,г Кондопога,data-20180110-structure-20150128.csv,2018,9999,,,10,Республика Карелия,62.20929,34.268185,1,72960.2,31368.0,270.4,3
212,16386,1228,10725,714,1591,40564,9920,0.403954245143477,0.030273148604674095,0.26439700226802093,0.01760181441672419,0.03922197021989942,0.2445518193472044,Лахденпохский,86-618-000-000,Лахденпохский муниципальный район,муниципальный район,,1,,г Лахденпохья,data-20180110-structure-20150128.csv,2018,9999,,,10,Республика Карелия,61.5179265,30.2038927,1,69672.6,10502.0,284.3,3
213,19296,1391,10125,623,1614,43744,10695,0.44111192392099485,0.03179864667154353,0.23146031455742502,0.014241953182150695,0.03689648866130212,0.24449067300658375,Лоухский,86-621-000-000,Лоухский муниципальный район,муниципальный район,,1,,пгт Лоухи,data-20180110-structure-20150128.csv,2018,9999,,,10,Республика Карелия,66.07512539999999,33.04001857654001,1,98732.7,10092.0,234.7,3
214,16185,1393,8594,538,1382,38049,9957,0.42537254592761964,0.03661068622040001,0.22586664564114695,0.014139662014770427,0.03632158532418723,0.26168887487187575,Медвежьегорский,86-624-000-000,Медвежьегорский муниципальный район,муниципальный район,,1,,г Медвежьегорск,data-20180110-structure-20150128.csv,2018,9999,,,10,Республика Карелия,62.915024,34.473339,1,75138.7,23603.0,266.4,3
215,18227,1398,8604,519,1543,39114,8823,0.46599682977961854,0.035741678171498696,0.21997238840312933,0.0132689062739684,0.03944879071432224,0.2255714066574628,Муезерский,86-627-000-000,Муезерский муниципальный район,муниципальный район,,1,,пгт Муезерский,data-20180110-structure-20150128.csv,2018,9999,,,10,Республика Карелия,63.9596446,31.9947228,1,58821.0,7695.0,246.8,3
216,15690,1129,7269,521,1217,34280,8454,0.45770128354725786,0.03293465577596266,0.21204784130688448,0.015198366394399067,0.03550175029171528,0.24661610268378062,Олонецкий,86-630-000-000,Олонецкий муниципальный район,муниципальный район,,1,,г Олонец,data-20180110-structure-20150128.csv,2018,9999,,,10,Республика Карелия,60.979276,32.9749376,1,60626.4,18460.0,292.1,3
217,16732,1367,8391,1067,1196,38856,10103,0.430615606341363,0.03518118179946469,0.21595120444718963,0.0274603664813671,0.030780317068149064,0.26001132386246656,Питкярантский,86-533-000-000,Питкярантский муниципальный округ,муниципальный округ,,1,,г Питкяранта,data-20240101-structure-20150128.csv,2024,9999,,,10,Республика Карелия,61.57460265,31.47962163893381,2,71373.2,14495.0,277.7,3
218,16987,1355,9309,1496,2343,42350,10860,0.4011097992916175,0.031995277449822904,0.21981109799291618,0.03532467532467533,0.055324675324675325,0.2564344746162928,Прионежский,86-636-000-000,Прионежский муниципальный район,муниципальный район,,3,86-701-000-000,г Петрозаводск,data-20180110-structure-20150128.csv,2018,9999,,,10,Республика Карелия,61.7900426,34.390007,1,83749.8,21969.0,365.8,2
219,14230,884,7889,493,700,31326,7130,0.45425525122901106,0.02821937049096597,0.25183553597650515,0.01573772585073102,0.022345655366149523,0.2276064610866373,Пряжинский,86-639-000-000,Пряжинский муниципальный район,муниципальный район,,1,,пгт Пряжа,data-20180110-structure-20150128.csv,2018,9999,,,10,Республика Карелия,61.6932537,33.6224108,1,70038.6,12023.0,280.3,3
220,15563,1170,7372,413,1499,35649,9632,0.4365620354007125,0.03281999495077001,0.20679401946758674,0.011585177704844456,0.04204886532581559,0.2701899071502707,Пудожский,86-642-000-000,Пудожский муниципальный район,муниципальный район,,1,,г Пудож,data-20180110-structure-20150128.csv,2018,9999,,,10,Республика Карелия,61.808434,36.536045,1,66905.8,13907.0,282.6,3
221,16926,1246,8452,746,1240,39529,10919,0.4281919603329201,0.031521161678767486,0.21381770345822054,0.018872220395152926,0.03136937438336411,0.2762275797515748,Сегежский,86-545-000-000,Сегежский муниципальный округ,муниципальный округ,,1,,г Сегежа,data-20240101-structure-20150128.csv,2024,9999,,,10,Республика Карелия,63.7435087,34.3106868,2,79173.2,31219.0,256.2,3
222,18378,1762,10589,1445,2236,48791,14381,0.3766678280830481,0.03611321760160685,0.21702773052407207,0.02961611772662991,0.04582812403926954,0.2947469820253735,Сортавальский,86-610-000-000,Сортавальский муниципальный район,муниципальный район,,1,,г Сортавала,data-20180110-structure-20150128.csv,2018,9999,,,10,Республика Карелия,61.70274,30.691231,1,69993.1,23603.0,279.6,2
223,15588,1141,7627,403,1034,34316,8523,0.45424874694020284,0.03324979601352139,0.22225783890896375,0.011743792982865136,0.03013171698333139,0.24836810817111551,Суоярвский,86-550-000-000,Суоярвский муниципальный округ,муниципальный округ,,1,,г. Суоярви,data-20230208-structure-20150128.csv,2023,9999,,,10,Республика Карелия,62.0820094,32.345856,2,74690.2,12070.0,269.2,3
224,18255,2012,7111,1892,2545,45815,14000,0.3984502892065917,0.043915748117428786,0.15521117537924262,0.041296518607442975,0.05554949252428244,0.30557677616501144,Сыктывкар,87-701-000-000,городской округ Сыктывкар,городской округ,административный_центр_субъекта,1,,г Сыктывкар,data-20180110-structure-20150128.csv,2018,9999,,,11,Республика Коми,61.6685237,50.8352024,1,81693.1,232811.0,276.0,2
225,18911,1559,8292,2034,1512,51020,18712,0.37065856526852214,0.030556644453155625,0.16252450019600156,0.03986671893375147,0.02963543708349667,0.3667581340650725,Воркута,87-710-000-000,городской округ Воркута,городской округ,,1,,г Воркута,data-20180110-structure-20150128.csv,2018,9999,,,11,Республика Коми,67.5035662,64.0627028,1,121203.1,67547.0,208.0,4
226,14280,1039,7764,1326,1150,37060,11501,0.3853211009174312,0.028035617916891527,0.20949811117107395,0.03577981651376147,0.0310307609282245,0.31033459255261736,Вуктыл,87-512-000-000,муниципальный округ Вуктыл,муниципальный округ,,1,,г Вуктыл,data-20240101-structure-20150128.csv,2024,9999,,,11,Республика Коми,63.844337,57.300171,2,111490.6,10125.0,237.3,3
227,19612,1651,7417,902,1164,45538,14792,0.43067328385084985,0.036255435021300894,0.16287496157055645,0.019807633185471473,0.0255610698757082,0.32482761649611314,Инта,87-715-000-000,городской округ Инта,городской округ,,1,,г Инта,data-20180110-structure-20150128.csv,2018,9999,,,11,Республика Коми,66.0401498,60.1313631,1,96563.9,20870.0,221.3,4
228,18229,1695,7517,1785,1586,46163,15351,0.39488334813595305,0.03671771765266556,0.16283603751922535,0.03866733097935576,0.03435651929034075,0.33253904642245957,Усинск,87-523-000-000,муниципальный округ Усинск,муниципальный округ,,1,,г Усинск,data-20240101-structure-20150128.csv,2024,9999,,,11,Республика Коми,65.9944237,57.5570861,2,138116.7,35807.0,222.2,4
229,18469,1841,7195,1869,1926,45666,14366,0.40443656111768056,0.040314457145359785,0.15755704462838874,0.04092760478255157,0.04217579818683485,0.31458853413918453,Ухта,87-725-000-000,городской округ Ухта,городской округ,,1,,г Ухта,data-20180110-structure-20150128.csv,2018,9999,,,11,Республика Коми,63.5623797,53.6842376,1,,93096.0,251.9,2
230,16413,989,6842,476,1771,35160,8669,0.4668088737201365,0.028128555176336747,0.19459613196814562,0.013538111490329921,0.050369738339021614,0.24655858930602959,Ижемский,87-604-000-000,Ижемский муниципальный район,муниципальный район,,1,,с Ижма,data-20180110-structure-20150128.csv,2018,9999,,,11,Республика Коми,65.0324906,53.97245771017012,1,71478.0,16187.0,235.7,2
231,16358,1159,7404,683,1204,35823,9015,0.45663400608547583,0.03235351589760768,0.2066828573821288,0.019065963207994863,0.03360969209725595,0.2516539653295369,Княжпогостский,87-608-000-000,Княжпогостский муниципальный район,муниципальный район,,1,,г Емва,data-20180110-structure-20150128.csv,2018,9999,,,11,Республика Коми,62.5983295,50.8880873,1,83973.8,14981.0,268.0,3
232,15235,991,5158,245,1420,29132,6083,0.522964437731704,0.03401757517506522,0.17705615817657558,0.008409995880818344,0.04874364959494714,0.20880818344088975,Койгородский,87-612-000-000,Койгородский муниципальный район,муниципальный район,,1,,с Койгородок,data-20180110-structure-20150128.csv,2018,9999,,,11,Республика Коми,60.441257,51.007,1,66260.9,7470.0,278.2,1
233,12749,704,5992,198,878,27473,6952,0.4640556182433662,0.025625159247260946,0.2181050485931642,0.007207076038292142,0.03195865031121465,0.25304844756670186,Корткеросский,87-616-000-000,Корткеросский муниципальный район,муниципальный район,,1,,с Корткерос,data-20180110-structure-20150128.csv,2018,9999,,,11,Республика Коми,61.8130799,51.5744647,1,59748.5,18232.0,275.1,3
234,18487,1621,7138,1578,1475,43178,12879,0.42815785816851176,0.0375422668951781,0.16531567001713834,0.03654638936495438,0.034160915280930106,0.29827690027328735,Печора,87-620-000-000,муниципальный район Печора,муниципальный район,,1,,г Печора,data-20180110-structure-20150128.csv,2018,9999,,,11,Республика Коми,65.1142862,57.16074,1,107336.0,42164.0,233.5,3
235,13704,1012,5109,316,1280,27422,6001,0.49974473050835094,0.0369046750784042,0.18631026183356428,0.011523594194442419,0.04667784990153891,0.21883888848369923,Прилузский,87-624-000-000,Прилузский муниципальный район,муниципальный район,,1,,с Объячево,data-20180110-structure-20150128.csv,2018,9999,,,11,Республика Коми,60.334034,49.618275,1,66032.3,17018.0,290.9,1
236,16005,1215,6861,1058,1263,36867,10465,0.4341280820245748,0.03295630238424607,0.1861013914883229,0.02869775137656983,0.03425827976238913,0.28385819296389725,Сосногорск,87-626-000-000,муниципальный район Сосногорск,муниципальный район,,1,,г Сосногорск,data-20180110-structure-20150128.csv,2018,9999,,,11,Республика Коми,63.5895298,53.9305546,1,89784.3,33872.0,251.7,3
237,16185,1146,6429,997,1902,36861,10202,0.43908195653943194,0.03108976967526654,0.17441198014161308,0.027047557038604488,0.05159925124114918,0.2767694853639348,Сыктывдинский,87-628-000-000,Сыктывдинский муниципальный район,муниципальный район,,1,,с Выльгорт,data-20180110-structure-20150128.csv,2018,9999,,,11,Республика Коми,61.627003,50.768478,1,69555.4,21442.0,282.2,2
238,15626,1038,4772,421,1204,28318,5257,0.5518045059679356,0.036655131012077125,0.16851472561621583,0.01486686912917579,0.04251712691574264,0.18564164135885303,Сысольский,87-632-000-000,Сысольский муниципальный район,муниципальный район,,1,,с Визинга,data-20180110-structure-20150128.csv,2018,9999,,,11,Республика Коми,61.076214,50.084496,1,61634.9,11592.0,284.3,1
239,15513,1180,7346,286,1213,34191,8653,0.4537158901465298,0.03451200608347226,0.2148518616010061,0.008364774355824632,0.03547717235529818,0.25307829545786903,Троицко-Печорский,87-636-000-000,Троицко-Печорский муниципальный район,муниципальный район,,1,,пгт Троицко-Печорск,data-20180110-structure-20150128.csv,2018,9999,,,11,Республика Коми,62.714462,56.185379,1,61461.9,9461.0,241.6,3
240,16285,1143,6750,480,1414,34507,8435,0.47193323093865014,0.03312371402903758,0.1956124844234503,0.013910221114556467,0.04097719303329759,0.24444315646100792,Удорский,87-640-000-000,Удорский муниципальный район,муниципальный район,,1,,с Кослан,data-20180110-structure-20150128.csv,2018,9999,,,11,Республика Коми,63.456226,48.894211,1,63791.4,12261.0,258.1,3
241,15369,1100,6302,595,936,32893,8591,0.4672422703918767,0.03344176572523029,0.19159091600036482,0.01808895509682911,0.0284559024716505,0.2611801903140486,Усть-Вымский,87-644-000-000,Усть-Вымский муниципальный район,муниципальный район,,1,,с Айкино,data-20180110-structure-20150128.csv,2018,9999,,,11,Республика Коми,62.224483,49.992413,1,72808.3,23548.0,273.9,3
242,12583,975,5535,300,1258,28147,7496,0.44704586634454824,0.034639570824599425,0.19664617898887982,0.01065832948449213,0.044693928304970335,0.26631612605251004,Усть-Куломский,87-648-000-000,Усть-Куломский муниципальный район,муниципальный район,,1,,с Усть-Кулом,data-20180110-structure-20150128.csv,2018,9999,,,11,Республика Коми,61.684792,53.689861,1,61561.6,21766.0,261.2,3
243,15392,911,3579,506,1794,31339,9157,0.4911452184179457,0.029069210887392706,0.11420275056638693,0.016146016146016146,0.057244966335875426,0.2921918376463831,Усть-Цилемский,87-652-000-000,Усть-Цилемский муниципальный район,муниципальный район,,1,,с Усть-Цильма,data-20180110-structure-20150128.csv,2018,9999,,,11,Республика Коми,65.43623545,52.2008925353455,1,68239.7,10360.0,228.3,2
269,13261,1781,6299,1958,2262,37090,11529,0.3575357239148018,0.04801833378269075,0.1698301428956592,0.052790509571313024,0.06098678889188461,0.31083850094365056,Йошкар-Ола,88-701-000-000,городской округ город Йошкар-Ола,городской округ,административный_центр_субъекта,1,,г Йошкар-Ола,data-20180110-structure-20150128.csv,2018,9999,,,12,Республика Марий Эл,56.6326996,47.8975847,1,72240.8,295711.0,347.3,2
270,12082,1230,6746,887,1051,30975,8979,0.39005649717514124,0.03970944309927361,0.21778853914447135,0.028635996771589994,0.03393058918482647,0.2898789346246973,Волжск,88-705-000-000,городской округ город Волжск,городской округ,,2,88-604-000-000,г Волжск,data-20180110-structure-20150128.csv,2018,9999,,,12,Республика Марий Эл,55.8636579,48.3618598,1,72852.5,51634.0,368.8,3
271,12255,1138,6027,494,1095,28724,7715,0.42664670658682635,0.03961843754351762,0.2098245369725665,0.017198161815903078,0.03812143155549366,0.2685907255256928,Козьмодемьянск,88-715-000-000,городской округ город Козьмодемьянск,городской округ,,2,88-608-000-000,г Козьмодемьянск,data-20180110-structure-20150128.csv,2018,9999,,,12,Республика Марий Эл,56.3324346,46.5462855,1,62177.5,19054.0,360.8,3
272,9957,833,5398,654,1298,24648,6508,0.4039678675754625,0.03379584550470626,0.21900357026939304,0.02653359298928919,0.0526614735475495,0.2640376501135995,Волжский,88-604-000-000,Волжский муниципальный район,муниципальный район,,3,88-705-000-000,г Волжск,data-20180110-structure-20150128.csv,2018,9999,,,12,Республика Марий Эл,55.8636579,48.3618598,1,50458.9,20454.0,384.7,2
273,10297,934,4277,454,1357,22107,4788,0.4657800696611933,0.042249061383272266,0.19346813226579818,0.020536481657393586,0.06138327226670286,0.21658298276563984,Горномарийский,88-608-000-000,Горномарийский муниципальный район,муниципальный район,,3,88-715-000-000,г Козьмодемьянск,data-20180110-structure-20150128.csv,2018,9999,,,12,Республика Марий Эл,56.3324346,46.5462855,1,34906.1,19578.0,360.6,1
274,11932,1185,5727,556,1291,27771,7080,0.4296568362680494,0.04267041158042562,0.20622231824565193,0.020020885095963416,0.04648734291167045,0.2549422058982392,Звениговский,88-612-000-000,Звениговский муниципальный район,муниципальный район,,1,,г Звенигово,data-20180110-structure-20150128.csv,2018,9999,,,12,Республика Марий Эл,55.9718239,48.016105,1,61841.2,38471.0,354.9,3
275,11355,804,5768,234,921,23755,4673,0.4780046306040833,0.03384550620921911,0.2428120395706167,0.00985055777731004,0.038770785097874134,0.19671648074089665,Килемарский,88-616-000-000,Килемарский муниципальный район,муниципальный район,,1,,пгт Килемары,data-20180110-structure-20150128.csv,2018,9999,,,12,Республика Марий Эл,56.7767366,46.8594894,1,44881.7,11082.0,337.7,1
276,9811,782,4719,262,819,22221,5828,0.44151928356059583,0.035191935556455604,0.2123666801674092,0.011790648485666713,0.036857027136492505,0.2622744250933801,Куженерский,88-620-000-000,Куженерский муниципальный район,муниципальный район,,1,,пгт Куженер,data-20180110-structure-20150128.csv,2018,9999,,,12,Республика Марий Эл,56.8114328,48.9167614,1,41317.4,11382.0,339.1,3
277,9943,803,4207,261,943,21784,5627,0.45643591626882113,0.03686191700330518,0.19312339331619538,0.011981270657363203,0.043288652221814175,0.2583088505325009,Мари-Турекский,88-624-000-000,Мари-Турекский муниципальный район,муниципальный район,,1,,пгт Мари-Турек,data-20180110-structure-20150128.csv,2018,9999,,,12,Республика Марий Эл,56.7877954,49.6203566,1,39885.6,17046.0,336.2,1
278,13657,1652,6629,1841,2545,37837,11513,0.3609429923091154,0.043660966778550095,0.17519887940375822,0.04865607738457066,0.06726220366308111,0.3042788804609245,Медведевский,88-628-000-000,Медведевский муниципальный район,муниципальный район,,1,,пгт Медведево,data-20180110-structure-20150128.csv,2018,9999,,,12,Республика Марий Эл,56.6332426,47.8030237,1,57759.1,67769.0,352.3,2
279,9517,687,3946,309,690,20065,4916,0.4743084973835036,0.0342387241465238,0.19666085223025168,0.015399950161973586,0.03438823822576626,0.24500373785198107,Моркинский,88-632-000-000,Моркинский муниципальный район,муниципальный район,,1,,пгт Морки,data-20180110-structure-20150128.csv,2018,9999,,,12,Республика Марий Эл,56.4302572,48.9980508,1,45105.3,25758.0,346.2,3
280,10255,674,4084,357,870,22732,6492,0.45112616575752246,0.02964983283477037,0.17965863100475102,0.015704733415449586,0.03827203941580151,0.28558859757170507,Новоторъяльский,88-636-000-000,Новоторъяльский муниципальный район,муниципальный район,,1,,пгт Новый Торъял,data-20180110-structure-20150128.csv,2018,9999,,,12,Республика Марий Эл,57.0032906,48.7403315,1,42378.1,13402.0,337.4,3
281,9553,564,4224,179,638,21440,6282,0.44556902985074626,0.026305970149253732,0.19701492537313434,0.008348880597014925,0.029757462686567163,0.29300373134328356,Оршанский,88-640-000-000,Оршанский муниципальный район,муниципальный район,,1,,пгт Оршанка,data-20180110-structure-20150128.csv,2018,9999,,,12,Республика Марий Эл,56.9154239,47.8944568,1,47456.7,12182.0,343.8,3
282,8806,741,4273,230,788,20333,5495,0.4330890670338858,0.03644322038066198,0.21015098608173904,0.01131166084689913,0.03875473368415876,0.2702503319726553,Параньгинский,88-644-000-000,Параньгинский муниципальный район,муниципальный район,,1,,пгт Параньга,data-20180110-structure-20150128.csv,2018,9999,,,12,Республика Марий Эл,56.7052785,49.3933921,1,41324.6,13008.0,335.3,3
283,10908,820,4708,636,1016,24240,6152,0.45,0.03382838283828383,0.19422442244224422,0.026237623762376237,0.04191419141914191,0.2537953795379538,Сернурский,88-648-000-000,Сернурский муниципальный район,муниципальный район,,1,,пгт Сернур,data-20180110-structure-20150128.csv,2018,9999,,,12,Республика Марий Эл,56.9347617,49.1469163,1,51576.7,21264.0,337.2,3
284,10540,726,4564,580,1044,23945,6491,0.4401754019628315,0.030319482146585926,0.19060346627688451,0.024222175819586553,0.043599916475255796,0.2710795573188557,Советский,88-652-000-000,Советский муниципальный район,муниципальный район,,1,,пгт Советский,data-20180110-structure-20150128.csv,2018,9999,,,12,Республика Марий Эл,56.7629821,48.474292,1,47480.4,26112.0,343.1,3
285,11280,812,6685,147,856,23048,3268,0.4894133981256508,0.03523082263103089,0.2900468587296078,0.006377993752169386,0.03713988198542173,0.1417910447761194,Юринский,88-656-000-000,Юринский муниципальный район,муниципальный район,,1,,пгт Юрино,data-20180110-structure-20150128.csv,2018,9999,,,12,Республика Марий Эл,56.29035,46.291918,1,45485.1,5947.0,333.9,1
287,9649,1104,4574,229,944,21582,5082,0.44708553424149755,0.051153739227133725,0.2119358724863312,0.010610694096932629,0.04374015383189695,0.23547400611620795,Ардатовский,89-603-000-000,Ардатовский муниципальный район,муниципальный район,,1,,г Ардатов,data-20180110-structure-20150128.csv,2018,9999,,,13,Республика Мордовия,54.8443349,46.2393200428824,1,50305.4,23694.0,359.1,1
288,10824,1015,5117,384,1224,22627,4063,0.47836655323286337,0.044857913112653025,0.2261457550713749,0.016970875502717992,0.054094665664913597,0.17956423741547708,Атюрьевский,89-605-000-000,Атюрьевский муниципальный район,муниципальный район,,1,,с Атюрьево,data-20180110-structure-20150128.csv,2018,9999,,,13,Республика Мордовия,54.3211519,43.3363522,1,37086.3,9012.0,362.5,1
289,10997,1208,4735,308,1131,23688,5309,0.4642434988179669,0.050996285038838234,0.1998902397838568,0.013002364066193853,0.047745694022289766,0.22412191827085445,Атяшевский,89-607-000-000,Атяшевский муниципальный район,муниципальный район,,1,,рп Атяшево,data-20180110-structure-20150128.csv,2018,9999,,,13,Республика Мордовия,54.5791907,46.07576069523395,1,53073.3,17246.0,358.4,1
290,9787,1038,3387,70,888,19869,4699,0.4925763752579395,0.05224218632039861,0.17046655594141627,0.0035230761487744728,0.0446927374301676,0.23649906890130354,Большеберезниковский,89-610-000-000,Большеберезниковский муниципальный район,муниципальный район,,1,,с Большие Березники,data-20180110-structure-20150128.csv,2018,9999,,,13,Республика Мордовия,54.171913,45.966282,1,43037.1,11711.0,357.0,1
292,8976,1146,4105,126,957,20664,5354,0.4343786295005807,0.05545876887340302,0.19865466511807975,0.006097560975609756,0.04631242740998839,0.2590979481223384,Дубенский,89-616-000-000,Дубенский муниципальный район,муниципальный район,,1,,с Дубенки,data-20180110-structure-20150128.csv,2018,9999,,,13,Республика Мордовия,54.437653,46.2980698,1,51253.2,11280.0,356.6,1
293,10789,1185,5057,228,958,24275,6058,0.44444902162718847,0.04881565396498455,0.2083213182286303,0.009392378990731205,0.03946446961894954,0.24955715756951596,Ельниковский,89-618-000-000,Ельниковский муниципальный район,муниципальный район,,1,,с Ельники,data-20180110-structure-20150128.csv,2018,9999,,,13,Республика Мордовия,54.620689,43.875977,1,45661.0,9068.0,360.1,1
294,12606,1230,6858,416,1641,29031,6280,0.43422548310426784,0.042368502635114186,0.2362302366435879,0.014329509834315043,0.05652578278392063,0.2163204849987944,Зубово-Полянский,89-621-000-000,Зубово-Полянский муниципальный район,муниципальный район,,1,,рп Зубова Поляна,data-20180110-structure-20150128.csv,2018,9999,,,13,Республика Мордовия,54.079964,42.837425,1,40550.3,45470.0,368.6,1
295,11896,1229,5815,291,1195,26084,5658,0.4560650207023463,0.04711700659408066,0.222933599141236,0.011156264376629352,0.04581352553289373,0.216914583652814,Инсарский,89-624-000-000,Инсарский муниципальный район,муниципальный район,,1,,г Инсар,data-20180110-structure-20150128.csv,2018,9999,,,13,Республика Мордовия,53.867741,44.371407,1,52361.3,11516.0,360.1,1
296,12357,1282,5857,78,1121,26220,5525,0.4712814645308924,0.048893974065598776,0.22337909992372235,0.002974828375286041,0.042753623188405795,0.21071700991609457,Ичалковский,89-626-000-000,Ичалковский муниципальный район,муниципальный район,,1,,с Кемля,data-20180110-structure-20150128.csv,2018,9999,,,13,Республика Мордовия,54.694168,45.243855,1,51547.6,16897.0,360.8,1
297,11135,1272,4867,219,1336,26858,8029,0.4145878323032244,0.04736019063221387,0.181212301735051,0.008153995085263236,0.0497430933055328,0.2989425869387147,Кадошкинский,89-628-000-000,Кадошкинский муниципальный район,муниципальный район,,1,,рп Кадошкино,data-20180110-structure-20150128.csv,2018,9999,,,13,Республика Мордовия,54.03075525,44.42132744805929,1,47389.6,6593.0,359.1,1
298,12531,1295,5646,605,1288,27377,6012,0.45771998392811486,0.04730248018409614,0.20623150820031413,0.022098842093728314,0.047046791102019946,0.21960039449172664,Ковылкинский,89-629-000-000,Ковылкинский муниципальный район,муниципальный район,,1,,г Ковылкино,data-20180110-structure-20150128.csv,2018,9999,,,13,Республика Мордовия,54.0345571,43.90662617920928,1,49393.3,35879.0,363.6,1
300,11485,1387,4954,646,1044,25064,5548,0.45822693903606765,0.05533833386530482,0.19765400574529204,0.025774018512607723,0.041653367379508456,0.22135333546121927,Краснослободский,89-634-000-000,Краснослободский муниципальный район,муниципальный район,,1,,г Краснослободск,data-20180110-structure-20150128.csv,2018,9999,,,13,Республика Мордовия,54.41721065,43.78777038683488,1,46337.1,21456.0,362.2,1
301,13303,1591,5747,849,2344,34049,10215,0.3907016358777057,0.04672677611677289,0.16878616112073777,0.024934653000088108,0.06884196305324679,0.3000088108314488,Лямбирский,89-637-000-000,Лямбирский муниципальный район,муниципальный район,,1,,с Лямбирь,data-20180110-structure-20150128.csv,2018,9999,,,13,Республика Мордовия,54.2828455,45.1226407,1,66626.1,33537.0,365.5,2
302,10345,1019,4602,266,898,21599,4469,0.4789573591369971,0.047178110097689706,0.21306541969535628,0.01231538497152646,0.041575998888837444,0.20690772720959302,Ромодановский,89-640-000-000,Ромодановский муниципальный район,муниципальный район,,1,,п Ромоданово,data-20180110-structure-20150128.csv,2018,9999,,,13,Республика Мордовия,54.420921,45.334122,1,54295.6,18857.0,362.0,1
303,13612,1427,5926,830,1496,33296,10005,0.40881787602114367,0.042858000961076406,0.17797933685728015,0.024927919269581933,0.04493032196059587,0.30048654493032195,Рузаевский,89-643-000-000,Рузаевский муниципальный район,муниципальный район,,1,,г Рузаевка,data-20180110-structure-20150128.csv,2018,9999,,,13,Республика Мордовия,54.058735,44.954391,1,68748.4,58820.0,364.1,3
304,8638,886,4668,104,788,18960,3876,0.45559071729957806,0.04672995780590717,0.24620253164556963,0.005485232067510549,0.04156118143459916,0.20443037974683545,Старошайговский,89-646-000-000,Старошайговский муниципальный район,муниципальный район,,1,,с Старое Шайгово,data-20180110-structure-20150128.csv,2018,9999,,,13,Республика Мордовия,54.304256,44.463558,1,45192.2,11300.0,359.4,1
305,11468,1185,5502,346,1310,24746,4935,0.4634284328780409,0.04788652711549341,0.22233896387294916,0.013982057706295967,0.052937848541178376,0.1994261698860422,Темниковский,89-649-000-000,Темниковский муниципальный район,муниципальный район,,1,,г Темников,data-20180110-structure-20150128.csv,2018,9999,,,13,Республика Мордовия,54.6342327,43.21511935549957,1,43557.8,12696.0,361.7,1
306,9614,1090,7053,111,1260,24402,5274,0.393984099663962,0.04466846979755758,0.289033685763462,0.004548807474797148,0.05163511187607573,0.21612982542414555,Теньгушевский,89-651-000-000,Теньгушевский муниципальный район,муниципальный район,,1,,с Теньгушево,data-20180110-structure-20150128.csv,2018,9999,,,13,Республика Мордовия,54.767166,42.714211,1,43659.5,8971.0,368.1,1
307,13738,1228,6141,388,1243,29540,6802,0.46506431956668925,0.04157075152335816,0.20788761002031145,0.013134732566012186,0.04207853757616791,0.23026404874746106,Торбеевский,89-654-000-000,Торбеевский муниципальный район,муниципальный район,,1,,рп Торбеево,data-20180110-structure-20150128.csv,2018,9999,,,13,Республика Мордовия,54.074532,43.245144,1,53695.6,18231.0,364.8,1
308,12686,1395,5451,526,1065,28469,7346,0.4456075028978889,0.04900066739260248,0.19147142505883594,0.01847623731075907,0.037409111665320176,0.2580350556745934,Чамзинский,89-657-000-000,Чамзинский муниципальный район,муниципальный район,,1,,рп Чамзинка,data-20180110-structure-20150128.csv,2018,9999,,,13,Республика Мордовия,54.407948,45.784023,1,68736.9,28433.0,359.1,3
309,19847,2000,3652,4281,4008,60891,27103,0.3259430786158874,0.032845576521981903,0.059976022729138954,0.07030595654530226,0.06582253535005173,0.44510683023763775,Якутск,98-701-000-000,городской округ город Якутск,городской округ,административный_центр_субъекта,1,,г Якутск,data-20180110-structure-20150128.csv,2018,9999,,,14,Республика Саха (Якутия),62.0279259,129.740571750415,1,121249.1,367667.0,137.0,4
312,22301,1912,8727,2152,2826,55604,17686,0.40106826846989424,0.034386015394575926,0.15694914034961513,0.038702251636572906,0.050823681749514425,0.31807064239982735,Алданский,98-603-000-000,Алданский муниципальный район,муниципальный район,,1,,г Алдан,data-20180110-structure-20150128.csv,2018,9999,,,14,Республика Саха (Якутия),58.61558475,125.3960842109866,1,139656.8,38998.0,143.8,4
314,17805,1092,2845,1594,2917,42147,15894,0.4224499964410278,0.025909317389138018,0.06750183880228723,0.037820010914181315,0.0692101454433293,0.3771086910100363,Амгинский,98-608-000-000,Амгинский муниципальный район,муниципальный район,,1,,с Амга,data-20180110-structure-20150128.csv,2018,9999,,,14,Республика Саха (Якутия),60.894218,131.97998,1,82805.1,16705.0,136.2,4
316,25753,1266,2858,2505,965,61696,28349,0.4174176607883817,0.02051996887966805,0.046323910788381745,0.04060230809128631,0.015641208506224066,0.4594949429460581,Булунский,98-612-000-000,Булунский муниципальный район,муниципальный район,,1,,п Тикси,data-20180110-structure-20150128.csv,2018,9999,,,14,Республика Саха (Якутия),71.636604,128.868546,1,146103.6,8126.0,116.9,4
317,17173,1064,3771,1198,2422,40588,14960,0.4231053513353701,0.0262146447225781,0.09290923425643047,0.02951611313688775,0.059672809697447524,0.3685818468512861,Верхневилюйский,98-614-000-000,Верхневилюйский муниципальный район,муниципальный район,,1,,с Верхневилюйск,data-20180110-structure-20150128.csv,2018,9999,,,14,Республика Саха (Якутия),63.4497609,120.3146678,1,85335.1,20721.0,129.9,4
318,33223,2640,3130,930,1982,65393,23488,0.5080513204777269,0.040371293563531266,0.04786445032342911,0.01422170568715306,0.030309054485954154,0.35918217546220543,Верхнеколымский,98-615-000-000,Верхнеколымский муниципальный район,муниципальный район,,1,,п Зырянка,data-20180110-structure-20150128.csv,2018,9999,,,14,Республика Саха (Якутия),65.733597,150.893326,1,119812.6,3687.0,121.8,4
319,29054,1445,4367,879,2304,52977,14928,0.5484266757272024,0.027275987692772334,0.08243199879192857,0.01659210600826774,0.043490571380032844,0.28178266039979616,Верхоянский,98-616-000-000,Верхоянский муниципальный район,муниципальный район,,1,,п Батагай,data-20180110-structure-20150128.csv,2018,9999,,,14,Республика Саха (Якутия),67.654907,134.635071,1,125194.5,9998.0,124.4,4
320,16214,1067,3641,1489,2755,43057,17891,0.37657059247044616,0.02478110411779734,0.08456232436073112,0.03458206563392712,0.06398495018231647,0.4155189632347818,Вилюйский,98-618-000-000,Вилюйский муниципальный район,муниципальный район,,1,,г Вилюйск,data-20180110-structure-20150128.csv,2018,9999,,,14,Республика Саха (Якутия),63.754082,121.626549,1,95056.9,25157.0,130.8,4
321,14745,826,3009,760,2237,33847,12270,0.4356368363518185,0.02440393535616155,0.08890005022601707,0.022453984104942832,0.06609152952994357,0.3625136644311165,Горный,98-620-000-000,Горный муниципальный район,муниципальный район,,1,,с Бердигестях,data-20180110-structure-20150128.csv,2018,9999,,,14,Республика Саха (Якутия),62.098289,126.699837,1,85549.4,11936.0,136.0,4
323,19172,1112,2785,1550,2654,47083,19810,0.4071958031561285,0.023617866321177496,0.059150861245035366,0.03292058704840388,0.056368540662234776,0.42074634156701995,Кобяйский,98-624-000-000,Кобяйский муниципальный район,муниципальный район,,1,,п Сангар,data-20180110-structure-20150128.csv,2018,9999,,,14,Республика Саха (Якутия),63.923618,127.466759,1,99222.2,11053.0,,4
324,16609,1455,3950,1312,2475,42232,16431,0.39327997726842207,0.03445254783102861,0.09353097177495738,0.03106648986550483,0.05860484940329608,0.3890651638567911,Нюрбинский,98-626-000-000,Нюрбинский муниципальный район,муниципальный район,,1,,г Нюрба,data-20180110-structure-20150128.csv,2018,9999,,,14,Республика Саха (Якутия),63.286648,118.354149,1,118883.9,22761.0,,4
325,21841,1478,8343,1929,2363,54311,18357,0.402146894735873,0.027213639962438547,0.1536152897203145,0.035517666771004035,0.04350868148257259,0.3379978273277973,Ленский,98-627-000-000,Ленский муниципальный район,муниципальный район,,1,,г Ленск,data-20180110-structure-20150128.csv,2018,9999,,,14,Республика Саха (Якутия),60.7145488,114.9172123,1,150610.1,31833.0,151.6,4
326,16268,1141,3026,1867,3518,42726,16906,0.38075176707391284,0.0267050507887469,0.07082338622852595,0.043697046294996024,0.0823386228525956,0.39568412676122267,Мегино-Кангаласский,98-629-000-000,Мегино-Кангаласский муниципальный район,муниципальный район,,1,,п Нижний Бестях,data-20180110-structure-20150128.csv,2018,9999,,,14,Республика Саха (Якутия),61.957066,129.911346,1,88872.6,32932.0,142.9,4
327,20079,1573,7829,2854,2188,51869,17346,0.38710983439048374,0.030326399197979526,0.15093793980990572,0.055023231602691396,0.042183192272841195,0.33441940272609844,Мирнинский,98-631-000-000,Мирнинский муниципальный район,муниципальный район,,1,,г Мирный,data-20180110-structure-20150128.csv,2018,9999,,,14,Республика Саха (Якутия),62.541077,113.978584,1,167695.2,71704.0,152.1,4
329,14417,1102,3247,2000,2982,42813,19065,0.3367435124845257,0.025739845374068624,0.075841450026861,0.0467147828930465,0.06965174129353234,0.4453086679279658,Намский,98-635-000-000,Намский муниципальный район,муниципальный район,,1,,с Намцы,data-20180110-structure-20150128.csv,2018,9999,,,14,Республика Саха (Якутия),62.718227,129.664246,1,84208.6,25069.0,138.6,4
330,20941,1682,7177,2478,2180,54028,19570,0.38759532094469534,0.031132005626712075,0.13283852817057823,0.04586510698156512,0.04034944843414526,0.362219589842304,Нерюнгринский,98-660-000-000,Нерюнгринский муниципальный район,муниципальный район,,1,,г Нерюнгри,data-20180110-structure-20150128.csv,2018,9999,,,14,Республика Саха (Якутия),56.6579435,124.7123042,1,161347.5,68431.0,147.1,4
331,31812,1197,1563,3774,2470,72705,31889,0.43754899938106045,0.01646379203631112,0.02149783371157417,0.051908396946564885,0.03397290420191183,0.43860807372257754,Нижнеколымский,98-637-000-000,Нижнеколымский муниципальный район,муниципальный район,,1,,п Черский,data-20180110-structure-20150128.csv,2018,9999,,,14,Республика Саха (Якутия),68.7427218,161.3324435184306,1,121451.5,4175.0,113.6,4
332,29113,2177,6459,2888,2569,68048,24842,0.4278303550434987,0.03199212320714789,0.09491829296966847,0.042440630143428165,0.03775276275570186,0.3650658358805549,Оймяконский,98-639-000-000,Оймяконский муниципальный район,муниципальный район,,1,,п Усть-Нера,data-20180110-structure-20150128.csv,2018,9999,,,14,Республика Саха (Якутия),64.566376,143.237839,1,193572.2,7566.0,127.0,4
333,22201,1622,8357,1570,2445,54725,18530,0.40568296025582457,0.029639104613978985,0.1527089995431704,0.028688899040657835,0.04467793513019644,0.33860210141617175,Олекминский,98-641-000-000,Олекминский муниципальный район,муниципальный район,,1,,г Олёкминск,data-20180110-structure-20150128.csv,2018,9999,,,14,Республика Саха (Якутия),60.3729364,120.403496,1,136467.8,20525.0,145.2,4
334,23278,986,2218,1472,2905,52704,21845,0.44167425622343653,0.018708257437765635,0.04208409228901032,0.02792956891317547,0.05511915604128719,0.41448466909532483,Оленекский,98-642-000-000,Оленекский эвенкийский национальный муниципальный район,муниципальный район,,1,,с Оленёк,data-20180426-structure-20150128.csv,2018,9999,,,14,Республика Саха (Якутия),68.505272,112.450287,1,163066.6,4364.0,140.7,4
335,28769,1120,1161,1377,2755,52365,17183,0.5493936789840542,0.021388331901078965,0.022171297622457748,0.02629619020338012,0.05261147713167192,0.328139024157357,Среднеколымский,98-646-000-000,Среднеколымский муниципальный район,муниципальный район,,1,,г Среднеколымск,data-20180110-structure-20150128.csv,2018,9999,,,14,Республика Саха (Якутия),67.455497,153.7071456,1,95283.9,6714.0,119.0,4
336,18578,1079,5966,980,2630,44231,14998,0.4200221564061405,0.024394655332233048,0.13488277452465466,0.022156406140489703,0.05946055933621216,0.3390834482602699,Сунтарский,98-648-000-000,Сунтарский муниципальный район,муниципальный район,,1,,с Сунтар,data-20180110-structure-20150128.csv,2018,9999,,,14,Республика Саха (Якутия),62.157455,117.646332,1,83598.4,22228.0,149.5,4
337,12506,894,2484,741,2229,34005,15151,0.36776944566975445,0.026290251433612705,0.07304808116453462,0.021790913101014556,0.06554918394353772,0.44555212468754596,Таттинский,98-604-000-000,Таттинский муниципальный район,муниципальный район,,1,,с Ытык-Кюёль,data-20180110-structure-20150128.csv,2018,9999,,,14,Республика Саха (Якутия),62.360935,133.563309,1,87074.5,16750.0,135.5,4
338,25389,1341,4743,1582,2340,53868,18473,0.4713187792381377,0.024894185787480507,0.08804856315437737,0.029368084948392367,0.04343951882379149,0.3429308680478206,Томпонский,98-650-000-000,Томпонский муниципальный район,муниципальный район,,1,,п Хандыга,data-20180110-structure-20150128.csv,2018,9999,,,14,Республика Саха (Якутия),62.6477939,135.5750942,1,130182.5,10897.0,133.4,4
339,13226,1007,2098,1379,2223,34546,14613,0.3828518497076362,0.029149539744109304,0.06073062004284143,0.03991779077172466,0.0643489839634111,0.42300121577027733,Усть-Алданский,98-652-000-000,Усть-Алданский муниципальный район,муниципальный район,,1,,с Борогонцы,data-20180110-structure-20150128.csv,2018,9999,,,14,Республика Саха (Якутия),62.6722619,131.1795031521465,1,82703.3,22012.0,137.4,4
340,25326,1947,5581,1673,3070,58947,21350,0.4296401852511578,0.03302967072115629,0.09467827031061801,0.02838142738392115,0.052080682647123684,0.362189763686023,Усть-Майский,98-654-000-000,Усть-Майский муниципальный район,муниципальный район,,1,,п Усть-Мая,data-20180110-structure-20150128.csv,2018,9999,,,14,Республика Саха (Якутия),60.416439,134.536499,1,137080.0,7343.0,133.6,4
341,27354,1329,3091,1230,1610,64626,30012,0.42326617769937797,0.020564478692786187,0.047829047132732956,0.019032587503481573,0.024912573886671,0.46439513508495034,Усть-Янский,98-656-000-000,Усть-Янский муниципальный район,муниципальный район,,1,,п Депутатский,data-20180110-structure-20150128.csv,2018,9999,,,14,Республика Саха (Якутия),69.3396494,139.9468635,1,126513.3,6725.0,119.2,4
342,16014,986,3860,1151,2381,38102,13710,0.4202928980106031,0.0258779066715658,0.10130701800430424,0.030208388011128025,0.06249015799695554,0.35982363130544326,Хангаласский,98-644-000-000,Хангаласский муниципальный район,муниципальный район,,1,,г Покровск,data-20180110-structure-20150128.csv,2018,9999,,,14,Республика Саха (Якутия),61.48327,129.1540617,1,87875.4,34331.0,138.6,4
343,13908,1047,2549,1178,3125,39585,17778,0.3513452065176203,0.026449412656309207,0.06439307818618163,0.02975874700012631,0.07894404446128583,0.4491095111784767,Чурапчинский,98-658-000-000,Чурапчинский муниципальный район,муниципальный район,,1,,с Чурапча,data-20180110-structure-20150128.csv,2018,9999,,,14,Республика Саха (Якутия),61.999668,132.425201,1,81064.2,21807.0,136.7,4
345,10703,2048,8148,2044,3276,38849,12630,0.27550258693917473,0.05271692965069886,0.2097351283173312,0.052613966897474836,0.08432649489047338,0.325104893304847,Владикавказ,90-701-000-000,городской округ город Владикавказ,городской округ,административный_центр_субъекта,1,,г Владикавказ,data-20180110-structure-20150128.csv,2018,9999,,,15,Республика Северная Осетия — Алания,43.024593,44.68211,1,52729.3,309358.0,291.4,2
346,7025,1954,7274,1792,2201,30127,9881,0.23317953994755536,0.06485876456334849,0.24144455139907725,0.05948152819729811,0.0730573903807216,0.3279782255119992,Алагирский,90-605-000-000,Алагирский муниципальный район,муниципальный район,,1,,г Алагир,data-20180110-structure-20150128.csv,2018,9999,,,15,Республика Северная Осетия — Алания,43.018619,44.2261205,1,37932.2,38229.0,291.4,2
347,7825,1709,8066,759,1888,27779,7532,0.2816876057453472,0.06152129306310522,0.2903632240181432,0.027322797796896937,0.06796500953958026,0.2711400698369272,Ардонский,90-610-000-000,Ардонский муниципальный район,муниципальный район,,1,,г Ардон,data-20180110-structure-20150128.csv,2018,9999,,,15,Республика Северная Осетия — Алания,43.1739502,44.2752375,1,43124.8,31304.0,295.9,2
348,8178,1642,8042,639,2310,29696,8885,0.275390625,0.05529364224137931,0.27081088362068967,0.021518049568965518,0.07778825431034483,0.29919854525862066,Дигорский,90-615-000-000,Дигорский муниципальный район,муниципальный район,,1,,г Дигора,data-20180110-structure-20150128.csv,2018,9999,,,15,Республика Северная Осетия — Алания,43.1591223,44.1581267,1,36658.0,18606.0,293.7,2
349,8312,1822,6190,442,1766,25099,6567,0.3311685724530858,0.07259253356707439,0.2466233714490617,0.01761026335710586,0.07036136897884378,0.2616438901948285,Ирафский,90-620-000-000,Ирафский муниципальный район,муниципальный район,,1,,с Чикола,data-20180110-structure-20150128.csv,2018,9999,,,15,Республика Северная Осетия — Алания,43.198139,43.923298,1,39217.6,15554.0,293.7,1
351,11039,1619,7696,1020,2178,32458,8906,0.34010105366935733,0.0498798447224105,0.23710641444328054,0.03142522644648469,0.06710210117690554,0.2743853595415614,Моздокский,90-630-000-000,Моздокский муниципальный район,муниципальный район,,1,,г Моздок,data-20180110-structure-20150128.csv,2018,9999,,,15,Республика Северная Осетия — Алания,43.735584,44.653614,1,53656.7,81941.0,296.8,2
352,8154,1710,7179,1155,2211,28993,8584,0.2812402993826096,0.05897975373365985,0.24761149242920705,0.039837202083261476,0.07625978684510054,0.2960714655261615,Правобережный,90-635-000-000,Правобережный муниципальный район,муниципальный район,,1,,г Беслан,data-20180110-structure-20150128.csv,2018,9999,,,15,Республика Северная Осетия — Алания,43.1875572,44.5375689,1,43131.1,55643.0,297.3,2
354,15135,2415,7060,2910,3239,44813,14054,0.33773681744136747,0.05389061209916765,0.15754356994622096,0.06493651395800326,0.07227813357731015,0.3136143529779305,Казань,92-701-000-000,городской округ город Казань,городской округ,административный_центр_субъекта,1,,г Казань,data-20180110-structure-20150128.csv,2018,9999,,,16,Республика Татарстан,55.7823547,49.1242266,1,94672.7,1318604.0,345.0,5
355,14716,2054,6175,2568,2815,40376,12048,0.3644739449177729,0.05087180503269269,0.15293738854765207,0.06360213988508025,0.06971963542698632,0.29839508618981575,Набережные Челны,92-730-000-000,городской округ город Набережные Челны,городской округ,,2,92-657-000-000,г Набережные Челны,data-20180110-structure-20150128.csv,2018,9999,,,16,Республика Татарстан,55.7419774,52.399207,1,87755.3,544383.0,367.4,2
356,10511,1032,4445,701,1035,25553,7829,0.41134113411341133,0.04038664736038821,0.1739521778264783,0.02743317810041874,0.0405040504050405,0.3063828121942629,Агрызский,92-601-000-000,Агрызский муниципальный район,муниципальный район,,1,,г Агрыз,data-20180110-structure-20150128.csv,2018,9999,,,16,Республика Татарстан,56.525516,52.9971643,1,66228.7,34401.0,334.6,3
357,11120,1172,4640,893,1489,27017,7703,0.4115927008920309,0.04338009401487952,0.17174371691897694,0.03305326276048414,0.05511344708886997,0.2851167783247585,Азнакаевский,92-602-000-000,Азнакаевский муниципальный район,муниципальный район,,1,,г Азнакаево,data-20180110-structure-20150128.csv,2018,9999,,,16,Республика Татарстан,54.8629555,53.0792275,1,74115.1,57093.0,338.8,2
358,9457,754,3967,282,1113,21197,5624,0.4461480398169552,0.03557107137802519,0.18714912487616173,0.013303769401330377,0.052507430296740105,0.26532056423078737,Аксубаевский,92-604-000-000,Аксубаевский муниципальный район,муниципальный район,,1,,пгт Аксубаево,data-20180110-structure-20150128.csv,2018,9999,,,16,Республика Татарстан,54.846351,50.8055345,1,56984.5,26162.0,342.1,1
359,9303,892,3431,523,1212,20710,5349,0.4492032834379527,0.04307098020280058,0.1656687590535973,0.025253500724287784,0.05852245292129406,0.2582810236600676,Актанышский,92-605-000-000,Актанышский муниципальный район,муниципальный район,,1,,с Актаныш,data-20180110-structure-20150128.csv,2018,9999,,,16,Республика Татарстан,55.7221799,54.0577272,1,62934.9,27287.0,328.5,1
360,11840,883,6386,365,1209,27779,7096,0.42622124626516433,0.03178660138953886,0.22988588502105908,0.013139421865437921,0.04352208502825876,0.25544476043054104,Алексеевский,92-606-000-000,Алексеевский муниципальный район,муниципальный район,,1,,пгт Алексеевское,data-20180110-structure-20150128.csv,2018,9999,,,16,Республика Татарстан,55.3049649,50.1129039,1,78554.5,24626.0,352.3,3
361,9989,1112,3702,265,1359,22674,6247,0.44054864602628563,0.04904295669048249,0.16327070653612066,0.011687395254476493,0.05993649113522096,0.2755138043574138,Алькеевский,92-607-000-000,Алькеевский муниципальный район,муниципальный район,,1,,с Базарные Матаки,data-20180110-structure-20150128.csv,2018,9999,,,16,Республика Татарстан,54.9034845,49.9275488,1,57182.1,18063.0,347.1,1
362,14394,1932,5805,2059,2709,38329,11430,0.37553810430744344,0.050405698035430095,0.15145190325862923,0.05371911607399097,0.07067755485402698,0.29820762347047924,Альметьевский,92-608-000-000,Альметьевский муниципальный район,муниципальный район,,1,,г Альметьевск,data-20180110-structure-20150128.csv,2018,9999,,,16,Республика Татарстан,54.9005008,52.2963777,1,97189.0,212359.0,340.3,2
363,9007,819,4331,334,1131,20563,4941,0.4380197442007489,0.039828818752127605,0.2106210183339007,0.0162427661333463,0.05500170208627146,0.24028595049360502,Апастовский,92-610-000-000,Апастовский муниципальный район,муниципальный район,,1,,пгт Апастово,data-20180110-structure-20150128.csv,2018,9999,,,16,Республика Татарстан,55.2026717,48.5068612,1,54835.7,18676.0,355.8,1
364,9683,1150,4245,657,1686,24147,6726,0.40100219488963434,0.047624963763614525,0.17579823580569015,0.02720834886321282,0.06982233817865573,0.27854391849919247,Арский,92-612-000-000,Арский муниципальный район,муниципальный район,,1,,г Арск,data-20180110-structure-20150128.csv,2018,9999,,,16,Республика Татарстан,56.0909916,49.8771828,1,53071.2,49659.0,348.5,1
365,8586,708,3821,510,909,19191,4657,0.4473972174456777,0.036892293262466784,0.19910374654786098,0.02657495701109895,0.04736595279037049,0.24266583294252514,Атнинский,92-613-000-000,Атнинский муниципальный район,муниципальный район,,1,,с Большая Атня,data-20180110-structure-20150128.csv,2018,9999,,,16,Республика Татарстан,56.2503047,49.4534003,1,53607.9,12245.0,349.2,1
366,9817,929,4099,439,1158,24031,7589,0.4085140027464525,0.038658399567225665,0.17057134534559526,0.01826807040905497,0.04818775747992177,0.31580042445174983,Бавлинский,92-614-000-000,Бавлинский муниципальный район,муниципальный район,,1,,г Бавлы,data-20180110-structure-20150128.csv,2018,9999,,,16,Республика Татарстан,54.4031069,53.2356367,1,72234.0,32239.0,339.6,3
367,9023,1141,4006,534,1903,22015,5408,0.4098569157392687,0.05182829888712242,0.1819668407903702,0.024256188962071316,0.08644106291165114,0.24565069270951623,Балтасинский,92-615-000-000,Балтасинский муниципальный район,муниципальный район,,1,,пгт Балтаси,data-20180110-structure-20150128.csv,2018,9999,,,16,Республика Татарстан,56.344623,50.2114172,1,57117.0,32840.0,343.3,1
368,14385,1462,5820,1472,1946,34989,9904,0.4111292120380691,0.0417845608619852,0.16633799194032411,0.042070364971848295,0.05561747977935923,0.2830603904084141,Бугульминский,92-617-000-000,Бугульминский муниципальный район,муниципальный район,,1,,г Бугульма,data-20180110-structure-20150128.csv,2018,9999,,,16,Республика Татарстан,54.5384152,52.7955953,1,72273.3,99177.0,340.5,2
369,10857,1091,4234,677,1648,24997,6490,0.4343321198543825,0.04364523742849142,0.16938032563907668,0.0270832499899988,0.06592791134936192,0.25963115573868867,Буинский,92-618-000-000,Буинский муниципальный район,муниципальный район,,1,,г Буинск,data-20180110-structure-20150128.csv,2018,9999,,,16,Республика Татарстан,54.9723656,48.2926834,1,54996.2,39135.0,356.3,1
370,10717,932,6360,873,1399,27947,7666,0.3834758650302358,0.033348838873582136,0.2275736214978352,0.031237699932014168,0.05005904032633199,0.2743049343400007,Верхнеуслонский,92-620-000-000,Верхнеуслонский муниципальный район,муниципальный район,,1,,с Верхний Услон,data-20180110-structure-20150128.csv,2018,9999,,,16,Республика Татарстан,55.7685496,48.9829213,1,182259.8,17641.0,357.3,2
371,12589,1261,7144,1581,2335,34046,9136,0.36976443635081946,0.037038124889854904,0.20983375433237383,0.046437173236209835,0.06858368090230864,0.2683428302884333,Высокогорский,92-622-000-000,Высокогорский муниципальный район,муниципальный район,,1,,п ж/д ст Высокая Гора,data-20180110-structure-20150128.csv,2018,9999,,,16,Республика Татарстан,55.9101814,49.3072048,1,73992.4,60647.0,363.4,2
372,9044,885,3760,277,1259,19973,4748,0.4528112952485856,0.04430981825464377,0.18825414309317579,0.013868722775747258,0.06303509738146498,0.2377209232463826,Дрожжановский,92-624-000-000,Дрожжановский муниципальный район,муниципальный район,,1,,с Старое Дрожжаное,data-20180110-structure-20150128.csv,2018,9999,,,16,Республика Татарстан,54.7249827,47.5645397,1,49846.8,20085.0,355.1,1
373,14297,1767,6631,2147,2697,38854,11315,0.3679672620579606,0.04547794306892469,0.17066453904359913,0.05525814587944613,0.06941370257888506,0.29121840737118443,Елабужский,92-626-000-000,Елабужский муниципальный район,муниципальный район,,1,,г Елабуга,data-20180110-structure-20150128.csv,2018,9999,,,16,Республика Татарстан,55.7577131,52.0539938,1,126084.3,85471.0,344.3,2
374,12935,1346,5773,1064,1590,30496,7788,0.42415398740818466,0.04413693599160546,0.18930351521511019,0.03488982161594963,0.052137985309548794,0.25537775445960126,Заинский,92-627-000-000,Заинский муниципальный район,муниципальный район,,1,,г Заинск,data-20180110-structure-20150128.csv,2018,9999,,,16,Республика Татарстан,55.2866509,52.0056047,1,69419.4,52217.0,342.9,2
375,14543,1715,6922,1901,2385,38613,11147,0.3766348121099112,0.044415093362339106,0.17926605029394246,0.04923212389609717,0.06176676248931707,0.28868515784839305,Зеленодольский,92-628-000-000,Зеленодольский муниципальный район,муниципальный район,,1,,г Зеленодольск,data-20180110-structure-20150128.csv,2018,9999,,,16,Республика Татарстан,55.8586627,48.55746590061055,1,65225.1,169798.0,360.6,2
376,8541,807,3956,278,945,20072,5545,0.4255181347150259,0.04020526106018334,0.19709047429254684,0.013850139497807891,0.04708051016341172,0.2762554802710243,Кайбицкий,92-629-000-000,Кайбицкий муниципальный район,муниципальный район,,1,,с Большие Кайбицы,data-20180110-structure-20150128.csv,2018,9999,,,16,Республика Татарстан,55.4061658,48.19358,1,59305.7,12423.0,358.4,1
377,11075,959,5254,175,1172,24243,5608,0.45683290021861983,0.03955781050200058,0.21672235284411995,0.00721857855875923,0.048343851833518955,0.2313245060429815,Камско-Устьинский,92-630-000-000,Камско-Устьинский муниципальный район,муниципальный район,,1,,пгт Камское Устье,data-20180110-structure-20150128.csv,2018,9999,,,16,Республика Татарстан,55.2015629,49.2680082,1,56603.2,14157.0,347.1,1
378,9720,1036,3870,511,1481,22728,6110,0.4276663146779303,0.04558254135867652,0.17027455121436114,0.022483280535022878,0.0651619148187258,0.26883139739528333,Кукморский,92-633-000-000,Кукморский муниципальный район,муниципальный район,,1,,пгт Кукмор,data-20180110-structure-20150128.csv,2018,9999,,,16,Республика Татарстан,56.1865318,50.8972087,1,55589.5,51202.0,339.1,1
379,14249,1886,8083,2288,3187,41686,11993,0.3418173967279182,0.045243007244638485,0.19390202945833132,0.05488653264885093,0.07645252602792305,0.287698507892338,Лаишевский,92-634-000-000,Лаишевский муниципальный район,муниципальный район,,1,,г Лаишево,data-20180110-structure-20150128.csv,2018,9999,,,16,Республика Татарстан,55.4051397,49.55569253230886,1,103579.8,71646.0,353.7,2
380,13682,1606,5622,1490,1869,33861,9592,0.40406367207111427,0.04742919583001093,0.16603171790555507,0.04400342577005995,0.05519624346593426,0.28327574495732555,Лениногорский,92-636-000-000,Лениногорский муниципальный район,муниципальный район,,1,,г Лениногорск,data-20180110-structure-20150128.csv,2018,9999,,,16,Республика Татарстан,54.5994324,52.4469099,1,74421.7,77755.0,339.6,2
381,10791,984,4164,478,1308,23442,5717,0.4603276170975173,0.041975940619401075,0.17762989506014845,0.020390751642351334,0.05579728692091118,0.24387850865967067,Мамадышский,92-638-000-000,Мамадышский муниципальный район,муниципальный район,,1,,г Мамадыш,data-20180110-structure-20150128.csv,2018,9999,,,16,Республика Татарстан,55.7090757,51.4089032,1,65096.3,39698.0,341.7,1
382,11019,1184,4862,547,1165,25590,6813,0.4305978898007034,0.04626807346619773,0.18999609222352482,0.021375537319265336,0.04552559593591247,0.26623681125439624,Менделеевский,92-639-000-000,Менделеевский муниципальный район,муниципальный район,,1,,г Менделеевск,data-20180110-structure-20150128.csv,2018,9999,,,16,Республика Татарстан,55.8878706,52.308443,1,86032.8,30286.0,342.9,3
383,11238,1079,4865,621,1184,25252,6265,0.44503405670837953,0.0427292887692064,0.19265800728655155,0.024592111515919533,0.046887375257405356,0.24809916046253763,Мензелинский,92-640-000-000,Мензелинский муниципальный район,муниципальный район,,1,,г Мензелинск,data-20180110-structure-20150128.csv,2018,9999,,,16,Республика Татарстан,55.7255585,53.1071815,1,57040.1,26385.0,335.8,3
384,10094,833,3285,272,1275,21030,5271,0.4799809795530195,0.039610080836899667,0.15620542082738945,0.012933903946742749,0.06062767475035663,0.250641940085592,Муслюмовский,92-642-000-000,Муслюмовский муниципальный район,муниципальный район,,1,,с Муслюмово,data-20180110-structure-20150128.csv,2018,9999,,,16,Республика Татарстан,55.3041209,53.1975331,1,58339.2,18692.0,336.2,1
385,13633,1889,5487,2241,2308,35971,10413,0.37899974979844875,0.05251452559005866,0.1525395457451836,0.06230018626115482,0.06416279780934642,0.28948319479580775,Нижнекамский,92-644-000-000,Нижнекамский муниципальный район,муниципальный район,,1,,г Нижнекамск,data-20180110-structure-20150128.csv,2018,9999,,,16,Республика Татарстан,55.6412879,51.8160376,1,98467.6,276414.0,339.3,2
386,11316,937,5198,354,1574,24884,5505,0.4547500401864652,0.03765471789101431,0.20888924610191287,0.014226008680276483,0.06325349622247227,0.22122649091785887,Новошешминский,92-645-000-000,Новошешминский муниципальный район,муниципальный район,,1,,с Новошешминск,data-20180110-structure-20150128.csv,2018,9999,,,16,Республика Татарстан,55.0616447,51.224884,1,93598.9,12574.0,344.3,1
387,11989,1310,5037,861,1577,27926,7152,0.42931318484566355,0.046909689894721766,0.18036954809138436,0.03083148320561484,0.056470672491584904,0.2561054214710306,Нурлатский,92-646-000-000,Нурлатский муниципальный район,муниципальный район,,1,,г Нурлат,data-20180110-structure-20150128.csv,2018,9999,,,16,Республика Татарстан,54.4297351,50.8019579,1,69712.6,51661.0,342.9,2
388,11278,1118,7023,1366,2084,31624,8755,0.35662787756134584,0.03535289653427776,0.2220781684796357,0.04319504174045029,0.06589931697444978,0.27684669870984063,Пестречинский,92-648-000-000,Пестречинский муниципальный район,муниципальный район,,1,,с Пестрецы,data-20180110-structure-20150128.csv,2018,9999,,,16,Республика Татарстан,55.7502111,49.6570913,1,65735.3,66372.0,355.1,2
390,9914,1068,4381,564,1460,22859,5472,0.4337022616912376,0.04672120390218295,0.19165317817927294,0.02467299531913032,0.06386981057789054,0.23938055033028566,Сабинский,92-652-000-000,Сабинский муниципальный район,муниципальный район,,1,,пгт Богатые Сабы,data-20180110-structure-20150128.csv,2018,9999,,,16,Республика Татарстан,56.0106232,50.4467802,1,61804.9,30381.0,344.3,1
391,8918,1069,3865,559,998,22402,6993,0.39808945629854475,0.047718953664851356,0.17252923846085172,0.024953129184894205,0.04454959378626908,0.3121596286045889,Сармановский,92-653-000-000,Сармановский муниципальный район,муниципальный район,,1,,с Сарманово,data-20180110-structure-20150128.csv,2018,9999,,,16,Республика Татарстан,55.2607513,52.57767738349195,1,65866.4,33666.0,340.5,3
392,11017,1330,6345,383,974,27565,7516,0.39967349900235805,0.048249591873752946,0.23018320333756576,0.013894431344095773,0.035334663522582986,0.2726646109196445,Спасский,92-632-000-000,Спасский муниципальный район,муниципальный район,,1,,г Болгар,data-20180110-structure-20150128.csv,2018,9999,,,16,Республика Татарстан,54.9747437,49.0302075,1,55706.6,18014.0,340.7,3
393,10104,990,4759,322,1269,24566,7122,0.4113001709680046,0.04029960107465603,0.1937230318326142,0.013107547016201255,0.051656761377513634,0.2899128877310103,Тетюшский,92-655-000-000,Тетюшский муниципальный район,муниципальный район,,1,,г Тетюши,data-20180110-structure-20150128.csv,2018,9999,,,16,Республика Татарстан,54.9342754,48.8319574,1,51809.6,19798.0,350.2,1
395,8094,874,4023,296,1362,18516,3867,0.4371354504212573,0.047202419529055954,0.21727154893065456,0.015986174119680275,0.07355800388852884,0.20884640311082306,Тюлячинский,92-656-000-000,Тюлячинский муниципальный район,муниципальный район,,1,,с Тюлячи,data-20180110-structure-20150128.csv,2018,9999,,,16,Республика Татарстан,55.8918846,50.2334985,1,55637.4,13489.0,348.8,1
396,9171,797,4402,478,1101,20887,4938,0.43907693780820606,0.03815770574998803,0.210753100014363,0.022885048116053047,0.05271221333844018,0.23641499497294968,Черемшанский,92-658-000-000,Черемшанский муниципальный район,муниципальный район,,1,,с Черемшан,data-20180110-structure-20150128.csv,2018,9999,,,16,Республика Татарстан,54.6611013,51.5053223,1,65974.0,17877.0,342.4,1
397,13194,1202,6513,1050,1863,31952,8130,0.41293189784677015,0.03761892839258888,0.2038370055082624,0.03286179268903355,0.05830620931397096,0.25444416624937405,Чистопольский,92-659-000-000,Чистопольский муниципальный район,муниципальный район,,1,,г Чистополь,data-20180110-structure-20150128.csv,2018,9999,,,16,Республика Татарстан,55.3714831,50.6367311,1,64210.4,73234.0,347.1,2
398,9740,760,4038,343,920,22646,6845,0.4300980305572728,0.033560010597898086,0.17830963525567428,0.015146162677735582,0.040625275986929256,0.30226088492449,Ютазинский,92-654-000-000,Ютазинский муниципальный район,муниципальный район,,1,,пгт Уруссу,data-20180110-structure-20150128.csv,2018,9999,,,16,Республика Татарстан,54.5993324,53.4663259,1,59884.9,19452.0,337.9,3
401,10148,442,5065,636,2350,24031,5390,0.42228787815738006,0.018392909159002956,0.2107694228288461,0.026465814988972578,0.09779035412592069,0.22429362073987766,Бай-Тайгинский,93-605-000-000,Бай-Тайгинский муниципальный район,муниципальный район,,1,,с Тээли,data-20180110-structure-20150128.csv,2018,9999,,,17,Республика Тыва,51.0110954,90.2043058,1,46623.0,10431.0,182.5,2
402,9862,206,4818,618,2735,24404,6165,0.40411407965907226,0.008441239141124405,0.19742665136862808,0.025323717423373217,0.1120717915095886,0.2526225208982134,Барун-Хемчикский,93-610-000-000,Барун-Хемчикский муниципальный район,муниципальный район,,1,,с Кызыл-Мажалык,data-20180110-structure-20150128.csv,2018,9999,,,17,Республика Тыва,51.1454611,90.5814803,1,48513.7,11626.0,184.2,2
403,10320,525,4904,463,1744,23844,5888,0.43281328636134875,0.022018117765475593,0.20567018956550914,0.01941788290555276,0.0731420902533132,0.24693843314880054,Дзун-Хемчикский,93-615-000-000,Дзун-Хемчикский муниципальный район,муниципальный район,,1,,г Чадан,data-20180110-structure-20150128.csv,2018,9999,,,17,Республика Тыва,51.2840385,91.5666701,1,51531.3,18916.0,181.6,2
404,12682,768,5936,877,1951,29551,7337,0.42915637372677745,0.02598896822442557,0.2008730669012893,0.029677506683360968,0.0660214544347061,0.24828263002944062,Каа-Хемский,93-620-000-000,Каа-Хемский муниципальный район,муниципальный район,,1,,с Сарыг-Сеп,data-20180110-structure-20150128.csv,2018,9999,,,17,Республика Тыва,51.492626,95.554681,1,59905.0,11974.0,183.0,2
405,13268,1229,4803,1995,4079,37642,12268,0.3524786143137984,0.032649699803411085,0.12759683332447797,0.05299930928218479,0.1083629987779608,0.3259125444981669,Кызылский,93-622-000-000,Кызылский муниципальный район,муниципальный район,,1,,пгт Каа-Хем,data-20180110-structure-20150128.csv,2018,9999,,,17,Республика Тыва,51.696541,94.563721,1,61583.4,36340.0,187.5,2
408,14065,1178,6500,753,2038,32497,7963,0.4328091823860664,0.03624949995384189,0.20001846324276087,0.023171369664892146,0.06271348124442257,0.24503800350801613,Пий-Хемский,93-635-000-000,Пий-Хемский муниципальный район,муниципальный район,,1,,г Туран,data-20180110-structure-20150128.csv,2018,9999,,,17,Республика Тыва,52.1458093,93.9186434,1,62886.8,10364.0,188.7,2
410,12913,856,5343,1371,4028,34776,10265,0.37131930066712676,0.02461467678858983,0.15364044168391994,0.03942374051069703,0.11582700713135496,0.2951748332183115,Тандинский,93-640-000-000,Тандинский муниципальный район,муниципальный район,,1,,с Бай-Хаак,data-20180110-structure-20150128.csv,2018,9999,,,17,Республика Тыва,51.1601031,94.4651991,1,55744.8,15098.0,183.5,2
413,16685,804,7800,1261,2811,39586,10225,0.42148739453342093,0.020310210680543627,0.19703935734855757,0.03185469610468347,0.07100995301369172,0.25829838831910273,Тоджинский,93-650-000-000,Тоджинский муниципальный район,муниципальный район,,1,,с Тоора-Хем,data-20180110-structure-20150128.csv,2018,9999,,,17,Республика Тыва,52.4679232,96.117896,1,96701.2,6694.0,177.8,2
414,10314,992,4629,1561,2874,28958,8588,0.35617100628496445,0.034256509427446645,0.15985219973755094,0.053905656467988124,0.09924718557911458,0.29656744250293526,Улуг-Хемский,93-654-000-000,Улуг-Хемский муниципальный район,муниципальный район,,1,,г Шагонар,data-20180110-structure-20150128.csv,2018,9999,,,17,Республика Тыва,51.538721,92.9194074,1,52073.1,19940.0,182.3,2
416,12094,844,5036,1051,2634,29999,8340,0.403146771559052,0.028134271142371412,0.16787226240874695,0.03503450115003833,0.08780292676422548,0.2780092669755658,Чеди-Хольский,93-657-000-000,Чеди-Хольский муниципальный район,муниципальный район,,1,,с Хову-Аксы,data-20180110-structure-20150128.csv,2018,9999,,,17,Республика Тыва,51.131943,93.715744,1,51951.6,7592.0,182.5,2
418,15069,2258,6297,2420,2670,42282,13568,0.35639279125869167,0.053403339482522114,0.14892862210869873,0.057234757107043184,0.06314743862636583,0.3208930514166785,Ижевск,94-701-000-000,городской округ город Ижевск,городской округ,административный_центр_субъекта,1,,г Ижевск,data-20180110-structure-20150128.csv,2018,9999,,,18,Удмуртская Республика,56.86051745,53.19773074245531,1,79451.4,618776.0,324.0,5
419,14818,1844,6103,1917,2052,38036,11302,0.38957829424755497,0.04848038700178778,0.16045325481123146,0.050399621411294566,0.05394889052476601,0.2971395520033652,Воткинск,94-710-000-000,городской округ город Воткинск,городской округ,,2,94-608-000-000;94-508-000-000,г Воткинск,data-20180110-structure-20150128.csv,2018,9999,,,18,Удмуртская Республика,57.03096265,53.95290987149551,1,76115.4,96037.0,338.4,2
420,14039,1674,5375,1900,1798,35113,10327,0.3998234272206875,0.04767465041437644,0.15307720787172843,0.054111013015122604,0.05120610600062655,0.2941075954774585,Глазов,94-720-000-000,городской округ город Глазов,городской округ,,2,94-610-000-000;94-510-000-000,г Глазов,data-20180110-structure-20150128.csv,2018,9999,,,18,Удмуртская Республика,58.1401196,52.6464388,1,64938.7,85870.0,322.3,2
421,13092,1418,4956,1214,1954,31393,8759,0.417035644888988,0.0451693052591342,0.15786958876182589,0.038671041314942825,0.06224317523014685,0.27901124454496223,Можга,94-730-000-000,городской округ город Можга,городской округ,,2,94-635-000-000;94-535-000-000,г Можга,data-20180110-structure-20150128.csv,2018,9999,,,18,Удмуртская Республика,56.44903635,52.21859474400328,1,54035.1,43557.0,345.2,2
422,14935,1773,6048,1741,2136,37269,10636,0.4007351954707666,0.04757304998792562,0.1622796425984062,0.046714427540315004,0.05731304837800853,0.2853846360245781,Сарапул,94-740-000-000,городской округ город Сарапул,городской округ,,1,,г Сарапул,data-20180110-structure-20150128.csv,2018,9999,,,18,Удмуртская Республика,56.4811552,53.78269270925261,1,73016.4,89442.0,327.0,2
423,10619,1181,4455,672,1417,24711,6367,0.42972765165310994,0.047792481081299826,0.1802840840111691,0.02719436688114605,0.057342883735988025,0.25765853263728705,Алнашский,94-502-000-000,муниципальный округ Алнашский район,муниципальный округ,,1,,с Алнаши,data-20220128-structure-20150128.csv,2022,9999,,,18,Удмуртская Республика,56.1848812,52.4755309,1,46374.0,19971.0,337.0,1
424,11257,1024,3843,499,943,23119,5553,0.4869155240278559,0.04429257320818374,0.1662269129287599,0.02158397854578485,0.04078896146027077,0.24019204982914485,Балезинский,94-504-000-000,муниципальный округ Балезинский район,муниципальный округ,,1,,п Балезино,data-20220128-structure-20150128.csv,2022,9999,,,18,Удмуртская Республика,57.9745686,53.0111891,1,49049.5,26866.0,315.7,3
425,12347,1235,4949,553,1298,25957,5575,0.4756713025388142,0.047578687829872485,0.19066147859922178,0.02130446507685788,0.05000577878799553,0.21477828716723812,Вавожский,94-506-000-000,муниципальный округ Вавожский район,муниципальный округ,,1,,с Вавож,data-20220128-structure-20150128.csv,2022,9999,,,18,Удмуртская Республика,56.7676129,51.9313766,1,57916.2,13809.0,325.9,1
428,12761,1244,4639,262,1198,25198,5094,0.5064290816731487,0.04936899753948726,0.1841019128502262,0.010397650607191047,0.04754345582982777,0.20215890150011906,Граховский,94-512-000-000,муниципальный округ Граховский район,муниципальный округ,,1,,с Грахово,data-20220128-structure-20150128.csv,2022,9999,,,18,Удмуртская Республика,56.0468999,51.9629501,1,47943.0,8624.0,336.5,1
429,12812,1170,4377,534,1120,25011,4998,0.5122546079724921,0.046779417056495146,0.17500299868058056,0.02135060573347727,0.04478029666946544,0.1998320738874895,Дебёсский,94-514-000-000,муниципальный округ Дебёсский район,муниципальный округ,,1,,с Дебёсы,data-20220128-structure-20150128.csv,2022,9999,,,18,Удмуртская Республика,57.652351,53.806393,1,51971.3,10744.0,319.7,1
430,14919,1964,6274,2127,2972,40753,12497,0.366083478516919,0.04819277108433735,0.15395185630505728,0.05219247662748755,0.0729271464677447,0.3066522709984541,Завьяловский,94-516-000-000,муниципальный округ Завьяловский район,муниципальный округ,,1,,с Завьялово,data-20220128-structure-20150128.csv,2022,9999,,,18,Удмуртская Республика,56.784662,53.3776005,1,60377.9,83460.0,333.6,2
431,11855,1312,4390,698,1358,26680,7067,0.4443403298350825,0.049175412293853075,0.16454272863568217,0.02616191904047976,0.050899550224887555,0.264880059970015,Игринский,94-518-000-000,муниципальный округ Игринский район,муниципальный округ,,1,,п Игра,data-20220128-structure-20150128.csv,2022,9999,,,18,Удмуртская Республика,57.5391501,53.0808519,1,58555.5,32538.0,323.0,1
432,13194,1261,5271,766,960,28334,6882,0.46565963153808143,0.0445048351803487,0.18603091691960189,0.02703465800804687,0.03388155572810052,0.24288840262582057,Камбарский,94-520-000-000,муниципальный округ Камбарский район,муниципальный округ,,1,,г Камбарка,data-20220128-structure-20150128.csv,2022,9999,,,18,Удмуртская Республика,56.2652515,54.1945613,1,54584.1,15570.0,325.6,3
433,11506,915,4053,272,943,21711,4022,0.5299617705310672,0.04214453502832666,0.18667956335498134,0.01252821150568836,0.04343420385979457,0.18525171572014187,Каракулинский,94-522-000-000,муниципальный округ Каракулинский район,муниципальный округ,,1,,с Каракулино,data-20220128-structure-20150128.csv,2022,9999,,,18,Удмуртская Республика,56.0105232,53.705165,1,60435.8,10095.0,317.6,1
434,11818,1147,3473,426,1173,24037,6000,0.4916586928485252,0.047718101260556645,0.1444855847235512,0.01772267753879436,0.04879976702583517,0.24961517660273744,Кезский,94-524-000-000,муниципальный округ Кезский район,муниципальный округ,,1,,п Кез,data-20220128-structure-20150128.csv,2022,9999,,,18,Удмуртская Республика,57.8965573,53.7140134,1,49008.0,17833.0,314.3,1
435,11910,1178,4485,505,1240,26938,7620,0.4421263642438191,0.0437300467740738,0.16649342935629965,0.01874675180043062,0.04603162818323558,0.2828717796421412,Кизнерский,94-526-000-000,муниципальный округ Кизнерский район,муниципальный округ,,1,,п Кизнер,data-20220128-structure-20150128.csv,2022,9999,,,18,Удмуртская Республика,56.2850255,51.5192626,1,49308.2,17496.0,334.6,3
436,10374,1188,4517,761,1107,22407,4460,0.4629803186504217,0.053019145802650956,0.2015887892176552,0.03396260097291025,0.0494042040433793,0.19904494131298256,Киясовский,94-528-000-000,муниципальный округ Киясовский район,муниципальный округ,,1,,с Киясово,data-20220128-structure-20150128.csv,2022,9999,,,18,Удмуртская Республика,56.3438804,53.1247526,1,48497.2,8518.0,327.3,1
437,12313,1246,4155,416,1025,23059,3904,0.5339780562903855,0.05403530075024936,0.1801899475259118,0.018040678260115357,0.04445119042456308,0.1693048267487749,Красногорский,94-530-000-000,муниципальный округ Красногорский район,муниципальный округ,,1,,с Красногорское,data-20220128-structure-20150128.csv,2022,9999,,,18,Удмуртская Республика,57.703725,52.501841,1,48409.2,7480.0,320.2,1
438,11084,1263,4347,544,1269,24718,6211,0.4484181568088033,0.051096367019985434,0.17586374302128005,0.02200825309491059,0.05133910510559107,0.25127437494942956,Малопургинский,94-533-000-000,муниципальный округ Малопургинский район,муниципальный округ,,1,,с Малая Пурга,data-20220128-structure-20150128.csv,2022,9999,,,18,Удмуртская Республика,56.5495455,53.0055085,1,51464.0,30993.0,335.1,1
440,12402,1200,5148,1048,1522,29325,8005,0.4229156010230179,0.04092071611253197,0.17554987212276216,0.03573742540494459,0.051901108269394716,0.2729752770673487,Сарапульский,94-537-000-000,муниципальный округ Сарапульский район,муниципальный округ,,1,,с Сигаево,data-20220128-structure-20150128.csv,2022,9999,,,18,Удмуртская Республика,56.4216058,53.7753696,1,60522.9,23267.0,328.2,2
441,12067,1160,4485,435,1369,25665,6149,0.47017338788233004,0.04519774011299435,0.17475160724722386,0.01694915254237288,0.05334112604714592,0.23958698616793297,Селтинский,94-539-000-000,муниципальный округ Селтинский район,муниципальный округ,,1,,с Селты,data-20220128-structure-20150128.csv,2022,9999,,,18,Удмуртская Республика,57.3094964,52.1381468,1,48548.8,10292.0,325.4,1
442,12824,1204,3692,321,1269,25098,5788,0.5109570483703881,0.04797194995617181,0.14710335484899195,0.012789863734162084,0.05056179775280899,0.2306159853374771,Сюмсинский,94-541-000-000,муниципальный округ Сюмсинский район,муниципальный округ,,1,,с Сюмси,data-20220128-structure-20150128.csv,2022,9999,,,18,Удмуртская Республика,57.1081378,51.6147316,1,52140.1,9970.0,328.2,1
443,13365,1440,5494,929,1705,31443,8510,0.42505486117736857,0.04579715675985116,0.17472887447126548,0.029545526826320643,0.0542251057469071,0.27064847501828704,Увинский,94-544-000-000,муниципальный округ Увинский район,муниципальный округ,,1,,п Ува,data-20220128-structure-20150128.csv,2022,9999,,,18,Удмуртская Республика,56.9826616,52.1884394,1,63935.5,33739.0,327.3,2
444,11596,1020,4321,545,1226,24041,5333,0.4823426646146167,0.04242751965392454,0.17973462002412546,0.02266960608959694,0.05099621479971715,0.2218293748180192,Шарканский,94-546-000-000,муниципальный округ Шарканский район,муниципальный округ,,1,,с Шаркан,data-20220128-structure-20150128.csv,2022,9999,,,18,Удмуртская Республика,57.295315,53.869011,1,50340.8,18886.0,320.2,1
445,11872,1211,3392,236,715,22410,4984,0.5297634984381973,0.05403837572512271,0.15136099955377064,0.010531012940651495,0.03190539937527889,0.22240071396697902,Юкаменский,94-548-000-000,муниципальный округ Юкаменский район,муниципальный округ,,1,,с Юкаменское,data-20220128-structure-20150128.csv,2022,9999,,,18,Удмуртская Республика,57.8865761,52.2473098,1,42610.6,7231.0,314.0,1
446,11140,1314,5247,409,1354,26514,7050,0.4201553896054914,0.04955872369314324,0.19789545145960624,0.015425812778154937,0.051067360639662066,0.2658972618239421,Якшур-Бодьинский,94-550-000-000,муниципальный округ Якшур-Бодьинский район,муниципальный округ,,1,,с Якшур-Бодья,data-20220128-structure-20150128.csv,2022,9999,,,18,Удмуртская Республика,57.1842484,53.1544847,1,62204.2,19293.0,325.1,1
447,10835,1094,3702,494,877,20762,3760,0.5218668721703111,0.0526924188421154,0.17830652152971777,0.023793468837298912,0.04224063192370677,0.18110008669685002,Ярский,94-552-000-000,муниципальный округ Ярский район,муниципальный округ,,1,,п Яр,data-20220128-structure-20150128.csv,2022,9999,,,18,Удмуртская Республика,58.2442424,52.1079326,1,50798.6,10983.0,311.7,1
448,15306,1559,6548,1867,2775,40040,11985,0.38226773226773225,0.038936063936063935,0.16353646353646353,0.04662837162837163,0.0693056943056943,0.2993256743256743,Абакан,95-701-000-000,городской округ город Абакан,городской округ,административный_центр_субъекта,1,,г Абакан,data-20180110-structure-20150128.csv,2018,9999,,,19,Республика Хакасия,53.72068,91.4406019,1,79022.0,185804.0,203.1,2
449,15354,1151,6643,492,1556,32768,7572,0.46856689453125,0.035125732421875,0.202728271484375,0.0150146484375,0.0474853515625,0.2310791015625,Абаза,95-702-000-000,городской округ город Абаза,городской округ,,1,,г Абаза,data-20180110-structure-20150128.csv,2018,9999,,,19,Республика Хакасия,52.6510546,90.101159,1,60495.4,11962.0,192.7,3
450,15232,1410,6912,949,1760,37258,10995,0.40882495034623434,0.03784422137527511,0.18551720435879543,0.025471039776692253,0.04723817703580439,0.29510440710719843,Саяногорск,95-708-000-000,городской округ город Саяногорск,городской округ,,1,,г Саяногорск,data-20180110-structure-20150128.csv,2018,9999,,,19,Республика Хакасия,53.0899015,91.4128377,1,91089.2,55712.0,197.9,2
451,15361,1157,8809,584,1135,36070,9024,0.425866370945384,0.03207651788189631,0.2442195730523981,0.016190740227335736,0.03146659273634599,0.25018020515663986,Сорск,95-709-000-000,городской округ город Сорск,городской округ,,1,,г Сорск,data-20180110-structure-20150128.csv,2018,9999,,,19,Республика Хакасия,54.0016092,90.2525861,1,74830.8,10843.0,198.1,3
452,15561,1458,6446,1042,2266,37386,10613,0.4162253249879634,0.038998555609051515,0.17241748248007274,0.027871395709623922,0.06061092387524742,0.283876317338041,Черногорск,95-715-000-000,городской округ город Черногорск,городской округ,,1,,г Черногорск,data-20180110-structure-20150128.csv,2018,9999,,,19,Республика Хакасия,53.828236,91.31321,1,71890.6,77948.0,205.4,2
453,12998,923,5685,664,1983,30877,8624,0.42096058554911425,0.02989280046636655,0.18411762800790232,0.021504679858794572,0.0642225604819121,0.2793017456359102,Алтайский,95-605-000-000,Алтайский муниципальный район,муниципальный район,,1,,с Белый Яр,data-20180110-structure-20150128.csv,2018,9999,,,19,Республика Хакасия,53.596436,91.382362,1,76908.1,24152.0,203.5,2
455,15864,1225,6930,675,2558,37309,10057,0.42520571443887534,0.03283390066739929,0.18574606663271598,0.018092149347342466,0.06856254523037336,0.26955962368329356,Бейский,95-612-000-000,Бейский муниципальный район,муниципальный район,,1,,с Бея,data-20180110-structure-20150128.csv,2018,9999,,,19,Республика Хакасия,53.046246,90.921989,1,62690.4,17067.0,197.4,2
456,13094,683,5631,192,1031,25200,4569,0.5196031746031746,0.027103174603174605,0.22345238095238096,0.007619047619047619,0.040912698412698414,0.1813095238095238,Боградский,95-615-000-000,Боградский муниципальный район,муниципальный район,,1,,с Боград,data-20180110-structure-20150128.csv,2018,9999,,,19,Республика Хакасия,54.21806,90.856026,1,48923.9,11030.0,205.0,1
457,13868,974,5478,195,1326,27282,5441,0.5083205043618503,0.03570119492705813,0.20079173081152407,0.007147569826259072,0.04860347481856169,0.19943552525474673,Орджоникидзевский,95-620-000-000,Орджоникидзевский муниципальный район,муниципальный район,,1,,п Копьёво,data-20180110-structure-20150128.csv,2018,9999,,,19,Республика Хакасия,55.03561,89.847221,1,50171.7,9604.0,209.9,1
458,13492,909,6790,992,2315,32161,7663,0.4195143185846211,0.028264046515966545,0.21112527595534963,0.030844812039426635,0.07198159261217002,0.23826995429246603,Таштыпский,95-625-000-000,Таштыпский муниципальный район,муниципальный район,,1,,с Таштып,data-20180110-structure-20150128.csv,2018,9999,,,19,Республика Хакасия,52.7880649,89.595458,1,61405.4,15165.0,194.1,2
459,15348,1116,6119,943,2359,35834,9949,0.4283083105430597,0.031143606630574316,0.17075961377462745,0.02631578947368421,0.06583133337054195,0.2776413462075124,Усть-Абаканский,95-630-000-000,Усть-Абаканский муниципальный район,муниципальный район,,1,,рп Усть-Абакан,data-20180110-structure-20150128.csv,2018,9999,,,19,Республика Хакасия,53.8326614,91.3938038,1,60840.7,46354.0,206.4,2
460,12772,1101,6271,299,1836,30250,7971,0.42221487603305785,0.036396694214876034,0.20730578512396694,0.009884297520661157,0.060694214876033055,0.26350413223140495,Ширинский,95-635-000-000,Ширинский муниципальный район,муниципальный район,,1,,с Шира,data-20180110-structure-20150128.csv,2018,9999,,,19,Республика Хакасия,54.48764,89.962891,1,62412.6,24253.0,207.1,1
478,13639,2037,6153,2195,2570,38358,11764,0.35557119766411177,0.05310495854841232,0.16040982324417333,0.057224047134887115,0.06700036498253298,0.3066896084258825,Чебоксары,97-701-000-000,городской округ город Чебоксары,городской округ,административный_центр_субъекта,1,,г Чебоксары,data-20180110-structure-20150128.csv,2018,9999,,,21,Чувашская Республика,56.1307195,47.2449597,1,72298.7,506480.0,356.3,2
479,11798,1496,5158,367,1293,26138,6026,0.45137347922564847,0.057234677481062056,0.19733721019205755,0.014040860050501185,0.04946820720789655,0.2305455658428342,Алатырь,97-704-000-000,городской округ город Алатырь,городской округ,,2,97-603-000-000;97-503-000-000,г Алатырь,data-20180110-structure-20150128.csv,2018,9999,,,21,Чувашская Республика,54.84582955,46.5627484284573,1,49270.3,31304.0,365.1,1
480,11407,1326,4967,990,1726,27764,7348,0.41085578446909665,0.0477596888056476,0.17890073476444315,0.03565768621236133,0.06216683475003602,0.26465927099841524,Канаш,97-707-000-000,городской округ город Канаш,городской округ,,2,97-616-000-000;97-516-000-000,г Канаш,data-20180110-structure-20150128.csv,2018,9999,,,21,Чувашская Республика,55.5148161,47.49863071889008,1,61592.8,43508.0,383.0,2
481,13934,1836,5781,1931,2093,36436,10861,0.3824239762871885,0.050389724448347786,0.15866176309144803,0.05299703589856186,0.05744318805576902,0.2980843122186848,Новочебоксарск,97-710-000-000,городской округ город Новочебоксарск,городской округ,,1,,г Новочебоксарск,data-20180110-structure-20150128.csv,2018,9999,,,21,Чувашская Республика,56.1140023,47.4870341,1,60377.1,120767.0,361.7,2
482,11903,1306,4674,567,1038,26196,6708,0.4543823484501451,0.04985493968544816,0.17842418689876316,0.02164452588181402,0.039624370132844706,0.2560696289509849,Шумерля,97-713-000-000,городской округ город Шумерля,городской округ,,2,97-650-000-000;97-550-000-000,г Шумерля,data-20180110-structure-20150128.csv,2018,9999,,,21,Чувашская Республика,55.4985162,46.4186725,1,60368.5,26008.0,368.6,3
484,8271,924,3070,311,1004,18601,5021,0.4446535132519757,0.04967474866942637,0.1650448900596742,0.016719531207999568,0.05397559271006935,0.2699317241008548,Аликовский,97-505-000-000,Аликовский муниципальный округ,муниципальный округ,,1,,с Аликово,data-20221219-structure-20150128.csv,2023,9999,,,21,Чувашская Республика,55.7393757,46.7465335,2,45151.6,13550.0,361.5,1
485,7899,1034,3421,425,1349,20469,6341,0.38590063022131027,0.05051541355220089,0.16713078313547317,0.020763105183448143,0.06590453857052128,0.3097855293370463,Батыревский,97-507-000-000,Батыревский муниципальный округ,муниципальный округ,,1,,с Батырево,data-20221219-structure-20150128.csv,2023,9999,,,21,Чувашская Республика,55.0681559,47.6042007,2,42382.9,30773.0,358.0,1
486,10160,1121,4871,649,1164,24695,6730,0.4114193156509415,0.04539380441384896,0.19724640615509212,0.026280623608017816,0.04713504758048188,0.2725248025916177,Вурнарский,97-510-000-000,Вурнарский муниципальный округ,муниципальный округ,,1,,пгт Вурнары,data-20221219-structure-20150128.csv,2023,9999,,,21,Чувашская Республика,55.4917095,46.9529003,2,54604.9,28415.0,359.4,3
487,8692,1037,4383,435,1144,20367,4676,0.4267687926547847,0.05091569696076987,0.21520106053910737,0.021358079245838858,0.056169293464918744,0.22958707713458046,Ибресинский,97-513-000-000,Ибресинский муниципальный округ,муниципальный округ,,1,,пгт Ибреси,data-20221219-structure-20150128.csv,2023,9999,,,21,Чувашская Республика,55.3043004,47.0389112,2,47073.9,19914.0,358.7,1
489,10491,912,4592,275,840,23082,5972,0.4545100077982844,0.039511307512347285,0.19894289922883632,0.011914045576639805,0.0363919937613725,0.2587297461225197,Козловский,97-519-000-000,Козловский муниципальный округ,муниципальный округ,,1,,г Козловка,data-20221219-structure-20150128.csv,2023,9999,,,21,Чувашская Республика,55.8414764,48.2484231,2,48876.6,14831.0,356.8,3
490,7623,969,3334,361,1128,19530,6115,0.3903225806451613,0.04961597542242704,0.17071172555043523,0.01848438300051203,0.05775729646697389,0.3131080389144905,Комсомольский,97-521-000-000,Комсомольский муниципальный округ,муниципальный округ,,1,,с Комсомольское,data-20221219-structure-20150128.csv,2023,9999,,,21,Чувашская Республика,55.2622657,47.5455999,2,42179.6,20409.0,361.3,1
491,7197,967,3648,261,1070,19620,6477,0.36681957186544345,0.04928644240570846,0.18593272171253822,0.013302752293577982,0.0545361875637105,0.33012232415902143,Красноармейский,97-524-000-000,Красноармейский муниципальный округ,муниципальный округ,,1,,с Красноармейское,data-20220128-structure-20150128.csv,2022,9999,,,21,Чувашская Республика,55.7679252,47.1684942,1,58927.2,12470.0,361.0,1
492,7665,1012,3824,661,1061,19542,5319,0.3922321154436598,0.05178589704226794,0.19568109712414286,0.033824582949544574,0.054293316958346126,0.2721829904820387,Красночетайский,97-526-000-000,Красночетайский муниципальный округ,муниципальный округ,,1,,с Красные Четаи,data-20221219-structure-20150128.csv,2023,9999,,,21,Чувашская Республика,55.6988225,46.1593707,2,42630.2,13525.0,358.2,1
493,10426,916,3248,307,692,19515,3926,0.5342557007430182,0.046938252626184986,0.16643607481424547,0.015731488598513962,0.03545990263899564,0.20117858057904175,Мариинско-Посадский,97-529-000-000,Мариинско-Посадский муниципальный округ,муниципальный округ,,1,,г Мариинский Посад,data-20221219-structure-20150128.csv,2023,9999,,,21,Чувашская Республика,56.1178077,47.7220654,2,45128.6,18507.0,354.7,1
494,8426,736,4200,608,883,20963,6110,0.40194628631398177,0.035109478605161476,0.20035300290988886,0.029003482326002958,0.04212183370700758,0.29146591613795736,Моргаушский,97-532-000-000,Моргаушский муниципальный округ,муниципальный округ,,1,,с Моргауши,data-20221219-structure-20150128.csv,2023,9999,,,21,Чувашская Республика,55.9642116,46.7687775,2,53654.6,30685.0,358.9,3
495,11487,1097,4842,269,932,23087,4460,0.49755273530558325,0.047515918049118554,0.2097284185905488,0.011651578810586044,0.040369038853034174,0.1931823103911292,Порецкий,97-535-000-000,Порецкий муниципальный округ,муниципальный округ,,1,,с Порецкое,data-20221219-structure-20150128.csv,2023,9999,,,21,Чувашская Республика,55.1989448,46.3261836,2,46956.8,10342.0,360.6,1
496,8604,967,3510,270,774,19533,5408,0.44048533251420674,0.049505964265601804,0.17969589924742743,0.01382276148057134,0.03962524957763784,0.27686479291455485,Урмарский,97-538-000-000,Урмарский муниципальный округ,муниципальный округ,,1,,пгт Урмары,data-20221219-structure-20150128.csv,2023,9999,,,21,Чувашская Республика,55.6802934,47.9446913,2,41482.4,20067.0,358.0,1
497,11545,1098,4430,701,1048,24606,5784,0.4691945054051857,0.04462326261887344,0.18003738925465335,0.02848898642607494,0.04259123790945298,0.23506461838575957,Цивильский,97-541-000-000,Цивильский муниципальный округ,муниципальный округ,,1,,г Цивильск,data-20221219-structure-20150128.csv,2023,9999,,,21,Чувашская Республика,55.8661072,47.473703,2,51148.0,31134.0,362.7,3
498,11866,1366,5057,1219,1847,29601,8246,0.40086483564744435,0.046147089625350496,0.17083882301273606,0.041181041181041184,0.062396540657410224,0.2785716698760177,Чебоксарский,97-544-000-000,Чебоксарский муниципальный округ,муниципальный округ,,1,,пгт Кугеси,data-20221219-structure-20150128.csv,2023,9999,,,21,Чувашская Республика,56.0315502,47.2987956,2,55148.3,61487.0,366.7,2
499,7908,773,3468,282,1012,18897,5454,0.4184791236704239,0.04090596390961528,0.1835211938402921,0.014923003651373234,0.05355347409641742,0.28861724083187806,Шемуршинский,97-547-000-000,Шемуршинский муниципальный округ,муниципальный округ,,1,,с Шемурша,data-20221219-structure-20150128.csv,2023,9999,,,21,Чувашская Республика,54.8854761,47.51651,2,40106.1,11365.0,356.8,1
501,10418,1094,3787,580,878,22908,6151,0.45477562423607476,0.04775624236074734,0.16531342762353762,0.02531866596822071,0.038327221931203075,0.2685088178802165,Ядринский,97-553-000-000,Ядринский муниципальный округ,муниципальный округ,,1,,г Ядрин,data-20221219-structure-20150128.csv,2023,9999,,,21,Чувашская Республика,55.9407976,46.2006586,2,55961.7,22282.0,361.5,3
502,8237,1120,2093,158,969,16864,4287,0.4884369070208729,0.06641366223908918,0.12411053130929792,0.009369070208728653,0.057459677419354836,0.25421015180265655,Яльчикский,97-555-000-000,Яльчикский муниципальный округ,муниципальный округ,,1,,с Яльчики,data-20221219-structure-20150128.csv,2023,9999,,,21,Чувашская Республика,55.1628658,48.003334,2,41548.4,14957.0,355.1,1
503,7755,706,2879,246,670,17616,5360,0.44022479564032696,0.0400772025431426,0.1634309718437784,0.013964577656675749,0.038033605812897366,0.3042688465031789,Янтиковский,97-558-000-000,Янтиковский муниципальный округ,муниципальный округ,,1,,с Янтиково,data-20221219-structure-20150128.csv,2023,9999,,,21,Чувашская Республика,55.5163733,47.7805881,2,43802.8,12065.0,357.7,3
504,15922,2160,6568,2218,2723,43606,14015,0.36513323854515434,0.049534467733798104,0.15062147410906757,0.05086455992294638,0.062445535018116775,0.32140072467091685,Барнаул,01-701-000-000,городской округ город Барнаул,городской округ,административный_центр_субъекта,1,,г Барнаул,data-20180110-structure-20150128.csv,2018,9999,,,22,Алтайский край,53.3475493,83.7788448,1,69580.5,687601.0,224.8,5
505,15066,1308,5729,897,1876,34822,9946,0.43265751536385044,0.037562460513468496,0.16452242834989375,0.025759577278731835,0.05387398770891965,0.2856240307851358,Алейск,01-703-000-000,городской округ город Алейск,городской округ,,2,01-601-000-000,г Алейск,data-20180110-structure-20150128.csv,2018,9999,,,22,Алтайский край,52.4970352,82.7732311,1,58039.4,24604.0,230.0,2
506,15250,2041,7139,1199,2350,38925,10946,0.3917790622992935,0.05243416827231856,0.18340398201669877,0.03080282594733462,0.06037251123956326,0.28120745022479127,Белокуриха,01-704-000-000,городской округ город Белокуриха,городской округ,,1,,г Белокуриха,data-20180110-structure-20150128.csv,2018,9999,,,22,Алтайский край,51.9994856,84.9860861,1,63592.4,14879.0,216.1,2
507,16037,1907,6983,1714,2909,41471,11921,0.38670396180463457,0.0459839405849871,0.16838272527790504,0.04133008608425164,0.0701454028116033,0.2874538834366184,Бийск,01-705-000-000,городской округ город Бийск,городской округ,,2,01-604-000-000,г Бийск,data-20180110-structure-20150128.csv,2018,9999,,,22,Алтайский край,52.5394905,85.2148673,1,63225.9,188780.0,230.7,2
508,14585,1581,5235,1418,1399,33451,9233,0.4360108815879944,0.04726316104152342,0.15649756360049027,0.042390362022062124,0.0418223670443335,0.2760156647035963,Заринск,01-706-000-000,городской округ город Заринск,городской округ,,2,01-613-000-000,г Заринск,data-20180110-structure-20150128.csv,2018,9999,,,22,Алтайский край,53.707915,84.9348606,1,64679.3,40255.0,231.2,3
509,15663,1756,5930,1453,2024,38242,11416,0.4095758590031902,0.04591810051775535,0.1550651116573401,0.03799487474504472,0.052926102191307986,0.2985199518853616,Новоалтайск,01-713-000-000,городской округ город Новоалтайск,городской округ,,2,01-632-000-000,г Новоалтайск,data-20180110-structure-20150128.csv,2018,9999,,,22,Алтайский край,53.393341,83.939407,1,69360.9,73511.0,263.0,2
510,14736,1519,6120,1332,2213,36572,10652,0.4029312041999344,0.041534507273323855,0.16734113529476102,0.03642130591709505,0.06051077326916767,0.29126107404571805,Рубцовск,01-716-000-000,городской округ город Рубцовск,городской округ,,2,01-638-000-000,г Рубцовск,data-20180110-structure-20150128.csv,2018,9999,,,22,Алтайский край,51.5276264,81.2176174,1,52545.2,123379.0,226.4,2
511,14340,1248,6519,815,1863,33877,9092,0.4232960415621218,0.03683915340791687,0.19243144316202734,0.02405762021430469,0.0549930631401836,0.2683826785134457,Славгород,01-539-000-000,муниципальный округ город Славгород,муниципальный округ,,1,,г Славгород,data-20221219-structure-20150128.csv,2023,9999,,,22,Алтайский край,52.9968921,78.6485041,2,46914.9,36769.0,228.3,2
512,14541,1542,5850,681,1569,33882,9699,0.42916592881175847,0.04551089073844519,0.17265804852133876,0.020099167699663537,0.04630777403931291,0.2862581901894811,Яровое,01-730-000-000,городской округ город Яровое,городской округ,,1,,г Яровое,data-20180110-structure-20150128.csv,2018,9999,,,22,Алтайский край,52.919704,78.563568,1,46916.8,16528.0,227.9,3
515,12988,1214,5626,779,1983,30997,8407,0.4190082911249476,0.03916508049166048,0.18150143562280222,0.02513146433525825,0.06397393296125431,0.27121979546407715,Алтайский,01-602-000-000,Алтайский муниципальный район,муниципальный район,,1,,с Алтайское,data-20180110-structure-20150128.csv,2018,9999,,,22,Алтайский край,51.945145,85.336746,1,44459.5,26284.0,214.4,2
516,13239,1087,5113,123,1244,25065,4259,0.5281867145421903,0.0433672451625773,0.20398962696987832,0.004907241172950329,0.04963095950528625,0.16991821264711748,Баевский,01-603-000-000,Баевский муниципальный район,муниципальный район,,1,,с Баево,data-20180110-structure-20150128.csv,2018,9999,,,22,Алтайский край,53.2685571,80.77923,1,44787.8,7821.0,226.9,1
517,14260,1422,5592,899,2246,32791,8372,0.43487542313439664,0.043365557622518376,0.17053459790796255,0.02741605928455979,0.06849440395230398,0.2553139580982587,Бийский,01-604-000-000,Бийский муниципальный район,муниципальный район,,3,01-705-000-000,г Бийск,data-20180110-structure-20150128.csv,2018,9999,,,22,Алтайский край,52.5394905,85.2148673,1,48559.1,31583.0,287.4,2
518,13586,1185,5681,595,1354,28928,6527,0.4696487831858407,0.04096377212389381,0.19638412610619468,0.020568307522123894,0.046805862831858405,0.2256291482300885,Благовещенский,01-605-000-000,Благовещенский муниципальный район,муниципальный район,,1,,рп Благовещенка,data-20180110-structure-20150128.csv,2018,9999,,,22,Алтайский край,52.830602,79.8705683,1,49998.5,25464.0,224.3,1
519,12596,1011,4929,213,1122,25390,5519,0.49610082709728237,0.0398188263095707,0.19413154785348563,0.008389129578574241,0.04419062623079953,0.21736904293028753,Бурлинский,01-606-000-000,Бурлинский муниципальный район,муниципальный район,,1,,с Бурла,data-20180110-structure-20150128.csv,2018,9999,,,22,Алтайский край,53.3364288,78.3306842,1,43452.0,7601.0,229.5,1
520,10064,1253,5351,242,1065,22568,4593,0.44594115561857495,0.05552109181141439,0.23710563629918469,0.010723147819922013,0.04719071251329316,0.20351825593761078,Быстроистокский,01-607-000-000,Быстроистокский муниципальный район,муниципальный район,,1,,с Быстрый Исток,data-20180110-structure-20150128.csv,2018,9999,,,22,Алтайский край,52.3742191,84.3931658,1,43273.5,7120.0,214.2,1
521,11580,1083,5029,315,1140,24785,5638,0.4672180754488602,0.043695783740165424,0.20290498285253178,0.012709299979826508,0.04599556183175307,0.22747629614686302,Волчихинский,01-608-000-000,Волчихинский муниципальный район,муниципальный район,,1,,с Волчиха,data-20180110-structure-20150128.csv,2018,9999,,,22,Алтайский край,52.0173355,80.3650849,1,43276.0,14744.0,220.1,1
522,8832,825,5379,483,816,22750,6415,0.3882197802197802,0.03626373626373627,0.23643956043956044,0.02123076923076923,0.03586813186813187,0.28197802197802196,Егорьевский,01-609-000-000,Егорьевский муниципальный район,муниципальный район,,1,,с Новоегорьевское,data-20180110-structure-20150128.csv,2018,9999,,,22,Алтайский край,51.75893,80.892517,1,41455.6,10678.0,219.1,3
523,12189,1105,5760,728,1152,25422,4488,0.4794666037290536,0.04346628904098812,0.22657540712768467,0.028636613956415702,0.04531508142553694,0.17654000472032097,Ельцовский,01-610-000-000,Ельцовский муниципальный район,муниципальный район,,1,,с Ельцовка,data-20180110-structure-20150128.csv,2018,9999,,,22,Алтайский край,53.2819421,86.2044919,1,39602.1,4672.0,220.1,1
524,11567,1181,4778,229,1300,25874,6819,0.44705109376207774,0.04564427610728917,0.18466414160933756,0.008850583597433717,0.0502434876710211,0.26354641725284067,Завьяловский,01-611-000-000,Завьяловский муниципальный район,муниципальный район,,1,,с Завьялово,data-20180110-structure-20150128.csv,2018,9999,,,22,Алтайский край,52.8386675,80.91978,1,46074.8,15469.0,224.1,1
525,11551,977,4419,184,913,23324,5280,0.49524095352426684,0.04188818384496656,0.1894614988852684,0.007888869833647744,0.03914422912021952,0.22637626479163095,Залесовский,01-512-000-000,Залесовский муниципальный округ,муниципальный округ,,1,,с Залесово,data-20220128-structure-20150128.csv,2022,9999,,,22,Алтайский край,53.9933512,84.7466139,1,43197.6,11281.0,229.3,1
527,13742,1188,4866,682,1114,27892,6300,0.49268607486017496,0.042592858167216405,0.1744586261293561,0.02445145561451312,0.039939767675319086,0.22587121755342032,Змеиногорский,01-614-000-000,Змеиногорский муниципальный район,муниципальный район,,1,,г Змеиногорск,data-20180110-structure-20150128.csv,2018,9999,,,22,Алтайский край,51.1544658,82.1979928,1,73635.2,15905.0,213.9,3
528,11771,886,5436,448,808,24465,5116,0.48113631718781935,0.036215001021867976,0.22219497240956468,0.018311874105865523,0.03302677294093603,0.20911506233394644,Калманский,01-615-000-000,Калманский муниципальный район,муниципальный район,,1,,с Калманка,data-20180110-structure-20150128.csv,2018,9999,,,22,Алтайский край,52.8982394,83.5438135,1,53572.0,11641.0,226.2,3
529,13876,1299,4889,581,1800,28859,6414,0.4808205412522956,0.045011954676184206,0.16940988946255933,0.02013236771890918,0.06237222356977026,0.22225302332028138,Каменский,01-616-000-000,Каменский муниципальный район,муниципальный район,,1,,г Камень-на-Оби,data-20180110-structure-20150128.csv,2018,9999,,,22,Алтайский край,53.79023085,81.31597534099072,1,46107.0,39949.0,229.8,1
530,12491,1278,4800,659,1419,27112,6465,0.460718501032753,0.04713779876069637,0.17704337562702863,0.024306580112127472,0.052338447919740336,0.23845529654765418,Ключевский,01-617-000-000,Ключевский муниципальный район,муниципальный район,,1,,с Ключи,data-20180110-structure-20150128.csv,2018,9999,,,22,Алтайский край,52.2530605,79.1678164,1,41934.2,12366.0,223.1,1
531,10656,975,4484,391,811,23135,5818,0.4606008212664794,0.04214393775664577,0.19381888912902528,0.016900799654203588,0.03505511130322023,0.25148044089042576,Косихинский,01-618-000-000,Косихинский муниципальный район,муниципальный район,,1,,с Косиха,data-20180110-structure-20150128.csv,2018,9999,,,22,Алтайский край,53.3619517,84.5795068,1,43084.0,13314.0,226.9,3
532,13466,998,4785,313,1058,25614,4994,0.5257281174357773,0.03896306707269462,0.18681189974232842,0.012219879753259937,0.04130553603498087,0.19497149996095886,Красногорский,01-619-000-000,Красногорский муниципальный район,муниципальный район,,1,,с Красногорское,data-20180110-structure-20150128.csv,2018,9999,,,22,Алтайский край,52.296341,86.195274,1,40918.0,12685.0,214.4,1
533,12936,1230,4633,385,1321,25131,4626,0.5147427480004775,0.04894353587203056,0.1843539851179818,0.015319724642871355,0.05256456169670924,0.18407544466992956,Краснощёковский,01-620-000-000,Краснощёковский муниципальный район,муниципальный район,,1,,с Краснощёково,data-20180110-structure-20150128.csv,2018,9999,,,22,Алтайский край,51.669357,82.730652,1,55883.9,13623.0,214.4,1
534,11252,987,4507,247,1282,23921,5646,0.4703816730069813,0.04126081685548263,0.1884118556916517,0.010325655281969817,0.05359307721249112,0.23602692195142344,Крутихинский,01-621-000-000,Крутихинский муниципальный район,муниципальный район,,1,,с Крутиха,data-20180110-structure-20150128.csv,2018,9999,,,22,Алтайский край,53.9619568,81.2143794,1,40265.3,7856.0,231.9,1
535,13641,1106,5011,425,1843,29195,7169,0.4672375406747731,0.03788319917794143,0.1716389792772735,0.014557287206713478,0.06312724781640693,0.2455557458468916,Кулундинский,01-622-000-000,Кулундинский муниципальный район,муниципальный район,,1,,с Кулунда,data-20180110-structure-20150128.csv,2018,9999,,,22,Алтайский край,52.566559,78.935448,1,53891.7,20371.0,225.3,2
536,13021,1150,4796,216,917,24835,4735,0.5243003825246628,0.04630561707267969,0.19311455607006242,0.008697402858868532,0.03692369639621502,0.1906583450775116,Курьинский,01-623-000-000,Курьинский муниципальный район,муниципальный район,,1,,с Курья,data-20180110-structure-20150128.csv,2018,9999,,,22,Алтайский край,51.6002902,82.2887814,1,48314.4,8051.0,215.6,1
537,10891,888,4357,254,1030,23042,5622,0.4726586233833869,0.03853832132627376,0.18908948875965628,0.011023348667650378,0.044700980817637355,0.24398923704539535,Кытмановский,01-624-000-000,Кытмановский муниципальный район,муниципальный район,,1,,с Кытманово,data-20180110-structure-20150128.csv,2018,9999,,,22,Алтайский край,53.4636969,85.4502753,1,47256.4,9548.0,223.8,1
538,12369,1020,4505,379,892,24253,5088,0.509998763039624,0.04205665278522245,0.1857502164680658,0.015626932750587557,0.036778955180802375,0.20978847977569784,Локтевский,01-625-000-000,Локтевский муниципальный район,муниципальный район,,1,,г Горняк,data-20180110-structure-20150128.csv,2018,9999,,,22,Алтайский край,51.0004641,81.4638583,1,45626.7,19183.0,213.0,3
539,11498,1191,4519,227,1075,24041,5531,0.4782662950792396,0.049540368537082484,0.18797055030988727,0.009442202903373404,0.044715278066636166,0.23006530510378104,Мамонтовский,01-626-000-000,Мамонтовский муниципальный район,муниципальный район,,1,,с Мамонтово,data-20180110-structure-20150128.csv,2018,9999,,,22,Алтайский край,52.7067003,81.6312908,1,44020.8,17582.0,223.6,1
540,12249,1208,5210,477,1333,26589,6112,0.4606792282522848,0.04543232163676708,0.19594569182744745,0.017939749520478394,0.05013351385911467,0.22986949490390762,Михайловский,01-627-000-000,Михайловский муниципальный район,муниципальный район,,1,,с Михайловское,data-20180110-structure-20150128.csv,2018,9999,,,22,Алтайский край,51.8212486,79.7193176,1,44209.9,16349.0,220.1,1
541,13227,1223,4733,254,1078,25584,5069,0.5170028142589118,0.047803314571607254,0.18499843652282677,0.00992808005003127,0.042135709818636645,0.19813164477798625,Новичихинский,01-628-000-000,Новичихинский муниципальный район,муниципальный район,,1,,с Новичиха,data-20180110-structure-20150128.csv,2018,9999,,,22,Алтайский край,52.2103282,81.3940414,1,46496.5,7406.0,219.1,1
542,10873,888,4822,314,547,21950,4506,0.4953530751708428,0.04045558086560364,0.21968109339407746,0.014305239179954441,0.024920273348519362,0.20528473804100228,Зональный,01-629-000-000,Зональный муниципальный район,муниципальный район,,1,,с Зональное,data-20180110-structure-20150128.csv,2018,9999,,,22,Алтайский край,52.6639985,84.9347359,1,52802.0,16341.0,222.9,3
543,12775,1192,4823,609,1268,27292,6625,0.46808588597391176,0.043675802432947386,0.17671845229371244,0.02231423127656456,0.04646050124578631,0.24274512677707752,Павловский,01-630-000-000,Павловский муниципальный район,муниципальный район,,1,,с Павловск,data-20180110-structure-20150128.csv,2018,9999,,,22,Алтайский край,53.3133356,82.9899119,1,59704.3,38447.0,228.6,3
544,12635,941,5125,188,1158,24775,4728,0.5099899091826438,0.037981836528758826,0.20686175580222,0.007588294651866802,0.04674066599394551,0.1908375378405651,Панкрушихинский,01-631-000-000,Панкрушихинский муниципальный район,муниципальный район,,1,,с Панкрушиха,data-20180110-structure-20150128.csv,2018,9999,,,22,Алтайский край,53.83286,80.3443,1,48668.0,9099.0,230.2,1
545,11996,1064,5531,636,1396,28925,8302,0.41472774416594643,0.036784788245462406,0.19121866897147796,0.02198789974070873,0.04826274848746759,0.2870181503889369,Первомайский,01-632-000-000,Первомайский муниципальный район,муниципальный район,,3,01-713-000-000,г Новоалтайск,data-20180110-structure-20150128.csv,2018,9999,,,22,Алтайский край,53.393341,83.939407,1,48236.7,53359.0,273.7,3
546,10090,1225,5465,248,1244,25415,7143,0.3970096399763919,0.04819988195947275,0.2150304938028723,0.00975801691914224,0.04894747196537478,0.28105449537674604,Петропавловский,01-633-000-000,Петропавловский муниципальный район,муниципальный район,,1,,с Петропавловское,data-20180110-structure-20150128.csv,2018,9999,,,22,Алтайский край,52.069763,84.108116,1,52754.2,10214.0,214.6,1
547,12518,1207,4754,493,1417,26327,5938,0.4754814449044707,0.045846469404033884,0.18057507501804232,0.0187260227143237,0.0538230713715957,0.2255479165875337,Поспелихинский,01-634-000-000,Поспелихинский муниципальный район,муниципальный район,,1,,с Поспелиха,data-20180110-structure-20150128.csv,2018,9999,,,22,Алтайский край,51.9707861,81.7339244,1,47652.8,19439.0,218.4,1
548,10834,987,3881,198,848,21533,4785,0.5031347234477314,0.04583662285793898,0.1802349881577114,0.009195188780012074,0.039381414572981006,0.22221706218362514,Ребрихинский,01-635-000-000,Ребрихинский муниципальный район,муниципальный район,,1,,с Ребриха,data-20180110-structure-20150128.csv,2018,9999,,,22,Алтайский край,53.0752803,82.338217,1,42923.1,18726.0,224.6,1
549,12748,1129,3916,127,1064,24002,5018,0.5311224064661278,0.0470377468544288,0.16315307057745188,0.005291225731189068,0.044329639196733606,0.20906591117406884,Родинский,01-636-000-000,Родинский муниципальный район,муниципальный район,,1,,с Родино,data-20180110-structure-20150128.csv,2018,9999,,,22,Алтайский край,52.496135,80.2104298,1,45228.2,14369.0,224.3,1
550,11110,1232,4833,258,1410,24347,5504,0.4563190536821785,0.05060171684396435,0.19850494927506468,0.010596788105310716,0.05791267918018647,0.22606481291329528,Романовский,01-637-000-000,Романовский муниципальный район,муниципальный район,,1,,с Романово,data-20180110-structure-20150128.csv,2018,9999,,,22,Алтайский край,52.6187229,81.226359,1,45475.4,10594.0,223.6,1
552,12447,1341,4676,565,1268,27841,7544,0.4470744585323803,0.048166373334291156,0.16795373729391905,0.02029381128551417,0.045544341079702594,0.2709672784741927,Смоленский,01-640-000-000,Смоленский муниципальный район,муниципальный район,,1,,с Смоленское,data-20180110-structure-20150128.csv,2018,9999,,,22,Алтайский край,52.305302,85.079384,1,49164.1,20153.0,219.6,3
553,13571,1122,6177,163,993,25919,3893,0.5235927312010494,0.04328870712604653,0.23831937960569466,0.006288822871252749,0.03831166325861337,0.15019869593734325,Суетский,01-541-000-000,муниципальный округ Суетский район,муниципальный округ,,1,,с Верх-Суетка,data-20221219-structure-20150128.csv,2023,9999,,,22,Алтайский край,53.3027185,80.0450874,2,56623.9,3264.0,227.2,1
554,13654,1203,5194,626,1937,31104,8490,0.43897890946502055,0.038676697530864196,0.16698816872427982,0.020126028806584362,0.06227494855967078,0.27295524691358025,Советский,01-642-000-000,Советский муниципальный район,муниципальный район,,1,,с Советское,data-20180110-structure-20150128.csv,2018,9999,,,22,Алтайский край,52.282604,85.409721,1,52884.7,13572.0,217.7,2
555,11521,1214,5339,277,1435,26428,6642,0.4359391554411987,0.04593612834872105,0.2020205842288482,0.010481307703950355,0.05429847131829878,0.2513243529589829,Солонешенский,01-643-000-000,Солонешенский муниципальный район,муниципальный район,,1,,с Солонешное,data-20180110-structure-20150128.csv,2018,9999,,,22,Алтайский край,51.655628,84.318352,1,39451.3,7152.0,211.1,1
556,10895,888,4687,94,972,21935,4399,0.4966947800319125,0.04048324595395487,0.2136767722817415,0.004285388648279006,0.04431274219284249,0.20054707089126966,Солтонский,01-644-000-000,Солтонский муниципальный район,муниципальный район,,1,,с Солтон,data-20180110-structure-20150128.csv,2018,9999,,,22,Алтайский край,52.8365518,86.4756389,1,39208.8,6045.0,212.8,1
557,12696,883,4508,121,1201,23779,4370,0.5339164809285504,0.03713360528197149,0.18957904032970269,0.005088523487110475,0.05050674965305522,0.18377560031960974,Шелаболихинский,01-645-000-000,Шелаболихинский муниципальный район,муниципальный район,,1,,с Шелаболиха,data-20180110-structure-20150128.csv,2018,9999,,,22,Алтайский край,53.4174823,82.5971994,1,46182.8,10246.0,226.9,1
558,13769,1083,5803,185,1301,28475,6334,0.48354697102721683,0.03803336259877085,0.2037928007023705,0.0064969271290605795,0.04568920105355575,0.22244073748902546,Табунский,01-646-000-000,Табунский муниципальный район,муниципальный район,,1,,с Табуны,data-20180110-structure-20150128.csv,2018,9999,,,22,Алтайский край,52.7747185,78.7904097,1,42544.1,7060.0,226.9,1
559,13083,1248,5402,549,1298,28625,7045,0.4570480349344978,0.04359825327510917,0.18871615720524018,0.019179039301310045,0.04534497816593887,0.24611353711790393,Тальменский,01-647-000-000,Тальменский муниципальный район,муниципальный район,,1,,рп Тальменка,data-20180110-structure-20150128.csv,2018,9999,,,22,Алтайский край,53.8176306,83.562011,1,51789.1,42346.0,234.5,3
560,11184,1146,5808,288,1135,24465,4904,0.45714285714285713,0.046842427958307786,0.23740036787247087,0.011771919068056406,0.04639280604945841,0.20044962190884938,Тогульский,01-648-000-000,Тогульский муниципальный район,муниципальный район,,1,,с Тогул,data-20180110-structure-20150128.csv,2018,9999,,,22,Алтайский край,53.4658177,85.9136273,1,47637.9,6187.0,221.3,1
561,12165,1201,4701,793,1108,26428,6460,0.460307249886484,0.04544422582109883,0.17787952171938853,0.03000605418495535,0.04192523081580142,0.24443771757227184,Топчихинский,01-649-000-000,Топчихинский муниципальный район,муниципальный район,,1,,с Топчиха,data-20180110-structure-20150128.csv,2018,9999,,,22,Алтайский край,52.8175669,83.115343,1,49388.8,18142.0,222.7,3
562,12128,1141,5401,248,1146,25222,5158,0.4808500515423043,0.045238284037744825,0.21413845055903577,0.009832685750535248,0.045436523669812066,0.20450400444056777,Третьяковский,01-650-000-000,Третьяковский муниципальный район,муниципальный район,,1,,с Староалейское,data-20180110-structure-20150128.csv,2018,9999,,,22,Алтайский край,51.006229,81.999641,1,43012.0,10094.0,212.5,1
563,11935,1064,4498,188,832,23621,5104,0.5052707336691926,0.04504466364675501,0.19042377545404512,0.0079590195165319,0.035222894881673086,0.21607891283180222,Троицкий,01-651-000-000,Троицкий муниципальный район,муниципальный район,,1,,с Троицкое,data-20180110-structure-20150128.csv,2018,9999,,,22,Алтайский край,52.981388,84.677628,1,46816.2,17787.0,225.7,1
564,11974,1060,5000,245,1269,25323,5775,0.4728507680764522,0.04185917940212455,0.19744895944398372,0.009674999012755203,0.05011254590688307,0.2280535481578012,Тюменцевский,01-652-000-000,Тюменцевский муниципальный район,муниципальный район,,1,,с Тюменцево,data-20180110-structure-20150128.csv,2018,9999,,,22,Алтайский край,53.3189514,81.4979587,1,40369.9,10801.0,226.4,1
565,9352,991,5642,308,929,21667,4445,0.43162412885955603,0.04573775788064799,0.26039599390778606,0.0142151659205243,0.04287626344210089,0.20515068998938477,Угловский,01-653-000-000,Угловский муниципальный район,муниципальный район,,1,,с Угловское,data-20180110-structure-20150128.csv,2018,9999,,,22,Алтайский край,51.3608091,80.1883865,1,42524.8,8700.0,217.2,1
566,11664,1131,5146,134,972,24005,4958,0.48589877108935636,0.04711518433659654,0.2143720058321183,0.005582170381170589,0.040491564257446364,0.2065403041033118,Усть-Калманский,01-654-000-000,Усть-Калманский муниципальный район,муниципальный район,,1,,с Усть-Калманка,data-20180110-structure-20150128.csv,2018,9999,,,22,Алтайский край,52.1171375,83.3047794,1,46420.4,10802.0,218.2,1
567,12907,962,4248,213,820,23440,4290,0.5506399317406143,0.04104095563139932,0.18122866894197953,0.00908703071672355,0.03498293515358362,0.18302047781569966,Усть-Пристанский,01-655-000-000,Усть-Пристанский муниципальный район,муниципальный район,,1,,с Усть-Чарышская Пристань,data-20180110-structure-20150128.csv,2018,9999,,,22,Алтайский край,52.3912939,83.668251,1,40322.3,9078.0,218.7,1
568,12226,1071,4835,525,1221,24617,4739,0.49664865743185604,0.04350651988463257,0.19640898566031603,0.021326725433643418,0.04959987000853069,0.19250924158102126,Хабарский,01-656-000-000,Хабарский муниципальный район,муниципальный район,,1,,с Хабары,data-20180110-structure-20150128.csv,2018,9999,,,22,Алтайский край,53.6236801,79.5404777,1,44449.2,12199.0,230.2,1
569,11833,1066,4481,293,1210,24377,5494,0.48541658120359354,0.043729745251671656,0.1838208147023834,0.0120195266029454,0.04963695286540592,0.22537637937400007,Целинный,01-657-000-000,Целинный муниципальный район,муниципальный район,,1,,с Целинное,data-20180110-structure-20150128.csv,2018,9999,,,22,Алтайский край,53.0806917,85.6647246,1,53093.3,12857.0,221.7,1
570,11943,948,5853,436,1043,25026,4803,0.47722368736514026,0.037880604171661475,0.23387676816111244,0.017421881243506753,0.04167665627747143,0.19192040278110764,Чарышский,01-558-000-000,муниципальный округ Чарышский район,муниципальный округ,,1,,с Чарышское,data-20221219-structure-20150128.csv,2023,9999,,,22,Алтайский край,51.4008481,83.556989,2,38052.2,9268.0,210.9,1
571,12904,1128,4883,465,1316,27391,6695,0.4711036471833814,0.04118140995217407,0.17827023474864007,0.01697637910262495,0.04804497827753642,0.24442335073564309,Шипуновский,01-659-000-000,Шипуновский муниципальный район,муниципальный район,,1,,с Шипуново,data-20180110-structure-20150128.csv,2018,9999,,,22,Алтайский край,52.218868,82.261627,1,45316.7,24128.0,218.9,1
572,12979,854,6609,259,1129,27834,6004,0.46630020837824243,0.0306818998347345,0.2374434145289933,0.009305166343321118,0.04056190270891715,0.21570740820579148,Немецкий,01-660-000-000,Немецкий национальный муниципальный район,муниципальный район,,1,,с Гальбштадт,data-20180110-structure-20150128.csv,2018,9999,,,22,Алтайский край,53.2265802,78.9865883,1,45594.7,14809.0,227.6,1
574,14226,1310,5944,601,1465,34354,10808,0.41410025033474995,0.03813238633055831,0.17302206438842638,0.0174943238050882,0.042644233568143446,0.3146067415730337,Петровск-Забайкальский,76-715-000-000,городской округ город Петровск-Забайкальский,городской округ,,2,76-636-000-000,г Петровск-Забайкальский,data-20180110-structure-20150128.csv,2018,9999,,,75,Забайкальский край,51.28062685,108.8386403192038,1,60368.9,14473.0,172.4,3
578,15508,1671,5192,674,2106,35211,10060,0.44043054727215925,0.047456760671381104,0.14745392064979693,0.019141745477265628,0.05981085456249467,0.2857061713669024,Балейский,76-606-000-000,Балейский муниципальный район,муниципальный район,,1,,г Балей,data-20180110-structure-20150128.csv,2018,9999,,,75,Забайкальский край,51.578789,116.646042,1,82657.8,15274.0,156.3,2
579,16392,1421,5573,1052,2091,38723,12194,0.42331430932520725,0.036696536941869175,0.14391963432585286,0.027167316581876405,0.05399891537329236,0.314903287451902,Борзинский,76-609-000-000,Борзинский муниципальный район,муниципальный район,,1,,г Борзя,data-20180110-structure-20150128.csv,2018,9999,,,75,Забайкальский край,50.3851808,116.5330685,1,75712.2,43803.0,154.9,2
580,16229,1774,3449,1358,2528,37479,12141,0.43301582219376183,0.04733317324368313,0.09202486725899837,0.03623362416286454,0.06745110595266683,0.3239414071880253,Газимуро-Заводский,76-510-000-000,Газимуро-Заводский муниципальный округ,муниципальный округ,,1,,с Газимурский Завод,data-20240101-structure-20150128.csv,2024,9999,,,75,Забайкальский край,51.5511167,118.3349104,2,136668.3,7885.0,153.2,2
581,17203,1362,7062,1187,2406,42782,13562,0.4021083633303726,0.031835818802300034,0.16506942171941472,0.027745313449581598,0.05623860502080314,0.3170024776775279,Забайкальский,76-612-000-000,Забайкальский муниципальный район,муниципальный район,,1,,пгт Забайкальск,data-20180110-structure-20150128.csv,2018,9999,,,75,Забайкальский край,49.644653,117.329025,1,93748.4,19300.0,152.8,2
582,16411,1615,7410,2560,1793,46243,16454,0.35488614493004345,0.03492420474450187,0.16024046882771448,0.05535973012131566,0.0387734359794996,0.3558160153969249,Каларский,76-515-000-000,Каларский муниципальный округ,муниципальный округ,,1,,пгт Новая Чара,data-20210401-structure-20150128.csv,2021,9999,,,75,Забайкальский край,56.797935,118.2732323,1,191191.8,7207.0,157.0,4
583,17798,1298,4859,445,2769,36195,9026,0.491725376433209,0.03586130681033292,0.13424506147257909,0.01229451581710181,0.07650227932034812,0.24937146014642905,Калганский,76-518-000-000,Калганский муниципальный округ,муниципальный округ,,1,,с Калга,data-20240101-structure-20150128.csv,2024,9999,,,75,Забайкальский край,50.92355,118.899208,2,115097.7,5488.0,151.1,2
584,14099,1210,4574,1274,1568,31401,8676,0.448998439540142,0.03853380465590268,0.14566415082322218,0.04057195630712398,0.04993471545492182,0.2762969332186873,Карымский,76-620-000-000,Карымский муниципальный район,муниципальный район,,1,,пгт Карымское,data-20180110-structure-20150128.csv,2018,9999,,,75,Забайкальский край,51.623402,114.34063,1,79219.7,33483.0,161.0,2
585,17372,1721,5754,1217,1464,38911,11383,0.4464547300249287,0.044229138289943716,0.1478759219757909,0.03127650278841459,0.03762432217110843,0.29253938474981367,Краснокаменск и Краснокаменский,76-621-000-000,муниципальный район Город Краснокаменск и Краснокаменский район,муниципальный район,,1,,г Краснокаменск,data-20180110-structure-20150128.csv,2018,9999,,,75,Забайкальский край,50.096992,118.041344,1,77474.7,55782.0,151.8,3
586,15152,1426,5145,589,2198,33605,9095,0.45088528492783814,0.042434161583097756,0.15310221693200415,0.017527153697366463,0.06540693349203988,0.27064424936765363,Красночикойский,76-622-000-000,Красночикойский муниципальный район,муниципальный район,,1,,с Красный Чикой,data-20180110-structure-20150128.csv,2018,9999,,,75,Забайкальский край,50.364742,108.75798,1,72216.5,15817.0,165.1,2
587,12515,1423,6158,362,2141,38211,15612,0.32752348800083747,0.037240585171809164,0.16115778179058388,0.00947371175839418,0.05603098584177331,0.408573447436602,Кыринский,76-624-000-000,Кыринский муниципальный район,муниципальный район,,1,,с Кыра,data-20180110-structure-20150128.csv,2018,9999,,,75,Забайкальский край,49.578625,111.971039,1,82082.5,9949.0,153.0,3
588,15274,1255,6187,880,1763,37246,11887,0.41008430435483006,0.033694893411373036,0.16611179723997208,0.02362669816893089,0.04733394189980132,0.31914836492509263,Могочинский,76-526-000-000,Могочинский муниципальный округ,муниципальный округ,,1,,г Могоча,data-20240101-structure-20150128.csv,2024,9999,,,75,Забайкальский край,53.7362642,119.7624853,2,114246.8,20767.0,152.1,2
589,15582,1149,4787,517,2389,35649,11225,0.4370950096776908,0.03223091811832029,0.13428146652080003,0.014502510589357346,0.06701450251058935,0.31487559258324216,Нерчинский,76-628-000-000,Нерчинский муниципальный район,муниципальный район,,1,,г Нерчинск,data-20180110-structure-20150128.csv,2018,9999,,,75,Забайкальский край,51.97694,116.588341,1,67910.7,26450.0,157.7,2
591,16771,1248,5580,504,1597,35117,9417,0.47757496369279834,0.03553834325255574,0.15889740011960019,0.01435202323660905,0.0454765498191759,0.26816071987926077,Оловяннинский,76-632-000-000,Оловяннинский муниципальный район,муниципальный район,,1,,пгт Оловянная,data-20180110-structure-20150128.csv,2018,9999,,,75,Забайкальский край,50.943687,115.586937,1,72903.8,29773.0,157.3,3
592,14606,1153,3933,331,2063,30724,8638,0.47539382892852494,0.037527665668532745,0.1280106756932691,0.010773336805103503,0.06714620492123421,0.2811482879833355,Ононский,76-534-000-000,Ононский муниципальный округ,муниципальный округ,,1,,с Нижний Цасучей,data-20240101-structure-20150128.csv,2024,9999,,,75,Забайкальский край,50.510593,115.118385,2,50639.5,8214.0,157.5,2
593,13200,1228,6072,674,2028,31965,8763,0.4129516658845612,0.038417018614109184,0.18995776630689817,0.021085562333802595,0.0634443923040826,0.27414359455654624,Петровск-Забайкальский,76-636-000-000,Петровск-Забайкальский муниципальный район,муниципальный район,,3,76-715-000-000,г Петровск-Забайкальский,data-20180110-structure-20150128.csv,2018,9999,,,75,Забайкальский край,51.28062685,108.8386403192038,1,76863.8,14576.0,172.4,2
594,17217,1408,4671,468,1879,34758,9115,0.4953392024857587,0.04050865987686288,0.13438632832729155,0.013464526152252718,0.054059497094194144,0.26224178606364,Приаргунский,76-538-000-000,Приаргунский муниципальный округ,муниципальный округ,,1,,пгт Приаргунск,data-20210401-structure-20150128.csv,2021,9999,,,75,Забайкальский край,50.365902,119.090134,1,61588.3,15082.0,150.9,2
595,16614,1213,4900,320,1885,32885,7953,0.5052151436825301,0.03688611829101414,0.14900410521514368,0.009730880340580813,0.05732096700623385,0.2418427854644975,Сретенский,76-640-000-000,Сретенский муниципальный район,муниципальный район,,1,,г Сретенск,data-20180110-structure-20150128.csv,2018,9999,,,75,Забайкальский край,52.243191,117.695541,1,94046.2,17869.0,155.4,1
598,14881,1084,5757,366,1796,30996,7112,0.4800942057039618,0.03497225448444961,0.1857336430507162,0.011807975222609369,0.05794296038198477,0.22944896115627822,Улётовский,76-646-000-000,Улётовский муниципальный район,муниципальный район,,1,,с Улёты,data-20180110-structure-20150128.csv,2018,9999,,,75,Забайкальский край,51.35854,112.485115,1,64435.7,16787.0,162.2,1
599,14374,1102,6118,996,1703,31143,6850,0.46154834152136914,0.035385158783675305,0.19644864014385255,0.03198150467199692,0.05468323539800276,0.2199531194811033,Хилокский,76-647-000-000,Хилокский муниципальный район,муниципальный район,,1,,г Хилок,data-20180110-structure-20150128.csv,2018,9999,,,75,Забайкальский край,51.3628436,110.4579749,1,79406.6,24713.0,165.1,2
600,16087,1274,5358,600,1888,36000,10793,0.4468611111111111,0.035388888888888886,0.14883333333333335,0.016666666666666666,0.052444444444444446,0.29980555555555555,Чернышевский,76-648-000-000,Чернышевский муниципальный район,муниципальный район,,1,,пгт Чернышевск,data-20180110-structure-20150128.csv,2018,9999,,,75,Забайкальский край,52.514069,117.01371,1,97270.4,29154.0,156.6,2
601,13868,1257,4920,1054,2303,33248,9846,0.4171077959576516,0.0378067853705486,0.14797882579403274,0.031701154956689126,0.06926732435033686,0.2961381135707411,Читинский,76-650-000-000,Читинский муниципальный район,муниципальный район,,3,76-701-000-000,г Чита,data-20180110-structure-20150128.csv,2018,9999,,,75,Забайкальский край,52.033409,113.500893,1,64652.2,71661.0,279.8,2
602,15066,1095,4165,227,2253,28814,6008,0.5228708266814743,0.03800235996390643,0.1445477892691053,0.007878114805302977,0.07819115707642119,0.2085097522037898,Шелопугинский,76-652-000-000,Шелопугинский муниципальный район,муниципальный район,,1,,с Шелопугино,data-20180110-structure-20150128.csv,2018,9999,,,75,Забайкальский край,51.649864,117.564728,1,61345.5,5546.0,155.4,1
603,15798,1318,5475,572,1584,34649,9902,0.4559438944846893,0.03803861583306878,0.1580132182746977,0.016508412941210426,0.04571560506796733,0.2857802533983665,Шилкинский,76-654-000-000,Шилкинский муниципальный район,муниципальный район,,1,,г Шилка,data-20180110-structure-20150128.csv,2018,9999,,,75,Забайкальский край,51.851639,116.025894,1,74550.7,35034.0,158.4,3
604,12488,1219,3905,1270,2669,32333,10782,0.3862307858843906,0.03770141960226394,0.12077444097361828,0.039278755451087125,0.08254724275507995,0.33346735533356014,Агинское,76-702-000-000,городской округ поселок Агинское,городской округ,,2,76-602-000-000,пгт Агинское,data-20180110-structure-20150128.csv,2018,9999,,,75,Забайкальский край,51.1057609,114.5408006,1,63486.7,16649.0,167.4,2
605,12751,1136,4681,799,2288,32175,10520,0.3963014763014763,0.03530691530691531,0.1454856254856255,0.024832944832944834,0.07111111111111111,0.32696192696192694,Агинский,76-602-000-000,Агинский муниципальный район,муниципальный район,,3,76-702-000-000,пгт Агинское,data-20180110-structure-20150128.csv,2018,9999,,,75,Забайкальский край,51.1057609,114.5408006,1,49514.6,15564.0,167.9,2
606,14077,1129,3768,464,2563,29783,7782,0.4726521841318873,0.037907531141926604,0.12651512607863546,0.01557935735150925,0.08605580364637545,0.26128999764966593,Дульдургинский,76-611-000-000,Дульдургинский муниципальный район,муниципальный район,,1,,с Дульдурга,data-20180110-structure-20150128.csv,2018,9999,,,75,Забайкальский край,50.7391314,113.3924757,1,62244.6,13633.0,158.4,2
607,13679,1176,3910,861,2578,32144,9940,0.4255537580886013,0.036585365853658534,0.12164011946241911,0.026785714285714284,0.08020159283225485,0.30923344947735193,Могойтуйский,76-625-000-000,Могойтуйский муниципальный район,муниципальный район,,1,,пгт Могойтуй,data-20180110-structure-20150128.csv,2018,9999,,,75,Забайкальский край,51.2831177,114.9299468,1,56189.5,22380.0,159.1,2
608,25433,2746,6059,4025,4234,69451,26954,0.36620063066046565,0.0395386675497833,0.08724136441519921,0.057954529092453674,0.06096384501303077,0.3881009632690674,Петропавловск-Камчатский,30-701-000-000,городской округ Петропавловск-Камчатский,городской округ,административный_центр_субъекта,1,,г Петропавловск-Камчатский,data-20180110-structure-20150128.csv,2018,9999,,,41,Камчатский край,53.0199838,158.6471356,1,203876.7,163152.0,157.3,5
612,25967,2437,6168,3547,4394,66752,24239,0.389007070949185,0.03650826941514861,0.09240172579098753,0.053136984659635664,0.0658257430488974,0.3631202061361457,Елизовский,30-607-000-000,Елизовский муниципальный район,муниципальный район,,1,,г Елизово,data-20180110-structure-20150128.csv,2018,9999,,,41,Камчатский край,53.1864972,158.3836712,1,,59889.0,142.1,5
613,26602,1472,7366,1336,2700,56841,17365,0.46800724828908713,0.025896799845182176,0.12958955683397547,0.02350416072905121,0.04750092362907057,0.30550131067363345,Мильковский,30-510-000-000,Мильковский муниципальный округ,муниципальный округ,,1,,с Мильково,data-20240101-structure-20150128.csv,2024,9999,,,41,Камчатский край,54.690411,158.609879,2,101695.1,8727.0,129.9,4
614,27345,1645,4086,2409,3318,60444,21641,0.4524022235457614,0.027215273641717955,0.06759976176295414,0.03985507246376811,0.05489378598372047,0.35803388260207797,Соболевский,30-613-000-000,Соболевский муниципальный район,муниципальный район,,1,,с Соболево,data-20180110-structure-20150128.csv,2018,9999,,,41,Камчатский край,54.2976842,155.9424213,1,234953.9,1979.0,128.0,4
615,30086,2049,5742,1798,3090,62120,19355,0.48432066967160337,0.03298454603992273,0.09243399871216999,0.028943979394719897,0.04974243399871217,0.3115743721828719,Усть-Большерецкий,30-616-000-000,Усть-Большерецкий муниципальный район,муниципальный район,,1,,с Усть-Большерецк,data-20180110-structure-20150128.csv,2018,9999,,,41,Камчатский край,52.8250585,156.2804925,1,160217.1,6069.0,131.8,4
616,28120,1782,8020,2024,2724,61003,18333,0.46096093634739277,0.029211678114191106,0.1314689441502877,0.03317869612969854,0.04465354162910021,0.3005262036293297,Усть-Камчатский,30-619-000-000,Усть-Камчатский муниципальный район,муниципальный район,,1,,п Усть-Камчатск,data-20180110-structure-20150128.csv,2018,9999,,,41,Камчатский край,56.2400377,162.5369568,1,108107.0,8450.0,123.7,4
618,35009,1531,4075,1868,1559,63777,19735,0.5489282970349812,0.024005519231070763,0.06389450742430657,0.029289555795976606,0.024444548975335937,0.30943757153832885,Карагинский,30-824-000-000,Карагинский муниципальный район,муниципальный район,,1,,п Оссора,data-20180110-structure-20150128.csv,2018,9999,,,41,Камчатский край,59.247414,163.069931,1,,3457.0,,4
619,38399,1350,2965,1632,1073,68491,23072,0.5606430041903315,0.019710618913433883,0.04329035931728256,0.023827948197573404,0.015666291921566336,0.3368617774598122,Олюторский,30-827-000-000,Олюторский муниципальный район,муниципальный район,,1,,с Тиличики,data-20180110-structure-20150128.csv,2018,9999,,,41,Камчатский край,60.429134,166.057053,1,,3523.0,,4
621,37432,679,4413,900,1414,61105,16267,0.6125848948531217,0.011112020292938386,0.07221994926765404,0.014728745601832911,0.023140495867768594,0.2662138941166844,Тигильский,30-832-000-000,Тигильский муниципальный район,муниципальный район,,1,,с Тигиль,data-20180110-structure-20150128.csv,2018,9999,,,41,Камчатский край,57.650604,158.8234989,1,115673.1,3662.0,123.5,4
666,17886,2373,7219,2639,3305,50327,16905,0.3553957120432372,0.04715162835058716,0.143441890039144,0.05243706161702466,0.06567051483299223,0.3359031931170147,Красноярск,04-701-000-000,городской округ город Красноярск,городской округ,административный_центр_субъекта,1,,г Красноярск,data-20180110-structure-20150128.csv,2018,9999,,,24,Красноярский край,56.0091173,92.872586,1,98129.1,1206237.0,203.8,5
667,17326,1510,7524,1493,2241,42151,12057,0.4110460012811084,0.03582358662902422,0.17850110317667434,0.03542027472657826,0.05316599843420085,0.28604303575241397,Ачинск,04-703-000-000,городской округ город Ачинск,городской округ,,2,04-603-000-000,г Ачинск,data-20180110-structure-20150128.csv,2018,9999,,,24,Красноярский край,56.2694846,90.4953964,1,77971.8,101043.0,222.9,2
668,14414,1203,6018,362,1225,30681,7459,0.46980215768716793,0.03920993448714188,0.1961474528209641,0.011798833154069294,0.03992699064567648,0.24311463120498028,Боготол,04-706-000-000,городской округ город Боготол,городской округ,,2,04-608-000-000,г Боготол,data-20180110-structure-20150128.csv,2018,9999,,,24,Красноярский край,56.211464,89.531639,1,76854.3,17509.0,220.1,3
669,13752,1291,5641,585,1328,32485,9888,0.4233338463906418,0.03974141911651531,0.17364937663537017,0.01800831152839772,0.040880406341388335,0.3043866399876866,Бородино,04-707-000-000,городской округ город Бородино,городской округ,,1,,г Бородино,data-20180110-structure-20150128.csv,2018,9999,,,24,Красноярский край,55.9,94.89365,1,76667.8,14967.0,205.9,3
670,16271,1674,7081,1619,1873,40287,11769,0.40387718122471267,0.04155186536599896,0.17576389406011864,0.04018666070940998,0.046491424032566335,0.2921289746071934,Дивногорск,04-709-000-000,городской округ город Дивногорск,городской округ,,1,,г Дивногорск,data-20180110-structure-20150128.csv,2018,9999,,,24,Красноярский край,55.959644,92.37542,1,80847.9,31561.0,216.8,2
671,17851,1688,7948,750,1922,42115,11956,0.4238632316276861,0.040080731330879735,0.1887213581859195,0.017808381811706044,0.04563694645613202,0.2838893505876766,Енисейск,04-712-000-000,городской округ город Енисейск,городской округ,,2,04-615-000-000,г Енисейск,data-20180110-structure-20150128.csv,2018,9999,,,24,Красноярский край,58.4532212,92.1748169,1,71515.6,17843.0,196.5,3
674,16511,1448,7177,1327,2218,41161,12480,0.401132139646753,0.03517893151283982,0.17436408250528412,0.03223925560603484,0.05388596001068973,0.3031996307183985,Канск,04-720-000-000,городской округ город Канск,городской округ,,2,04-621-000-000,г Канск,data-20180110-structure-20150128.csv,2018,9999,,,24,Красноярский край,56.205997,95.706787,1,63207.1,85587.0,209.9,2
675,18172,1717,7547,1283,1994,42865,12152,0.4239356118045025,0.04005598973521521,0.1760643881954975,0.02993117928379797,0.0465181383413041,0.28349469263968274,Лесосибирск,04-722-000-000,городской округ город Лесосибирск,городской округ,,1,,г Лесосибирск,data-20180110-structure-20150128.csv,2018,9999,,,24,Красноярский край,58.2165271,92.5078354,1,75147.0,58714.0,194.6,2
676,16665,1765,7066,1442,2837,42337,12562,0.3936273236176394,0.04168930250135815,0.1668989300139358,0.03406004204360252,0.06700994402059664,0.2967144578028675,Минусинск,04-723-000-000,городской округ город Минусинск,городской округ,,2,04-633-000-000,г Минусинск,data-20180110-structure-20150128.csv,2018,9999,,,24,Красноярский край,53.6862056,91.6567752,1,66414.1,71318.0,213.9,2
677,15616,1365,6609,837,1784,37099,10888,0.4209277878109922,0.03679344456723901,0.17814496347610448,0.022561255020350952,0.04808754952963692,0.2934849995956764,Назарово,04-726-000-000,городской округ город Назарово,городской округ,,2,04-637-000-000,г Назарово,data-20180110-structure-20150128.csv,2018,9999,,,24,Красноярский край,56.011593,90.418503,1,69653.0,44261.0,223.1,2
678,23327,2147,7942,2773,2944,62503,23370,0.37321408572388526,0.03435035118314321,0.12706590083675984,0.04436587043821896,0.047101739116522406,0.3739020527014703,Норильск,04-729-000-000,городской округ город Норильск,городской округ,,1,,г Норильск,data-20180110-structure-20150128.csv,2018,9999,,,24,Красноярский край,69.3444054,88.2096151,1,182860.4,177427.0,,4
679,17822,1999,7116,1632,2306,44063,13188,0.40446633229693846,0.04536686108526428,0.16149603976125093,0.037037877584367836,0.05233415791026485,0.29929873136191365,Сосновоборск,04-733-000-000,городской округ город Сосновоборск,городской округ,,1,,г Сосновоборск,data-20180110-structure-20150128.csv,2018,9999,,,24,Красноярский край,56.121494,93.33873,1,74461.4,40913.0,216.8,2
680,16246,1523,7866,1184,1839,40223,11565,0.40389826716057975,0.03786390870894762,0.19555975436939066,0.02943589488601049,0.04572011038460582,0.28752206449046563,Шарыпово,04-740-000-000,городской округ город Шарыпово,городской округ,,2,04-658-000-000;04-558-000-000,г Шарыпово,data-20180110-structure-20150128.csv,2018,9999,,,24,Красноярский край,55.5329127,89.1864204,1,53945.3,40739.0,220.3,2
683,13198,1108,5782,352,1056,27144,5648,0.4862216327733569,0.0408193339227822,0.21301208370173888,0.012967875036840553,0.038903625110521665,0.2080754494547598,Абанский,04-601-000-000,Абанский муниципальный район,муниципальный район,,1,,п Абан,data-20180110-structure-20150128.csv,2018,9999,,,24,Красноярский край,56.67667,96.067764,1,57179.1,17763.0,198.1,1
685,14358,1378,6849,1388,1985,33287,7329,0.43133956199116774,0.041397542584192024,0.2057560008411692,0.04169796016462884,0.059632889716706224,0.22017604470213598,Балахтинский,04-604-000-000,Балахтинский муниципальный район,муниципальный район,,1,,рп Балахта,data-20180110-structure-20150128.csv,2018,9999,,,24,Красноярский край,55.383221,91.615273,1,65358.9,17854.0,209.0,2
686,15975,1647,6907,1390,2427,39676,11330,0.4026363544712169,0.041511241052525454,0.1740850892227039,0.03503377356588366,0.06117048089525154,0.2855630607924186,Березовский,04-605-000-000,Березовский муниципальный район,муниципальный район,,1,,рп Березовка,data-20180110-structure-20150128.csv,2018,9999,,,24,Красноярский край,56.038422,93.133194,1,74424.1,40429.0,222.9,2
687,12368,1106,6749,97,980,27034,5734,0.4574979655248946,0.04091144484722942,0.24964859066360878,0.0035880742768365764,0.03625064733298809,0.21210327735444257,Бирилюсский,04-606-000-000,Бирилюсский муниципальный район,муниципальный район,,1,,с Новобирилюссы,data-20180110-structure-20150128.csv,2018,9999,,,24,Красноярский край,56.95171,90.685806,1,59903.0,7924.0,209.2,1
689,17827,1612,9601,605,2003,42733,11085,0.41717174080921066,0.03772260314043011,0.22467413942386447,0.014157676736948026,0.04687244050265603,0.2594013993868907,Богучанский,04-609-000-000,Богучанский муниципальный район,муниципальный район,,1,,с Богучаны,data-20180110-structure-20150128.csv,2018,9999,,,24,Красноярский край,58.382816,97.461578,1,86545.7,42225.0,186.1,3
690,14049,1224,4772,366,1376,29216,7429,0.48086664841182913,0.041894852135815994,0.16333515881708652,0.012527382256297919,0.047097480832420595,0.2542784775465498,Большемуртинский,04-610-000-000,Большемуртинский муниципальный район,муниципальный район,,1,,рп Большая Мурта,data-20180110-structure-20150128.csv,2018,9999,,,24,Красноярский край,56.909847,93.138016,1,62263.9,13529.0,206.6,1
691,12009,706,6846,496,756,25221,4408,0.47615082669204234,0.027992545894294438,0.2714404662781016,0.019666151223187028,0.02997502081598668,0.17477498909638792,Большеулуйский,04-611-000-000,Большеулуйский муниципальный район,муниципальный район,,1,,с Большой Улуй,data-20180110-structure-20150128.csv,2018,9999,,,24,Красноярский край,56.656811,90.57975,1,108725.7,6681.0,212.3,3
692,13980,1179,5716,257,1704,28803,5967,0.48536610769711486,0.04093323612123737,0.19845155018574454,0.00892268166510433,0.05916050411415478,0.2071659202166441,Дзержинский,04-613-000-000,Дзержинский муниципальный район,муниципальный район,,1,,с Дзержинское,data-20180110-structure-20150128.csv,2018,9999,,,24,Красноярский край,56.838005,95.22139,1,57387.7,11389.0,196.7,1
693,17160,1825,7306,1671,3179,43594,12453,0.3936321512134697,0.04186355920539524,0.16759187044088636,0.03833096297655641,0.07292287929531586,0.28565857686837637,Емельяновский,04-614-000-000,Емельяновский муниципальный район,муниципальный район,,1,,рп Емельяново,data-20180110-structure-20150128.csv,2018,9999,,,24,Красноярский край,56.167255,92.688454,1,93491.1,55572.0,221.7,2
694,16500,1228,6685,351,1218,35782,9800,0.46112570566206473,0.03431893130624336,0.18682577832429714,0.009809401374993013,0.03403946118159969,0.27388072215080206,Енисейский,04-615-000-000,Енисейский муниципальный район,муниципальный район,,3,04-712-000-000,г Енисейск,data-20180110-structure-20150128.csv,2018,9999,,,24,Красноярский край,58.4532212,92.1748169,1,79274.1,21238.0,195.7,3
695,14294,1117,7309,505,1774,32816,7817,0.435580204778157,0.03403827401267674,0.22272671867381766,0.015388834714773281,0.054058995611896636,0.2382069722086787,Ермаковский,04-616-000-000,Ермаковский муниципальный район,муниципальный район,,1,,с Ермаковское,data-20180110-structure-20150128.csv,2018,9999,,,24,Красноярский край,53.278046,92.396088,1,57832.4,17423.0,197.6,2
696,11863,1030,5825,248,1645,26339,5728,0.4503967500664414,0.03910550894111394,0.22115494134173658,0.009415695356695395,0.062454914765177116,0.21747218952883557,Идринский,04-617-000-000,Идринский муниципальный район,муниципальный район,,1,,с Идринское,data-20180110-structure-20150128.csv,2018,9999,,,24,Красноярский край,54.370876,92.133156,1,56047.9,10295.0,197.2,1
697,13726,1061,5672,387,1164,29815,7805,0.46037229582424954,0.03558611437196042,0.19023981217507965,0.01298004360221365,0.03904075129968137,0.2617809827268154,Иланский,04-618-000-000,Иланский муниципальный район,муниципальный район,,1,,г Иланский,data-20180110-structure-20150128.csv,2018,9999,,,24,Красноярский край,56.23806,96.06694,1,78793.0,22528.0,200.5,3
698,12220,1168,6488,223,1822,28923,7002,0.42250112367320125,0.040383086125229055,0.22431974553123812,0.007710126888635342,0.06299484839055423,0.242091069391142,Ирбейский,04-619-000-000,Ирбейский муниципальный район,муниципальный район,,1,,с Ирбейское,data-20180110-structure-20150128.csv,2018,9999,,,24,Красноярский край,55.644501,95.456528,1,75513.9,12610.0,202.6,1
699,15157,1259,6010,666,1204,28260,3964,0.5363411181882519,0.044550601556970985,0.21266808209483368,0.02356687898089172,0.04260438782731776,0.1402689313517339,Казачинский,04-620-000-000,Казачинский муниципальный район,муниципальный район,,1,,с Казачинское,data-20180110-structure-20150128.csv,2018,9999,,,24,Красноярский край,57.694408,93.281029,1,57344.0,8558.0,199.8,1
701,15042,1233,6380,255,1880,30846,6056,0.4876483174479673,0.03997276794397977,0.20683394929650523,0.00826687414899825,0.06094793490241847,0.19633015626013098,Каратузский,04-622-000-000,Каратузский муниципальный район,муниципальный район,,1,,с Каратузское,data-20180110-structure-20150128.csv,2018,9999,,,24,Красноярский край,53.600666,92.868996,1,60723.7,13157.0,197.2,1
702,19361,1659,9715,797,1621,47365,14212,0.4087617439037264,0.035025862978992926,0.20510925789084766,0.01682677082233717,0.03422358281431437,0.3000527815897815,Кежемский,04-624-000-000,Кежемский муниципальный район,муниципальный район,,1,,г Кодинск,data-20180110-structure-20150128.csv,2018,9999,,,24,Красноярский край,58.6027015,99.1887515,1,96691.5,16559.0,183.0,3
703,14541,1146,5576,192,1198,29286,6633,0.49651710715017416,0.03913132554804343,0.19039814245714676,0.006556033599672198,0.04090691798128799,0.22649047326367547,Козульский,04-626-000-000,Козульский муниципальный район,муниципальный район,,1,,рп Козулька,data-20180110-structure-20150128.csv,2018,9999,,,24,Красноярский край,56.165138,91.391975,1,66336.4,11808.0,214.6,1
704,13475,1180,5440,341,1366,30114,8312,0.44746629474662947,0.03918443248987182,0.18064687520754466,0.0113236368466494,0.04536096167895331,0.27601779903035134,Краснотуранский,04-628-000-000,Краснотуранский муниципальный район,муниципальный район,,1,,с Краснотуранск,data-20180110-structure-20150128.csv,2018,9999,,,24,Красноярский край,54.316296,91.567825,1,52475.8,12848.0,196.5,3
705,14530,1184,7422,377,1660,33423,8250,0.43473057475391197,0.035424707536726205,0.22206265146755227,0.011279657720731234,0.04966639739101816,0.24683601113006015,Курагинский,04-630-000-000,Курагинский муниципальный район,муниципальный район,,1,,рп Курагино,data-20180110-structure-20150128.csv,2018,9999,,,24,Красноярский край,53.888092,92.680222,1,61814.0,39269.0,198.6,1
706,12940,1000,5712,285,1038,25979,5004,0.49809461488125023,0.0384926286616113,0.21986989491512376,0.010970399168559221,0.03995534855075253,0.19261711382270294,Манский,04-631-000-000,Манский муниципальный район,муниципальный район,,1,,с Шалинское,data-20180110-structure-20150128.csv,2018,9999,,,24,Красноярский край,55.719715,93.764816,1,56676.4,13436.0,209.7,1
708,17930,1393,10605,635,1863,41610,9184,0.43090603220379714,0.03347752944003845,0.2548666186012978,0.015260754626291756,0.04477289113193944,0.22071617399663543,Мотыгинский,04-635-000-000,Мотыгинский муниципальный район,муниципальный район,,1,,рп Мотыгино,data-20180110-structure-20150128.csv,2018,9999,,,24,Красноярский край,58.184208,94.694298,1,100468.3,12009.0,178.0,3
710,15452,1045,6880,227,1306,32014,7104,0.4826638345723746,0.032641969138501904,0.21490597863434746,0.007090647841569314,0.040794652339601424,0.2219029174736053,Нижнеингашский,04-639-000-000,Нижнеингашский муниципальный район,муниципальный район,,1,,рп Нижний Ингаш,data-20180110-structure-20150128.csv,2018,9999,,,24,Красноярский край,56.203602,96.544518,1,59387.1,23480.0,199.1,1
711,13761,1154,7024,308,1649,33093,9197,0.41582812075061193,0.034871422959538274,0.21225032484211162,0.009307104221436558,0.049829269029704165,0.27791375819659747,Новоселовский,04-641-000-000,Новоселовский муниципальный район,муниципальный район,,1,,с Новоселово,data-20180110-structure-20150128.csv,2018,9999,,,24,Красноярский край,55.005177,90.967201,1,58707.4,10619.0,209.2,3
712,12704,1046,5255,128,1580,27485,6772,0.46221575404766235,0.038057122066581774,0.19119519738038931,0.004657085683099873,0.05748590140076405,0.24638893942150264,Партизанский,04-643-000-000,Партизанский муниципальный район,муниципальный район,,1,,с Партизанское,data-20180110-structure-20150128.csv,2018,9999,,,24,Красноярский край,55.499271,94.393066,1,65385.3,7989.0,204.7,1
713,14800,1082,6371,89,1416,29787,6029,0.49686104676536746,0.03632457112163024,0.21388525195555108,0.002987880619062007,0.047537516366200024,0.2024037331721892,Пировский,04-545-000-000,Пировский муниципальный округ,муниципальный округ,,1,,с Пировское,data-20210118-structure-20150128.csv,2020,9999,,,24,Красноярский край,57.624046,92.272644,1,58840.6,5747.0,196.5,1
714,13821,1094,5650,498,1424,30977,8490,0.4461697388384931,0.03531652516383123,0.18239338864318688,0.016076443813151695,0.0459695903412209,0.2740743132001162,Рыбинский,04-647-000-000,Рыбинский муниципальный район,муниципальный район,,1,,г Заозерный,data-20180110-structure-20150128.csv,2018,9999,,,24,Красноярский край,55.965401,94.708107,1,71689.9,29400.0,206.4,3
715,13383,1013,6211,194,1264,27437,5372,0.48777198673324346,0.03692094616758392,0.22637314575208659,0.007070743885993366,0.04606917665925575,0.19579400080183693,Саянский,04-648-000-000,Саянский муниципальный район,муниципальный район,,1,,с Агинское,data-20180110-structure-20150128.csv,2018,9999,,,24,Красноярский край,55.258972,94.906372,1,56506.0,9056.0,201.4,1
716,15240,1751,10953,1541,1927,49125,17713,0.3102290076335878,0.03564376590330789,0.2229618320610687,0.031368956743002545,0.0392264631043257,0.3605699745547074,Северо-Енисейский,04-649-000-000,Северо-Енисейский муниципальный район,муниципальный район,,1,,рп Северо-Енисейский,data-20180110-structure-20150128.csv,2018,9999,,,24,Красноярский край,60.374702,93.032997,1,154150.8,8308.0,181.6,4
717,14239,1197,6011,262,1264,30018,7045,0.474348724098874,0.039876074355386766,0.2002465187554134,0.008728096475448064,0.04210806849223799,0.23469251782263975,Сухобузимский,04-651-000-000,Сухобузимский муниципальный район,муниципальный район,,1,,с Сухобузимское,data-20180110-structure-20150128.csv,2018,9999,,,24,Красноярский край,56.499875,93.2785676,1,59181.9,18911.0,210.6,1
718,23067,1525,6540,1613,1299,53774,19730,0.42896195187265224,0.02835943020790717,0.12162011380964778,0.029995908803510992,0.02415665563283371,0.36690593967344814,Таймырский Долгано-Ненецкий,04-653-000-000,Таймырский Долгано-Ненецкий муниципальный район,муниципальный район,,1,,г Дудинка,data-20180110-structure-20150128.csv,2018,9999,,,24,Красноярский край,69.4038179,86.17219,1,162835.1,29609.0,,4
719,14993,1298,6018,292,1723,29391,5067,0.5101221462352421,0.04416317920451839,0.20475655813003982,0.009935014119968697,0.058623388112007076,0.17239971419822395,Тасеевский,04-652-000-000,Тасеевский муниципальный район,муниципальный район,,1,,с Тасеево,data-20180110-structure-20150128.csv,2018,9999,,,24,Красноярский край,57.216042,94.898598,1,56323.3,9952.0,193.9,1
720,21313,1930,4884,2103,1665,51886,19991,0.4107659098793509,0.03719693173495741,0.094129437613229,0.040531164475966545,0.032089581004509884,0.3852869752919863,Туруханский,04-654-000-000,Туруханский муниципальный район,муниципальный район,,1,,с Туруханск,data-20180110-structure-20150128.csv,2018,9999,,,24,Красноярский край,65.7934285,87.9589375,1,152563.2,12684.0,,4
721,14764,1106,6833,242,1719,29418,4754,0.5018696036440274,0.037596029641715954,0.23227275817526685,0.008226256033720852,0.05843361207424026,0.16160174043102862,Тюхтетский,04-555-000-000,Тюхтетский муниципальный округ,муниципальный округ,,1,,с Тюхтет,data-20210118-structure-20150128.csv,2021,9999,,,24,Красноярский край,56.539837,89.311485,1,58910.8,7536.0,213.2,1
722,16628,1306,7685,529,2051,38141,9942,0.43596130148658924,0.03424136755722189,0.20148921108518392,0.013869589156026324,0.053774153797750454,0.26066437691722816,Ужурский,04-656-000-000,Ужурский муниципальный район,муниципальный район,,1,,г Ужур,data-20180110-structure-20150128.csv,2018,9999,,,24,Красноярский край,55.3197221,89.8424197,1,68907.9,27453.0,212.3,2
723,13058,1102,5862,310,1227,28303,6744,0.46136451966222664,0.03893580185846023,0.2071158534430979,0.01095290251916758,0.043352294809737485,0.23827862770731018,Уярский,04-657-000-000,Уярский муниципальный район,муниципальный район,,1,,г Уяр,data-20180110-structure-20150128.csv,2018,9999,,,24,Красноярский край,55.809986,94.327774,1,63090.6,17912.0,207.6,1
725,15793,1348,6395,661,1991,36129,9941,0.4371280688643472,0.03731074759888178,0.17700462232555564,0.018295552049600046,0.05510808491793296,0.2751529242436824,Шушенский,04-659-000-000,Шушенский муниципальный район,муниципальный район,,1,,рп Шушенское,data-20180110-structure-20150128.csv,2018,9999,,,24,Красноярский край,53.32782,91.945374,1,58071.5,30274.0,199.1,2
726,19850,1708,3846,1459,1243,47772,19666,0.4155153646487482,0.03575316084735829,0.0805074101984426,0.03054090262078205,0.02601942560495688,0.41166373607971196,Эвенкийский,04-650-000-000,Эвенкийский муниципальный район,муниципальный район,,1,,п Тура,data-20180110-structure-20150128.csv,2018,9999,,,24,Красноярский край,64.2741955,100.2169635,1,133246.0,13258.0,,4
727,16815,2418,6725,2628,2962,46941,15393,0.3582156323895955,0.051511471847638525,0.14326494961760508,0.05598517287658976,0.06310048784644554,0.32792228542212565,Пермский,57-701-000-000,городской округ Пермский,городской округ,административный_центр_субъекта,2,57-646-000-000;57-546-000-000,г Пермь,data-20180110-structure-20150128.csv,2018,9999,,,59,Пермский край,58.014965,56.246723,1,88118.2,1026912.0,350.9,5
731,14423,1709,5339,1178,1613,34239,9977,0.42124477934519117,0.049913840941616286,0.1559332924442887,0.03440521043254768,0.04711002073658693,0.2913928560997693,Лысьвенский,57-726-000-000,городской округ Лысьвенский,городской округ,,1,,г Лысьва,data-20180110-structure-20150128.csv,2018,9999,,,59,Пермский край,58.105056,57.8028461,1,59536.1,61124.0,299.9,2
734,14526,1234,6492,371,973,32722,9126,0.4439215206894444,0.037711631318379076,0.19839863089053236,0.011337937778864373,0.029735346250229205,0.2788949330725506,Александровский,57-502-000-000,муниципальный округ Александровский,муниципальный округ,,1,,г Александровск,data-20200401-structure-20150128.csv,2020,9999,,,59,Пермский край,59.1593861,57.5861232,1,58279.0,22642.0,286.7,3
735,11647,1295,5004,542,1611,27231,7132,0.4277110645954978,0.047556094157394146,0.18376115456648673,0.019903786126106274,0.059160515588850944,0.2619073849656641,Бардымский,57-503-000-000,муниципальный округ Бардымский,муниципальный округ,,1,,с Барда,data-20210118-structure-20150128.csv,2021,9999,,,59,Пермский край,56.930187,55.586967,1,64471.0,26262.0,314.5,1
736,11887,820,4142,175,916,24597,6657,0.48327031751839655,0.03333739886978087,0.16839451965686872,0.0071146887831849415,0.03724031385941375,0.27064276131235515,Березовский,57-506-000-000,муниципальный округ Березовский,муниципальный округ,,1,,с Березовка,data-20200401-structure-20150128.csv,2020,9999,,,59,Пермский край,57.6026326,57.333067,1,59871.3,13486.0,305.8,3
737,13730,1126,5328,342,1305,27988,6157,0.4905673860225811,0.04023152779762756,0.19036730027154494,0.012219522652565385,0.04662712591110476,0.21998713734457626,Большесосновский,57-508-000-000,муниципальный округ Большесосновский,муниципальный округ,,1,,с Большая Соснова,data-20220128-structure-20150128.csv,2022,9999,,,59,Пермский край,57.671268,54.602867,1,52881.4,11730.0,317.8,1
738,13753,1246,4804,607,1536,29719,7773,0.46276792624247115,0.04192604058010027,0.16164743093643796,0.020424644167031193,0.051684107809818636,0.2615498502641408,Верещагинский,57-712-000-000,городской округ Верещагинский,городской округ,,1,,г Верещагино,data-20191224-structure-20150128.csv,2020,9999,,,59,Пермский край,58.072099,54.6674784,1,51615.6,38931.0,311.9,2
739,14383,1104,6081,606,1100,31660,8386,0.45429564118761845,0.03487049905243209,0.19207201516108655,0.01914087176247631,0.03474415666456096,0.2648768161718256,Горнозаводский,57-714-000-000,городской округ Горнозаводский,городской округ,,1,,г Горнозаводск,data-20190319-structure-20150128.csv,2019,9999,,,59,Пермский край,58.374001,58.325058,1,67217.5,21697.0,297.8,3
741,15046,1569,5861,1363,1397,36154,10918,0.41616418653537646,0.043397687669414174,0.16211207611882503,0.037699839575150745,0.03864026110527189,0.3019859489959617,Добрянский,57-718-000-000,городской округ Добрянский,городской округ,,1,,г Добрянка,data-20191224-structure-20150128.csv,2020,9999,,,59,Пермский край,58.4624764,56.4007589,1,81849.5,47730.0,304.4,3
742,11625,1040,5105,253,1231,27393,8139,0.424378490855328,0.03796590369802504,0.18636147921001717,0.009235936188077247,0.04493848793487387,0.29711970211367866,Еловский,57-518-000-000,муниципальный округ Еловский,муниципальный округ,,1,,с Елово,data-20210118-structure-20150128.csv,2021,9999,,,59,Пермский край,57.04635035,54.92345971818599,1,48798.7,8527.0,312.2,3
743,10855,861,4575,277,846,23780,6366,0.45647603027754413,0.03620689655172414,0.19238856181665265,0.011648444070647603,0.035576114381833474,0.267703952901598,Ильинский,57-759-000-000,городской округ Ильинский,городской округ,,1,,п Ильинский,data-20191224-structure-20150128.csv,2020,9999,,,59,Пермский край,58.56762465,55.69450970007735,1,51646.9,17130.0,305.1,3
744,12985,1210,5588,475,1406,29290,7626,0.44332536701946057,0.04131102765448959,0.19078183680437008,0.016217138955274837,0.04800273130761352,0.2603618982587914,Карагайский,57-522-000-000,муниципальный округ Карагайский,муниципальный округ,,1,,с Карагай,data-20210225-structure-20150128.csv,2021,9999,,,59,Пермский край,58.265579,54.927208,1,49766.6,19967.0,311.0,1
745,14634,1067,6202,487,1059,31222,7773,0.4687079623342515,0.0341746204599321,0.1986419832169624,0.015597975786304528,0.033918390878226894,0.2489590673243226,Кизел,57-719-000-000,городской округ город Кизел,городской округ,,1,,г Кизел,data-20190319-structure-20150128.csv,2019,9999,,,59,Пермский край,59.049252,57.6535,1,50204.2,17213.0,288.1,3
746,11387,924,4283,285,1040,23360,5441,0.4874571917808219,0.03955479452054794,0.18334760273972603,0.012200342465753425,0.04452054794520548,0.2329195205479452,Кишертский,57-524-000-000,муниципальный округ Кишертский,муниципальный округ,,1,,с Усть-Кишерть,data-20210225-structure-20150128.csv,2021,9999,,,59,Пермский край,57.3599717,57.2471775,1,52600.8,10872.0,308.9,1
747,14479,1223,5336,394,1174,30507,7901,0.47461238404300654,0.04008915986494903,0.17491067623824041,0.012915068672763628,0.03848297112138198,0.2589897400596584,Красновишерский,57-760-000-000,городской округ Красновишерский,городской округ,,1,,г Красновишерск,data-20191224-structure-20150128.csv,2020,9999,,,59,Пермский край,60.4017837,57.0767045,1,52325.2,17217.0,273.0,3
748,16336,1707,6324,1609,2144,40345,12225,0.4049076713347379,0.04231007559796753,0.1567480480852646,0.0398810261494609,0.053141653240798115,0.30301152559177097,Краснокамский,57-720-000-000,городской округ Краснокамский,городской округ,,1,,г Краснокамск,data-20190319-structure-20150128.csv,2019,9999,,,59,Пермский край,58.0812613,55.7586943,1,73277.6,66475.0,318.3,2
749,13062,1203,5150,289,1451,29115,7960,0.448634724368882,0.0413189077794951,0.17688476730207797,0.009926154902970977,0.049836853855400993,0.27339859179117293,Куединский,57-529-000-000,муниципальный округ Куединский,муниципальный округ,,1,,п Куеда,data-20210201-structure-20150128.csv,2021,9999,,,59,Пермский край,56.433506,55.590763,1,51245.8,22949.0,318.5,1
751,14154,1279,5565,439,1017,30748,8294,0.4603226226096006,0.041596201378951474,0.18098738129309222,0.014277351372446989,0.033075321972160794,0.2697411213737479,Нытвенский,57-727-000-000,городской округ Нытвенский,городской округ,,1,,г Нытва,data-20191224-structure-20150128.csv,2020,9999,,,59,Пермский край,57.943423,55.3316349,1,59224.5,37780.0,315.9,3
752,12894,1093,5183,392,1431,27705,6712,0.4654033567948024,0.03945136256993322,0.18707814473921675,0.014149070564879986,0.05165132647536546,0.2422667388558022,Октябрьский,57-761-000-000,городской округ Октябрьский,городской округ,,1,,рп Октябрьский,data-20191224-structure-20150128.csv,2020,9999,,,59,Пермский край,56.5143078,57.2035567,1,60795.1,23944.0,313.1,1
753,12252,945,5130,163,1070,26080,6520,0.46978527607361964,0.036234662576687116,0.19670245398773006,0.00625,0.04102760736196319,0.25,Ординский,57-538-000-000,муниципальный округ Ординский,муниципальный округ,,1,,с Орда,data-20200401-structure-20150128.csv,2020,9999,,,59,Пермский край,57.19532845000001,56.90325538019961,1,53812.9,13958.0,311.7,1
754,13816,1346,4903,660,1480,32126,9921,0.43005665193301373,0.041897528481603684,0.15261781734420718,0.020544107576417853,0.04606860486833095,0.3088152897964266,Осинский,57-728-000-000,городской округ Осинский,городской округ,,1,,г Оса,data-20191224-structure-20150128.csv,2020,9999,,,59,Пермский край,57.2829207,55.4602059,1,67450.8,26196.0,309.6,3
755,13564,1083,5847,317,1194,29432,7427,0.4608589290568089,0.03679668388148954,0.19866132101114434,0.010770589834194074,0.04056808915466159,0.25234438706170154,Оханский,57-729-000-000,городской округ Оханский,городской округ,,1,,г Оханск,data-20190319-structure-20150128.csv,2019,9999,,,59,Пермский край,57.721785,55.3859893,1,47448.6,14030.0,311.0,3
756,13809,1329,5119,681,1591,31298,8769,0.44121030097769826,0.042462777174260335,0.16355677679084926,0.021758578822927983,0.050833919100262,0.2801776471340022,Очерский,57-762-000-000,городской округ Очерский,городской округ,,1,,г Очер,data-20191224-structure-20150128.csv,2020,9999,,,59,Пермский край,57.8836175,54.715823,1,59360.1,22301.0,316.9,2
757,16007,1808,6734,1911,2811,41671,12400,0.384128050682729,0.043387487701279065,0.1615991936838569,0.04585923064001344,0.06745698447361474,0.2975690528185069,Пермский,57-546-000-000,муниципальный округ Пермский,муниципальный округ,,3,57-701-000-000,г Пермь,data-20221219-structure-20150128.csv,2023,9999,,,59,Пермский край,58.014965,56.246723,2,72918.6,128718.0,686.4,2
758,14259,1108,4732,258,1271,27864,6236,0.5117355727820844,0.03976457077232271,0.16982486362331323,0.009259259259259259,0.045614412862474876,0.2238013207005455,Сивинский,57-548-000-000,муниципальный округ Сивинский,муниципальный округ,,1,,с Сива,data-20210118-structure-20150128.csv,2021,9999,,,59,Пермский край,58.4277655,54.205753,1,49361.4,11869.0,309.1,1
760,12760,1114,5344,289,1376,27338,6455,0.4667495793401127,0.04074914039066501,0.19547882068915062,0.01057136586436462,0.05033286999780525,0.2361182237179018,Суксунский,57-731-000-000,городской округ Суксунский,городской округ,,1,,рп Суксун,data-20191224-structure-20150128.csv,2020,9999,,,59,Пермский край,57.1463922,57.3951339,1,67480.1,18094.0,309.1,1
761,13426,1060,4994,249,1133,25884,5022,0.5186988100757225,0.04095193942203678,0.19293772214495442,0.00961984237366713,0.0437722144954412,0.19401947148817802,Уинский,57-552-000-000,муниципальный округ Уинский,муниципальный округ,,1,,с Уинское,data-20200401-structure-20150128.csv,2020,9999,,,59,Пермский край,56.87829735,56.56837437378221,1,52556.1,9728.0,310.3,1
763,15039,1646,5414,1446,1993,37345,11807,0.4027045119828625,0.04407551211674923,0.1449725532199759,0.03872004284375418,0.05336725130539564,0.3161601285312626,Чайковский,57-735-000-000,городской округ Чайковский,городской округ,,1,,г Чайковский,data-20190319-structure-20150128.csv,2019,9999,,,59,Пермский край,56.7787468,54.1500704,1,70557.7,93785.0,322.1,2
764,13470,973,6445,297,1018,27985,5782,0.4813292835447561,0.03476862604966947,0.23030194747185992,0.010612828300875468,0.0363766303376809,0.2066106842951581,Частинский,57-555-000-000,муниципальный округ Частинский,муниципальный округ,,1,,с Частые,data-20210118-structure-20150128.csv,2021,9999,,,59,Пермский край,57.29295159999999,54.96425968947727,1,58265.8,11783.0,311.5,3
765,13929,937,5173,212,1211,26681,5219,0.5220568944192496,0.03511862373973989,0.1938832877328436,0.007945729170570818,0.04538810389415689,0.19560736104343915,Чердынский,57-756-000-000,городской округ Чердынский,городской округ,,1,,г Чердынь,data-20191224-structure-20150128.csv,2020,9999,,,59,Пермский край,60.4046807,56.4752752,1,48749.8,14730.0,273.4,1
766,14446,1432,5548,892,1839,34622,10465,0.4172491479406158,0.04136098434521403,0.1602449309687482,0.0257639651088903,0.05311651551036913,0.30226445612616254,Чернушинский,57-757-000-000,городской округ Чернушинский,городской округ,,1,,г Чернушка,data-20191224-structure-20150128.csv,2020,9999,,,59,Пермский край,56.5152817,56.0765041,1,74102.2,50392.0,314.5,2
767,15818,1377,6289,1069,1720,37192,10919,0.42530651753065174,0.03702409120240912,0.16909550440955043,0.028742740374274038,0.046246504624650464,0.29358464185846417,Чусовской,57-758-000-000,городской округ Чусовской,городской округ,,1,,г Чусовой,data-20191224-structure-20150128.csv,2020,9999,,,59,Пермский край,58.282055,57.821075,1,62029.9,63686.0,301.1,2
769,14211,1170,6191,257,1321,29929,6779,0.4748237495405794,0.03909251896154232,0.20685622640248588,0.008586989207791773,0.0441377927762371,0.22650272311136357,Гайнский,57-513-000-000,муниципальный округ Гайнский,муниципальный округ,,1,,п Гайны,data-20200401-structure-20150128.csv,2020,9999,,,59,Пермский край,60.304131,54.327332,1,61144.0,11679.0,279.3,1
770,13941,1249,5034,284,1396,28501,6597,0.4891407319041437,0.04382302375355251,0.1766253815655591,0.00996456264692467,0.04898073751798183,0.23146556261183818,Косинский,57-525-000-000,муниципальный округ Косинский,муниципальный округ,,1,,с Коса,data-20200401-structure-20150128.csv,2020,9999,,,59,Пермский край,59.944386,54.989826,1,58600.5,5543.0,281.2,1
771,12232,1057,4214,351,1109,25716,6753,0.4756571784103282,0.041102815367864365,0.1638668533208897,0.013649090060662622,0.043124902784258824,0.26259916005599626,Кочевский,57-526-000-000,муниципальный округ Кочевский,муниципальный округ,,1,,с Кочево,data-20200401-structure-20150128.csv,2020,9999,,,59,Пермский край,59.60936735,54.32639043781445,1,64669.4,9259.0,287.8,3
773,13276,764,4296,354,957,25027,5380,0.5304670955368203,0.030527030806728733,0.17165461301794063,0.014144723698405722,0.038238702201622246,0.21496783473848244,Юрлинский,57-559-000-000,муниципальный округ Юрлинский,муниципальный округ,,1,,с Юрла,data-20200401-structure-20150128.csv,2020,9999,,,59,Пермский край,59.3286875,54.3246555,1,45241.8,8439.0,291.4,3
774,12322,786,4478,255,957,24001,5203,0.5133952751968668,0.032748635473521935,0.18657555935169368,0.010624557310112078,0.039873338610891214,0.2167826340569143,Юсьвинский,57-560-000-000,муниципальный округ Юсьвинский,муниципальный округ,,1,,с Юсьва,data-20200401-structure-20150128.csv,2020,9999,,,59,Пермский край,58.964665,54.9605745,1,49483.7,16182.0,296.1,1
775,19971,3118,6239,3381,4165,60780,23906,0.32857847976307997,0.05129976966107272,0.10264889766370516,0.05562685093780849,0.06852583086541625,0.3933201711089174,Владивостокский,05-701-000-000,городской округ Владивостокский,городской округ,административный_центр_субъекта,1,,г Владивосток,data-20180110-structure-20150128.csv,2018,9999,,,25,Приморский край,43.1150678,131.8855768,1,115583.5,622782.0,140.3,5
776,18230,2076,5795,1413,2397,45466,15555,0.4009589583424977,0.04566049355562398,0.12745788061408525,0.031078168301588,0.05272071437997625,0.34212378480622885,Арсеньевский,05-703-000-000,городской округ Арсеньевский,городской округ,,1,,г Арсеньев,data-20180110-structure-20150128.csv,2018,9999,,,25,Приморский край,44.1644451,133.2704255,1,95125.1,47015.0,137.2,2
777,19055,2279,5996,2014,3425,51607,18838,0.3692328560079059,0.04416067587730347,0.11618578874958824,0.03902571356598911,0.06636696572170442,0.36502800007750885,Артемовский,05-705-000-000,городской округ Артемовский,городской округ,,1,,г Артем,data-20180110-structure-20150128.csv,2018,9999,,,25,Приморский край,43.3570377,132.1853629,1,89562.8,117762.0,142.1,5
778,18363,2073,5911,1743,2469,47238,16679,0.3887336466404166,0.043884161056776325,0.1251323087344934,0.03689825987552394,0.052267242474279184,0.35308438121851055,Большой Камень,05-706-000-000,городской округ Большой Камень,городской округ,,1,,г Большой Камень,data-20180110-structure-20150128.csv,2018,9999,,,25,Приморский край,43.1121194,132.3509104,1,122281.3,42502.0,138.4,2
779,17844,1686,5969,693,1962,41375,13221,0.4312749244712991,0.040749244712990934,0.14426586102719033,0.016749244712990937,0.04741993957703927,0.3195407854984894,Дальнегорский,05-707-000-000,городской округ Дальнегорский,городской округ,,1,,г Дальнегорск,data-20180110-structure-20150128.csv,2018,9999,,,25,Приморский край,44.559457,135.5759241,1,73819.2,38543.0,132.5,3
780,15646,1566,5745,811,2107,38841,12966,0.40282176051080043,0.04031822043716691,0.14791071290646482,0.020879997940320794,0.05424680106073479,0.3338225071445122,Дальнереченский,05-708-000-000,городской округ Дальнереченский,городской округ,,2,05-607-000-000,г Дальнереченск,data-20180110-structure-20150128.csv,2018,9999,,,25,Приморский край,45.9337195,133.7349056,1,81576.1,24564.0,140.7,2
781,15203,1301,5307,844,2064,37953,13234,0.4005743946460095,0.03427924011277106,0.13983084341158802,0.022238031249176612,0.05438305272310489,0.3486944378573499,Лесозаводский,05-711-000-000,городской округ Лесозаводский,городской округ,,1,,г Лесозаводск,data-20180110-structure-20150128.csv,2018,9999,,,25,Приморский край,45.4653394,133.4047457,1,84726.6,39685.0,138.1,2
782,18961,2380,6077,2016,3223,51699,19042,0.36675757751600613,0.04603570668678311,0.117545793922513,0.03899495154645158,0.0623416313661773,0.3683243389620689,Находкинский,05-714-000-000,городской округ Находкинский,городской округ,,1,,г Находка,data-20180110-structure-20150128.csv,2018,9999,,,25,Приморский край,42.8246489,132.8926,1,105573.6,135345.0,134.8,5
783,16630,1730,5002,631,1587,37931,12351,0.438427671297883,0.04560913237193852,0.1318710289736627,0.01663546966860879,0.04183912894466268,0.3256175687432443,Партизанский,05-717-000-000,городской округ Партизанский,городской округ,,1,,г Партизанск,data-20180110-structure-20150128.csv,2018,9999,,,25,Приморский край,43.1406647,133.1433137,1,87831.8,39132.0,136.0,3
784,17117,1845,5028,921,1993,40878,13974,0.41873379323841675,0.045134302069572876,0.1230001467782181,0.02253045648025833,0.048754831449679535,0.3418464699838544,Спасск-Дальний,05-720-000-000,городской округ Спасск-Дальний,городской округ,,2,05-637-000-000,г Спасск-Дальний,data-20180110-structure-20150128.csv,2018,9999,,,25,Приморский край,44.5980135,132.815701,1,68238.9,34822.0,148.1,2
785,18734,2467,5734,2342,3716,52846,19853,0.35450175983045074,0.04668281421488855,0.10850395488778715,0.04431745070582447,0.07031752639745677,0.3756764939635923,Уссурийский,05-723-000-000,городской округ Уссурийский,городской округ,,1,,г Уссурийск,data-20180110-structure-20150128.csv,2018,9999,,,25,Приморский край,43.7972447,131.9520752,1,80481.1,205435.0,139.3,5
787,14427,1085,6054,374,1402,32172,8830,0.44843342036553524,0.03372497824194952,0.18817605371130175,0.011625015541464627,0.04357826681586473,0.2744622653238841,Анучинский,05-502-000-000,Анучинский муниципальный округ,муниципальный округ,,1,,с Анучино,data-20200301-structure-20150128.csv,2020,9999,,,25,Приморский край,43.9656156,133.0606584,1,76451.1,12237.0,137.9,3
788,11507,916,4978,1108,2046,30540,9985,0.37678454485920104,0.029993451211525867,0.16299934512115258,0.03628028814669286,0.06699410609037328,0.32694826457105436,Дальнереченский,05-607-000-000,Дальнереченский муниципальный район,муниципальный район,,3,05-708-000-000,г Дальнереченск,data-20180110-structure-20150128.csv,2018,9999,,,25,Приморский край,45.9337195,133.7349056,1,62363.5,7793.0,145.2,2
789,16438,1652,5119,977,2376,38118,11556,0.4312398341990661,0.043339104884831316,0.13429350962799727,0.02563093551602917,0.062332756178183533,0.30316385959389264,Кавалеровский,05-510-000-000,Кавалеровский муниципальный округ,муниципальный округ,,1,,пгт Кавалерово,data-20221219-structure-20150128.csv,2023,9999,,,25,Приморский край,44.2673637,135.0554977,2,72875.1,20727.0,133.9,2
790,16106,1426,4996,646,2290,35915,10451,0.44844772379228737,0.039704858694138936,0.13910622302659056,0.0179869135458722,0.06376165947375749,0.2909926214673535,Кировский,05-612-000-000,Кировский муниципальный район,муниципальный район,,1,,пгт Кировский,data-20180110-structure-20150128.csv,2018,9999,,,25,Приморский край,45.0897627,133.5062027,1,64993.2,17312.0,138.6,2
791,15600,1307,7605,198,1773,37949,11466,0.4110780257714301,0.034440960236106356,0.20040053756357215,0.005217528788637382,0.046720598698252916,0.3021423489420011,Красноармейский,05-514-000-000,Красноармейский муниципальный округ,муниципальный округ,,1,,с Новопокровка,data-20240101-structure-20150128.csv,2024,9999,,,25,Приморский край,45.8518226,134.5005526,2,83864.8,13859.0,137.2,3
792,15294,1447,6586,255,1335,37312,12395,0.4098949399656947,0.038781089193825044,0.1765115780445969,0.00683426243567753,0.03577937392795883,0.332198756432247,Лазовский,05-517-000-000,Лазовский муниципальный округ,муниципальный округ,,1,,с Лазо,data-20210118-structure-20150128.csv,2021,9999,,,25,Приморский край,43.384794,133.9054043,1,94966.2,11848.0,133.2,3
793,12871,1220,3580,389,966,27739,8713,0.46400374923393056,0.043981398031652186,0.12906016799452036,0.014023576913371066,0.03482461516276722,0.3141064926637586,Михайловский,05-620-000-000,Михайловский муниципальный район,муниципальный район,,1,,с Михайловка,data-20180110-structure-20150128.csv,2018,9999,,,25,Приморский край,43.9370245,132.0033145,1,76951.3,28474.0,141.9,3
794,17285,1763,5881,1456,2513,44161,15263,0.3914087090419148,0.03992210321324245,0.13317180317474694,0.03297026788342655,0.05690541427956795,0.34562170240710127,Надеждинский,05-623-000-000,Надеждинский муниципальный район,муниципальный район,,1,,с Вольно-Надеждинское,data-20180110-structure-20150128.csv,2018,9999,,,25,Приморский край,43.3709905,131.9933355,1,86783.2,41960.0,144.7,2
795,14053,1103,3548,393,929,29132,9106,0.48239049842098036,0.03786214472058218,0.12179047095976933,0.01349031992310861,0.03188933131951119,0.3125772346560483,Октябрьский,05-526-000-000,Октябрьский муниципальный округ,муниципальный округ,,1,,с Покровка,data-20210118-structure-20150128.csv,2021,9999,,,25,Приморский край,43.9524657,131.6329635,1,68005.0,22743.0,139.8,3
796,18794,1490,6457,422,2261,38900,9476,0.4831362467866324,0.038303341902313624,0.16598971722365038,0.010848329048843188,0.05812339331619537,0.24359897172236503,Ольгинский,05-528-000-000,Ольгинский муниципальный округ,муниципальный округ,,1,,пгт Ольга,data-20221219-structure-20150128.csv,2023,9999,,,25,Приморский край,43.7461009,135.2901676,2,81391.7,7209.0,132.7,2
797,16848,1162,6409,741,1785,39155,12210,0.43028987357936405,0.029676925041501725,0.16368279913165623,0.018924786106499808,0.04558804750351168,0.3118375686374665,Партизанский,05-530-000-000,Партизанский муниципальный округ,муниципальный округ,,1,,с Владимиро-Александровское,data-20240101-structure-20150128.csv,2024,9999,,,25,Приморский край,42.8922366,133.0782462,2,69296.5,29888.0,136.0,4
798,15389,1325,3968,686,1429,32266,9469,0.47694167234860224,0.04106489803508337,0.12297774747412137,0.02126076985061675,0.04428810512613897,0.2934668071654373,Пограничный,05-532-000-000,Пограничный муниципальный округ,муниципальный округ,,1,,пгт Пограничный,data-20200301-structure-20150128.csv,2020,9999,,,25,Приморский край,44.4031151,131.382506,1,71071.9,18096.0,137.0,3
799,17991,1600,6060,762,1328,41574,13833,0.43274642805599656,0.03848559195651128,0.14576417953528648,0.018328763169288498,0.03194304132390436,0.33273199595901287,Пожарский,05-534-000-000,Пожарский муниципальный округ,муниципальный округ,,1,,пгт Лучегорск,data-20221219-structure-20150128.csv,2023,9999,,,25,Приморский край,46.4443195,134.3006729,2,99163.1,24093.0,139.3,3
800,16063,1270,4357,608,2110,34915,10507,0.4600601460690248,0.036374051267363594,0.12478877273378204,0.0174137190319347,0.06043247887727338,0.3009308320206215,Спасский,05-637-000-000,Спасский муниципальный район,муниципальный район,,3,05-720-000-000,г Спасск-Дальний,data-20180110-structure-20150128.csv,2018,9999,,,25,Приморский край,44.5980135,132.815701,1,74247.4,19870.0,155.4,2
801,17044,1658,8309,306,2324,41017,11376,0.4155350220640222,0.04042226393934222,0.20257454226296415,0.0074603213301801695,0.05665943389326377,0.27734841651022746,Тернейский,05-540-000-000,Тернейский муниципальный округ,муниципальный округ,,1,,пгт Терней,data-20210118-structure-20150128.csv,2021,9999,,,25,Приморский край,45.0504046,136.6137293,1,77899.6,9728.0,132.0,1
802,16457,1476,4849,497,1504,34800,10017,0.4729022988505747,0.042413793103448276,0.13933908045977011,0.0142816091954023,0.0432183908045977,0.2878448275862069,Ханкайский,05-546-000-000,Ханкайский муниципальный округ,муниципальный округ,,1,,с Камень-Рыболов,data-20210118-structure-20150128.csv,2021,9999,,,25,Приморский край,44.7421984,132.0467903,1,73387.7,17049.0,137.4,3
803,17694,1449,6525,732,1862,41245,12983,0.4289974542368772,0.03513153109467814,0.15820099405988605,0.017747605770396413,0.045144866044369014,0.31477754879379316,Хасанский,05-548-000-000,Хасанский муниципальный округ,муниципальный округ,,1,,пгт Славянка,data-20221219-structure-20150128.csv,2023,9999,,,25,Приморский край,42.8606833,131.3924115,2,81322.3,24400.0,135.1,3
804,14664,1511,4149,300,1419,32709,10666,0.4483169769788132,0.046195236784982725,0.12684582225075666,0.009171787581399615,0.043382555260020175,0.3260876211440276,Хорольский,05-550-000-000,Хорольский муниципальный округ,муниципальный округ,,1,,с Хороль,data-20210118-structure-20150128.csv,2021,9999,,,25,Приморский край,44.4252585,132.0816616,1,68059.6,24478.0,139.1,3
805,17198,1488,4689,767,1697,37896,12057,0.45382098374498625,0.03926535782140595,0.12373337555414819,0.0202396031243403,0.04478045176271902,0.31816022799240024,Черниговский,05-553-000-000,Черниговский муниципальный округ,муниципальный округ,,1,,с Черниговка,data-20240101-structure-20150128.csv,2024,9999,,,25,Приморский край,44.3591368,132.4941354,2,75280.0,25893.0,139.3,3
806,17560,1354,5944,643,2049,38158,10608,0.4601918339535615,0.035484040044027464,0.15577336338382514,0.01685098799727449,0.05369778290266786,0.27800199171864354,Чугуевский,05-555-000-000,Чугуевский муниципальный округ,муниципальный округ,,1,,с Чугуевка,data-20200301-structure-20150128.csv,2020,9999,,,25,Приморский край,44.1686667,133.8729678,1,64568.9,21090.0,135.8,2
807,15996,1407,5730,879,1693,37459,11754,0.4270268827251128,0.03756106676633119,0.15296724418697777,0.023465655783656798,0.04519608104861315,0.3137830694893083,Шкотовский,05-557-000-000,Шкотовский муниципальный округ,муниципальный округ,,1,,пгт Смоляниново,data-20240101-structure-20150128.csv,2024,9999,,,25,Приморский край,43.2874945,132.4563758,2,115314.5,21051.0,140.5,3
808,16468,1164,5732,575,1576,33942,8427,0.48518060220375936,0.03429379529786106,0.16887631842554945,0.016940663484768134,0.04643214895999057,0.24827647162807143,Яковлевский,05-559-000-000,Яковлевский муниципальный округ,муниципальный округ,,1,,с Яковлевка,data-20240101-structure-20150128.csv,2024,9999,,,25,Приморский край,44.4262999,133.4742211,2,67064.5,11970.0,137.4,3
809,14925,2340,8231,2338,3069,45159,14256,0.33049890387298214,0.05181691357204544,0.1822671006886778,0.05177262561172745,0.0679598751079519,0.3156845811466153,Ставрополь,07-701-000-000,городской округ город Ставрополь,городской округ,административный_центр_субъекта,1,,г Ставрополь,data-20180110-structure-20150128.csv,2018,9999,,,26,Ставропольский край,45.0433245,41.9690934,1,73824.2,557402.0,310.0,5
810,10960,1407,7105,493,1589,29457,7903,0.37206775978545,0.04776453814034016,0.24119903588281225,0.016736259632684932,0.05394303561122993,0.2682893709474828,Благодарненский,07-510-000-000,Благодарненский муниципальный округ,муниципальный округ,,1,,г Благодарный,data-20240101-structure-20150128.csv,2024,9999,,,26,Ставропольский край,45.1006298,43.4372187,2,,57014.0,304.8,1
811,11959,1667,7630,1232,2374,34089,9227,0.35081697908416204,0.04890140514535481,0.22382586758191791,0.0361406905453372,0.0696412332423949,0.2706738244008331,Георгиевский,07-515-000-000,Георгиевский муниципальный округ,муниципальный округ,,1,,г Георгиевск,data-20240101-structure-20150128.csv,2024,9999,,,26,Ставропольский край,44.1478944,43.4741718,2,,157898.0,306.3,2
812,13854,2191,8933,2072,3009,43980,13921,0.3150068212824011,0.0498180991359709,0.2031150522964984,0.047112323783537975,0.06841746248294679,0.31653024101864485,Ессентуки,07-710-000-000,городской округ город-курорт Ессентуки,городской округ,,1,,г Ессентуки,data-20180110-structure-20150128.csv,2018,9999,,,26,Ставропольский край,44.0470042,42.8576575,1,64029.5,123138.0,310.3,5
813,13600,2029,9320,1860,2622,41589,12158,0.32700954579335884,0.0487869388540239,0.2240977181466253,0.04472336435115055,0.06304551684339608,0.29233691601144535,Железноводск,07-712-000-000,городской округ город-курорт Железноводск,городской округ,,1,,г Железноводск,data-20180110-structure-20150128.csv,2018,9999,,,26,Ставропольский край,44.1424034,43.0090751,1,59471.7,50082.0,309.6,2
814,14129,1730,7549,849,1850,34506,8399,0.4094650205761317,0.050136208195676116,0.21877354662957166,0.024604416623195968,0.0536138642554918,0.24340694371993277,Изобильненский,07-520-000-000,Изобильненский муниципальный округ,муниципальный округ,,1,,г Изобильный,data-20240101-structure-20150128.csv,2024,9999,,,26,Ставропольский край,45.3740796,41.7121154,2,,104095.0,313.6,2
815,11347,1434,6884,550,1497,30305,8593,0.37442666226695265,0.04731892426992246,0.22715723477973931,0.018148820326678767,0.049397789143705656,0.28355056921300115,Ипатовский,07-522-000-000,Ипатовский муниципальный округ,муниципальный округ,,1,,г Ипатово,data-20240101-structure-20150128.csv,2024,9999,,,26,Ставропольский край,45.719723,42.916286,2,,56684.0,309.1,1
817,10091,1004,7603,535,1291,29563,9039,0.34133883570679563,0.03396137063220918,0.25717958258634105,0.018096945506207083,0.0436694516794642,0.3057538138889829,Кировский,07-525-000-000,Кировский муниципальный округ,муниципальный округ,,1,,г Новопавловск,data-20240101-structure-20150128.csv,2024,9999,,,26,Ставропольский край,43.961891,43.6311,2,,66369.0,304.8,3
818,14928,1887,9911,1533,2351,42172,11562,0.353978943374751,0.04474532865408328,0.23501375320117612,0.03635113345347624,0.05574788959499194,0.2741629517215214,Лермонтов,07-718-000-000,городской округ город Лермонтов,городской округ,,1,,г Лермонтов,data-20180110-structure-20150128.csv,2018,9999,,,26,Ставропольский край,44.1050468,42.9731466,1,63479.7,24717.0,309.6,2
819,13355,1821,8232,1640,2639,38809,11122,0.3441212089979129,0.04692210569713211,0.21211574634749672,0.04225823906825736,0.06799969079337267,0.2865830090958283,Минераловодский,07-539-000-000,Минераловодский муниципальный округ,муниципальный округ,,1,,г Минеральные Воды,data-20240101-structure-20150128.csv,2024,9999,,,26,Ставропольский край,44.2107377,43.134969,2,,130865.0,309.1,2
820,15185,1926,8026,1618,2617,40946,11574,0.3708542959019196,0.04703756166658526,0.196014262687442,0.039515459385532165,0.06391344697894788,0.2826649733795731,Невинномысск,07-724-000-000,городской округ город Невинномысск,городской округ,,1,,г Невинномысск,data-20180110-structure-20150128.csv,2018,9999,,,26,Ставропольский край,44.6245814,41.9475941,1,74252.0,114556.0,312.6,2
821,10816,1471,6371,608,1594,29129,8269,0.3713138109787497,0.050499502214288165,0.21871674276494216,0.02087266984791788,0.0547220982526005,0.2838751759415016,Нефтекумский,07-541-000-000,Нефтекумский муниципальный округ,муниципальный округ,,1,,г Нефтекумск,data-20240101-structure-20150128.csv,2024,9999,,,26,Ставропольский край,44.752205,44.985077,2,,59801.0,296.3,1
822,12976,1629,7142,381,1755,32945,9062,0.3938685688268326,0.049446046441038095,0.21678555167703747,0.011564729093944452,0.05327060251935043,0.27506450144179695,Новоалександровский,07-543-000-000,Новоалександровский муниципальный округ,муниципальный округ,,1,,г Новоалександровск,data-20240101-structure-20150128.csv,2024,9999,,,26,Ставропольский край,45.4952532,41.2198866,2,,62246.0,317.6,1
823,11539,1516,6781,590,1773,30215,8016,0.38189640906834355,0.05017375475757074,0.2244249544928016,0.019526725136521594,0.05867946384246235,0.26529869270230017,Петровский,07-546-000-000,Петровский муниципальный округ,муниципальный округ,,1,,г Светлоград,data-20240101-structure-20150128.csv,2024,9999,,,26,Ставропольский край,45.3406133,42.8459286,2,,68240.0,308.9,1
824,13423,2226,8644,2426,3259,44105,14127,0.3043419113479197,0.05047046820088425,0.19598684956354154,0.05500510146241923,0.07389184899671239,0.32030382042852285,Пятигорск,07-727-000-000,городской округ город-курорт Пятигорск,городской округ,,1,,г Пятигорск,data-20180110-structure-20150128.csv,2018,9999,,,26,Ставропольский край,44.039775,43.0706669,1,64260.2,211692.0,308.1,5
825,10852,1561,7641,572,1593,30624,8405,0.35436259143155696,0.05097309299895507,0.24951018808777428,0.01867816091954023,0.0520180250783699,0.27445794148380354,Советский,07-550-000-000,Советский муниципальный округ,муниципальный округ,,1,,г Зеленокумск,data-20240101-structure-20150128.csv,2024,9999,,,26,Ставропольский край,44.403175,43.884163,2,,57692.0,303.2,1
826,10319,1345,6534,368,1428,28776,8782,0.35859744231303864,0.04674033917153183,0.22706422018348624,0.012788434806783431,0.04962468723936614,0.3051848762857937,Александровский,07-502-000-000,Александровский муниципальный округ,муниципальный округ,,1,,с Александровское,data-20210118-structure-20150128.csv,2021,9999,,,26,Ставропольский край,44.7124773,43.0005,1,44256.8,46217.0,308.1,1
827,11743,1362,7865,323,1268,29610,7049,0.39658899020601146,0.045997973657548125,0.2656197230665316,0.010908476865923675,0.042823370482944954,0.2380614657210402,Андроповский,07-503-000-000,Андроповский муниципальный округ,муниципальный округ,,1,,с Курсавка,data-20210118-structure-20150128.csv,2021,9999,,,26,Ставропольский край,44.4616429,42.5082311,1,47160.6,33305.0,309.1,1
828,10932,1268,7091,255,1521,27902,6835,0.39179987097699087,0.04544477098415884,0.25413948820873056,0.009139129811483048,0.05451222134614006,0.2449645186724966,Апанасенковский,07-505-000-000,Апанасенковский муниципальный округ,муниципальный округ,,1,,с Дивное,data-20210118-structure-20150128.csv,2021,9999,,,26,Ставропольский край,45.910305,43.341801,1,42531.2,29279.0,309.3,1
829,10469,1298,6214,212,1318,26453,6942,0.39575851510225685,0.04906815862095037,0.23490719389105205,0.00801421388878388,0.04982421653498658,0.2624277019619703,Арзгирский,07-507-000-000,Арзгирский муниципальный округ,муниципальный округ,,1,,с Арзгир,data-20210118-structure-20150128.csv,2021,9999,,,26,Ставропольский край,45.369194,44.212685,1,43853.2,22666.0,303.9,1
830,13114,1789,8144,1002,2367,36816,10400,0.35620382442416343,0.04859300304215559,0.22120817036071275,0.027216427640156454,0.06429269882659713,0.2824858757062147,Будённовский,07-512-000-000,Будённовский муниципальный округ,муниципальный округ,,1,,г Будённовск,data-20210118-structure-20150128.csv,2021,9999,,,26,Ставропольский край,44.780533,44.163357,1,54769.5,106466.0,302.0,2
831,10208,1132,6911,368,1195,26964,7150,0.3785788458685655,0.041981901794985906,0.2563047025663848,0.013647826731938881,0.04431835039311675,0.26516837264500814,Грачёвский,07-517-000-000,Грачёвский муниципальный округ,муниципальный округ,,1,,с Грачёвка,data-20210118-structure-20150128.csv,2021,9999,,,26,Ставропольский край,45.2028215,42.3990568,1,50188.1,37958.0,313.3,1
832,12397,1501,7273,565,1677,31548,8135,0.39295676429567644,0.04757829339419298,0.2305375935083048,0.017909217700012678,0.053157093952073034,0.25786103714974007,Кочубеевский,07-528-000-000,Кочубеевский муниципальный округ,муниципальный округ,,1,,с Кочубеевское,data-20210118-structure-20150128.csv,2021,9999,,,26,Ставропольский край,44.6867318,41.825956,1,53915.3,77707.0,313.6,1
833,12100,1362,6424,491,1356,29295,7562,0.41303976787847757,0.04649257552483359,0.21928656767366445,0.016760539341184502,0.04628776241679468,0.25813278716504523,Красногвардейский,07-530-000-000,Красногвардейский муниципальный округ,муниципальный округ,,1,,с Красногвардейское,data-20210118-structure-20150128.csv,2021,9999,,,26,Ставропольский край,45.840508,41.514591,1,58768.1,35678.0,317.4,1
834,7144,1254,7199,370,1773,25949,8209,0.27530926047246523,0.04832556167867741,0.27742880265135456,0.014258738294346603,0.06832633242128791,0.31635130448186827,Курский,07-533-000-000,Курский муниципальный округ,муниципальный округ,,1,,ст-ца Курская,data-20210118-structure-20150128.csv,2021,9999,,,26,Ставропольский край,44.0431414,44.4625266,1,46725.1,52260.0,298.5,1
835,9274,1307,6778,367,1208,25136,6202,0.3689528962444303,0.051997135582431575,0.26965308720560155,0.014600572883513685,0.04805856142584341,0.2467377466581795,Левокумский,07-536-000-000,Левокумский муниципальный округ,муниципальный округ,,1,,с Левокумское,data-20210118-structure-20150128.csv,2021,9999,,,26,Ставропольский край,44.822536,44.660427,1,46735.3,34715.0,299.9,1
836,9781,1325,7115,264,1235,27232,7512,0.3591730317273796,0.04865599294947121,0.2612735017626322,0.009694477085781434,0.04535105757931845,0.27585193889541715,Новоселицкий,07-544-000-000,Новоселицкий муниципальный округ,муниципальный округ,,1,,с Новоселицкое,data-20210118-structure-20150128.csv,2021,9999,,,26,Ставропольский край,44.7564658,43.434083,1,45695.6,24490.0,305.5,1
838,9259,1074,7028,242,1155,25672,6914,0.3606653162979121,0.04183546276098473,0.27376129635400437,0.009426612651916485,0.04499065129323777,0.26932066064194454,Степновский,07-552-000-000,Степновский муниципальный округ,муниципальный округ,,1,,с Степное,data-20210118-structure-20150128.csv,2021,9999,,,26,Ставропольский край,44.2688631,44.5944095,1,45790.3,20369.0,295.6,1
839,10906,1282,6899,366,1243,27589,6893,0.395302475624343,0.04646779513574251,0.25006343107760337,0.013266156801623836,0.04505418826343833,0.2498459530972489,Труновский,07-554-000-000,Труновский муниципальный округ,муниципальный округ,,1,,с Донское,data-20210118-structure-20150128.csv,2021,9999,,,26,Ставропольский край,45.4548156,41.9756382,1,52560.6,32211.0,315.9,1
840,8381,1220,7320,154,1410,25342,6857,0.3307158077499803,0.04814142530187041,0.2888485518112225,0.006076868439744298,0.05563886038986662,0.2705784863073159,Туркменский,07-556-000-000,Туркменский муниципальный округ,муниципальный округ,,1,,с Летняя Ставка,data-20210118-structure-20150128.csv,2021,9999,,,26,Ставропольский край,45.426357,43.44257,1,43555.6,22025.0,304.6,1
841,15133,1870,8787,1737,2890,42854,12437,0.3531292294768283,0.04363653334577869,0.20504503663601997,0.04053297241797732,0.06743827880711252,0.2902179493162832,Шпаковский,07-558-000-000,Шпаковский муниципальный округ,муниципальный округ,,1,,г Михайловск,data-20210118-structure-20150128.csv,2021,9999,,,26,Ставропольский край,45.1324913,42.0263304,1,59169.7,165229.0,316.6,2
842,20621,2773,6527,3062,3684,58667,22000,0.3514923210663576,0.04726677689331311,0.11125504968721768,0.052192885267697345,0.06279509775512639,0.3749978693302879,Хабаровск,08-701-000-000,городской округ город Хабаровск,городской округ,административный_центр_субъекта,2,08-655-000-000,г Хабаровск,data-20180110-structure-20150128.csv,2018,9999,,,27,Хабаровский край,48.4812568,135.0762968,1,106096.5,615570.0,173.3,5
843,20201,1991,6893,2465,3071,53165,18544,0.37996802407598984,0.03744944982601336,0.12965296717765448,0.046365089814727735,0.057763566255995484,0.3488009028496191,Комсомольск-на-Амуре,08-709-000-000,городской округ город Комсомольск-на-Амуре,городской округ,,2,08-620-000-000,г Комсомольск-на-Амуре,data-20180110-structure-20150128.csv,2018,9999,,,27,Хабаровский край,50.5497277,137.0099189,1,97973.0,235488.0,141.7,5
844,16083,1168,7037,1133,1191,41913,15301,0.38372342709899077,0.027867248824946914,0.1678954023811228,0.02703218571803498,0.028416004580917614,0.3650657313959869,Амурский,08-603-000-000,Амурский муниципальный район,муниципальный район,,1,,г Амурск,data-20180110-structure-20150128.csv,2018,9999,,,27,Хабаровский край,50.2265588,136.9100919,1,93168.1,55970.0,136.5,4
846,19875,1170,7137,1026,2144,46104,14752,0.43109057782404997,0.025377407600208225,0.15480218636127016,0.022254034357105674,0.04650355717508242,0.31997223668228353,Бикинский,08-609-000-000,Бикинский муниципальный район,муниципальный район,,1,,г Бикин,data-20180110-structure-20150128.csv,2018,9999,,,27,Хабаровский край,46.819363,134.254822,1,71458.5,21147.0,139.8,4
847,20593,1457,8407,1343,2154,49702,15748,0.41432940324333023,0.02931471570560541,0.1691481228119593,0.027021045430767374,0.043338296245623915,0.3168484165627138,Ванинский,08-612-000-000,Ванинский муниципальный район,муниципальный район,,1,,рп Ванино,data-20180110-structure-20150128.csv,2018,9999,,,27,Хабаровский край,49.090481,140.260864,1,115596.0,33535.0,135.5,4
848,20386,1334,5389,993,1390,44607,15115,0.45701347322169167,0.029905620194139934,0.12081063510211401,0.022261080099535948,0.03116102853812182,0.3388481628443966,Верхнебуреинский,08-614-000-000,Верхнебуреинский муниципальный район,муниципальный район,,1,,рп Чегдомын,data-20180110-structure-20150128.csv,2018,9999,,,27,Хабаровский край,51.134487,133.035553,1,131180.9,24441.0,138.1,4
849,17192,1298,5166,345,1468,37195,11726,0.46221266299233765,0.0348971635972577,0.13888963570372362,0.009275440247345073,0.039467670385804544,0.3152574270735314,Вяземский,08-617-000-000,Вяземский муниципальный район,муниципальный район,,1,,г Вяземский,data-20180110-structure-20150128.csv,2018,9999,,,27,Хабаровский край,47.533455,134.757874,1,60401.3,19202.0,141.7,3
851,15170,1002,5405,342,1242,33591,10430,0.4516090619511179,0.02982941859426632,0.1609061951117859,0.010181298562114853,0.036974189515048675,0.3104998362656664,Лазо,08-624-000-000,муниципальный район имени Лазо,муниципальный район,,1,,рп Переяславка,data-20180110-structure-20150128.csv,2018,9999,,,27,Хабаровский край,47.968636,135.054947,1,62910.4,37861.0,143.8,3
852,15758,1132,6933,713,1247,33665,7882,0.46808257834546263,0.0336254270013367,0.20594088816278033,0.021179266300311896,0.03704143769493539,0.23413040249517303,Нанайский,08-628-000-000,Нанайский муниципальный район,муниципальный район,,1,,с Троицкое,data-20180110-structure-20150128.csv,2018,9999,,,27,Хабаровский край,49.4412636,136.5486873372029,1,98058.1,13922.0,139.3,3
853,21570,1764,7104,1172,1796,50803,17397,0.42458122551817806,0.03472235891581206,0.1398342617561955,0.023069503769462433,0.0353522429777769,0.34244040706257506,Николаевский,08-631-000-000,Николаевский муниципальный район,муниципальный район,,1,,г Николаевск-на-Амуре,data-20180110-structure-20150128.csv,2018,9999,,,27,Хабаровский край,53.138729,140.72493,1,111410.9,23555.0,127.7,4
854,30995,2384,3355,1509,2095,55060,14722,0.5629313476207773,0.04329822012350164,0.06093352706138758,0.027406465673810387,0.03804940065383218,0.2673810388666909,Охотский,08-534-000-000,Охотский муниципальный округ,муниципальный округ,,1,,рп Охотск,data-20240101-structure-20150128.csv,2024,9999,,,27,Хабаровский край,59.3619947,143.2146511,2,128142.3,6326.0,,4
855,19708,1034,3427,943,1859,39855,12884,0.49449253544097355,0.025944047170994855,0.08598670179400326,0.023660770292309622,0.04664408480742692,0.3232718604942918,Полины Осипенко,08-637-000-000,муниципальный район имени Полины Осипенко,муниципальный район,,1,,с им Полины Осипенко,data-20180110-structure-20150128.csv,2018,9999,,,27,Хабаровский край,52.422848,136.48938,1,158798.8,3532.0,134.4,4
856,19942,1384,7812,1038,1918,47005,14911,0.4242527390703117,0.02944367620465908,0.1661950856291884,0.02208275715349431,0.04080416976917349,0.3172215721731731,Советско-Гаванский,08-642-000-000,Советско-Гаванский муниципальный район,муниципальный район,,1,,г Советская Гавань,data-20180110-structure-20150128.csv,2018,9999,,,27,Хабаровский край,48.9663026,140.284958,1,94696.8,36352.0,133.9,4
857,16322,1058,4386,573,753,36064,12972,0.4525842945874002,0.029336734693877552,0.12161712511091394,0.015888420585625555,0.020879547471162378,0.3596938775510204,Солнечный,08-644-000-000,Солнечный муниципальный район,муниципальный район,,1,,рп Солнечный,data-20180110-structure-20150128.csv,2018,9999,,,27,Хабаровский край,50.723808,136.64006,1,93058.4,26843.0,137.7,4
859,18057,1102,8256,340,1753,38568,9060,0.4681860609831985,0.028572910184609,0.21406347230864967,0.008815598423563576,0.045452188342667496,0.23490976975731176,Ульчский,08-650-000-000,Ульчский муниципальный район,муниципальный район,,1,,с Богородское,data-20180110-structure-20150128.csv,2018,9999,,,27,Хабаровский край,52.3825564,140.4500273781285,1,83409.1,13977.0,129.6,1
860,19197,1995,7112,2194,3290,52051,18263,0.36881135809110294,0.03832779389444967,0.13663522314652937,0.04215096732051257,0.06320723905400473,0.3508674184934007,Хабаровский,08-655-000-000,Хабаровский муниципальный район,муниципальный район,,3,08-701-000-000,г Хабаровск,data-20180110-structure-20150128.csv,2018,9999,,,27,Хабаровский край,48.4812568,135.0762968,1,82059.1,82380.0,399.3,5
870,15165,1188,4594,420,2104,33699,10228,0.45001335351197363,0.03525327161043355,0.13632452001543072,0.012463277842072466,0.06243508709457254,0.3035104899255171,Архаринский,10-505-000-000,Архаринский муниципальный округ,муниципальный округ,,1,,рп (пгт) Архара,data-20221219-structure-20150128.csv,2023,9999,,,28,Амурская область,49.4224283,130.0858308,2,86158.0,12372.0,144.0,2
871,17110,1597,5156,769,2198,40620,13790,0.42122107336287545,0.03931560807483998,0.12693254554406697,0.018931560807483996,0.05411127523387494,0.3394879369768587,Белогорский,10-508-000-000,Белогорский муниципальный округ,муниципальный округ,,3,10-710-000-000,г Белогорск,data-20210118-structure-20150128.csv,2021,9999,,,28,Амурская область,50.921326,128.47287,1,66226.2,17004.0,175.9,2
872,19677,2357,5238,2560,4227,53235,19176,0.36962524654832346,0.0442753827369212,0.09839391377852916,0.04808866347327886,0.07940264863341787,0.36021414482952946,Благовещенский,10-511-000-000,Благовещенский муниципальный округ,муниципальный округ,,3,10-701-000-000,г Благовещенск,data-20221219-structure-20150128.csv,2023,9999,,,28,Амурская область,50.2600417,127.5337378,2,77201.6,35810.0,236.1,5
873,15700,1208,4627,676,1144,34751,11396,0.4517855601277661,0.03476158959454404,0.13314724756122126,0.01945267762078789,0.032919915973641044,0.32793300912203965,Бурейский,10-515-000-000,Бурейский муниципальный округ,муниципальный округ,,1,,рп (пгт) Новобурейский,data-20220128-structure-20150128.csv,2021,9999,,,28,Амурская область,49.7939604,129.8734105,1,95304.5,16565.0,144.7,3
874,14193,1302,3831,455,1154,30998,10063,0.457868249564488,0.042002709852248535,0.12358861862055616,0.014678366346215884,0.03722820827150139,0.32463384734499,Завитинский,10-521-000-000,Завитинский муниципальный округ,муниципальный округ,,1,,г Завитинск,data-20220128-structure-20150128.csv,2021,9999,,,28,Амурская область,50.111154,129.4402341,1,71923.9,11590.0,145.2,3
875,17625,1492,5031,1604,1865,45655,18038,0.3860475303909758,0.03267988172160771,0.11019603548351768,0.03513306319132625,0.04084985215200964,0.39509363706056294,Зейский,10-525-000-000,Зейский муниципальный округ,муниципальный округ,,3,10-712-000-000,г Зея,data-20240101-structure-20150128.csv,2024,9999,,,28,Амурская область,53.7403584,127.2716246,2,126833.2,11287.0,149.5,4
876,16389,1507,4794,798,2107,38447,12852,0.426275131999896,0.03919681639659792,0.12469113324836788,0.02075584570967826,0.05480271542643119,0.33427835721902877,Ивановский,10-528-000-000,Ивановский муниципальный округ,муниципальный округ,,1,,с Ивановка,data-20220128-structure-20150128.csv,2021,9999,,,28,Амурская область,50.358143,128.003128,1,63576.6,20785.0,146.4,2
877,14808,1110,3922,555,1375,30473,8703,0.4859383716732845,0.0364256883142454,0.12870409871033373,0.0182128441571227,0.04512191120007876,0.2855970859449349,Константиновский,10-630-000-000,Константиновский муниципальный район,муниципальный район,,1,,с Константиновка,data-20180110-structure-20150128.csv,2018,9999,,,28,Амурская область,49.6180004,127.9852534,1,68337.8,10666.0,144.0,3
878,14657,1320,4905,843,1310,34742,11707,0.4218812964135628,0.0379943584134477,0.1411835818317886,0.02426457889586092,0.037706522364860974,0.33696966208047896,Магдагачинский,10-631-000-000,Магдагачинский муниципальный район,муниципальный район,,1,,рп (пгт) Магдагачи,data-20180110-structure-20150128.csv,2018,9999,,,28,Амурская область,53.4509086,125.8035421,1,119224.4,16478.0,148.3,3
879,16188,892,3911,600,2054,34139,10494,0.47417909136178565,0.026128474764931603,0.11456105919915639,0.017575207240985383,0.06016579278830663,0.3073903746448344,Мазановский,10-632-000-000,Мазановский муниципальный район,муниципальный район,,1,,с Новокиевский Увал,data-20180110-structure-20150128.csv,2018,9999,,,28,Амурская область,51.6624387,128.920503,1,65854.3,9173.0,145.7,2
880,16613,1244,4614,421,1447,34251,9912,0.48503693322822694,0.03632010744211848,0.13471139528772882,0.012291611923739452,0.04224694169513299,0.2893930104230533,Михайловский,10-635-000-000,Михайловский муниципальный район,муниципальный район,,1,,с Поярково,data-20180110-structure-20150128.csv,2018,9999,,,28,Амурская область,49.621155,128.65097,1,70692.2,12248.0,144.0,3
881,17464,1611,4975,941,2089,38051,10971,0.4589629707497832,0.0423379149036819,0.13074557830280414,0.02472996767496255,0.05490000262805182,0.2883235657407164,Октябрьский,10-638-000-000,Октябрьский муниципальный район,муниципальный район,,1,,с Екатеринославка,data-20180110-structure-20150128.csv,2018,9999,,,28,Амурская область,50.371284,129.107193,1,74927.2,18390.0,145.9,2
882,15285,1421,4457,384,1485,30951,7919,0.49384511001260056,0.04591127911860683,0.14400180931149237,0.012406707376175245,0.047979063681302704,0.2558560304998223,Ромненский,10-540-000-000,Ромненский муниципальный округ,муниципальный округ,,1,,с Ромны,data-20210118-structure-20150128.csv,2021,9999,,,28,Амурская область,50.718391,129.290924,1,60963.8,7209.0,145.7,1
883,14541,1163,4077,2007,1223,33187,10176,0.4381534938379486,0.035043842468436434,0.12284930846415765,0.06047548738964052,0.036851779311176065,0.3066260885286407,Свободненский,10-642-000-000,Свободненский муниципальный район,муниципальный район,,3,10-730-000-000,г Свободный,data-20180110-structure-20150128.csv,2018,9999,,,28,Амурская область,51.377354,128.13475,1,227512.1,11318.0,165.1,3
884,16794,1592,6128,1316,1090,42645,15725,0.3938093563137531,0.037331457380701136,0.14369797162621645,0.03085942079962481,0.025559854613671006,0.36874193926603355,Селемджинский,10-645-000-000,Селемджинский муниципальный район,муниципальный район,,1,,рп (пгт) Экимчан,data-20180110-structure-20150128.csv,2018,9999,,,28,Амурская область,53.068481,132.940369,1,129060.5,7107.0,138.1,4
885,16397,1222,4365,526,1444,35426,11472,0.4628521424942133,0.034494439112516234,0.12321458815559194,0.014847851860215661,0.04076102297747417,0.3238299553999887,Серышевский,10-547-000-000,Серышевский муниципальный округ,муниципальный округ,,1,,рп (пгт) Серышево,data-20221219-structure-20150128.csv,2023,9999,,,28,Амурская область,51.091206,128.38092,2,64016.9,20859.0,147.1,3
886,15857,1249,6017,634,1346,36531,11428,0.43406969423229586,0.03419013988119679,0.1647094248720265,0.017355123046179956,0.036845418959240095,0.3128301990090608,Сковородинский,10-549-000-000,Сковородинский муниципальный округ,муниципальный округ,,1,,г Сковородино,data-20221219-structure-20150128.csv,2023,9999,,,28,Амурская область,53.9862567,123.9373454,2,107406.7,19790.0,149.2,3
888,18330,1292,7387,1417,1805,48675,18444,0.3765793528505393,0.026543400102722138,0.15176168464304057,0.029111453518233178,0.037082691319979454,0.37892141756548536,Тындинский,10-554-000-000,Тындинский муниципальный округ,муниципальный округ,,3,10-732-000-000,г Тында,data-20220128-structure-20150128.csv,2021,9999,,,28,Амурская область,55.149694,124.7375884,1,142195.3,13370.0,158.4,4
889,16608,1441,4690,718,1651,37937,12829,0.43777842212088464,0.03798402614861481,0.12362601154545694,0.018926114347470806,0.043519519202889,0.3381659066346838,Шимановский,10-555-000-000,Шимановский муниципальный округ,муниципальный округ,,3,10-740-000-000,г Шимановск,data-20221219-structure-20150128.csv,2023,9999,,,28,Амурская область,51.9987022,127.6719156,2,123760.6,5003.0,152.5,3
890,18946,2151,7816,2449,2568,49738,15808,0.3809159998391572,0.043246612248180466,0.157143431581487,0.04923800715750533,0.05163054405082633,0.3178254051228437,Архангельск,11-701-000-000,городской округ город Архангельск,городской округ,административный_центр_субъекта,2,11-652-000-000;11-552-000-000,г Архангельск,data-20180110-structure-20150128.csv,2018,9999,,,29,Архангельская область,64.543022,40.537121,1,91197.6,301376.0,261.4,2
891,16757,1645,6841,1543,1331,39238,11121,0.4270605025740354,0.04192364544574137,0.17434629695703144,0.039324124573117895,0.03392119883786126,0.28342423161221264,Коряжма,11-708-000-000,городской округ город Коряжма,городской округ,,1,,г Коряжма,data-20180110-structure-20150128.csv,2018,9999,,,29,Архангельская область,61.3152522,47.1607291,1,73622.2,33663.0,287.4,3
892,17054,1709,7453,1600,1994,42591,12781,0.4004132328426193,0.04012584818388862,0.1749900213660163,0.03756662205630298,0.04681740273766758,0.3000868728135052,Котлас,11-710-000-000,городской округ Котлас,городской округ,,2,11-627-000-000;11-527-000-000,г Котлас,data-20180110-structure-20150128.csv,2018,9999,,,29,Архангельская область,61.252151,46.647629,1,78418.5,66838.0,296.1,2
895,15118,1216,6174,953,762,33347,9124,0.45335412480882836,0.03646504932977479,0.1851440909227217,0.028578282904009357,0.022850631241191112,0.2736078207934747,Новодвинск,11-715-000-000,городской округ город Новодвинск,городской округ,,1,,г Новодвинск,data-20180110-structure-20150128.csv,2018,9999,,,29,Архангельская область,64.419212,40.793793,1,80850.2,32639.0,260.0,3
896,19507,2099,8386,3051,2608,51675,16024,0.3774939525882922,0.0406192549588776,0.16228350266086114,0.05904208998548621,0.050469279148524435,0.3100919206579584,Северодвинск,11-730-000-000,городской округ Северодвинск,городской округ,,1,,г Северодвинск,data-20180110-structure-20150128.csv,2018,9999,,,29,Архангельская область,64.563385,39.823769,1,92164.9,156310.0,253.6,5
897,16608,1339,7741,1190,1774,37333,8681,0.4448611148313824,0.03586639166421129,0.20735006562558594,0.031875284600755366,0.04751828141322691,0.23252886186483807,Вельский,11-605-000-000,Вельский муниципальный район,муниципальный район,,1,,г Вельск,data-20180110-structure-20150128.csv,2018,9999,,,29,Архангельская область,61.0756446,42.0979582,1,71844.4,44862.0,299.2,2
898,13139,1043,5639,237,823,27372,6491,0.48001607482098496,0.03810463247113839,0.20601344439573285,0.008658483121437965,0.03006722197866433,0.2371401432120415,Верхнетоемский,11-508-000-000,Верхнетоемский муниципальный округ,муниципальный округ,,1,,с Верхняя Тойма,data-20220128-structure-20150128.csv,2022,9999,,,29,Архангельская область,62.2353641,45.0007897,1,65286.4,10925.0,276.0,3
899,12354,1275,6559,512,1491,30737,8546,0.40192601750333473,0.04148095129648307,0.21339102710088817,0.01665744867748967,0.04850831245729902,0.2780362429645053,Вилегодский,11-511-000-000,муниципальный округ Вилегодский,муниципальный округ,,1,,с Ильинско-Подомское,data-20210225-structure-20150128.csv,2021,9999,,,29,Архангельская область,61.115704,47.97831,1,63714.0,8586.0,284.8,3
900,16362,1114,6484,429,1230,31690,6071,0.5163142947301989,0.035153045124645,0.2046071315872515,0.013537393499526665,0.03881350583780372,0.1915746292205743,Виноградовский,11-514-000-000,Виноградовский муниципальный округ,муниципальный округ,,1,,п Березник,data-20220128-structure-20150128.csv,2022,9999,,,29,Архангельская область,62.855541,42.710133,1,64888.9,12371.0,276.5,1
901,15986,1226,6776,699,1411,33363,7265,0.4791535533375296,0.0367472949075323,0.20309924167490934,0.020951353295566945,0.0422923597997782,0.21775619698468363,Каргопольский,11-518-000-000,муниципальный округ Каргопольский,муниципальный округ,,1,,г Каргополь,data-20210118-structure-20150128.csv,2021,9999,,,29,Архангельская область,61.509121,38.940796,1,59758.9,14660.0,287.1,3
902,16360,950,6790,607,1481,34638,8450,0.47231364397482534,0.027426525780934234,0.19602748426583522,0.017524106472660086,0.04275651019111958,0.24395172931462555,Коношский,11-622-000-000,Коношский муниципальный район,муниципальный район,,1,,рп Коноша,data-20180110-structure-20150128.csv,2018,9999,,,29,Архангельская область,60.973812,40.25671,1,73751.9,17807.0,297.0,3
903,11154,791,5312,429,1116,28776,9974,0.3876146788990826,0.02748818459827634,0.1845982763413956,0.014908256880733946,0.03878231859883236,0.3466082846816792,Котласский,11-527-000-000,Котласский муниципальный округ,муниципальный округ,,3,11-710-000-000,г Котлас,data-20221219-structure-20150128.csv,2023,9999,,,29,Архангельская область,61.252151,46.647629,2,94195.2,17119.0,314.5,3
904,13321,931,5531,377,1072,27151,5919,0.49062649626164784,0.034289713086074175,0.2037125704393945,0.013885308091782992,0.03948289197451291,0.2180030201465876,Красноборский,11-530-000-000,Красноборский муниципальный округ,муниципальный округ,,1,,с Красноборск,data-20240101-structure-20150128.csv,2024,9999,,,29,Архангельская область,61.556374,45.934135,2,66348.3,10008.0,284.5,3
905,16039,1281,7443,705,1682,36789,9639,0.4359727092337383,0.03482019081790753,0.20231590964690532,0.01916333686699829,0.04572018809970371,0.2620076653347468,Ленский,11-635-000-000,Ленский муниципальный район,муниципальный район,,1,,с Яренск,data-20180110-structure-20150128.csv,2018,9999,,,29,Архангельская область,62.172482,49.088966,1,87595.2,9646.0,274.4,3
907,15097,1037,4227,256,1037,27147,5493,0.5561203816259623,0.03819943271816407,0.15570781301801304,0.009430139610270012,0.03819943271816407,0.20234280030942645,Мезенский,11-542-000-000,Мезенский муниципальный округ,муниципальный округ,,1,,г Мезень,data-20221219-structure-20150128.csv,2023,9999,,,29,Архангельская область,65.843956,44.244141,2,106476.5,7098.0,240.9,1
908,16778,1133,7250,733,1418,36488,9176,0.4598224073668055,0.031051304538478403,0.19869546152159615,0.020088796316597237,0.03886209164656874,0.25147993860995393,Няндомский,11-544-000-000,Няндомский муниципальный округ,муниципальный округ,,1,,г Няндома,data-20221219-structure-20150128.csv,2023,9999,,,29,Архангельская область,61.6612985,40.1970404,2,80817.5,22613.0,287.6,3
909,17911,1276,6620,784,1224,36481,8666,0.4909679010992023,0.034977111373043504,0.18146432389463008,0.02149063896274773,0.033551711850004114,0.23754831282037225,Онежский,11-646-000-000,Онежский муниципальный район,муниципальный район,,1,,г Онега,data-20180110-structure-20150128.csv,2018,9999,,,29,Архангельская область,63.911644,38.094822,1,73165.6,23456.0,250.5,3
911,17289,1211,6922,809,1498,36967,9238,0.4676873968674764,0.03275894716909676,0.1872480861308735,0.021884383368950686,0.04052262829009657,0.2498985581735061,Плесецкий,11-550-000-000,Плесецкий муниципальный округ,муниципальный округ,,1,,рп Плесецк,data-20220128-structure-20150128.csv,2022,9999,,,29,Архангельская область,62.709524,40.2843885,1,70221.1,33077.0,270.1,3
912,15809,1265,8378,1704,2318,43083,13609,0.36694287770118145,0.02936192929925957,0.19446185270292227,0.03955156326161131,0.05380312420212149,0.31587865283290395,Приморский,11-552-000-000,Приморский муниципальный округ,муниципальный округ,,3,11-701-000-000,г Архангельск,data-20240101-structure-20150128.csv,2024,9999,,,29,Архангельская область,64.543022,40.537121,2,86680.3,28908.0,325.4,2
913,15608,1233,7206,799,1496,34211,7869,0.4562275291572886,0.036041039431761714,0.21063400660606238,0.023355061237613634,0.04372862529595744,0.23001373827131624,Устьянский,11-554-000-000,Устьянский муниципальный округ,муниципальный округ,,1,,рп Октябрьский,data-20230126-structure-20150128.csv,2023,9999,,,29,Архангельская область,61.090485,43.171482,2,75235.7,23280.0,293.7,3
914,13875,786,6523,243,727,27420,5266,0.5060175054704595,0.028665207877461706,0.23789204959883298,0.008862144420131291,0.02651349380014588,0.19204959883296863,Холмогорский,11-556-000-000,Холмогорский муниципальный округ,муниципальный округ,,1,,с Холмогоры,data-20221219-structure-20150128.csv,2023,9999,,,29,Архангельская область,64.2270008,41.6512435,2,71012.4,17957.0,261.9,3
915,14277,1182,6355,459,1095,29844,6476,0.47838761560112586,0.03960595094491355,0.21294062458115534,0.015379975874547648,0.0366907921190189,0.2169950408792387,Шенкурский,11-558-000-000,Шенкурский муниципальный округ,муниципальный округ,,1,,г Шенкурск,data-20221219-structure-20150128.csv,2023,9999,,,29,Архангельская область,62.1059279,42.9076435,2,60597.0,10436.0,283.4,3
916,21302,1714,8381,2585,2332,55602,19288,0.3831157152620409,0.030826229272328334,0.15073198805798352,0.046491133412467175,0.04194093737635337,0.34689399661882664,Нарьян-Мар,11-851-000-000,городской округ город Нарьян-Мар,городской округ,административный_центр_субъекта,1,,г Нарьян-Мар,data-20180110-structure-20150128.csv,2018,9999,,,83,Ненецкий автономный округ,67.6380175,53.0071044,1,113701.9,24266.0,209.7,4
917,22052,1354,6964,1625,2323,51796,17478,0.42574716194300716,0.026141014750173757,0.1344505367209823,0.031373079002239554,0.044849023090586145,0.337439184493011,Заполярный,11-811-000-000,муниципальный район Заполярный район,муниципальный район,,1,,рп Искателей,data-20180110-structure-20150128.csv,2018,9999,,,83,Ненецкий автономный округ,67.676239,53.129215,1,158968.4,17958.0,210.2,4
918,14213,1849,7249,1869,2587,40138,12371,0.3541033434650456,0.046066072051422595,0.18060192336439285,0.04656435298221137,0.06445263839752853,0.30821166973939906,Астрахань,12-701-000-000,городской округ город Астрахань,городской округ,административный_центр_субъекта,1,,г Астрахань,data-20180110-structure-20150128.csv,2018,9999,,,30,Астраханская область,46.3498308,48.0326203,1,66194.2,465524.0,285.7,2
920,12620,1256,7198,589,1450,31862,8749,0.39608310840499655,0.03941999874458603,0.22591174439771514,0.018485970748854434,0.04550875651245998,0.2745904211913879,Ахтубинский,12-605-000-000,Ахтубинский муниципальный район,муниципальный район,,1,,г Ахтубинск,data-20180110-structure-20150128.csv,2018,9999,,,30,Астраханская область,48.2848132,46.1643706,1,54862.5,57030.0,306.0,3
922,11152,1094,6412,322,1325,25441,5136,0.4383475492315554,0.04300145434534806,0.25203411815573284,0.01265673519122676,0.05208128611296726,0.20187885696316968,Енотаевский,12-615-000-000,Енотаевский муниципальный район,муниципальный район,,1,,с Енотаевка,data-20180110-structure-20150128.csv,2018,9999,,,30,Астраханская область,47.2443998,47.0354919,1,69842.0,25039.0,293.7,1
923,10533,876,6994,213,763,24664,5285,0.4270596821277976,0.03551735322737593,0.28357119688614985,0.008636068764190723,0.03093577684073954,0.21427992215374636,Икрянинский,12-620-000-000,Икрянинский муниципальный район,муниципальный район,,1,,с Икряное,data-20180110-structure-20150128.csv,2018,9999,,,30,Астраханская область,46.0979213,47.7362688,1,40442.6,47744.0,288.3,3
924,9986,914,5688,244,968,23155,5355,0.4312675448067372,0.039473115957676524,0.24564888792917297,0.010537680846469446,0.04180522565320665,0.2312675448067372,Камызякский,12-625-000-000,Камызякский муниципальный район,муниципальный район,,1,,г Камызяк,data-20180110-structure-20150128.csv,2018,9999,,,30,Астраханская область,46.120527,48.0815617,1,39760.6,46892.0,286.7,1
925,9620,791,5140,241,1055,22250,5403,0.43235955056179776,0.03555056179775281,0.23101123595505618,0.010831460674157304,0.04741573033707865,0.2428314606741573,Красноярский,12-630-000-000,Красноярский муниципальный район,муниципальный район,,1,,с Красный Яр,data-20180110-structure-20150128.csv,2018,9999,,,30,Астраханская область,46.5329449,48.3526951,1,109649.2,35860.0,287.8,1
926,10956,1115,6176,352,1334,26404,6471,0.414937130737767,0.042228450234812906,0.23390395394637176,0.013331313437357975,0.050522648083623695,0.24507650356006666,Лиманский,12-635-000-000,Лиманский муниципальный район,муниципальный район,,1,,рп Лиман,data-20180110-structure-20150128.csv,2018,9999,,,30,Астраханская область,45.7835085,47.2255472,1,49802.5,27717.0,284.5,1
927,13111,1521,6836,1555,2746,35742,9973,0.36682334508421466,0.042554977337586036,0.19125958256393039,0.04350623915841307,0.07682838117620726,0.2790274746796486,Наримановский,12-640-000-000,Наримановский муниципальный район,муниципальный район,,1,,г Нариманов,data-20180110-structure-20150128.csv,2018,9999,,,30,Астраханская область,46.6798783,47.86102647452168,1,78100.7,47528.0,290.7,2
928,13472,1569,7668,1648,3096,38493,11040,0.3499857116878394,0.04076065778193438,0.19920505026888005,0.04281297898319175,0.08043020808978256,0.2868053931883719,Приволжский,12-642-000-000,Приволжский муниципальный район,муниципальный район,,1,,с Началово,data-20180110-structure-20150128.csv,2018,9999,,,30,Астраханская область,46.3387984,48.194564,1,50571.5,66669.0,291.9,2
929,10334,1043,5791,356,1496,24866,5846,0.41558754926405533,0.041944824258023004,0.2328882811871632,0.014316737714147832,0.06016247084372235,0.2351001367328883,Харабалинский,12-645-000-000,Харабалинский муниципальный район,муниципальный район,,1,,г Харабали,data-20180110-structure-20150128.csv,2018,9999,,,30,Астраханская область,47.4083742,47.2538899,1,51867.3,39434.0,291.1,1
930,10436,943,6604,169,1229,24719,5338,0.4221853634855779,0.03814879242687811,0.26716291112100005,0.006836846150734253,0.049718839758889924,0.21594724705691978,Черноярский,12-650-000-000,Черноярский муниципальный район,муниципальный район,,1,,с Черный Яр,data-20180110-structure-20150128.csv,2018,9999,,,30,Астраханская область,48.061531,46.113724,1,51028.8,19298.0,306.0,1
986,18305,2350,7932,1862,2892,47263,13922,0.3873008484438144,0.04972176967183632,0.16782684129234285,0.03939656813998265,0.061189513996149206,0.2945644584558746,Владимир,17-701-000-000,городской округ город Владимир,городской округ,административный_центр_субъекта,1,,г Владимир,data-20180110-structure-20150128.csv,2018,9999,,,33,Владимирская область,56.1288899,40.4075203,1,73898.5,346685.0,408.0,2
987,15816,1642,7083,1009,1628,37413,10235,0.4227407585598589,0.043888487958730925,0.18931922059177292,0.02696923529254537,0.043514286477962204,0.2735680111191297,Гусь-Хрустальный,17-720-000-000,городской округ город Гусь-Хрустальный,городской округ,,2,17-620-000-000,г Гусь-Хрустальный,data-20180110-structure-20150128.csv,2018,9999,,,33,Владимирская область,55.6149968,40.6708665,1,62463.2,51182.0,424.6,3
988,16226,1964,7646,1889,2342,43359,13292,0.3742244977974584,0.045296247607186514,0.1763417052976314,0.04356650291750271,0.054014160843192875,0.3065568855370281,Ковров,17-725-000-000,городской округ город Ковров,городской округ,,2,17-635-000-000,г Ковров,data-20180110-structure-20150128.csv,2018,9999,,,33,Владимирская область,56.374603,41.311676,1,72958.9,128879.0,409.7,2
989,15603,1918,6881,1320,2377,39202,11103,0.3980154073771746,0.04892607520024488,0.17552675883883476,0.033671751441253,0.060634661496862405,0.28322534564563034,Муром,17-735-000-000,городской округ округ Муром,городской округ,,2,17-644-000-000,г Муром,data-20180110-structure-20150128.csv,2018,9999,,,33,Владимирская область,55.5738,42.0447,1,66886.9,112091.0,394.3,2
991,17078,1983,8973,1481,2280,44057,12262,0.38763420114851216,0.045009873572871506,0.20366797557709332,0.033615543500465306,0.05175114056790067,0.27832126563315707,Александровский,17-605-000-000,Александровский муниципальный район,муниципальный район,,1,,г Александров,data-20180110-structure-20150128.csv,2018,9999,,,33,Владимирская область,56.39211265,38.71124026724134,1,63364.6,102657.0,426.7,2
992,14547,1386,6495,715,1759,34004,9102,0.4278026114574756,0.040759910598753085,0.19100694035995766,0.021026938007293258,0.05172920832843195,0.26767439124808845,Вязниковский,17-610-000-000,Вязниковский муниципальный район,муниципальный район,,1,,г Вязники,data-20180110-structure-20150128.csv,2018,9999,,,33,Владимирская область,56.2469403,42.1585948,1,49634.9,66875.0,386.8,2
993,14571,1121,7143,258,1210,33044,8741,0.4409575111971916,0.033924464350562886,0.21616632368962596,0.007807771456240164,0.03661784287616511,0.26452608643021425,Гороховецкий,17-615-000-000,Гороховецкий муниципальный район,муниципальный район,,1,,г Гороховец,data-20180110-structure-20150128.csv,2018,9999,,,33,Владимирская область,56.20657,42.679035,1,62567.8,19901.0,383.7,3
994,12491,775,7037,359,663,25980,4655,0.4807929176289453,0.029830638953040802,0.27086220169361047,0.013818321785989223,0.025519630484988454,0.1791762894534257,Гусь-Хрустальный,17-620-000-000,Гусь-Хрустальный муниципальный район,муниципальный район,,3,17-720-000-000,г Гусь-Хрустальный,data-20180110-structure-20150128.csv,2018,9999,,,33,Владимирская область,55.6149968,40.6708665,1,56544.8,38749.0,434.9,3
995,13763,1239,6643,445,957,31971,8924,0.43048387601263643,0.03875387069531763,0.2077820524850646,0.013918863970473242,0.029933377123017735,0.27912795971349036,Камешковский,17-625-000-000,Камешковский муниципальный район,муниципальный район,,1,,г Камешково,data-20180110-structure-20150128.csv,2018,9999,,,33,Владимирская область,56.3462575,40.997098,1,65450.0,30466.0,396.5,3
996,17907,1813,9249,1254,2172,43829,11434,0.40856510529558054,0.04136530607588583,0.21102466403522782,0.02861119350201921,0.049556229893449544,0.26087750119783704,Киржачский,17-630-000-000,Киржачский муниципальный район,муниципальный район,,1,,г Киржач,data-20180110-structure-20150128.csv,2018,9999,,,33,Владимирская область,56.1592229,38.8721255,1,77759.5,37950.0,441.6,2
998,17123,1807,7731,1065,1679,41226,11821,0.41534468539271335,0.04383156260612235,0.18752728860427886,0.02583321205064765,0.04072672585261728,0.28673652549362055,Кольчугинский,17-640-000-000,Кольчугинский муниципальный район,муниципальный район,,1,,г Кольчугино,data-20180110-structure-20150128.csv,2018,9999,,,33,Владимирская область,56.2939784,39.3759931,1,65080.0,47188.0,421.3,3
999,12341,1176,5910,386,923,27374,6638,0.4508292540366771,0.04296047344195222,0.21589829765470886,0.01410097172499452,0.03371812668955944,0.24249287645210785,Меленковский,17-642-000-000,Меленковский муниципальный район,муниципальный район,,1,,г Меленки,data-20180110-structure-20150128.csv,2018,9999,,,33,Владимирская область,55.3368374,41.6314063,1,50159.1,31240.0,381.6,3
1001,17789,1843,9175,1609,2102,44521,12003,0.39956425057837874,0.04139619505401945,0.20608252285438333,0.036140248422092944,0.04721367444576716,0.26960310864535836,Петушинский,17-646-000-000,Петушинский муниципальный район,муниципальный район,,1,,г Петушки,data-20180110-structure-20150128.csv,2018,9999,,,33,Владимирская область,55.92980185,39.4508310119064,1,78611.2,58074.0,433.1,2
1002,12486,940,6188,258,645,26807,6290,0.465773865035252,0.03506546797478271,0.23083522960420785,0.009624351848397807,0.024060879620994517,0.23464020591636514,Селивановский,17-648-000-000,Селивановский муниципальный район,муниципальный район,,1,,п Красная Горбатка,data-20180110-structure-20150128.csv,2018,9999,,,33,Владимирская область,55.8651703,41.7662028,1,52714.3,16758.0,385.4,3
1003,15120,1201,7000,604,1217,34074,8932,0.4437400950871632,0.035246815753947294,0.20543522920702,0.017726125491577156,0.03571638199213477,0.26213535246815756,Собинский,17-650-000-000,Собинский муниципальный район,муниципальный район,,1,,г Собинка,data-20180110-structure-20150128.csv,2018,9999,,,33,Владимирская область,55.9903976,40.0150802,1,68552.5,48500.0,416.3,3
1004,13704,1306,6761,378,1208,30538,7181,0.4487523740912961,0.04276638941646473,0.2213962931429694,0.012378020826511233,0.039557272905887744,0.2351496496168708,Судогодский,17-652-000-000,Судогодский муниципальный район,муниципальный район,,1,,г Судогда,data-20180110-structure-20150128.csv,2018,9999,,,33,Владимирская область,55.95650075,40.87630713906415,1,53831.4,34005.0,401.2,3
1005,15830,1631,8489,1076,2034,39451,10391,0.40125725583635397,0.04134242478010697,0.21517832247598287,0.027274340320904412,0.051557628450482874,0.2633900281361689,Суздальский,17-654-000-000,Суздальский муниципальный район,муниципальный район,,1,,г Суздаль,data-20180110-structure-20150128.csv,2018,9999,,,33,Владимирская область,56.4193908,40.4487893,1,63652.3,46532.0,399.1,2
1006,14971,1315,7089,410,1080,34150,9285,0.43838945827232795,0.03850658857979502,0.20758418740849194,0.012005856515373352,0.03162518301610542,0.2718887262079063,Юрьев-Польский,17-656-000-000,Юрьев-Польский муниципальный район,муниципальный район,,1,,г Юрьев-Польский,data-20180110-structure-20150128.csv,2018,9999,,,33,Владимирская область,56.4971948,39.67864,1,58722.3,30784.0,408.7,3
1007,14958,2151,7157,1962,2596,41446,12622,0.3609033441104087,0.05189885634319355,0.1726825266611977,0.04733870578584182,0.06263571876658786,0.30454084833277034,Волгоград,18-701-000-000,городской округ город-герой Волгоград,городской округ,административный_центр_субъекта,1,,г Волгоград,data-20180110-structure-20150128.csv,2018,9999,,,34,Волгоградская область,48.6484138,44.3849755901299,1,68989.9,1018898.0,325.6,2
1008,14609,1963,6643,1694,2334,38683,11440,0.37765943696197296,0.05074580565106119,0.17172918336220044,0.04379184654757904,0.06033658196106817,0.2957371455161182,Волжский,18-710-000-000,городской округ город Волжский,городской округ,,1,,г Волжский,data-20180110-structure-20150128.csv,2018,9999,,,34,Волгоградская область,48.7862021,44.7519454,1,67975.6,315220.0,332.9,2
1009,15056,1780,7093,1147,1977,38789,11736,0.38815128000206245,0.04588929851246487,0.18286112042073785,0.029570238985279333,0.05096805795457475,0.30256000412488077,Камышин,18-715-000-000,городской округ город Камышин,городской округ,,2,18-618-000-000,г Камышин,data-20180110-structure-20150128.csv,2018,9999,,,34,Волгоградская область,50.0808422,45.4048003,1,50409.5,105187.0,350.9,2
1010,12778,1620,6986,857,2011,33246,8994,0.3843469891114721,0.04872766648619383,0.21013054202009265,0.025777537147325995,0.060488479817120855,0.2705287854177946,Михайловка,18-720-000-000,городской округ город Михайловка,городской округ,,1,,г Михайловка,data-20180110-structure-20150128.csv,2018,9999,,,34,Волгоградская область,50.0797109,43.2342365,1,51608.4,82402.0,336.7,2
1011,13512,1708,6699,584,1984,33142,8655,0.4077001991430813,0.05153581558143745,0.20213022750588377,0.01762114537444934,0.059863617162512824,0.26114899523263535,Урюпинск,18-725-000-000,городской округ город Урюпинск,городской округ,,2,18-654-000-000,г Урюпинск,data-20180110-structure-20150128.csv,2018,9999,,,34,Волгоградская область,50.7970972,42.0051866,1,47746.3,35085.0,363.9,1
1012,13009,1328,6203,473,1534,30409,7862,0.4278009799730343,0.04367128152849485,0.20398566213949818,0.015554605544411194,0.05044559176559571,0.25854187904896575,Фролово,18-728-000-000,городской округ город Фролово,городской округ,,2,18-656-000-000,г Фролово,data-20180110-structure-20150128.csv,2018,9999,,,34,Волгоградская область,49.7645711,43.6539516,1,52506.0,34173.0,339.8,1
1013,11217,1326,7263,263,1819,28650,6762,0.3915183246073298,0.04628272251308901,0.25350785340314136,0.00917975567190227,0.06349040139616056,0.23602094240837695,Алексеевский,18-602-000-000,Алексеевский муниципальный район,муниципальный район,,1,,ст-ца Алексеевская,data-20180110-structure-20150128.csv,2018,9999,,,34,Волгоградская область,50.2909025,42.1849358,1,56323.5,14771.0,337.0,1
1014,10850,1081,6455,267,1418,25149,5078,0.4314286850371784,0.04298381645393455,0.2566702453377868,0.010616724323034713,0.05638395164817687,0.20191657719988867,Быковский,18-604-000-000,Быковский муниципальный район,муниципальный район,,1,,рп Быково,data-20180110-structure-20150128.csv,2018,9999,,,34,Волгоградская область,49.7665,45.3831,1,47241.5,24854.0,312.2,1
1015,12009,1397,7221,839,1464,31531,8601,0.38086327740953346,0.04430560400875329,0.22901271764295456,0.026608734261520408,0.04643049697123466,0.27277916970600363,Городищенский,18-605-000-000,Городищенский муниципальный район,муниципальный район,,1,,рп Городище,data-20180110-structure-20150128.csv,2018,9999,,,34,Волгоградская область,48.810127,44.476082,1,64417.6,59927.0,345.2,3
1016,11114,1141,7229,373,1207,27200,6136,0.4086029411764706,0.041948529411764704,0.2657720588235294,0.013713235294117648,0.044375,0.22558823529411764,Даниловский,18-606-000-000,Даниловский муниципальный район,муниципальный район,,1,,рп Даниловка,data-20180110-structure-20150128.csv,2018,9999,,,34,Волгоградская область,50.3519626,44.1205144,1,46810.3,12175.0,330.6,1
1017,12217,1321,6919,543,1118,27633,5515,0.4421163102088083,0.0478051604965078,0.2503890276119133,0.019650417978503962,0.040458871638982374,0.19958021206528426,Дубовский,18-608-000-000,Дубовский муниципальный район,муниципальный район,,1,,г Дубовка,data-20180110-structure-20150128.csv,2018,9999,,,34,Волгоградская область,49.06052,44.830776,1,59846.7,28637.0,331.8,1
1018,11773,1461,6697,409,1809,29057,6908,0.40516915029080774,0.05028048318821626,0.2304780259489968,0.014075782083491068,0.06225694324947517,0.23773961523901296,Еланский,18-610-000-000,Еланский муниципальный район,муниципальный район,,1,,рп Елань,data-20180110-structure-20150128.csv,2018,9999,,,34,Волгоградская область,50.946434,43.743038,1,53337.8,27976.0,337.2,1
1019,11933,1197,6958,577,1373,28846,6808,0.41367953962421133,0.041496221313180336,0.24121195313041668,0.020002773348124524,0.04759758718713167,0.23601192539693544,Жирновский,18-612-000-000,Жирновский муниципальный район,муниципальный район,,1,,г Жирновск,data-20180110-structure-20150128.csv,2018,9999,,,34,Волгоградская область,50.978779,44.778908,1,51685.6,35986.0,333.4,1
1020,11445,1073,6375,601,1165,27282,6623,0.4195073674950517,0.03932996114654351,0.23367055201231582,0.022029176746572832,0.0427021479363683,0.24276079466314787,Иловлинский,18-614-000-000,Иловлинский муниципальный район,муниципальный район,,1,,рп Иловля,data-20180110-structure-20150128.csv,2018,9999,,,34,Волгоградская область,49.306286,43.979027,1,55517.8,30650.0,332.5,3
1021,13895,1516,7158,777,1754,33409,8309,0.41590589362147923,0.04537699422311353,0.21425364422760335,0.023257206142057528,0.052500823131491514,0.24870543865425485,Калачевский,18-616-000-000,Калачевский муниципальный район,муниципальный район,,1,,г Калач-на-Дону,data-20180110-structure-20150128.csv,2018,9999,,,34,Волгоградская область,48.6818764,43.5379998,1,50032.6,50507.0,325.9,2
1023,11185,1487,6319,220,1632,28278,7435,0.3955371667020299,0.052585048447556404,0.22345993351722188,0.0077798995685692054,0.057712709526840655,0.262925242237782,Киквидзенский,18-620-000-000,Киквидзенский муниципальный район,муниципальный район,,1,,ст-ца Преображенская,data-20180110-structure-20150128.csv,2018,9999,,,34,Волгоградская область,50.741516,43.056446,1,44522.5,14536.0,337.9,1
1024,11363,1121,6400,142,1328,27469,7115,0.4136663147548145,0.04080963995777058,0.23298991590520224,0.005169463759146674,0.04834540755032946,0.2590192580727365,Клетский,18-622-000-000,Клетский муниципальный район,муниципальный район,,1,,ст-ца Клетская,data-20180110-structure-20150128.csv,2018,9999,,,34,Волгоградская область,49.311558,43.059322,1,48814.3,15893.0,325.1,1
1025,13170,1439,8526,540,1636,33356,8045,0.39483151457009236,0.04314066434824319,0.2556061877923012,0.016188991485789662,0.049046648279170164,0.2411859935244034,Котельниковский,18-624-000-000,Котельниковский муниципальный район,муниципальный район,,1,,г Котельниково,data-20180110-structure-20150128.csv,2018,9999,,,34,Волгоградская область,47.6332274,43.14109,1,91629.7,36842.0,314.3,1
1026,12953,1394,6246,537,1126,29272,7016,0.4425047827275212,0.04762230117518448,0.21337797212353102,0.018345176277671495,0.03846679420606723,0.2396829734900246,Котовский,18-626-000-000,Котовский муниципальный район,муниципальный район,,1,,г Котово,data-20180110-structure-20150128.csv,2018,9999,,,34,Волгоградская область,50.322208,44.801643,1,57339.3,28608.0,328.0,3
1027,10843,1330,6400,269,1259,24961,4860,0.4343976603501462,0.053283121669804895,0.256399983975001,0.01077681182644926,0.05043868434758223,0.19470373783101638,Кумылженский,18-646-000-000,Кумылженский муниципальный район,муниципальный район,,1,,ст-ца Кумылженская,data-20180110-structure-20150128.csv,2018,9999,,,34,Волгоградская область,49.8800246,42.5912737,1,46230.3,17511.0,330.1,1
1028,11239,1235,6342,194,1037,26675,6628,0.42133083411433925,0.04629803186504217,0.2377507029053421,0.007272727272727273,0.03887535145267104,0.24847235238987816,Ленинский,18-630-000-000,Ленинский муниципальный район,муниципальный район,,1,,г Ленинск,data-20180110-structure-20150128.csv,2018,9999,,,34,Волгоградская область,48.7102843,45.20405224111999,1,42144.1,27111.0,325.1,1
1029,9970,1245,7247,145,1506,26160,6047,0.3811162079510703,0.047591743119266054,0.27702599388379207,0.005542813455657492,0.057568807339449544,0.2311544342507645,Нехаевский,18-634-000-000,Нехаевский муниципальный район,муниципальный район,,1,,ст-ца Нехаевская,data-20180110-structure-20150128.csv,2018,9999,,,34,Волгоградская область,50.408291,41.752254,1,46399.0,12813.0,337.4,1
1030,11412,1226,7179,317,1198,27607,6275,0.41337341978483716,0.04440902669612779,0.26004274278262757,0.011482594994023255,0.04339479117615098,0.2272974245662332,Николаевский,18-636-000-000,Николаевский муниципальный район,муниципальный район,,1,,г Николаевск,data-20180110-structure-20150128.csv,2018,9999,,,34,Волгоградская область,50.02859125000001,45.46389913481958,1,48588.8,28193.0,310.3,1
1031,12224,1260,7184,620,1840,30594,7466,0.3995554683924953,0.04118454598940969,0.2348172844348565,0.020265411518598418,0.0601425116035824,0.24403477806105772,Новоаннинский,18-638-000-000,Новоаннинский муниципальный район,муниципальный район,,1,,г Новоаннинский,data-20180110-structure-20150128.csv,2018,9999,,,34,Волгоградская область,50.529675,42.667362,1,48591.7,31431.0,342.1,2
1032,12943,1406,6994,305,1453,30148,7047,0.42931537747114235,0.04663659280880987,0.23198885498208838,0.010116757330502853,0.048195568528592275,0.23374684887886427,Новониколаевский,18-640-000-000,Новониколаевский муниципальный район,муниципальный район,,1,,рп Новониколаевский,data-20180110-structure-20150128.csv,2018,9999,,,34,Волгоградская область,50.97493,42.366272,1,48614.9,19463.0,347.8,1
1033,11919,1225,7386,274,1469,27385,5112,0.4352382691254336,0.04473251780171627,0.26970969508855214,0.010005477451159393,0.0536425050209969,0.1866715355121417,Октябрьский,18-642-000-000,Октябрьский муниципальный район,муниципальный район,,1,,рп Октябрьский,data-20180110-structure-20150128.csv,2018,9999,,,34,Волгоградская область,47.968594,43.653126,1,51795.1,20005.0,315.5,1
1034,11100,1166,7236,287,1145,27568,6634,0.4026407428903076,0.04229541497388276,0.2624782356355194,0.010410621009866512,0.04153366221706326,0.2406413232733604,Ольховский,18-643-000-000,Ольховский муниципальный район,муниципальный район,,1,,с Ольховка,data-20180110-structure-20150128.csv,2018,9999,,,34,Волгоградская область,49.852688,44.562557,1,57618.6,15780.0,330.1,1
1035,11500,1142,6062,310,1161,27066,6891,0.42488731249538164,0.04219315746693268,0.22397103376930466,0.011453484075962462,0.0428951452006207,0.2545998669917978,Палласовский,18-645-000-000,Палласовский муниципальный район,муниципальный район,,1,,г Палласовка,data-20180110-structure-20150128.csv,2018,9999,,,34,Волгоградская область,50.04529814999999,46.89316089497515,1,45990.7,37911.0,314.0,1
1036,11554,1329,7477,483,1509,29204,6852,0.3956307355156828,0.04550746473085879,0.25602657170250653,0.01653883029721956,0.05167100397205862,0.23462539378167374,Руднянский,18-647-000-000,Руднянский муниципальный район,муниципальный район,,1,,рп Рудня,data-20180110-structure-20150128.csv,2018,9999,,,34,Волгоградская область,50.796791,44.556606,1,45232.0,14070.0,332.2,1
1037,11513,1326,7216,823,1835,31330,8617,0.36747526332588576,0.04232365145228216,0.23032237472071496,0.026268751994893074,0.05857006064474944,0.27503989786147465,Светлоярский,18-649-000-000,Светлоярский муниципальный район,муниципальный район,,1,,рп Светлый Яр,data-20180110-structure-20150128.csv,2018,9999,,,34,Волгоградская область,48.477432,44.785168,1,60865.2,33189.0,321.6,2
1038,11990,1225,6369,367,1481,27478,6046,0.4363490792634107,0.04458111944100735,0.23178542834267413,0.01335613945702016,0.053897663585413785,0.22003056991047384,Серафимовичский,18-650-000-000,Серафимовичский муниципальный район,муниципальный район,,1,,г Серафимович,data-20180110-structure-20150128.csv,2018,9999,,,34,Волгоградская область,49.580608,42.730164,1,47142.2,21811.0,328.9,1
1039,13326,1596,7319,1317,2042,35345,9745,0.377026453529495,0.04515490168340642,0.20707313622860377,0.03726128165228462,0.05777337671523554,0.2757108501909747,Среднеахтубинский,18-651-000-000,Среднеахтубинский муниципальный район,муниципальный район,,1,,рп Средняя Ахтуба,data-20180110-structure-20150128.csv,2018,9999,,,34,Волгоградская область,48.7128782,44.86866064696045,1,63569.6,61526.0,336.5,2
1040,9893,1159,6855,306,1403,26403,6787,0.3746922698178237,0.043896526909820856,0.25962958754686966,0.01158959209180775,0.05313790099609893,0.25705412263757904,Старополтавский,18-652-000-000,Старополтавский муниципальный район,муниципальный район,,1,,с Старая Полтавка,data-20180110-structure-20150128.csv,2018,9999,,,34,Волгоградская область,50.475101,46.480801,1,45600.5,16630.0,320.7,1
1041,12065,1270,6442,359,1641,28781,7004,0.419200166776693,0.044126333344915045,0.22382822000625413,0.012473506827420868,0.057016781904728815,0.24335499113998818,Суровикинский,18-653-000-000,Суровикинский муниципальный район,муниципальный район,,1,,г Суровикино,data-20180110-structure-20150128.csv,2018,9999,,,34,Волгоградская область,48.605141,42.844147,1,41045.0,33010.0,325.1,1
1044,11876,1233,6143,276,1499,26139,5112,0.4543402578522514,0.047170894066337656,0.23501281609855007,0.010558934924824974,0.05734725888519071,0.19556983817284518,Чернышковский,18-658-000-000,Чернышковский муниципальный район,муниципальный район,,1,,рп Чернышковский,data-20180110-structure-20150128.csv,2018,9999,,,34,Волгоградская область,48.422199,42.225616,1,47213.5,12986.0,323.5,1
1047,14816,903,6183,614,1635,32251,8100,0.4593966078571207,0.02799913180986636,0.1917149855818424,0.01903816935908964,0.05069610244643577,0.2511550029456451,Бабаевский,19-505-000-000,Бабаевский муниципальный округ,муниципальный округ,,1,,г Бабаево,data-20221219-structure-20150128.csv,2023,9999,,,35,Вологодская область,59.3887129,35.9499951,2,72929.0,18827.0,320.2,2
1048,12442,892,4780,372,1383,26640,6771,0.467042042042042,0.033483483483483484,0.17942942942942944,0.013963963963963964,0.05191441441441441,0.25416666666666665,Бабушкинский,19-508-000-000,Бабушкинский муниципальный округ,муниципальный округ,,1,,с им Бабушкина,data-20221219-structure-20150128.csv,2023,9999,,,35,Вологодская область,59.7567364,43.1335636,2,54216.2,9515.0,308.4,2
1049,12048,985,5760,3402,1340,32835,9300,0.366925536774783,0.02999847723465814,0.1754225673823664,0.10360895386021014,0.04081011116186996,0.2832343535861124,Белозерский,19-510-000-000,Белозерский муниципальный округ,муниципальный округ,,1,,г Белозерск,data-20221219-structure-20150128.csv,2023,9999,,,35,Вологодская область,60.03199,37.7842189,2,58608.9,13265.0,308.9,3
1051,14962,1280,5727,815,1840,35160,10536,0.42554038680318546,0.03640500568828214,0.1628839590443686,0.023179749715585892,0.05233219567690557,0.29965870307167236,Великоустюгский,19-514-000-000,Великоустюгский муниципальный округ,муниципальный округ,,1,,г Великий Устюг,data-20230112-structure-20150128.csv,2023,9999,,,35,Вологодская область,60.7612852,46.3014666,2,55556.5,49167.0,297.3,2
1052,14941,993,6140,295,1306,30575,6900,0.4886672117743254,0.03247751430907604,0.2008176614881439,0.00964840556009812,0.04271463614063777,0.22567457072771874,Верховажский,19-516-000-000,Верховажский муниципальный округ,муниципальный округ,,1,,с Верховажье,data-20221219-structure-20150128.csv,2023,9999,,,35,Вологодская область,60.7451617,42.047316,2,50373.1,12428.0,304.6,1
1053,14875,915,5440,360,1093,29338,6655,0.5070216101983775,0.031188220055900197,0.18542504601540663,0.012270775103960734,0.03725543663508078,0.22683891199127412,Вожегодский,19-518-000-000,Вожегодский муниципальный округ,муниципальный округ,,1,,рп Вожега,data-20221219-structure-20150128.csv,2023,9999,,,35,Вологодская область,60.4736301,40.2121613,2,61437.4,13654.0,303.4,3
1054,15344,1537,7187,1384,2091,38968,11425,0.3937589817285978,0.03944261958530076,0.18443338123588585,0.03551632108396633,0.05365941285157052,0.2931892835146787,Вологодский,19-520-000-000,Вологодский муниципальный округ,муниципальный округ,,3,19-701-000-000,г Вологда,data-20230126-structure-20150128.csv,2023,9999,,,35,Вологодская область,59.2189391,39.8933913,2,62777.5,52112.0,468.2,2
1055,18031,1156,6603,514,1921,37323,9098,0.4831069313827934,0.030972858559065456,0.1769150389840045,0.013771668944082736,0.05146960319374112,0.24376389893631273,Вытегорский,19-622-000-000,Вытегорский муниципальный район,муниципальный район,,1,,г Вытегра,data-20180110-structure-20150128.csv,2018,9999,,,35,Вологодская область,61.006498,36.4514921,1,70995.3,21919.0,295.6,2
1056,14184,1116,5148,512,1053,29556,7543,0.47990255785627284,0.037758830694275276,0.17417783191230207,0.01732304777371769,0.0356272838002436,0.25521044796318854,Грязовецкий,19-524-000-000,Грязовецкий муниципальный округ,муниципальный округ,,1,,г Грязовец,data-20221219-structure-20150128.csv,2023,9999,,,35,Вологодская область,58.8841692,40.2515006,2,70749.0,31660.0,344.7,3
1057,14769,893,5805,454,1077,31256,8258,0.4725172766828769,0.028570514461223447,0.1857243409265421,0.014525211159457384,0.03445738418223701,0.2642052725876632,Кадуйский,19-526-000-000,Кадуйский муниципальный округ,муниципальный округ,,1,,рп Кадуй,data-20221219-structure-20150128.csv,2023,9999,,,35,Вологодская область,59.199219,37.148609,2,72910.8,16433.0,323.0,3
1058,11902,943,6422,343,1134,28672,7928,0.4151088169642857,0.03288922991071429,0.22398158482142858,0.011962890625,0.03955078125,0.27650669642857145,Кирилловский,19-528-000-000,Кирилловский муниципальный округ,муниципальный округ,,1,,г Кириллов,data-20240101-structure-20150128.csv,2024,9999,,,35,Вологодская область,59.8590575,38.3758696,2,55213.1,14038.0,315.9,3
1059,11821,949,4720,743,1707,28568,8628,0.413784654158499,0.0332189862783534,0.1652198263791655,0.026008120974516942,0.05975217026043125,0.30201624194903387,Кичменгско-Городецкий,19-530-000-000,Кичменгско-Городецкий муниципальный округ,муниципальный округ,,1,,с Кичменгский Городок,data-20221219-structure-20150128.csv,2023,9999,,,35,Вологодская область,59.9923379,45.8055674,2,47517.9,14278.0,305.5,2
1060,11913,1156,5965,74,619,24641,4914,0.4834625218132381,0.04691368045128039,0.24207621443934904,0.003003124873178848,0.0251207337364555,0.1994237246864981,Междуреченский,19-532-000-000,Междуреченский муниципальный округ,муниципальный округ,,1,,с Шуйское,data-20221219-structure-20150128.csv,2023,9999,,,35,Вологодская область,59.3746522,41.0282183,2,51162.5,4834.0,326.1,3
1061,13795,973,5340,399,1837,30013,7669,0.4596341585313031,0.03241928497651018,0.17792290007663347,0.013294239163029353,0.06120681038216773,0.25552260687035616,Никольский,19-534-000-000,Никольский муниципальный округ,муниципальный округ,,1,,г Никольск,data-20240101-structure-20150128.csv,2024,9999,,,35,Вологодская область,59.5304186,45.4585029,2,48311.4,18641.0,311.0,2
1062,13110,942,5504,547,1610,29082,7369,0.4507943057561378,0.03239116979574995,0.18925796025032665,0.018808885221098963,0.05536070421566605,0.25338697476102057,Нюксенский,19-536-000-000,Нюксенский муниципальный округ,муниципальный округ,,1,,с Нюксеница,data-20221219-structure-20150128.csv,2023,9999,,,35,Вологодская область,60.419796,44.254551,2,71691.6,8427.0,301.3,2
1063,15313,1410,6230,750,1576,35467,10188,0.43175346096371275,0.03975526545803141,0.1756562438322948,0.021146417796825218,0.044435672597062055,0.28725293935207374,Сокольский,19-538-000-000,Сокольский муниципальный округ,муниципальный округ,,1,,г Сокол,data-20221219-structure-20150128.csv,2023,9999,,,35,Вологодская область,59.462799,40.112858,2,60325.8,44621.0,329.2,3
1064,13015,858,4807,256,1221,26134,5977,0.49801025484043776,0.03283079513277722,0.18393663426953394,0.009795668477844953,0.04672074691972144,0.2287059003596847,Сямженский,19-540-000-000,Сямженский муниципальный округ,муниципальный округ,,1,,с Сямжа,data-20221219-structure-20150128.csv,2023,9999,,,35,Вологодская область,60.021656,41.060516,2,58762.2,8005.0,314.8,1
1065,14556,1170,5192,251,1589,28785,6027,0.5056800416883793,0.04064616988014591,0.18037172138266458,0.008719819350356088,0.05520236234149731,0.20937988535695676,Тарногский,19-542-000-000,Тарногский муниципальный округ,муниципальный округ,,1,,с Тарногский Городок,data-20221219-structure-20150128.csv,2023,9999,,,35,Вологодская область,60.50661565,43.56205408043196,2,53705.2,10381.0,298.2,1
1066,13726,981,5884,587,1202,31064,8684,0.44186196240020603,0.031579963945403036,0.1894154004635591,0.01889647180015452,0.038694308524336855,0.27955189286634047,Тотемский,19-546-000-000,Тотемский муниципальный округ,муниципальный округ,,1,,г Тотьма,data-20221219-structure-20150128.csv,2023,9999,,,35,Вологодская область,59.9736254,42.7587335,2,62840.2,21923.0,311.0,3
1067,12832,932,5715,268,1254,27404,6403,0.46825280980878703,0.03400963363012699,0.2085461976353817,0.009779594219821924,0.045759743103196616,0.23365202160268575,Усть-Кубинский,19-548-000-000,Усть-Кубинский муниципальный округ,муниципальный округ,,1,,с Устье,data-20221219-structure-20150128.csv,2023,9999,,,35,Вологодская область,59.631699,39.726299,2,52990.2,7282.0,321.6,1
1068,14493,1029,7055,591,1246,31559,7145,0.4592350834944073,0.032605595868056655,0.22354954212744382,0.018726829113723503,0.039481605881048196,0.2264013435153205,Устюженский,19-550-000-000,Устюженский муниципальный округ,муниципальный округ,,1,,г Устюжна,data-20230208-structure-20150128.csv,2023,9999,,,35,Вологодская область,58.8428204,36.4296982,2,51007.9,15130.0,334.4,3
1069,15992,997,4316,257,927,30687,8198,0.521132727213478,0.03248932772835403,0.14064587610388765,0.008374881871802391,0.030208231498680224,0.2671489555837977,Харовский,19-552-000-000,Харовский муниципальный округ,муниципальный округ,,1,,г Харовск,data-20221219-structure-20150128.csv,2023,9999,,,35,Вологодская область,59.9533237,40.2068249,2,56509.7,12814.0,314.5,3
1070,13870,1262,7585,523,1421,35435,10774,0.3914209115281501,0.035614505432482006,0.2140539015098067,0.014759418653873289,0.04010159446874559,0.3040496684069423,Чагодощенский,19-554-000-000,Чагодощенский муниципальный округ,муниципальный округ,,1,,рп Чагода,data-20221219-structure-20150128.csv,2023,9999,,,35,Вологодская область,59.16383,35.329369,2,65786.9,10919.0,321.8,3
1071,15704,1382,5910,1341,2413,36598,9848,0.4290944860374884,0.03776162631837805,0.16148423411115362,0.03664134652166785,0.06593256462101754,0.26908574239029454,Череповецкий,19-656-000-000,Череповецкий муниципальный район,муниципальный район,,3,19-730-000-000,г Череповец,data-20180110-structure-20150128.csv,2018,9999,,,35,Вологодская область,59.128696,37.916389,1,77639.9,39202.0,448.4,2
1072,15302,1136,6722,942,1356,35161,9703,0.43519808879155886,0.0323085236483604,0.1911777253206678,0.026791046898552374,0.03856545604504991,0.2759591592958107,Шекснинский,19-658-000-000,Шекснинский муниципальный район,муниципальный район,,1,,рп Шексна,data-20180110-structure-20150128.csv,2018,9999,,,35,Вологодская область,59.2069457,38.5009851,1,64438.2,28758.0,325.4,3
1107,16420,2002,7662,1939,2455,43968,13490,0.3734534206695779,0.04553311499272198,0.17426310043668122,0.044100254730713245,0.055836062590975254,0.3068140465793304,Иваново,24-701-000-000,городской округ Иваново,городской округ,административный_центр_субъекта,2,24-607-000-000,г Иваново,data-20180110-structure-20150128.csv,2018,9999,,,37,Ивановская область,56.9984452,40.9737394,1,60499.5,358437.0,405.9,2
1108,11971,1030,6362,393,877,28262,7629,0.42357228787771567,0.036444696058311514,0.22510791876017266,0.013905597622248956,0.031031066449649706,0.2699384332319015,Вичуга,24-703-000-000,городской округ Вичуга,городской округ,,2,24-601-000-000,г Вичуга,data-20180110-structure-20150128.csv,2018,9999,,,37,Ивановская область,57.2200735,41.9239228,1,38989.2,29623.0,380.9,3
1109,14185,1374,6905,857,1843,35417,10253,0.4005138775164469,0.03879492898890363,0.1949628709376853,0.024197419318406414,0.05203715729734308,0.2894937459412147,Кинешма,24-705-000-000,городской округ Кинешма,городской округ,,2,24-611-000-000,г Кинешма,data-20180110-structure-20150128.csv,2018,9999,,,37,Ивановская область,57.4426901,42.1687834,1,45411.7,74804.0,367.7,2
1110,14390,1279,7492,1159,1375,36427,10732,0.39503664863974525,0.03511131852746589,0.20567161720701677,0.031817058775084416,0.03774672632937107,0.2946166305213166,Кохма,24-706-000-000,городской округ Кохма,городской округ,,1,,г Кохма,data-20180110-structure-20150128.csv,2018,9999,,,37,Ивановская область,56.9315448,41.0939402,1,48308.4,30181.0,384.9,3
1111,12519,1103,6401,755,1208,30947,8961,0.4045303260412964,0.03564158076711798,0.20683749636475265,0.024396548938507772,0.039034478301612434,0.28955956958671275,Тейково,24-707-000-000,городской округ Тейково,городской округ,,2,24-629-000-000,г Тейково,data-20180110-structure-20150128.csv,2018,9999,,,37,Ивановская область,56.8554753,40.5405863,1,43157.2,30506.0,394.6,3
1112,13877,1442,6755,943,1385,34128,9726,0.40661626816690105,0.04225269573370839,0.19793131739334272,0.027631270511017346,0.04058251289263948,0.284985935302391,Шуя,24-711-000-000,городской округ Шуя,городской округ,,2,24-633-000-000,г Шуя,data-20180110-structure-20150128.csv,2018,9999,,,37,Ивановская область,56.8558465,41.3838496,1,53084.6,53312.0,396.5,3
1113,12486,958,7005,269,712,27804,6374,0.44907207596029347,0.034455474032513304,0.25194216659473456,0.009674866925622213,0.02560782621205582,0.22924759027478062,Вичугский,24-601-000-000,Вичугский муниципальный район,муниципальный район,,3,24-703-000-000,г Вичуга,data-20180110-structure-20150128.csv,2018,9999,,,37,Ивановская область,57.2200735,41.9239228,1,39526.4,15732.0,392.4,3
1115,11163,924,6485,257,1030,26470,6611,0.4217227049489989,0.034907442387608616,0.2449943332074046,0.009709104646769929,0.03891197582168492,0.24975443898753305,Гаврилово-Посадский,24-603-000-000,Гаврилово-Посадский муниципальный район,муниципальный район,,1,,г Гаврилов Посад,data-20180110-structure-20150128.csv,2018,9999,,,37,Ивановская область,56.5585501,40.1205669,1,47938.5,11865.0,396.7,3
1116,13180,1231,7076,569,1398,31079,7625,0.4240805688728724,0.03960873901991699,0.22767785321278033,0.018308182373950255,0.04498214228257023,0.24534251423790984,Заволжский,24-605-000-000,Заволжский муниципальный район,муниципальный район,,1,,г Заволжск,data-20180110-structure-20150128.csv,2018,9999,,,37,Ивановская область,57.47784385,42.14006934304795,1,41322.1,12153.0,357.7,3
1117,14454,1721,8766,1698,2524,43086,13923,0.33546859768834425,0.039943369075801885,0.2034535580002785,0.03940955298704916,0.05858051339182101,0.3231444088567052,Ивановский,24-607-000-000,Ивановский муниципальный район,муниципальный район,,3,24-701-000-000,г Иваново,data-20180110-structure-20150128.csv,2018,9999,,,37,Ивановская область,56.9984452,40.9737394,1,62846.8,40478.0,622.7,2
1118,10143,787,6531,95,778,22990,4656,0.44119182253153544,0.03423227490213136,0.28408003479773813,0.004132231404958678,0.03384080034797738,0.20252283601565899,Ильинский,24-609-000-000,Ильинский муниципальный район,муниципальный район,,1,,п Ильинское-Хованское,data-20180110-structure-20150128.csv,2018,9999,,,37,Ивановская область,56.9713637,39.7714702,1,42474.4,7336.0,388.7,1
1119,12568,896,6389,358,1023,29954,8720,0.4195766842491821,0.029912532549909863,0.2132937170327836,0.011951659210789879,0.0341523669626761,0.2911130399946585,Кинешемский,24-611-000-000,Кинешемский муниципальный район,муниципальный район,,3,24-705-000-000,г Кинешма,data-20180110-structure-20150128.csv,2018,9999,,,37,Ивановская область,57.4426901,42.1687834,1,43331.1,17408.0,395.3,3
1120,11700,1043,7571,317,586,29677,8460,0.3942447012838225,0.035145061832395456,0.2551133874717795,0.010681672675809549,0.01974593119250598,0.285069245543687,Комсомольский,24-613-000-000,Комсомольский муниципальный район,муниципальный район,,1,,г Комсомольск,data-20180110-structure-20150128.csv,2018,9999,,,37,Ивановская область,57.027321,40.377602,1,55184.8,19537.0,380.4,3
1121,10883,728,6453,139,715,25267,6349,0.43071991134681603,0.028812284798353585,0.25539240907112043,0.005501246685399929,0.028297779712668697,0.2512763683856413,Лежневский,24-614-000-000,Лежневский муниципальный район,муниципальный район,,1,,п Лежнево,data-20180110-structure-20150128.csv,2018,9999,,,37,Ивановская область,56.775677,40.887329,1,58888.5,14905.0,387.0,3
1122,11997,623,5059,165,561,24402,5997,0.49164002950577823,0.025530694205393,0.20731907220719614,0.0067617408409146795,0.02298991885910991,0.24575854438160807,Лухский,24-615-000-000,Лухский муниципальный район,муниципальный район,,1,,п Лух,data-20180110-structure-20150128.csv,2018,9999,,,37,Ивановская область,57.007736,42.252235,1,40833.5,7399.0,364.3,3
1123,12440,1035,7127,146,710,28268,6810,0.440073581434838,0.03661383896985991,0.2521225413895571,0.005164850714588934,0.02511673977642564,0.24090844771473044,Палехский,24-617-000-000,Палехский муниципальный район,муниципальный район,,1,,п Палех,data-20180110-structure-20150128.csv,2018,9999,,,37,Ивановская область,56.8023842,41.8539925,1,48758.0,8518.0,373.3,3
1124,11400,410,5675,53,689,23362,5135,0.4879719202123106,0.017549867305881345,0.24291584624604057,0.0022686413834431983,0.029492337984761578,0.2198013868675627,Пестяковский,24-619-000-000,Пестяковский муниципальный район,муниципальный район,,1,,п Пестяки,data-20180110-structure-20150128.csv,2018,9999,,,37,Ивановская область,56.7087539,42.6705083,1,42939.3,4744.0,366.2,3
1125,12924,1174,6804,450,1077,30883,8454,0.41848266036330667,0.03801444160217595,0.22031538386814753,0.014571123271702879,0.03487355503027555,0.2737428358643914,Приволжский,24-620-000-000,Приволжский муниципальный район,муниципальный район,,1,,г Приволжск,data-20180110-structure-20150128.csv,2018,9999,,,37,Ивановская область,57.380333,41.281178,1,49070.0,21589.0,370.2,3
1126,11805,927,5921,134,681,24723,5255,0.4774905958014804,0.03749544958136149,0.2394935889657404,0.005420054200542005,0.027545200825142578,0.21255511062573312,Пучежский,24-621-000-000,Пучежский муниципальный район,муниципальный район,,1,,г Пучеж,data-20180110-structure-20150128.csv,2018,9999,,,37,Ивановская область,56.9820977,43.168062,1,42853.9,10538.0,358.4,3
1127,13448,1087,6197,521,713,29291,7325,0.4591171349561299,0.03711037520057355,0.21156669284080434,0.017787033559796526,0.024341948038646682,0.250076815404049,Родниковский,24-623-000-000,Родниковский муниципальный район,муниципальный район,,1,,г Родники,data-20180110-structure-20150128.csv,2018,9999,,,37,Ивановская область,57.105225,41.72839,1,44956.0,29807.0,371.4,3
1128,11831,919,6394,216,315,26019,6344,0.45470617625581305,0.035320342826396095,0.24574349513816826,0.008301625735039779,0.012106537530266344,0.24382182251431647,Савинский,24-625-000-000,Савинский муниципальный район,муниципальный район,,1,,п Савино,data-20180110-structure-20150128.csv,2018,9999,,,37,Ивановская область,56.5907172,41.2151323,1,44763.1,9719.0,377.6,3
1129,12005,895,5602,310,917,25875,6146,0.46396135265700483,0.034589371980676326,0.2165024154589372,0.011980676328502415,0.035439613526570046,0.23752657004830918,Тейковский,24-629-000-000,Тейковский муниципальный район,муниципальный район,,3,24-707-000-000,г Тейково,data-20180110-structure-20150128.csv,2018,9999,,,37,Ивановская область,56.8554753,40.5405863,1,41697.3,9988.0,408.5,3
1130,12591,1108,6133,463,751,28536,7490,0.4412321278385198,0.038828146902158675,0.21492150266330248,0.016225119147743203,0.026317633865993832,0.262475469582282,Фурмановский,24-631-000-000,Фурмановский муниципальный район,муниципальный район,,1,,г Фурманов,data-20180110-structure-20150128.csv,2018,9999,,,37,Ивановская область,57.248756,41.10923,1,55508.6,33630.0,374.0,3
1131,13535,1174,6786,738,1405,32565,8927,0.415630277905727,0.03605097497313066,0.20838323353293414,0.022662367572547214,0.043144480270228776,0.2741286657454322,Шуйский,24-633-000-000,Шуйский муниципальный район,муниципальный район,,3,24-711-000-000,г Шуя,data-20180110-structure-20150128.csv,2018,9999,,,37,Ивановская область,56.8558465,41.3838496,1,42714.8,19184.0,425.0,3
1132,12639,902,6608,296,969,28178,6764,0.448541415288523,0.032010788558449854,0.23450919156788985,0.010504649016963588,0.03438853005891121,0.24004542550926256,Южский,24-635-000-000,Южский муниципальный район,муниципальный район,,1,,г Южа,data-20180110-structure-20150128.csv,2018,9999,,,37,Ивановская область,56.5840428,42.0109249,1,46097.5,19100.0,373.1,3
1133,12094,912,6791,185,795,26316,5539,0.45956832345341236,0.034655722754217966,0.2580559355525156,0.007029943760449916,0.030209758321933424,0.21048031615747073,Юрьевецкий,24-637-000-000,Юрьевецкий муниципальный район,муниципальный район,,1,,г Юрьевец,data-20180110-structure-20150128.csv,2018,9999,,,37,Ивановская область,57.30654364999999,43.10327169573893,1,39515.0,11464.0,351.4,3
1134,17233,2487,6768,2860,3340,48813,16125,0.35304119804150536,0.05094954213017024,0.1386515887161207,0.05859094913240325,0.06842439514063876,0.3303423268391617,Иркутск,25-701-000-000,городской округ город Иркутск,городской округ,административный_центр_субъекта,2,25-612-000-000,г Иркутск,data-20180110-structure-20150128.csv,2018,9999,,,38,Иркутская область,52.2891225,104.279829,1,100088.5,606369.0,232.6,5
1135,16309,1906,6189,2058,2394,42045,13189,0.38789392317754784,0.04533238197169699,0.1471994291830182,0.04894755618979665,0.05693899393506957,0.3136877155428707,Ангарский,25-703-000-000,городской округ Ангарский,городской округ,,1,,г Ангарск,data-20220425-structure-20150128.csv,2018,9999,,,38,Иркутская область,52.5443167,103.8882138,1,81000.1,217365.0,186.3,2
1136,18762,1904,6942,1797,2458,45311,13448,0.41407163823354154,0.042020701374942064,0.1532078303281764,0.03965924389221161,0.05424731301449979,0.2967932731566286,Братск,25-714-000-000,городской округ город Братск,городской округ,,2,25-604-000-000,г Братск,data-20180110-structure-20150128.csv,2018,9999,,,38,Иркутская область,56.1517085,101.6334907,1,92229.0,220097.0,201.9,2
1137,15231,1262,5748,519,1909,33335,8666,0.4569071546422679,0.037858107094645266,0.17243137843107845,0.015569221538923053,0.05726713664316784,0.2599670016499175,Зима,25-720-000-000,городской округ Зима,городской округ,,1,,г Зима,data-20180110-structure-20150128.csv,2018,9999,,,38,Иркутская область,53.9211241,102.0491543,1,78591.9,29877.0,191.0,2
1138,15778,1546,6013,855,1557,36673,10924,0.43023477762931855,0.04215635481144166,0.16396258828020616,0.02331415482780247,0.042456303002208706,0.2978758214490224,Саянск,25-726-000-000,городской округ город Саянск,городской округ,,1,,г Саянск,data-20180110-structure-20150128.csv,2018,9999,,,38,Иркутская область,54.1123301,102.1785158,1,68906.5,35724.0,185.8,3
1139,16205,1353,6140,623,2241,36644,10082,0.4422279227158607,0.03692282501910272,0.16755812684204782,0.01700141905905469,0.061155987337626894,0.2751337190263072,Тулун,25-732-000-000,городской округ город Тулун,городской округ,,2,25-638-000-000,г Тулун,data-20180110-structure-20150128.csv,2018,9999,,,38,Иркутская область,54.562096,100.579216,1,66572.9,37583.0,194.3,2
1140,16231,1904,6285,1461,2234,40835,12720,0.3974776539733072,0.04662666829925309,0.15391208522101138,0.03577813150483654,0.054707971103220274,0.3114974898983715,Усолье-Сибирское,25-736-000-000,городской округ город Усолье-Сибирское,городской округ,,1,,г Усолье-Сибирское,data-20180110-structure-20150128.csv,2018,9999,,,38,Иркутская область,52.7512013,103.6621625,1,65751.7,72594.0,187.5,2
1141,19063,1604,7206,1393,2384,44468,12818,0.42869029414410365,0.03607088243231087,0.16204911396959612,0.03132589727444454,0.053611585859494465,0.2882522263200504,Усть-Илимск,25-738-000-000,городской округ город Усть-Илимск,городской округ,,2,25-642-000-000,г Усть-Илимск,data-20180110-structure-20150128.csv,2018,9999,,,38,Иркутская область,57.959473,102.734192,1,87337.6,77762.0,180.4,2
1142,15797,1489,6245,984,2260,38037,11262,0.41530614927570525,0.03914609459210768,0.16418224360491102,0.02586954807161448,0.0594158319530983,0.2960801325025633,Черемхово,25-745-000-000,городской округ город Черемхово,городской округ,,2,25-648-000-000,г Черемхово,data-20221219-structure-20150128.csv,2018,9999,,,38,Иркутская область,53.148434,103.070145,1,69323.6,53160.0,192.7,2
1143,14676,1210,5794,527,1334,32871,9330,0.44647257460983847,0.03681056250190137,0.17626479267439385,0.016032368957439688,0.04058288460953424,0.2838368166468924,Свирск,25-746-000-000,городской округ город Свирск,городской округ,,1,,г Свирск,data-20220425-structure-20150128.csv,2018,9999,,,38,Иркутская область,53.066269,103.342331,1,62609.4,15270.0,185.8,3
1144,14584,1101,6708,271,1319,30600,6617,0.47660130718954247,0.035980392156862745,0.2192156862745098,0.008856209150326798,0.04310457516339869,0.21624183006535946,Балаганский,25-601-000-000,Балаганский муниципальный район,муниципальный район,,1,,рп Балаганск,data-20180110-structure-20150128.csv,2018,9999,,,38,Иркутская область,54.006798,103.054024,1,62240.4,8577.0,183.2,1
1146,12570,814,5180,527,979,27933,7863,0.45000536999248203,0.02914115920237712,0.18544374037876346,0.01886657358679698,0.035048150932588694,0.2814950059069917,Братский,25-604-000-000,Братский муниципальный район,муниципальный район,,3,25-714-000-000,г Братск,data-20180110-structure-20150128.csv,2018,9999,,,38,Иркутская область,56.1517085,101.6334907,1,87830.9,47236.0,264.0,3
1147,15435,1451,6756,1214,2386,36263,9021,0.4256404599729752,0.040013236632380114,0.18630560075007582,0.033477649394699834,0.06579709345613986,0.24876595979372915,Жигаловский,25-606-000-000,Жигаловский муниципальный район,муниципальный район,,1,,рп Жигалово,data-20180110-structure-20150128.csv,2018,9999,,,38,Иркутская область,54.812668,105.15229,1,126671.1,9747.0,169.1,2
1148,14130,1090,6158,385,2143,32192,8286,0.4389289264413519,0.03385934393638171,0.19128976143141152,0.011959493041749503,0.06656933399602386,0.2573931411530815,Заларинский,25-608-000-000,Заларинский муниципальный район,муниципальный район,,1,,рп Залари,data-20180110-structure-20150128.csv,2018,9999,,,38,Иркутская область,53.566238,102.515991,1,63924.6,26236.0,185.6,2
1149,15267,938,5104,424,1818,31073,7522,0.49132687542239245,0.030186979049335434,0.16425835934734334,0.01364528690503009,0.058507385833360154,0.24207511344253854,Зиминский,25-610-000-000,Зиминский муниципальный район,муниципальный район,,1,,г Зима,data-20180110-structure-20150128.csv,2018,9999,,,38,Иркутская область,53.9211241,102.0491543,1,61874.5,12070.0,198.8,2
1150,16531,2159,7222,2601,3790,47561,15258,0.3475746935514392,0.045394335695212465,0.15184710161687096,0.054687664262736274,0.0796871386219802,0.3208090662517609,Иркутский,25-612-000-000,Иркутский муниципальный район,муниципальный район,,3,25-701-000-000,г Иркутск,data-20180110-structure-20150128.csv,2018,9999,,,38,Иркутская область,52.2891225,104.279829,1,65699.5,167989.0,372.4,5
1151,17662,1593,10141,698,1979,45060,12987,0.39196626719928984,0.035352862849533956,0.2250554815801154,0.01549045716822015,0.04391921881935198,0.2882157123834887,Казачинско-Ленский,25-614-000-000,Казачинско-Ленский муниципальный район,муниципальный район,,1,,с Казачинское,data-20180110-structure-20150128.csv,2018,9999,,,38,Иркутская область,56.271587,107.567009,1,121226.2,14910.0,172.1,3
1152,21241,1620,4271,1030,2363,45042,14517,0.47158207894853693,0.035966431330757956,0.09482261000843657,0.022867545846099197,0.052462146441099415,0.3222991874250699,Катангский,25-616-000-000,Катангский муниципальный район,муниципальный район,,1,,с Ербогачён,data-20180110-structure-20150128.csv,2018,9999,,,38,Иркутская область,61.275021,108.009712,1,153356.8,3016.0,158.7,4
1153,12334,1108,5514,420,1921,30264,8967,0.40754692043351837,0.0366111551678562,0.18219666931007136,0.01387787470261697,0.06347475548506476,0.2962926249008723,Качугский,25-618-000-000,Качугский муниципальный район,муниципальный район,,1,,рп Качуг,data-20180110-structure-20150128.csv,2018,9999,,,38,Иркутская область,53.960819,105.885147,1,62604.1,15044.0,172.8,2
1154,18075,1453,8907,795,1598,42493,11665,0.4253641776292566,0.03419386722519003,0.2096109947520768,0.018708963829336598,0.03760619396135834,0.27451580260278163,Киренский,25-620-000-000,Киренский муниципальный район,муниципальный район,,1,,г Киренск,data-20180110-structure-20150128.csv,2018,9999,,,38,Иркутская область,57.776356,108.116295,1,117123.7,15936.0,169.3,3
1155,13294,1095,5735,285,1824,31684,9451,0.41958086100239866,0.034560030299204646,0.1810061860876152,0.008995076379245045,0.057568488827168286,0.2982893574043681,Куйтунский,25-622-000-000,Куйтунский муниципальный район,муниципальный район,,1,,рп Куйтун,data-20180110-structure-20150128.csv,2018,9999,,,38,Иркутская область,54.344154,101.506195,1,60342.8,26931.0,186.8,2
1157,16840,1354,7874,643,1581,37372,9080,0.4506047308145135,0.03623033286952799,0.21069249705661994,0.017205394412929467,0.042304399015305576,0.2429626458311035,Нижнеилимский,25-626-000-000,Нижнеилимский муниципальный район,муниципальный район,,1,,г Железногорск-Илимский,data-20180110-structure-20150128.csv,2018,9999,,,38,Иркутская область,56.577915,104.12294,1,92977.7,41873.0,178.5,3
1158,15229,1222,6417,716,1620,33798,8594,0.450588792236227,0.03615598556127581,0.18986330552103675,0.021184685484348185,0.04793183028581573,0.2542754009112965,Нижнеудинский,25-628-000-000,Нижнеудинский муниципальный район,муниципальный район,,1,,г Нижнеудинск,data-20180110-structure-20150128.csv,2018,9999,,,38,Иркутская область,54.9084881,99.0302862,1,73923.1,51698.0,190.1,2
1159,12099,952,5260,754,2021,26559,5473,0.4555517903535525,0.035844723069392674,0.1980496253624007,0.028389623103279492,0.07609473248239768,0.206069505628977,Ольхонский,25-630-000-000,Ольхонский муниципальный район,муниципальный район,,1,,с Еланцы,data-20180110-structure-20150128.csv,2018,9999,,,38,Иркутская область,52.799557,106.404564,1,61544.3,10483.0,174.5,2
1160,14044,1294,6295,928,1461,33459,9437,0.4197375892883828,0.03867419827251263,0.1881407095250904,0.027735437400998236,0.043665381511700886,0.28204668400131505,Слюдянский,25-634-000-000,Слюдянский муниципальный район,муниципальный район,,1,,г Слюдянка,data-20180110-structure-20150128.csv,2018,9999,,,38,Иркутская область,51.656769,103.719292,1,74683.2,38424.0,180.9,3
1161,15824,1282,6485,768,1584,36231,10288,0.4367530567745853,0.03538406337114625,0.1789903673649637,0.021197317214540035,0.04371946675498882,0.2839557285197759,Тайшетский,25-636-000-000,Тайшетский муниципальный район,муниципальный район,,1,,г Тайшет,data-20180110-structure-20150128.csv,2018,9999,,,38,Иркутская область,55.9385304,98.0196711,1,86393.9,69773.0,194.6,3
1163,12325,1154,7406,768,1585,32951,9713,0.3740402415708173,0.035021698886225,0.22475797396133654,0.02330733513398683,0.048101726806470214,0.29477102364116414,Усольский,25-640-000-000,Усольский муниципальный район,муниципальный район,,1,,рп Белореченский,data-20180110-structure-20150128.csv,2018,9999,,,38,Иркутская область,52.8142174,103.52552,1,83332.4,47850.0,187.0,2
1164,11573,755,5978,472,1474,29017,8765,0.39883516559258364,0.0260192301064893,0.20601716235310336,0.016266326636109867,0.0507978081814109,0.3020643071303029,Усть-Илимский,25-642-000-000,Усть-Илимский муниципальный район,муниципальный район,,3,25-738-000-000,г Усть-Илимск,data-20180110-structure-20150128.csv,2018,9999,,,38,Иркутская область,57.959473,102.734192,1,112935.1,12734.0,200.0,2
1165,19798,1684,8623,1618,2352,48199,14124,0.4107554098632752,0.03493848420091703,0.17890412664163158,0.03356916118591672,0.048797692898192906,0.2930351252100666,Усть-Кутский,25-644-000-000,Усть-Кутский муниципальный район,муниципальный район,,1,,г Усть-Кут,data-20180110-structure-20150128.csv,2018,9999,,,38,Иркутская область,56.7810026,105.7460255,1,134257.8,41633.0,175.7,2
1166,12720,995,6810,247,1450,29754,7532,0.4275055454728776,0.03344088189823217,0.22887678967533778,0.008301404853128991,0.04873294346978557,0.2531424346306379,Усть-Удинский,25-646-000-000,Усть-Удинский муниципальный район,муниципальный район,,1,,рп Усть-Уда,data-20180110-structure-20150128.csv,2018,9999,,,38,Иркутская область,54.1691395,103.0319541036817,1,58666.6,13291.0,171.0,1
1167,13961,1061,6276,458,1543,31916,8617,0.43742950244391526,0.033243514224840204,0.19664118310565235,0.014350169194134604,0.04834565735054518,0.2699899736809124,Черемховский,25-648-000-000,Черемховский муниципальный район,муниципальный район,,3,25-745-000-000,г Черемхово,data-20180110-structure-20150128.csv,2018,9999,,,38,Иркутская область,53.148434,103.070145,1,63332.0,28180.0,199.3,2
1168,14555,1124,6533,535,1480,31847,7620,0.45702891952146196,0.03529374823374258,0.2051370615756586,0.016799070556096335,0.04647219518321977,0.2392690049298207,Чунский,25-650-000-000,Чунский муниципальный район,муниципальный район,,1,,рп Чунский,data-20180110-structure-20150128.csv,2018,9999,,,38,Иркутская область,56.091248,99.633705,1,63915.8,26448.0,190.6,3
1169,16828,2076,6401,1772,2199,41920,12644,0.40143129770992364,0.04952290076335878,0.1526956106870229,0.04227099236641221,0.05245706106870229,0.30162213740458016,Шелеховский,25-655-000-000,Шелеховский муниципальный район,муниципальный район,,1,,г Шелехов,data-20180110-structure-20150128.csv,2018,9999,,,38,Иркутская область,52.2097478,104.097683,1,88482.8,63683.0,191.3,2
1170,13501,1074,5994,720,2053,32897,9555,0.410402164331094,0.03264735386205429,0.18220506429157673,0.021886494209198408,0.06240690640483935,0.2904520169012372,Аларский,25-605-000-000,Аларский муниципальный район,муниципальный район,,1,,п Кутулик,data-20180110-structure-20150128.csv,2018,9999,,,38,Иркутская область,53.3494147,102.7949052,1,61995.6,22320.0,186.1,2
1171,10572,883,4849,573,2332,26976,7767,0.3919039145907473,0.032732799525504154,0.1797523724792408,0.021241103202846976,0.08644721233689205,0.2879225978647687,Баяндаевский,25-607-000-000,Баяндаевский муниципальный район,муниципальный район,,1,,с Баяндай,data-20180110-structure-20150128.csv,2018,9999,,,38,Иркутская область,53.067226,105.517876,1,63986.9,11534.0,178.0,2
1172,11734,1091,4706,497,1708,27882,8146,0.42084498959902444,0.03912918728929058,0.16878272720751739,0.0178251201492002,0.061258159385983786,0.2921598163689836,Боханский,25-609-000-000,Боханский муниципальный район,муниципальный район,,1,,п Бохан,data-20180110-structure-20150128.csv,2018,9999,,,38,Иркутская область,53.153561,103.766212,1,60665.0,25159.0,178.7,2
1173,13865,1045,5179,420,1783,30858,8566,0.44931622269751764,0.03386480005185041,0.1678333009268261,0.013610733035193466,0.05778080238511893,0.27759414090349344,Нукутский,25-629-000-000,Нукутский муниципальный район,муниципальный район,,1,,п Новонукутский,data-20180110-structure-20150128.csv,2018,9999,,,38,Иркутская область,53.700245,102.711548,1,62010.3,14902.0,185.1,2
1174,11942,1164,4658,638,1405,27607,7800,0.43257144927011265,0.04216321947332198,0.168725323287572,0.02311008077661463,0.05089288948455102,0.28253703770782773,Осинский,25-631-000-000,Осинский муниципальный район,муниципальный район,,1,,с Оса,data-20180110-structure-20150128.csv,2018,9999,,,38,Иркутская область,53.388348,103.877457,1,61815.9,20704.0,177.3,2
1175,11727,1131,4349,753,1585,28198,8653,0.4158805589048869,0.04010922760479466,0.15423079651039082,0.026704021561812896,0.05620966025959288,0.3068657351585219,Эхирит-Булагатский,25-657-000-000,Эхирит-Булагатский муниципальный район,муниципальный район,,1,,п Усть-Ордынский,data-20180110-structure-20150128.csv,2018,9999,,,38,Иркутская область,52.8052218,104.7534712,1,59167.2,29626.0,182.1,2
1176,16527,2653,5866,3241,3148,48687,17252,0.33945406371310616,0.05449093187093064,0.12048390740854849,0.0665680777209522,0.06465791689773451,0.354345102388728,Калининград,27-701-000-000,городской округ город Калининград,городской округ,административный_центр_субъекта,1,,г Калининград,data-20180110-structure-20150128.csv,2018,9999,,,39,Калининградская область,54.710128,20.5105838,1,80295.6,489584.0,327.3,5
1178,10691,838,6999,484,1021,26892,6859,0.3975531756656255,0.03116168377212554,0.2602632753235163,0.01799791759631117,0.03796668154097873,0.2550572661014428,Мамоновский,27-712-000-000,городской округ Мамоновский,городской округ,,1,,г Мамоново,data-20180110-structure-20150128.csv,2018,9999,,,39,Калининградская область,54.4636264,19.9414303,1,56117.9,8458.0,312.2,3
1179,14948,1688,7328,1507,1617,37975,10887,0.39362738643844636,0.044450296247531274,0.1929690585911784,0.03968400263331139,0.04258064516129032,0.28668861092824227,Пионерский,27-717-000-000,городской округ Пионерский,городской округ,,1,,г Пионерский,data-20180110-structure-20150128.csv,2018,9999,,,39,Калининградская область,54.948227,20.22591,1,71932.3,12928.0,332.0,3
1180,11577,1121,5045,819,725,27236,7949,0.42506241738875017,0.04115876046409164,0.18523278014392716,0.030070494933176678,0.02661918049640182,0.2918563665736525,Светловский,27-725-000-000,городской округ Светловский,городской округ,,1,,г Светлый,data-20180110-structure-20150128.csv,2018,9999,,,39,Калининградская область,54.673355,20.131153,1,105631.8,27486.0,341.9,3
1181,13452,1365,5419,1257,1519,33177,10165,0.4054616149742291,0.04114296048467312,0.16333604605600266,0.03788769328149019,0.04578473038550803,0.30638695481809686,Советский,27-730-000-000,городской округ Советский,городской округ,,1,,г Советск,data-20180110-structure-20150128.csv,2018,9999,,,39,Калининградская область,55.0809688,21.8882673,1,61178.7,38474.0,293.7,2
1184,16244,1654,7567,2202,1664,43335,14004,0.37484712126456676,0.03816776277835468,0.1746163609091958,0.05081343025268259,0.038398523133725625,0.32315680166147454,Балтийский,27-705-000-000,городской округ Балтийский,городской округ,,1,,г Балтийск,data-20190319-structure-20150128.csv,2019,9999,,,39,Калининградская область,54.6437214,19.8941584,1,49215.8,29289.0,391.0,3
1185,12750,1148,5243,709,982,29042,8210,0.4390193512843468,0.03952895806073962,0.18053164382618278,0.024412919220439363,0.03381309827146891,0.2826940293368225,Гвардейский,27-506-000-000,муниципальный округ Гвардейский,муниципальный округ,,1,,г Гвардейск,data-20220128-structure-20150128.csv,2021,9999,,,39,Калининградская область,54.6478265,21.0719431,1,56213.3,28931.0,315.0,3
1186,15883,2293,6776,2755,3409,47765,16649,0.33252381450853136,0.04800586203286925,0.14186119543598869,0.05767821626714121,0.07137025018318853,0.34856066157228094,Гурьевский,27-507-000-000,муниципальный округ Гурьевский,муниципальный округ,,1,,г Гурьевск,data-20220128-structure-20150128.csv,2021,9999,,,39,Калининградская область,54.7745571,20.6037041,1,77261.7,110395.0,331.3,5
1187,13523,1206,5439,1064,1408,33488,10848,0.4038162924032489,0.03601290014333493,0.1624163879598662,0.03177257525083612,0.042044911610129,0.32393693263258483,Гусевский,27-709-000-000,городской округ Гусевский,городской округ,,1,,г Гусев,data-20180110-structure-20150128.csv,2018,9999,,,39,Калининградская область,54.5921685,22.2014752,1,53619.0,37472.0,292.6,3
1188,17131,2626,7205,3266,3311,51675,18136,0.3315142718916304,0.05081761006289308,0.13942912433478472,0.06320270924044509,0.06407353652636671,0.35096274794388,Зеленоградский,27-510-000-000,муниципальный округ Зеленоградский,муниципальный округ,,1,,г Зеленоградск,data-20220128-structure-20150128.csv,2021,9999,,,39,Калининградская область,54.9600365,20.4750188,1,74304.6,39588.0,325.1,5
1189,13917,1115,7250,414,1295,31892,7901,0.43637902922362976,0.034961745892386806,0.22732973786529537,0.012981311927756176,0.04060579455662862,0.24774238053430328,Краснознаменский,27-513-000-000,муниципальный округ Краснознаменский,муниципальный округ,,1,,г Краснознаменск,data-20220128-structure-20150128.csv,2021,9999,,,39,Калининградская область,54.9415225,22.4912976,1,55329.1,10823.0,286.7,3
1190,16874,2410,7149,2827,3010,48109,15839,0.3507451828140265,0.050094576898293455,0.1486000540439419,0.058762393730902744,0.06256625579413415,0.32923153671870126,Светлогорский,27-734-000-000,городской округ Светлогорский,городской округ,,1,,г Светлогорск,data-20190419-structure-20150128.csv,2019,9999,,,39,Калининградская область,54.9417552,20.1550863,1,66207.1,21165.0,332.7,5
1191,13847,1074,5412,897,1396,31958,9332,0.43328743976469114,0.03360660867388447,0.16934726828963015,0.028068089367294574,0.043682333062144064,0.2920082608423556,Неманский,27-514-000-000,муниципальный округ Неманский,муниципальный округ,,1,,г Неман,data-20220128-structure-20150128.csv,2021,9999,,,39,Калининградская область,55.0359656,22.0293578,1,60846.2,15267.0,292.6,3
1192,13174,954,5497,673,1602,29496,7596,0.44663683211282884,0.032343368592351505,0.18636425278003796,0.022816653105505832,0.05431244914564687,0.257526444263629,Нестеровский,27-515-000-000,муниципальный округ Нестеровский,муниципальный округ,,1,,г Нестеров,data-20220128-structure-20150128.csv,2021,9999,,,39,Калининградская область,54.6325455,22.5710998,1,61643.1,11632.0,287.6,2
1193,12957,1029,5302,655,1209,27457,6305,0.4719015187383909,0.03747678187711695,0.19310194121717594,0.02385548311905889,0.044032487161743815,0.22963178788651345,Озерский,27-516-000-000,муниципальный округ Озерский,муниципальный округ,,1,,г Озерск,data-20220128-structure-20150128.csv,2021,9999,,,39,Калининградская область,54.408741,22.014359,1,56999.8,12553.0,291.6,3
1194,11496,1056,6431,808,1436,27857,6630,0.41267903937968914,0.037907886707111316,0.23085759414150842,0.029005276950138204,0.051548982302473345,0.2380012205190796,Полесский,27-518-000-000,муниципальный округ Полесский,муниципальный округ,,1,,г Полесск,data-20220128-structure-20150128.csv,2021,9999,,,39,Калининградская область,54.8627556,21.1098591,1,60342.0,17007.0,312.9,2
1195,11310,1211,6109,404,860,25387,5493,0.4455036042068775,0.04770157954858786,0.24063497065427186,0.015913656595895536,0.03387560562492614,0.21637058336944107,Правдинский,27-519-000-000,муниципальный округ Правдинский,муниципальный округ,,1,,г Правдинск,data-20220128-structure-20150128.csv,2021,9999,,,39,Калининградская область,54.447144,21.01399,1,72264.6,18045.0,309.3,3
1196,14207,1261,6024,606,1638,31464,7728,0.4515319094838546,0.04007754894482583,0.19145690312738367,0.019260106788710908,0.05205949656750572,0.24561403508771928,Славский,27-527-000-000,муниципальный округ Славский,муниципальный округ,,1,,г Славск,data-20220128-structure-20150128.csv,2021,9999,,,39,Калининградская область,55.04549,21.679073,1,46801.7,15573.0,294.7,2
1197,13900,1555,5612,1253,1672,34809,10817,0.3993220144215576,0.04467235485075699,0.16122267229739434,0.03599643770289293,0.0480335545404924,0.3107529661869057,Черняховский,27-539-000-000,муниципальный округ Черняховский,муниципальный округ,,1,,г Черняховск,data-20220128-structure-20150128.csv,2021,9999,,,39,Калининградская область,54.635533,21.8099822,1,62572.9,45312.0,299.2,2
1198,18232,2340,8629,2082,2879,47484,13322,0.38396091314969255,0.04927975739196361,0.1817243703142111,0.0438463482436189,0.06063094937242018,0.2805576615280937,Калуга,29-701-000-000,городской округ город Калуга,городской округ,административный_центр_субъекта,1,,г Калуга,data-20180110-structure-20150128.csv,2018,9999,,,40,Калужская область,54.5101087,36.2598115,1,79422.4,351103.0,399.5,2
1200,12128,987,7666,573,1074,29739,7311,0.40781465415783985,0.03318874205588621,0.25777598439759236,0.019267628366791082,0.03611419348330475,0.2458387975385857,Бабынинский,29-602-000-000,Бабынинский муниципальный район,муниципальный район,,1,,п Бабынино,data-20180110-structure-20150128.csv,2018,9999,,,40,Калужская область,54.3910744,35.7400192,1,68312.5,20665.0,389.8,3
1201,15693,1299,8977,290,1590,32302,4453,0.4858213113739087,0.04021422822116277,0.2779084886384744,0.00897777227416259,0.04922295833075351,0.137855241161538,Барятинский,29-604-000-000,Барятинский муниципальный район,муниципальный район,,1,,с Барятино,data-20180110-structure-20150128.csv,2018,9999,,,40,Калужская область,54.3102823,34.5190756,1,59608.3,5446.0,360.3,1
1203,14182,1140,7672,419,1205,31443,6825,0.4510383869223675,0.03625608243488217,0.24399707407054033,0.013325700473873358,0.03832331520529211,0.21705944089304455,Дзержинский,29-608-000-000,Дзержинский муниципальный район,муниципальный район,,1,,г Кондрово,data-20180110-structure-20150128.csv,2018,9999,,,40,Калужская область,54.8069199,35.9301213,1,68888.7,56426.0,399.3,3
1204,12552,1149,7020,216,1229,28656,6490,0.4380234505862647,0.040096314907872695,0.2449748743718593,0.007537688442211055,0.04288805136795087,0.22647962032384142,Думиничский,29-610-000-000,Думиничский муниципальный район,муниципальный район,,1,,п Думиничи,data-20180110-structure-20150128.csv,2018,9999,,,40,Калужская область,53.933388,35.105518000000004,1,42288.3,13284.0,366.0,1
1205,15264,1333,8146,346,1412,33377,6876,0.457320909608413,0.03993768163705546,0.2440602810318483,0.010366419989813344,0.04230458099889145,0.20601012673397848,Жиздринский,29-612-000-000,Жиздринский муниципальный район,муниципальный район,,1,,г Жиздра,data-20180110-structure-20150128.csv,2018,9999,,,40,Калужская область,53.7485337,34.7353545,1,44104.3,9807.0,360.6,1
1206,14131,1414,8648,891,1578,35541,8879,0.39759714132973184,0.03978503699952168,0.2433246110126333,0.025069637883008356,0.044399426015024904,0.2498241467600799,Жуковский,29-613-000-000,Жуковский муниципальный район,муниципальный район,,1,,г Жуков,data-20180110-structure-20150128.csv,2018,9999,,,40,Калужская область,55.0338,36.7489,1,83534.0,60240.0,435.2,3
1207,15529,1380,8223,820,1687,36404,8765,0.4265740028568289,0.037907922206350954,0.22588177123393033,0.022524997253049114,0.046341061421821775,0.2407702450280189,Кировский,29-614-000-000,Кировский муниципальный район,муниципальный район,административный_центр_субъекта,1,,г Киров,data-20180110-structure-20150128.csv,2018,9999,,,40,Калужская область,54.0742905,34.3025979,1,56599.0,37540.0,351.8,2
1208,14536,1037,8943,192,1547,30520,4265,0.4762778505897772,0.03397771952817824,0.29302096985583226,0.006290956749672346,0.050688073394495416,0.13974442988204455,Износковский,29-615-000-000,Износковский муниципальный район,муниципальный район,,1,,с Износки,data-20180110-structure-20150128.csv,2018,9999,,,40,Калужская область,54.9911,35.3064,1,68389.6,6363.0,382.8,1
1209,14592,1329,8351,673,1458,34618,8215,0.42151481888035125,0.03839043272286094,0.2412328846264949,0.019440753365301287,0.04211681784042983,0.2373042925645618,Козельский,29-616-000-000,Козельский муниципальный район,муниципальный район,,1,,г Козельск,data-20180110-structure-20150128.csv,2018,9999,,,40,Калужская область,54.03832175,35.78290647818667,1,56722.2,38129.0,377.6,3
1210,12854,1295,8489,407,1372,29510,5093,0.43558115892917654,0.04388342934598441,0.28766519823788544,0.013791934937309387,0.046492714334124025,0.17258556421552015,Куйбышевский,29-618-000-000,Куйбышевский муниципальный район,муниципальный район,,1,,п Бетлица,data-20180110-structure-20150128.csv,2018,9999,,,40,Калужская область,54.0140623,33.9446908,1,56391.3,7291.0,345.0,1
1211,15142,1532,7032,863,1388,35124,9167,0.43110124131647876,0.04361690012527047,0.2002049880423642,0.02457009452226398,0.039517139277986564,0.260989636715636,Людиновский,29-620-000-000,Людиновский муниципальный район,муниципальный район,,1,,г Людиново,data-20180110-structure-20150128.csv,2018,9999,,,40,Калужская область,53.8454692,34.43152145267353,1,61454.2,38134.0,354.9,3
1212,16228,1909,8449,1312,2175,40847,10774,0.3972874384899748,0.046735378363160086,0.20684505594046074,0.032119861923764294,0.05324748451538669,0.2637647807672534,Малоярославецкий,29-623-000-000,Малоярославецкий муниципальный район,муниципальный район,,1,,г Малоярославец,data-20180110-structure-20150128.csv,2018,9999,,,40,Калужская область,55.012181,36.4590246,1,77128.2,69194.0,430.5,2
1213,14085,1192,7863,458,1263,31871,7010,0.4419378118038342,0.03740077186156694,0.24671331304320543,0.01437043079915911,0.03962850240030121,0.2199491700919331,Медынский,29-625-000-000,Медынский муниципальный район,муниципальный район,,1,,г Медынь,data-20180110-structure-20150128.csv,2018,9999,,,40,Калужская область,54.969,35.857,1,49871.7,12187.0,407.3,3
1214,13495,964,6584,179,1139,28189,5828,0.4787328390506935,0.03419773670580723,0.23356628472099045,0.006349994678775409,0.040405832062151904,0.20674731278158145,Мещовский,29-627-000-000,Мещовский муниципальный район,муниципальный район,,1,,г Мещовск,data-20180110-structure-20150128.csv,2018,9999,,,40,Калужская область,54.3207145,35.2796334,1,48563.5,11280.0,376.4,1
1215,14436,1213,7147,336,1149,29544,5263,0.48862713241267264,0.04105740590305984,0.2419103709721094,0.011372867587327376,0.038891145410235584,0.17814107771459517,Мосальский,29-629-000-000,Мосальский муниципальный район,муниципальный район,,1,,г Мосальск,data-20180110-structure-20150128.csv,2018,9999,,,40,Калужская область,54.4872876,34.9789866,1,49701.5,9032.0,371.4,1
1217,14719,1287,6808,535,1506,29884,5029,0.49253781287645565,0.043066523892383884,0.22781421496452953,0.01790255655200107,0.05039486012581983,0.16828403158881006,Спас-Деменский,29-634-000-000,Спас-Деменский муниципальный район,муниципальный район,,1,,г Спас-Деменск,data-20180110-structure-20150128.csv,2018,9999,,,40,Калужская область,54.412586,34.0309659,1,48916.0,7334.0,349.0,1
1218,14212,1195,6922,352,1164,31405,7560,0.45253940455341507,0.038051265722018786,0.2204107626174176,0.011208406304728547,0.037064161757681895,0.2407259990447381,Сухиничский,29-636-000-000,Сухиничский муниципальный район,муниципальный район,,1,,г Сухиничи,data-20180110-structure-20150128.csv,2018,9999,,,40,Калужская область,54.096976,35.35334952467876,1,50460.2,22227.0,374.0,3
1219,14366,1458,8839,574,1150,34154,7767,0.420624231422381,0.042688996896410376,0.258798383791064,0.016806230602564854,0.033671019499912164,0.2274111377876676,Тарусский,29-638-000-000,Тарусский муниципальный район,муниципальный район,,1,,г Таруса,data-20180110-structure-20150128.csv,2018,9999,,,40,Калужская область,54.7293536,37.1815538,1,65384.6,16375.0,425.3,3
1220,15425,1149,8491,312,1331,32766,6058,0.4707623756332784,0.035066837575535616,0.25914057254471096,0.009522065555759018,0.04062137581639504,0.18488677287432095,Ульяновский,29-642-000-000,Ульяновский муниципальный район,муниципальный район,,1,,с Ульяново,data-20180110-structure-20150128.csv,2018,9999,,,40,Калужская область,53.723654,35.5298461,1,56053.3,6942.0,361.5,1
1221,15566,1393,7688,1191,1916,36754,9000,0.423518528595527,0.03790063666539696,0.2091745116177831,0.0324046362300702,0.052130380366762805,0.24487130652445993,Ферзиковский,29-644-000-000,Ферзиковский муниципальный район,муниципальный район,,1,,п Ферзиково,data-20180110-structure-20150128.csv,2018,9999,,,40,Калужская область,54.51565365,36.76025305349451,1,72028.2,18112.0,403.5,2
1222,11409,1080,7762,131,1047,26432,5003,0.43163589588377727,0.040859564164648914,0.293659200968523,0.004956113801452784,0.039611077481840194,0.18927814769975787,Хвастовичский,29-646-000-000,Хвастовичский муниципальный район,муниципальный район,,1,,с Хвастовичи,data-20180110-structure-20150128.csv,2018,9999,,,40,Калужская область,53.465855,35.089252,1,48986.0,9685.0,355.4,1
1223,13607,1542,7362,381,1174,30201,6135,0.4505479950995,0.05105791198966922,0.24376676268997716,0.0126154763087315,0.03887288500380782,0.2031389689083143,Юхновский,29-650-000-000,Юхновский муниципальный район,муниципальный район,,1,,г Юхнов,data-20180110-structure-20150128.csv,2018,9999,,,40,Калужская область,54.7415766,35.2264393,1,48955.6,12596.0,373.6,1
1224,17934,2432,6902,2446,2901,46932,14317,0.38212733316287395,0.05181965396744226,0.147063837040825,0.052117957896531154,0.061812835591920225,0.3050583823404074,Кемеровский,32-701-000-000,городской округ Кемеровский,городской округ,административный_центр_субъекта,2,32-607-000-000;32-507-000-000,г Кемерово,data-20180110-structure-20150128.csv,2018,9999,,,42,Кемеровская область,55.3550907,86.0871213,1,89253.4,544600.0,246.0,5
1225,16127,1533,6007,1267,2099,36313,9280,0.44411092446231376,0.042216286178503565,0.16542285132046375,0.03489108583702806,0.057802990664500314,0.25555586153719057,Анжеро-Судженский,32-704-000-000,городской округ Анжеро-Судженский,городской округ,,1,,г Анжеро-Судженск,data-20180110-structure-20150128.csv,2018,9999,,,42,Кемеровская область,56.077808,86.019356,1,64151.9,69293.0,227.6,2
1226,16412,1668,6847,1635,2168,39335,10605,0.41723655777297575,0.042404982839710184,0.17406889538578874,0.0415660353374857,0.055116308630990214,0.26960722003304943,Беловский,32-707-000-000,городской округ Беловский,городской округ,,1,,г Белово,data-20180110-structure-20150128.csv,2018,9999,,,42,Кемеровская область,54.419323,86.303429,1,84372.8,119175.0,231.9,2
1227,16701,1703,5965,1299,1705,37540,10167,0.4448854555141183,0.04536494405966968,0.15889717634523176,0.03460309003729355,0.04541822056473095,0.2708311134789558,Березовский,32-710-000-000,городской округ Березовский,городской округ,,1,,г Березовский,data-20180110-structure-20150128.csv,2018,9999,,,42,Кемеровская область,55.6696946,86.275154,1,71731.8,45757.0,231.2,2
1228,16495,1495,6005,954,1925,35485,8611,0.46484430040862335,0.042130477666619696,0.16922643370438215,0.026884599126391434,0.05424827391855714,0.24266591517542624,Калтанский,32-715-000-000,городской округ Калтанский,городской округ,,1,,г Калтан,data-20180110-structure-20150128.csv,2018,9999,,,42,Кемеровская область,53.519459,87.286179,1,84563.5,29026.0,224.3,2
1229,17161,1810,6452,1359,2082,39261,10397,0.437100430452612,0.04610172945161865,0.16433610962532794,0.03461450294185069,0.053029724153740354,0.2648175033748504,Киселевский,32-716-000-000,городской округ Киселевский,городской округ,,1,,г Киселевск,data-20180110-structure-20150128.csv,2018,9999,,,42,Кемеровская область,54.0049872,86.6354771,1,78066.9,85300.0,229.8,2
1230,17352,1782,6609,1399,2583,40723,10998,0.4260982737028215,0.04375905507943914,0.16229157969697713,0.03435405053655183,0.06342852933231835,0.27006851165189205,Ленинск-Кузнецкий,32-719-000-000,городской округ Ленинск-Кузнецкий,городской округ,,2,32-613-000-000;32-513-000-000,г Ленинск-Кузнецкий,data-20180110-structure-20150128.csv,2018,9999,,,42,Кемеровская область,54.665443,86.166115,1,79631.2,90570.0,243.2,2
1231,17868,1805,6671,1775,2186,42952,12647,0.41599925498230583,0.04202365431178991,0.1553129074315515,0.04132520022350531,0.05089402123300429,0.2944449618178432,Междуреченский,32-725-000-000,городской округ Междуреченский,городской округ,,1,,г Междуреченск,data-20180110-structure-20150128.csv,2018,9999,,,42,Кемеровская область,53.6863763,88.0703443,1,89519.3,96216.0,217.7,2
1232,16814,1440,6722,1105,1805,37519,9633,0.4481462725552387,0.038380553852714626,0.1791625576374637,0.02945174444947893,0.04810895812788187,0.2567499133772222,Мысковский,32-728-000-000,городской округ Мысковский,городской округ,,1,,г Мыски,data-20180110-structure-20150128.csv,2018,9999,,,42,Кемеровская область,53.71386,87.800316,1,81434.6,41229.0,221.7,2
1233,17440,2050,6482,2193,2697,43752,12890,0.39861034924117755,0.04685500091424392,0.14815322728103858,0.05012342292923752,0.06164289632473944,0.294615103309563,Новокузнецкий,32-731-000-000,городской округ Новокузнецкий,городской округ,,2,32-619-000-000;32-519-000-000,г Новокузнецк,data-20180110-structure-20150128.csv,2018,9999,,,42,Кемеровская область,53.7575903,87.1358494,1,86188.6,531186.0,246.0,2
1234,16580,1771,5965,1174,1894,37823,10439,0.4383576130925627,0.04682336144673876,0.15770827274409752,0.031039314702694127,0.05007535097691881,0.2759960870369881,Осинниковский,32-734-000-000,городской округ Осинниковский,городской округ,,1,,г Осинники,data-20180110-structure-20150128.csv,2018,9999,,,42,Кемеровская область,53.606995,87.332893,1,73232.1,43655.0,225.3,2
1235,16014,1645,6378,1246,1968,37290,10039,0.42944489139179404,0.0441137034057388,0.17103781174577634,0.03341378385626173,0.052775543041029764,0.2692142665593993,Полысаевский,32-732-000-000,городской округ Полысаевский,городской округ,,1,,г Полысаево,data-20180110-structure-20150128.csv,2018,9999,,,42,Кемеровская область,54.603142,86.276024,1,84713.4,27901.0,235.4,2
1236,16515,1756,6234,1682,2218,39853,11448,0.4143979123278047,0.04406192758387072,0.15642486136551828,0.042205103756304416,0.055654530399217125,0.2872556645672848,Прокопьевский,32-737-000-000,городской округ Прокопьевский,городской округ,,2,32-622-000-000;32-522-000-000,г Прокопьевск,data-20180110-structure-20150128.csv,2018,9999,,,42,Кемеровская область,53.8879117,86.7492072,1,66883.2,172618.0,251.2,2
1237,16488,1477,6588,877,1517,34983,8036,0.4713146385387188,0.042220507103450246,0.18832004116285053,0.025069319383700654,0.04336391961810022,0.22971157419317956,Тайгинский,32-740-000-000,городской округ Тайгинский,городской округ,,1,,г Тайга,data-20180110-structure-20150128.csv,2018,9999,,,42,Кемеровская область,56.065071,85.631325,1,75820.2,23065.0,229.8,3
1238,16816,1948,6570,1626,2168,41308,12180,0.40708821535779993,0.04715793550886027,0.15904909460637165,0.03936283528614312,0.05248378038152416,0.29485813885930084,Юргинский,32-749-000-000,городской округ Юргинский,городской округ,,2,32-640-000-000;32-540-000-000,г Юрга,data-20180110-structure-20150128.csv,2018,9999,,,42,Кемеровская область,55.7136,84.934799,1,56879.1,78009.0,248.2,2
1240,15067,1462,7229,811,1832,33608,7207,0.44831587717210186,0.0435015472506546,0.2150975958105213,0.024131159247798142,0.05451083075458224,0.2144429897643418,Беловский,32-501-000-000,Беловский муниципальный округ,муниципальный округ,,1,,с Вишневка,data-20220128-structure-20150128.csv,2022,9999,,,42,Кемеровская область,54.412445,86.399742,1,91675.7,24823.0,234.5,2
1241,15869,1564,6115,1140,1672,34685,8325,0.4575176589303734,0.045091538128874155,0.17630099466628227,0.03286723367449906,0.04820527605593196,0.24001729854403922,Гурьевский,32-502-000-000,Гурьевский муниципальный округ,муниципальный округ,,1,,г Гурьевск,data-20200301-structure-20150128.csv,2020,9999,,,42,Кемеровская область,54.284954,85.931091,1,71207.1,36402.0,230.9,2
1242,14898,1237,5966,468,1372,30146,6205,0.494194918065415,0.04103363630332382,0.1979035361241956,0.015524447687918795,0.04551184236714655,0.20583161945200026,Ижморский,32-504-000-000,Ижморский муниципальный округ,муниципальный округ,,1,,пгт Ижморский,data-20200301-structure-20150128.csv,2020,9999,,,42,Кемеровская область,56.192169,86.637169,1,56215.2,9689.0,225.5,1
1243,16061,1910,6641,1661,2663,40673,11737,0.39488112507068573,0.04695989968775355,0.16327785017087504,0.04083790229390505,0.06547340987878937,0.2885698128979913,Кемеровский,32-507-000-000,Кемеровский муниципальный округ,муниципальный округ,,3,32-701-000-000,г Кемерово,data-20200301-structure-20150128.csv,2020,9999,,,42,Кемеровская область,55.3550907,86.0871213,1,89228.0,45263.0,448.4,2
1244,15480,1372,6552,458,1333,32251,7056,0.4799851167405662,0.04254131654832408,0.20315649127158847,0.014201110043099438,0.04133205171932653,0.2187839136770953,Крапивинский,32-510-000-000,Крапивинский муниципальный округ,муниципальный округ,,1,,пгт Крапивинский,data-20200301-structure-20150128.csv,2020,9999,,,42,Кемеровская область,55.003925,86.805855,1,54839.7,21713.0,228.6,1
1246,15486,1426,5720,688,2099,33584,8165,0.4611124344926155,0.042460695569318724,0.17031919961886613,0.02048594568842306,0.0625,0.24312172463077655,Мариинский,32-516-000-000,Мариинский муниципальный округ,муниципальный округ,,1,,г Мариинск,data-20220128-structure-20150128.csv,2022,9999,,,42,Кемеровская область,56.206299,87.751259,1,53482.0,50597.0,221.7,2
1249,15397,1382,5828,645,2037,33851,8562,0.4548462379250244,0.040825972644825854,0.1721662580130572,0.019054089982570677,0.060175474875188324,0.25293196655933353,Промышленновский,32-525-000-000,Промышленновский муниципальный округ,муниципальный округ,,1,,пгт Промышленная,data-20200301-structure-20150128.csv,2020,9999,,,42,Кемеровская область,54.918655,85.6380293,1,59965.6,45477.0,234.9,2
1250,17782,1513,8569,1197,2683,42755,11011,0.41590457256461233,0.035387673956262425,0.20042100339141622,0.027996725529177875,0.06275289439831598,0.2575371301602152,Таштагольский,32-627-000-000,Таштагольский муниципальный район,муниципальный район,,1,,г Таштагол,data-20180110-structure-20150128.csv,2018,9999,,,42,Кемеровская область,52.7594694,87.8484499,1,73007.0,48876.0,211.8,2
1251,14970,1424,6822,392,1920,33242,7714,0.4503339149268997,0.04283737440587209,0.205222309127008,0.011792310931953553,0.057758257625894954,0.2320558329823717,Тисульский,32-528-000-000,Тисульский муниципальный округ,муниципальный округ,,1,,пгт Тисуль,data-20210225-structure-20150128.csv,2021,9999,,,42,Кемеровская область,55.763851,88.3130216,1,67008.1,17957.0,218.7,1
1252,16183,1553,5733,1150,1805,35610,9186,0.45445099691098007,0.0436113451277731,0.16099410278011794,0.032294299354114014,0.05068800898623982,0.25796124684077504,Топкинский,32-531-000-000,Топкинский муниципальный округ,муниципальный округ,,1,,г Топки,data-20200301-structure-20150128.csv,2020,9999,,,42,Кемеровская область,55.2751962,85.6228741,1,68169.5,40525.0,234.7,2
1253,15416,1332,5810,271,1346,30911,6736,0.49872213775031543,0.04309145611594578,0.18795897900423797,0.008767105561127107,0.04354436931836563,0.2179159522500081,Тяжинский,32-534-000-000,Тяжинский муниципальный округ,муниципальный округ,,1,,пгт Тяжинский,data-20200301-structure-20150128.csv,2020,9999,,,42,Кемеровская область,56.1139351,88.5171814,1,51882.0,18381.0,219.4,1
1254,15288,1264,6281,722,2094,33005,7356,0.46320254506892894,0.03829722769277382,0.1903044993182851,0.021875473413119226,0.06344493258597182,0.22287532192092108,Чебулинский,32-537-000-000,Чебулинский муниципальный округ,муниципальный округ,,1,,пгт Верх-Чебула,data-20200301-structure-20150128.csv,2020,9999,,,42,Кемеровская область,56.0330343,87.6220223,1,54074.7,12997.0,223.4,2
1256,14382,1304,5589,797,1704,32381,8605,0.4441493468391958,0.04027052901392792,0.17260121676291654,0.02461319909823662,0.05262345202433526,0.26574225626138787,Яйский,32-543-000-000,Яйский муниципальный округ,муниципальный округ,,1,,пгт Яя,data-20200301-structure-20150128.csv,2020,9999,,,42,Кемеровская область,56.2020084,86.4485361,1,59594.2,15502.0,226.4,2
1257,14909,1433,6650,548,1746,34515,9229,0.4319571200927133,0.04151818050123135,0.19266985368680284,0.015877154860205706,0.05058670143415906,0.2673909894248877,Яшкинский,32-546-000-000,Яшкинский муниципальный округ,муниципальный округ,,1,,пгт Яшкино,data-20200301-structure-20150128.csv,2020,9999,,,42,Кемеровская область,55.8717888,85.4380316,1,66871.0,26089.0,232.3,2
1258,16365,2083,6868,2415,2816,43969,13422,0.372194045804999,0.04737428642907503,0.15620095976710865,0.054925060838317906,0.06404512270008415,0.3052605244604153,Киров,33-701-000-000,городской округ город Киров,городской округ,административный_центр_субъекта,1,,г Киров,data-20180110-structure-20150128.csv,2018,9999,,,43,Кировская область,58.6035661,49.6666241,1,71313.0,500457.0,315.7,2
1259,12468,1461,5178,848,1198,30143,8990,0.4136283714295193,0.0484689646020635,0.17178117639252893,0.02813256809209435,0.03974388746972763,0.29824503201406627,Вятские Поляны,33-704-000-000,городской округ город Вятские Поляны,городской округ,,2,33-610-000-000,г Вятские Поляны,data-20180110-structure-20150128.csv,2018,9999,,,43,Кировская область,56.2229946,51.0749038,1,51795.0,28922.0,355.1,3
1260,14730,1721,5917,1441,1656,36892,11427,0.39927355524232894,0.04664968014745744,0.16038707578878889,0.039059958798655536,0.04488778054862843,0.30974194947414074,Кирово-Чепецк,33-707-000-000,городской округ город Кирово-Чепецк,городской округ,,2,33-618-000-000,г Кирово-Чепецк,data-20180110-structure-20150128.csv,2018,9999,,,43,Кировская область,58.555069,50.0313048,1,66540.6,64571.0,328.0,2
1261,12726,1099,4936,585,1126,27203,6731,0.4678160497004007,0.04039995588721832,0.1814505753041944,0.02150498106826453,0.041392493474984374,0.2474359445649377,Котельнич,33-710-000-000,городской округ город Котельнич,городской округ,,2,33-619-000-000,г Котельнич,data-20180110-structure-20150128.csv,2018,9999,,,43,Кировская область,58.3057312,48.32643959050836,1,47149.4,19454.0,333.4,3
1262,12343,1216,5192,835,1303,28961,8072,0.42619384689755185,0.04198750043161493,0.1792755775007769,0.02883187735230137,0.0449915403473637,0.27871965747039124,Слободской,33-713-000-000,городской округ город Слободской,городской округ,,2,33-635-000-000,г Слободской,data-20180110-structure-20150128.csv,2018,9999,,,43,Кировская область,58.7277816,50.1771234,1,54829.1,28479.0,341.0,3
1264,11116,959,4521,174,2484,23937,4683,0.46438567907423656,0.04006350002088817,0.18887078581275848,0.007269081338513598,0.10377240255671137,0.19563855119689183,Арбажский,33-502-000-000,муниципальный округ Арбажский,муниципальный округ,,1,,пгт Арбаж,data-20210118-structure-20150128.csv,2021,9999,,,43,Кировская область,57.6793484,48.3035946,1,43781.2,4257.0,325.6,1
1265,11516,837,3913,561,967,23023,5229,0.5001954567171959,0.036354949398427656,0.16996047430830039,0.024366937410415672,0.04200147678408548,0.22712070538157494,Афанасьевский,33-503-000-000,муниципальный округ Афанасьевский,муниципальный округ,,1,,пгт Афанасьево,data-20221219-structure-20150128.csv,2023,9999,,,43,Кировская область,58.865421,53.26273,2,41260.4,10517.0,306.0,3
1266,12796,944,4166,173,838,23145,4228,0.5528623892849428,0.040786346943184275,0.17999567941240008,0.007474616547850508,0.03620652408727587,0.18267444372434652,Белохолуницкий,33-605-000-000,Белохолуницкий муниципальный район,муниципальный район,,1,,г Белая Холуница,data-20180110-structure-20150128.csv,2018,9999,,,43,Кировская область,58.8432546,50.8528865,1,44284.2,15062.0,311.7,1
1267,12319,975,3498,139,685,20705,3089,0.5949770586814779,0.04709007486114465,0.1689446993479836,0.006713354262255494,0.0330837961844965,0.14919101666264187,Богородский,33-506-000-000,муниципальный округ Богородский,муниципальный округ,,1,,пгт Богородское,data-20210118-structure-20150128.csv,2021,9999,,,43,Кировская область,57.8316459,50.7512195,1,52350.7,3151.0,314.8,1
1268,14000,973,4837,251,1185,27701,6455,0.5053969170788059,0.03512508573697701,0.17461463485072742,0.00906104472762716,0.04277823905274178,0.23302407855312082,Верхнекамский,33-507-000-000,муниципальный округ Верхнекамский,муниципальный округ,,1,,г Кирс,data-20220128-structure-20150128.csv,2022,9999,,,43,Кировская область,59.3398971,52.2418232,1,47299.7,19600.0,300.8,1
1269,13443,869,3906,124,990,23495,4163,0.5721642902745265,0.0369865928921047,0.16624813790168122,0.005277718663545435,0.042136624813790165,0.17718663545435198,Верхошижемский,33-608-000-000,Верхошижемский муниципальный район,муниципальный район,,1,,пгт Верхошижемье,data-20180110-structure-20150128.csv,2018,9999,,,43,Кировская область,58.0140582,49.1040391,1,48704.7,6778.0,322.6,1
1270,10334,986,4823,369,501,24288,7275,0.42547760210803687,0.040596179183135704,0.1985754281949934,0.015192687747035574,0.020627470355731224,0.2995306324110672,Вятскополянский,33-610-000-000,Вятскополянский муниципальный район,муниципальный район,,3,33-704-000-000,г Вятские Поляны,data-20180110-structure-20150128.csv,2018,9999,,,43,Кировская область,56.2229946,51.0749038,1,42873.6,22503.0,360.1,3
1271,11992,1134,3999,132,967,23058,4834,0.5200797987683233,0.04918032786885246,0.17343221441582096,0.005724694249284413,0.041937722265591115,0.20964524243212768,Даровской,33-612-000-000,Даровской муниципальный район,муниципальный район,,1,,пгт Даровской,data-20180110-structure-20150128.csv,2018,9999,,,43,Кировская область,58.7705606,47.9584366,1,43238.2,8117.0,314.5,1
1272,12490,974,4257,222,755,24430,5732,0.5112566516577978,0.03986901350798199,0.17425296766270978,0.009087187883749489,0.030904625460499387,0.23462955382726156,Зуевский,33-614-000-000,Зуевский муниципальный район,муниципальный район,,1,,г Зуевка,data-20180110-structure-20150128.csv,2018,9999,,,43,Кировская область,58.4060241,51.1388605,1,52984.0,16435.0,312.4,3
1273,11691,1225,4215,225,1058,22083,3669,0.5294117647058824,0.05547253543449712,0.19087080559706562,0.010188833038989268,0.04791015713444731,0.16614590408911833,Кикнурский,33-516-000-000,муниципальный округ Кикнурский,муниципальный округ,,1,,пгт Кикнур,data-20210118-structure-20150128.csv,2021,9999,,,43,Кировская область,57.3049331,47.2089404,1,38942.9,6384.0,336.0,1
1274,11399,919,3806,136,1443,22847,5144,0.49892764914430776,0.04022409944412833,0.16658642272508425,0.005952641484658817,0.06315927692913731,0.2251499102726835,Кильмезский,33-617-000-000,Кильмезский муниципальный район,муниципальный район,,1,,пгт Кильмезь,data-20180110-structure-20150128.csv,2018,9999,,,43,Кировская область,56.9449015,51.0613993,1,42344.0,9573.0,330.8,1
1275,12737,1027,5997,901,1835,30955,8458,0.411468260377968,0.03317719269907931,0.19373283799063157,0.02910676788887094,0.05927959941851074,0.27323534162493945,Кирово-Чепецкий,33-618-000-000,Кирово-Чепецкий муниципальный район,муниципальный район,,3,33-707-000-000,г Кирово-Чепецк,data-20180110-structure-20150128.csv,2018,9999,,,43,Кировская область,58.555069,50.0313048,1,57342.1,19898.0,352.3,2
1276,10736,609,3584,197,867,22588,6595,0.4752966176731008,0.026961218346024437,0.15866831946166107,0.00872144501505224,0.03838321232512839,0.29196918717903314,Котельничский,33-619-000-000,Котельничский муниципальный район,муниципальный район,,3,33-710-000-000,г Котельнич,data-20180110-structure-20150128.csv,2018,9999,,,43,Кировская область,58.3057312,48.32643959050836,1,46001.0,9945.0,341.0,3
1277,12233,1047,4631,373,557,24687,5846,0.4955239599789363,0.04241098553894762,0.18758860938955726,0.015109166767934541,0.02256248227812209,0.2368047960465022,Куменский,33-620-000-000,Куменский муниципальный район,муниципальный район,,1,,пгт Кумены,data-20180110-structure-20150128.csv,2018,9999,,,43,Кировская область,58.1100761,49.9173135,1,57854.2,14038.0,318.3,3
1278,11076,1097,3573,183,932,22783,5922,0.4861519554053461,0.048149936356054954,0.15682745907035947,0.00803230478865821,0.040907694333494275,0.259930650046087,Лебяжский,33-521-000-000,муниципальный округ Лебяжский,муниципальный округ,,1,,пгт Лебяжье,data-20220128-structure-20150128.csv,2022,9999,,,43,Кировская область,57.4095434,49.5276891,1,40689.3,5283.0,326.6,1
1279,14048,917,4682,301,1164,25731,4619,0.5459562395554001,0.03563794644592126,0.18195950410011272,0.011697951886829117,0.04523726244607672,0.1795110955656601,Лузский,33-522-000-000,муниципальный округ Лузский,муниципальный округ,,1,,г Луза,data-20220128-structure-20150128.csv,2022,9999,,,43,Кировская область,60.6306233,47.2549261,1,45723.0,12427.0,294.2,1
1280,11276,1159,4272,191,926,23697,5873,0.475840823732962,0.048909144617462125,0.18027598430181035,0.00806009199476727,0.03907667637253661,0.24783727898046165,Малмыжский,33-623-000-000,Малмыжский муниципальный район,муниципальный район,,1,,г Малмыж,data-20180110-structure-20150128.csv,2018,9999,,,43,Кировская область,56.5206314,50.6775905,1,44116.7,19801.0,338.8,1
1281,11820,830,4886,285,690,23128,4617,0.5110688343133863,0.03588723625043238,0.2112590799031477,0.012322725700449672,0.029833967485299203,0.19962815634728467,Мурашинский,33-524-000-000,муниципальный округ Мурашинский,муниципальный округ,,1,,г Мураши,data-20220128-structure-20150128.csv,2022,9999,,,43,Кировская область,59.3951018,48.9644445,1,65023.4,8746.0,305.8,3
1282,11031,846,3687,289,1175,21091,4063,0.5230192973306149,0.0401118960694135,0.17481390166421695,0.013702527144279551,0.0557109667630743,0.19264141102840074,Нагорский,33-625-000-000,Нагорский муниципальный район,муниципальный район,,1,,пгт Нагорск,data-20180110-structure-20150128.csv,2018,9999,,,43,Кировская область,59.3159141,50.8017309,1,44270.2,6225.0,301.8,1
1284,11287,967,4311,469,838,23988,6116,0.4705269301317325,0.040311822577955646,0.17971485742871435,0.019551442387860597,0.034934133733533435,0.25496081374020346,Нолинский,33-627-000-000,Нолинский муниципальный район,муниципальный район,,1,,г Нолинск,data-20180110-structure-20150128.csv,2018,9999,,,43,Кировская область,57.5599476,49.93850528482464,1,43969.9,15213.0,321.8,3
1285,13661,954,5178,510,1103,28679,7273,0.4763415739739879,0.03326475818543185,0.18055022839011123,0.01778304682868998,0.03846019735695108,0.2536001952648279,Омутнинский,33-628-000-000,Омутнинский муниципальный район,муниципальный район,,1,,г Омутнинск,data-20180110-structure-20150128.csv,2018,9999,,,43,Кировская область,58.668304,52.17625,1,55132.6,33193.0,305.3,3
1286,13735,810,4898,85,796,25821,5497,0.5319313736880833,0.03136981526664343,0.1896905619457031,0.003291894194647767,0.030827620928701446,0.2128887339762209,Опаринский,33-529-000-000,муниципальный округ Опаринский,муниципальный округ,,1,,пгт Опарино,data-20220128-structure-20150128.csv,2022,9999,,,43,Кировская область,59.8516589,48.2777768,1,46554.0,6571.0,298.9,1
1287,12227,807,4864,283,814,24584,5589,0.49735600390497886,0.03282622844126261,0.19785226163358283,0.011511552229092092,0.033110966482264886,0.22734298730881874,Оричевский,33-630-000-000,Оричевский муниципальный район,муниципальный район,,1,,пгт Оричи,data-20180110-structure-20150128.csv,2018,9999,,,43,Кировская область,58.4013081,49.0564965,1,50711.2,24539.0,318.1,3
1288,11719,746,5121,238,831,23045,4390,0.5085267954003038,0.03237144716858321,0.22221740073768714,0.010327619874159253,0.0360598828379258,0.19049685398134086,Орловский,33-645-000-000,Орловский муниципальный район,муниципальный район,,1,,г Орлов,data-20180110-structure-20150128.csv,2018,9999,,,43,Кировская область,58.5363174,48.8850765,1,49280.8,9136.0,321.6,1
1289,12504,1048,3718,342,1072,24446,5762,0.5114947230630777,0.04286999918187025,0.15209032152499385,0.013990018816984374,0.04385175488832529,0.23570318252474842,Пижанский,33-531-000-000,муниципальный округ Пижанский,муниципальный округ,,1,,пгт Пижанка,data-20220128-structure-20150128.csv,2022,9999,,,43,Кировская область,57.460224,48.533832,1,45963.3,7903.0,331.8,1
1290,12545,763,4304,260,898,24142,5372,0.5196338331538398,0.031604672355231546,0.1782785187639798,0.010769613122359373,0.03719658686107199,0.22251677574351753,Подосиновский,33-632-000-000,Подосиновский муниципальный район,муниципальный район,,1,,пгт Подосиновец,data-20180110-structure-20150128.csv,2018,9999,,,43,Кировская область,60.279064,47.06477,1,47295.1,11195.0,300.4,3
1291,11263,910,3615,174,891,20529,3676,0.5486385113741536,0.044327536655463004,0.17609235715329533,0.008475814701154464,0.04340201665935993,0.17906376345657363,Санчурский,33-533-000-000,муниципальный округ Санчурский,муниципальный округ,,1,,пгт Санчурск,data-20210118-structure-20150128.csv,2021,9999,,,43,Кировская область,56.9404036,47.2526947,1,39558.7,6900.0,338.4,1
1292,11189,926,5378,335,826,23754,5100,0.4710364570177654,0.03898290814178665,0.22640397406752547,0.014102887934663636,0.0347730908478572,0.21470068199040163,Свечинский,33-534-000-000,муниципальный округ Свечинский,муниципальный округ,,1,,пгт Свеча,data-20210118-structure-20150128.csv,2021,9999,,,43,Кировская область,58.277,47.512543,1,44029.9,5744.0,324.4,3
1293,11712,1049,4556,488,1024,25670,6841,0.45625243474873395,0.04086482275029217,0.17748344370860927,0.01901051811453058,0.039890923256719904,0.26649785742111415,Слободской,33-635-000-000,Слободской муниципальный район,муниципальный район,,3,33-713-000-000,г Слободской,data-20180110-structure-20150128.csv,2018,9999,,,43,Кировская область,58.7277816,50.1771234,1,51617.9,32057.0,338.4,3
1294,12723,1055,4300,708,990,25930,6154,0.49066718087157735,0.04068646355572696,0.1658310836868492,0.02730428075588122,0.03817971461627458,0.2373312765136907,Советский,33-636-000-000,Советский муниципальный район,муниципальный район,,1,,г Советск,data-20180110-structure-20150128.csv,2018,9999,,,43,Кировская область,57.5914193,48.95836130705428,1,48817.2,21424.0,328.7,3
1295,10000,925,4622,159,523,21848,5619,0.4577077993409008,0.04233797143903332,0.21155254485536434,0.007277554009520322,0.023938117905529112,0.25718601244965217,Сунский,33-637-000-000,Сунский муниципальный район,муниципальный район,,1,,пгт Суна,data-20180110-structure-20150128.csv,2018,9999,,,43,Кировская область,57.8335115,50.0589449,1,50882.6,4826.0,318.8,3
1296,11413,1020,3893,177,1105,22763,5155,0.5013838246276853,0.04480955937266617,0.17102315160567588,0.007775776479374424,0.04854368932038835,0.2264639985942099,Тужинский,33-638-000-000,Тужинский муниципальный район,муниципальный район,,1,,пгт Тужа,data-20180110-structure-20150128.csv,2018,9999,,,43,Кировская область,57.6053835,47.9373723,1,39954.9,5475.0,330.8,1
1297,12672,849,3929,104,875,23037,4608,0.5500716239093631,0.03685375699960933,0.17055172114424622,0.004514476711377349,0.03798237617745366,0.20002604505795024,Унинский,33-540-000-000,муниципальный округ Унинский,муниципальный округ,,1,,пгт Уни,data-20220128-structure-20150128.csv,2022,9999,,,43,Кировская область,57.7543697,51.4895258,1,44072.1,5751.0,311.9,1
1298,12388,1164,4207,190,999,25361,6413,0.48846654311738497,0.04589724379953472,0.16588462600055204,0.007491818145972162,0.03939119119908521,0.2528685777374709,Уржумский,33-641-000-000,Уржумский муниципальный район,муниципальный район,,1,,г Уржум,data-20180110-structure-20150128.csv,2018,9999,,,43,Кировская область,57.1101118,50.0003067,1,46534.2,19396.0,330.8,1
1299,12579,919,3795,313,761,22781,4414,0.5521706685395724,0.04034063473947588,0.16658619024625784,0.013739519775251306,0.03340503050787937,0.19375795619156314,Фаленский,33-543-000-000,муниципальный округ Фаленский,муниципальный округ,,1,,пгт Фаленки,data-20210118-structure-20150128.csv,2021,9999,,,43,Кировская область,58.3553667,51.5965834,1,44839.4,7168.0,311.2,1
1300,12121,971,4557,389,1214,24695,5443,0.4908281028548289,0.03931970034419923,0.1845312816359587,0.015752176553958292,0.04915974893703179,0.2204089896740231,Шабалинский,33-647-000-000,Шабалинский муниципальный район,муниципальный район,,1,,пгт Ленинское,data-20180110-structure-20150128.csv,2018,9999,,,43,Кировская область,58.3163535,47.0858159,1,44357.5,7140.0,324.7,1
1301,12329,834,4845,341,729,25007,5929,0.4930219538529212,0.03335066181469189,0.1937457511896669,0.013636181869076659,0.02915183748550406,0.2370936137881393,Юрьянский,33-649-000-000,Юрьянский муниципальный район,муниципальный район,,1,,пгт Юрья,data-20180110-structure-20150128.csv,2018,9999,,,43,Кировская область,59.0422736,49.2802038,1,61840.7,15836.0,313.3,3
1302,11291,1033,3891,607,1028,24852,7002,0.45432963141799454,0.04156607114115564,0.15656687590535973,0.024424593594076935,0.04136488009013359,0.2817479478512796,Яранский,33-650-000-000,Яранский муниципальный район,муниципальный район,,1,,г Яранск,data-20180110-structure-20150128.csv,2018,9999,,,43,Кировская область,57.3042882,47.8855774,1,44396.5,19268.0,337.7,3
1303,16120,1954,7243,1746,2282,40884,11539,0.39428627335877114,0.047793757949320025,0.17715976910282752,0.042706193131787494,0.05581645631542902,0.2822375501418648,Кострома,34-701-000-000,городской округ город Кострома,городской округ,административный_центр_субъекта,2,34-614-000-000,г Кострома,data-20180110-structure-20150128.csv,2018,9999,,,44,Костромская область,57.7679158,40.9269141,1,67574.4,265761.0,383.2,2
1304,12886,1022,5871,319,868,28682,7716,0.4492713199916324,0.03563210375845478,0.20469283871417615,0.011121958022453107,0.030262882644167072,0.2690188968691165,Буй,34-705-000-000,городской округ город Буй,городской округ,,2,34-604-000-000,г Буй,data-20180110-structure-20150128.csv,2018,9999,,,44,Костромская область,58.4816821,41.532956,1,63047.3,19938.0,351.1,3
1305,12819,1300,6771,595,700,30876,8691,0.41517683637776914,0.04210389946884312,0.21929654100272056,0.019270630910739734,0.022671330483223215,0.2814807617567042,Волгореченск,34-706-000-000,городской округ город Волгореченск,городской округ,,1,,г Волгореченск,data-20180110-structure-20150128.csv,2018,9999,,,44,Костромская область,57.44224775,41.15947358625323,1,72931.3,14030.0,367.9,3
1306,15292,1238,6886,408,1098,31889,6967,0.47953839882091004,0.0388221643827025,0.21593652983787512,0.012794380507384991,0.03443193577722726,0.2184765906739001,Галич,34-708-000-000,городской округ город Галич,городской округ,,2,34-608-000-000,г Галич,data-20180110-structure-20150128.csv,2018,9999,,,44,Костромская область,58.381382,42.347916,1,53922.7,12488.0,347.6,3
1308,14356,1145,6721,444,1344,31638,7628,0.4537581389468361,0.03619065680510778,0.2124344143119034,0.014033756874644416,0.04248056135027498,0.24110247171123333,Шарья,34-730-000-000,городской округ город Шарья,городской округ,,2,34-648-000-000,г Шарья,data-20180110-structure-20150128.csv,2018,9999,,,44,Костромская область,58.36974795,45.51729631871895,1,55333.6,30008.0,337.0,3
1309,13975,1138,6874,122,1024,27320,4187,0.5115300146412884,0.04165446559297218,0.25161054172767205,0.004465592972181552,0.03748169838945827,0.15325768667642753,Антроповский,34-602-000-000,Антроповский муниципальный район,муниципальный район,,1,,п Антропово,data-20180110-structure-20150128.csv,2018,9999,,,44,Костромская область,58.3976,43.005,1,43449.9,4987.0,341.2,1
1310,13635,937,5498,330,1026,28580,7154,0.4770818754373688,0.0327851644506648,0.19237228831350595,0.011546536039188244,0.03589923023093072,0.2503149055283415,Буйский,34-604-000-000,Буйский муниципальный район,муниципальный район,,3,34-705-000-000,г Буй,data-20180110-structure-20150128.csv,2018,9999,,,44,Костромская область,58.4816821,41.532956,1,40017.6,8634.0,358.2,3
1311,12826,1089,5616,218,1051,25001,4201,0.5130194792208311,0.043558257669693214,0.22463101475940964,0.008719651213951442,0.04203831846726131,0.16803327866885326,Вохомский,34-606-000-000,Вохомский муниципальный район,муниципальный район,,1,,п Вохма,data-20180110-structure-20150128.csv,2018,9999,,,44,Костромская область,58.9306116,46.7588656,1,42235.8,6543.0,313.1,1
1312,14400,889,5927,238,1164,28843,6225,0.4992545851679784,0.030822036542662,0.20549180043684775,0.008251568838192976,0.040356412301078254,0.21582359671324064,Галичский,34-608-000-000,Галичский муниципальный район,муниципальный район,,3,34-708-000-000,г Галич,data-20180110-structure-20150128.csv,2018,9999,,,44,Костромская область,58.381382,42.347916,1,62147.2,6258.0,351.8,1
1313,12891,1078,5782,104,1152,24654,3647,0.5228766123144317,0.043725156161272004,0.2345258375922771,0.004218382412590249,0.04672669749330737,0.14792731402612153,Кадыйский,34-610-000-000,Кадыйский муниципальный район,муниципальный район,,1,,пгт Кадый,data-20180110-structure-20150128.csv,2018,9999,,,44,Костромская область,57.784485,43.189411,1,40498.1,5744.0,345.9,1
1314,14351,1463,5856,142,1134,26049,3103,0.5509232600099812,0.05616338439095551,0.22480709432223886,0.005451264923797459,0.043533341011171255,0.11912165534185573,Кологривский,34-512-000-000,Кологривский муниципальный округ,муниципальный округ,,1,,г Кологрив,data-20220128-structure-20150128.csv,2022,9999,,,44,Костромская область,58.825497,44.311275,1,38820.9,3925.0,320.7,1
1315,14529,1599,8019,1182,2451,37846,10066,0.383897902023992,0.042250171748665646,0.21188500766263277,0.031231834275749087,0.06476245838397716,0.26597262590498333,Костромской,34-614-000-000,Костромской муниципальный район,муниципальный район,,3,34-701-000-000,г Кострома,data-20180110-structure-20150128.csv,2018,9999,,,44,Костромская область,57.7679158,40.9269141,1,51506.7,40577.0,491.9,2
1316,12760,1111,7416,520,1318,30504,7379,0.41830579596118544,0.03642145292420666,0.24311565696302123,0.017046944662995018,0.04320744820351429,0.24190270128507738,Красносельский,34-616-000-000,Красносельский муниципальный район,муниципальный район,,1,,пгт Красное-на-Волге,data-20180110-structure-20150128.csv,2018,9999,,,44,Костромская область,57.509319,41.237621,1,77237.1,16012.0,358.7,3
1317,11858,1101,5756,131,1080,23683,3757,0.5006967022758941,0.0464890427732973,0.24304353333614828,0.005531393826795592,0.04560233078579572,0.15863699700206899,Макарьевский,34-618-000-000,Макарьевский муниципальный район,муниципальный район,,1,,г Макарьев,data-20180110-structure-20150128.csv,2018,9999,,,44,Костромская область,57.880402,43.80724,1,40165.1,9933.0,343.1,1
1319,13661,1086,5453,124,1427,25249,3498,0.541051130737851,0.04301160441997703,0.21596894926531743,0.0049110855875480214,0.05651708978573409,0.13854014020357241,Межевской,34-522-000-000,Межевской муниципальный округ,муниципальный округ,,1,,с Георгиевское,data-20220128-structure-20150128.csv,2022,9999,,,44,Костромская область,58.7303454,45.0299127,1,43755.6,2703.0,326.6,1
1320,14658,1064,6648,208,1393,29020,5049,0.5050999310820125,0.03666436940041351,0.22908339076498965,0.007167470709855272,0.04800137835975189,0.17398345968297727,Нейский,34-524-000-000,Нейский муниципальный округ,муниципальный округ,,1,,г Нея,data-20220128-structure-20150128.csv,2022,9999,,,44,Костромская область,58.2940908,43.8609201,1,47761.7,9904.0,337.9,1
1321,13376,1081,6427,368,821,29783,7710,0.44911526709868044,0.03629587348487392,0.21579424503911626,0.012356042037403888,0.027566061175838565,0.2588725111640869,Нерехта и Нерехтский,34-626-000-000,муниципальный район город Нерехта и Нерехтский район,муниципальный район,,1,,г Нерехта,data-20180110-structure-20150128.csv,2018,9999,,,44,Костромская область,57.460655,40.573799,1,57044.8,27921.0,371.4,3
1322,13458,1219,6160,266,1143,25826,3580,0.5211027646557732,0.047200495624564395,0.23851932161387748,0.010299697978781074,0.04425772477348409,0.1386199953535197,Октябрьский,34-628-000-000,Октябрьский муниципальный район,муниципальный район,,1,,с Боговарово,data-20180110-structure-20150128.csv,2018,9999,,,44,Костромская область,58.9755482,47.0195907,1,43080.4,3257.0,311.0,1
1323,12031,1186,6075,226,1054,24792,4220,0.48527750887383025,0.04783801226202001,0.24503872216844144,0.009115843820587286,0.04251371410132301,0.170216198773798,Островский,34-530-000-000,Островский муниципальный округ,муниципальный округ,,1,,п Островское,data-20240101-structure-20150128.csv,2024,9999,,,44,Костромская область,57.80144,42.19736,2,43225.9,8787.0,353.7,1
1324,15050,1184,4687,226,1520,27164,4497,0.5540421145633927,0.0435871005742895,0.1725445442497423,0.008319835075835665,0.05595641289942571,0.1655499926373141,Павинский,34-532-000-000,Павинский муниципальный округ,муниципальный округ,,1,,с Павино,data-20240101-structure-20150128.csv,2024,9999,,,44,Костромская область,59.1213617,46.1917504,2,40332.4,2935.0,315.9,1
1325,12301,989,7904,80,960,27232,4998,0.45171122209165687,0.036317567567567564,0.2902467685076381,0.002937720329024677,0.03525264394829612,0.1835340775558167,Парфеньевский,34-534-000-000,Парфеньевский муниципальный округ,муниципальный округ,,1,,с Парфеньево,data-20220128-structure-20150128.csv,2022,9999,,,44,Костромская область,58.4799889,43.4086182,1,41821.5,4283.0,336.2,1
1326,14427,1014,5677,394,977,28245,5756,0.5107806691449814,0.03590015932023367,0.20099132589838908,0.013949371570189413,0.034590192954505224,0.2037882811117012,Поназыревский,34-536-000-000,Поназыревский муниципальный округ,муниципальный округ,,1,,пгт Поназырево,data-20221219-structure-20150128.csv,2023,9999,,,44,Костромская область,58.358154,46.317429,2,41439.4,4593.0,326.6,3
1327,13688,1198,5650,394,1194,25546,3422,0.5358177405464652,0.04689579581930635,0.22116965474046818,0.01542315822437955,0.046739215532764423,0.1339544351366163,Пыщугский,34-538-000-000,Пыщугский муниципальный округ,муниципальный округ,,1,,с Пыщуг,data-20221219-structure-20150128.csv,2023,9999,,,44,Костромская область,59.0104505,45.6111145,2,43290.7,3269.0,321.8,1
1328,13165,976,6832,295,1161,25921,3492,0.50788935612052,0.03765286833069712,0.26357007831487983,0.011380733767987346,0.04478993865977393,0.13471702480614173,Солигаличский,34-540-000-000,Солигаличский муниципальный округ,муниципальный округ,,1,,г Солигалич,data-20240101-structure-20150128.csv,2024,9999,,,44,Костромская область,59.0777693,42.2861828,2,48518.8,7528.0,324.7,1
1329,12302,935,6354,286,798,25246,4571,0.48728511447357997,0.037035569991285745,0.2516834349996039,0.01132852729145211,0.03160896775726848,0.1810583854868098,Судиславский,34-642-000-000,Судиславский муниципальный район,муниципальный район,,1,,пгт Судиславль,data-20180110-structure-20150128.csv,2018,9999,,,44,Костромская область,57.881283,41.712421,1,52917.0,10748.0,356.1,3
1330,12947,1064,5849,319,1023,25279,4077,0.5121642470034415,0.04209027255824993,0.23137782348985325,0.012619170062106886,0.04046837295779105,0.1612801139285573,Сусанинский,34-644-000-000,Сусанинский муниципальный район,муниципальный район,,1,,пгт Сусанино,data-20180110-structure-20150128.csv,2018,9999,,,44,Костромская область,58.147578,41.5851443,1,46712.5,5566.0,352.1,1
1331,13498,1009,7400,164,1393,28688,5224,0.47051031790295594,0.03517150027886224,0.25794757389849415,0.005716675962074735,0.04855688789737869,0.18209704406023425,Чухломский,34-646-000-000,Чухломский муниципальный район,муниципальный район,,1,,г Чухлома,data-20180110-structure-20150128.csv,2018,9999,,,44,Костромская область,58.7560222,42.68065,1,39180.1,7653.0,334.1,1
1333,16837,1852,6385,1430,2244,40907,12159,0.4115921480431222,0.04527342508617107,0.1560857554941697,0.03495734226416017,0.05485613709145134,0.2972351920209255,Курган,37-701-000-000,городской округ город Курган,городской округ,административный_центр_субъекта,1,,г Курган,data-20180110-structure-20150128.csv,2018,9999,,,45,Курганская область,55.4409357,65.3421169,1,75790.7,302354.0,278.2,2
1334,14538,1700,5526,1025,1418,33428,9221,0.4349048701687208,0.05085557018068685,0.16531051812851502,0.030662917314825896,0.04241952853894938,0.275846595668302,Шадринск,37-705-000-000,городской округ город Шадринск,городской округ,,2,37-638-000-000;37-538-000-000,г Шадринск,data-20180110-structure-20150128.csv,2018,9999,,,45,Курганская область,56.087364,63.629482,1,64595.2,67884.0,300.4,3
1335,11632,1116,4302,200,1221,23619,5148,0.49248486388077395,0.047250095262288835,0.18214149625301665,0.008467759007578644,0.051695668741267624,0.2179601168550743,Альменевский,37-502-000-000,Альменевский муниципальный округ,муниципальный округ,,1,,с Альменево,data-20220128-structure-20150128.csv,2022,9999,,,45,Курганская область,54.942505,63.578785,1,45029.1,7380.0,282.9,1
1336,11112,1019,4303,47,952,21682,4249,0.5124988469698367,0.04699750945484734,0.19845955170187252,0.0021676967069458536,0.04390738861728623,0.19596900654921132,Белозерский,37-504-000-000,Белозерский муниципальный округ,муниципальный округ,,1,,с Белозерское,data-20221219-structure-20150128.csv,2023,9999,,,45,Курганская область,55.823845,65.588783,2,46685.9,12696.0,277.7,1
1337,10840,921,4166,168,800,23132,6237,0.468614905758257,0.039814974926508734,0.1800968355524814,0.007262666436105828,0.034584125886218224,0.26962649144042883,Варгашинский,37-506-000-000,Варгашинский муниципальный округ,муниципальный округ,,1,,рп Варгаши,data-20240101-structure-20150128.csv,2024,9999,,,45,Курганская область,55.37204,65.8081,2,55881.0,15485.0,277.4,3
1338,13039,1313,4744,307,771,27338,7164,0.4769551539980979,0.04802838539761504,0.17353134830638672,0.011229790035847538,0.028202502011851635,0.2620528202502012,Далматовский,37-508-000-000,Далматовский муниципальный округ,муниципальный округ,,1,,г Далматово,data-20240101-structure-20150128.csv,2024,9999,,,45,Курганская область,56.258656,62.939163,2,58179.8,22136.0,292.3,3
1339,10953,878,4255,112,1011,22909,5700,0.4781090401152385,0.03832554891090838,0.1857348640272382,0.004888908289318608,0.044131127504474225,0.24881051115282204,Звериноголовский,37-509-000-000,Звериноголовский муниципальный округ,муниципальный округ,,1,,с Звериноголовское,data-20221219-structure-20150128.csv,2023,9999,,,45,Курганская область,54.459023,64.856514,2,43140.4,6573.0,270.8,1
1340,12559,1043,5133,306,889,25270,5340,0.49699248120300754,0.04127423822714681,0.20312623664424218,0.012109220419469727,0.03518005540166205,0.2113177681044717,Каргапольский,37-510-000-000,Каргапольский муниципальный округ,муниципальный округ,,1,,рп Каргаполье,data-20221219-structure-20150128.csv,2023,9999,,,45,Курганская область,55.952408,64.434021,2,51130.4,25283.0,282.9,3
1341,12773,1240,4999,414,999,27113,6688,0.4711024231918268,0.045734518496662116,0.1843764983587209,0.01526942794969203,0.036845793530778596,0.24667133847231956,Катайский,37-512-000-000,Катайский муниципальный округ,муниципальный округ,,1,,г Катайск,data-20240101-structure-20150128.csv,2024,9999,,,45,Курганская область,56.2834992,62.5836525,2,51186.3,18565.0,295.9,3
1343,11913,1208,4428,159,861,24817,6248,0.4800338477656445,0.04867631059354475,0.17842607889752993,0.0064068984969980255,0.03469395978563082,0.25176290446065197,Куртамышский,37-516-000-000,Куртамышский муниципальный округ,муниципальный округ,,1,,г Куртамыш,data-20220128-structure-20150128.csv,2022,9999,,,45,Курганская область,54.9095859,64.4283925,1,48743.6,24231.0,277.4,1
1344,11565,1149,5342,101,790,24066,5119,0.4805534779356769,0.04774370481176764,0.2219729078367822,0.004196792154907338,0.03282639408293859,0.21270672317792735,Лебяжьевский,37-518-000-000,Лебяжьевский муниципальный округ,муниципальный округ,,1,,рп Лебяжье,data-20220128-structure-20150128.csv,2022,9999,,,45,Курганская область,55.273006,66.502243,1,47412.1,10941.0,271.3,1
1345,12681,1061,4949,178,1132,25439,5438,0.49848657573017807,0.041707614293014665,0.19454381068438226,0.006997130390345533,0.04449860450489406,0.21376626439718543,Макушинский,37-520-000-000,муниципальный округ Макушинский,муниципальный округ,,1,,г Макушино,data-20210225-structure-20150128.csv,2021,9999,,,45,Курганская область,55.208321,67.252739,1,54038.3,11993.0,267.8,1
1346,13202,1199,5083,167,915,25938,5372,0.5089829593646388,0.046225614927905,0.19596730665432954,0.00643843010255224,0.0352764284061994,0.20710926054437503,Мишкинский,37-522-000-000,Мишкинский муниципальный округ,муниципальный округ,,1,,рп Мишкино,data-20221219-structure-20150128.csv,2023,9999,,,45,Курганская область,55.3373017,63.9143594,2,49546.9,12441.0,286.2,1
1347,11150,886,5295,77,496,23836,5932,0.46777982883034064,0.03717066621916429,0.22214297700956537,0.003230407786541366,0.020808860547071657,0.24886725960731668,Мокроусовский,37-524-000-000,Мокроусовский муниципальный округ,муниципальный округ,,1,,с Мокроусово,data-20221219-structure-20150128.csv,2023,9999,,,45,Курганская область,55.808598,66.770607,2,45432.5,8983.0,269.7,3
1348,12262,1186,5436,132,1449,25013,4548,0.49022508295686246,0.04741534402110902,0.2173269899652181,0.005277255826969976,0.0579298764642386,0.1818254507656019,Петуховский,37-526-000-000,Петуховский муниципальный округ,муниципальный округ,,1,,г Петухово,data-20220128-structure-20150128.csv,2022,9999,,,45,Курганская область,55.065,67.88736,1,48003.8,13666.0,263.5,1
1349,10338,738,5155,82,804,21184,4067,0.4880098187311178,0.03483761329305136,0.2433440332326284,0.003870845921450151,0.03795317220543807,0.1919845166163142,Половинский,37-528-000-000,Половинский муниципальный округ,муниципальный округ,,1,,с Половинное,data-20221219-structure-20150128.csv,2023,9999,,,45,Курганская область,54.789661,65.987595,2,45206.2,7740.0,268.5,1
1350,11199,1095,4138,129,772,21658,4325,0.5170837565795549,0.05055868501246653,0.1910610398005356,0.005956228645304275,0.0356450272416659,0.1996952627204728,Притобольный,37-530-000-000,Притобольный муниципальный округ,муниципальный округ,,1,,с Глядянское,data-20240101-structure-20150128.csv,2024,9999,,,45,Курганская область,54.907539,65.088203,2,49686.9,9619.0,272.5,1
1351,10129,1074,4820,325,1216,24412,6848,0.41491889234802554,0.043994756677044076,0.1974438800589874,0.013313124692774046,0.049811568081271504,0.28051777814189743,Сафакулевский,37-532-000-000,Сафакулевский муниципальный округ,муниципальный округ,,1,,с Сафакулево,data-20221219-structure-20150128.csv,2023,9999,,,45,Курганская область,54.988411,62.54039,2,44629.8,10385.0,291.4,1
1352,10571,796,3798,64,858,21622,5535,0.4889001942466007,0.0368143557487744,0.17565442604754417,0.002959948200906484,0.039681805568402555,0.25598927018777173,Целинный,37-534-000-000,Целинный муниципальный округ,муниципальный округ,,1,,с Целинное,data-20220128-structure-20150128.csv,2022,9999,,,45,Курганская область,54.50412,63.664242,1,43999.1,11754.0,279.8,1
1353,10841,1067,4953,112,1241,24142,5928,0.4490514456134537,0.044196835390605586,0.20516112998094607,0.004639217960400961,0.051404191864799935,0.2455471791897937,Частоозерский,37-536-000-000,Частоозерский муниципальный округ,муниципальный округ,,1,,с Частоозерье,data-20221219-structure-20150128.csv,2023,9999,,,45,Курганская область,55.568256,67.909462,2,45036.5,4540.0,264.2,1
1355,12453,1015,4663,210,1053,24256,4862,0.5133987467018469,0.041845316622691295,0.1922410949868074,0.008657651715039578,0.04341193931398417,0.20044525065963062,Шатровский,37-540-000-000,Шатровский муниципальный округ,муниципальный округ,,1,,с Шатрово,data-20220128-structure-20150128.csv,2022,9999,,,45,Курганская область,56.519569,64.634209,1,43750.6,13663.0,279.3,1
1356,13097,1233,5085,429,1277,28686,7565,0.456564177647633,0.04298263961514327,0.1772641706755909,0.014955030328383183,0.044516488879592836,0.2637174928536568,Шумихинский,37-542-000-000,муниципальный округ Шумихинский,муниципальный округ,,1,,г Шумиха,data-20210225-structure-20150128.csv,2021,9999,,,45,Курганская область,55.228207,63.282501,1,53181.2,23519.0,289.5,3
1357,13557,1191,6017,402,1221,30264,7876,0.4479579698651864,0.03935368754956384,0.19881707639439597,0.013283108643933386,0.04034496431403648,0.260243193232884,Щучанский,37-544-000-000,Щучанский муниципальный округ,муниципальный округ,,1,,г Щучье,data-20221219-structure-20150128.csv,2023,9999,,,45,Курганская область,55.208908,62.747772,2,55419.1,15866.0,294.0,3
1358,13246,1151,4989,273,1104,27224,6461,0.4865559800176315,0.04227887158389656,0.18325741992359681,0.010027916544225683,0.04055245371730826,0.23732735821334117,Юргамышский,37-546-000-000,Юргамышский муниципальный округ,муниципальный округ,,1,,рп Юргамыш,data-20221219-structure-20150128.csv,2023,9999,,,45,Курганская область,55.374958,64.455788,2,60492.6,15694.0,283.1,1
1392,16392,1519,9151,984,1312,39993,10635,0.40987172755232165,0.03798164678818793,0.2288150426324607,0.024604305753506864,0.03280574100467582,0.26592153626884707,Бокситогорский,41-603-000-000,Бокситогорский муниципальный район,муниципальный район,,1,,г Бокситогорск,data-20180110-structure-20150128.csv,2018,9999,,,47,Ленинградская область,59.4729021,33.8489952,1,75396.5,50855.0,318.3,3
1393,16178,1338,10222,1074,1899,41425,10714,0.3905371152685576,0.032299336149668074,0.2467592033796017,0.02592637296318648,0.04584188292094146,0.25863608931804466,Волосовский,41-606-000-000,Волосовский муниципальный район,муниципальный район,,1,,г Волосово,data-20180110-structure-20150128.csv,2018,9999,,,47,Ленинградская область,59.44439375,29.49251575862619,1,68765.7,50257.0,327.0,2
1394,17900,1691,9973,1461,1892,44793,11876,0.3996160114303574,0.03775143437590695,0.22264639564217623,0.032616703502779454,0.04223874266068359,0.2651307123880964,Волховский,41-609-000-000,Волховский муниципальный район,муниципальный район,,1,,г Волхов,data-20180110-structure-20150128.csv,2018,9999,,,47,Ленинградская область,59.9275868,32.3276803,1,77006.3,78679.0,319.5,2
1395,18528,2642,10395,3873,3939,56677,17300,0.32690509377701715,0.04661502902411913,0.183407731531309,0.06833459780863489,0.06949909134216702,0.30523845651675285,Всеволожский,41-612-000-000,Всеволожский муниципальный район,муниципальный район,,1,,г Всеволожск,data-20180110-structure-20150128.csv,2018,9999,,,47,Ленинградская область,60.0425967,30.58180461128939,1,99062.8,571142.0,360.1,5
1396,18238,2181,10037,2316,3005,50052,14275,0.3643810437145369,0.04357468233037641,0.2005314472948134,0.04627187724766243,0.06003756093662591,0.285203388475985,Выборгский,41-615-000-000,Выборгский муниципальный район,муниципальный район,,1,,г Выборг,data-20180110-structure-20150128.csv,2018,9999,,,47,Ленинградская область,60.7326723,28.74469092882248,1,91584.5,194689.0,297.8,2
1397,18169,2503,9809,2439,3058,50502,14524,0.35976792998297097,0.04956239356857154,0.19422993148786186,0.048295117025068314,0.060552057344263596,0.2875925705912637,Гатчинский,41-618-000-000,Гатчинский муниципальный район,муниципальный район,административный_центр_субъекта,1,,г Гатчина,data-20180110-structure-20150128.csv,2018,9999,,,47,Ленинградская область,59.5706273,30.1305083,1,82586.4,261522.0,346.2,5
1398,18599,1973,9458,2328,2313,49412,14741,0.3764065409212337,0.03992957176394398,0.19141099328098438,0.047114061361612565,0.046810491378612484,0.2983283412936129,Кингисеппский,41-621-000-000,Кингисеппский муниципальный район,муниципальный район,,1,,г Кингисепп,data-20180110-structure-20150128.csv,2018,9999,,,47,Ленинградская область,59.3743982,28.5981591,1,123058.2,83361.0,323.7,2
1399,17293,2105,8362,2046,1566,43824,12452,0.394601131799927,0.04803304125593282,0.1908086893026652,0.046686746987951805,0.03573384446878423,0.28413654618473894,Киришский,41-624-000-000,Киришский муниципальный район,муниципальный район,,1,,г Кириши,data-20180110-structure-20150128.csv,2018,9999,,,47,Ленинградская область,59.450325,32.010578,1,85514.2,58942.0,319.7,3
1400,18662,2282,10171,2136,2776,49689,13662,0.3755760832377387,0.04592565759021111,0.20469319165207592,0.04298738151301093,0.05586749582402544,0.27495019018293787,Кировский,41-625-000-000,Кировский муниципальный район,муниципальный район,,1,,г Кировск,data-20180110-structure-20150128.csv,2018,9999,,,47,Ленинградская область,59.8813954,30.9855331,1,86859.3,108186.0,347.8,2
1401,18160,1600,10030,1369,1837,44440,11444,0.40864086408640865,0.036003600360036005,0.2256975697569757,0.030805580558055806,0.04133663366336634,0.2575157515751575,Лодейнопольский,41-627-000-000,Лодейнопольский муниципальный район,муниципальный район,,1,,г Лодейное Поле,data-20180110-structure-20150128.csv,2018,9999,,,47,Ленинградская область,60.7339323,33.5457731,1,59047.6,27168.0,300.6,2
1402,18432,2355,10530,2944,3974,53107,14872,0.34707289057939633,0.04434443670325946,0.1982789462782684,0.055435253356431353,0.07483006006741108,0.2800384130152334,Ломоносовский,41-630-000-000,Ломоносовский муниципальный район,муниципальный район,,3,40-372-000-000,г Ломоносов,data-20180110-structure-20150128.csv,2018,9999,,,47,Ленинградская область,59.91032,29.776194,1,115167.4,90576.0,349.0,5
1403,18638,1967,9505,2181,2620,48216,13305,0.3865521818483491,0.04079558652729384,0.19713373154139704,0.04523394723743156,0.054338808694209394,0.27594574415131906,Лужский,41-633-000-000,Лужский муниципальный район,муниципальный район,,1,,г Луга,data-20180110-structure-20150128.csv,2018,9999,,,47,Ленинградская область,58.735699,29.8475013,1,70100.0,74392.0,321.6,2
1404,16578,1554,8456,961,1665,39213,9999,0.42276795960523295,0.03962971463545253,0.21564277152984979,0.02450717874174381,0.04246040853798485,0.2549919669497361,Подпорожский,41-636-000-000,Подпорожский муниципальный район,муниципальный район,,1,,г Подпорожье,data-20180110-structure-20150128.csv,2018,9999,,,47,Ленинградская область,60.914291,34.162354,1,61376.2,25067.0,295.9,3
1405,17584,1936,11070,1610,2374,46594,12020,0.3773876464780873,0.041550414216422714,0.237584238313946,0.03455380521097137,0.05095076619307207,0.2579731295875005,Приозерский,41-639-000-000,Приозерский муниципальный район,муниципальный район,,1,,г Приозерск,data-20180110-structure-20150128.csv,2018,9999,,,47,Ленинградская область,61.0385285,30.1248482,1,70647.0,56730.0,297.5,2
1406,18646,1441,9267,1346,1452,43888,11736,0.4248541742617572,0.032833576376230404,0.2111511119212541,0.030668975574188843,0.03308421436383522,0.2674079475027342,Сланцевский,41-642-000-000,Сланцевский муниципальный район,муниципальный район,,1,,г Сланцы,data-20180110-structure-20150128.csv,2018,9999,,,47,Ленинградская область,59.11726,28.086979,1,77914.9,44406.0,308.4,3
1407,17136,1921,8732,1503,1883,44284,13109,0.38695691446120495,0.04337909854575016,0.19718182639327975,0.033940023484780056,0.042521000812934695,0.2960211363020504,Тихвинский,41-645-000-000,Тихвинский муниципальный район,муниципальный район,,1,,г Тихвин,data-20180110-structure-20150128.csv,2018,9999,,,47,Ленинградская область,59.644323,33.5418624,1,82246.9,65782.0,318.3,2
1408,18573,2293,9812,2427,2825,49900,13970,0.3722044088176353,0.045951903807615234,0.19663326653306612,0.0486372745490982,0.05661322645290581,0.2799599198396794,Тосненский,41-648-000-000,Тосненский муниципальный район,муниципальный район,,1,,г Тосно,data-20180110-structure-20150128.csv,2018,9999,,,47,Ленинградская область,59.5412777,30.8773645,1,81263.9,130546.0,343.6,2
1409,19723,2867,10908,2678,2819,53678,14683,0.3674317224933865,0.05341108088974999,0.20321174410372964,0.04989008532359626,0.05251685979358396,0.27353850739595365,Сосновоборский,41-754-000-000,городской округ Сосновоборский,городской округ,,1,,г Сосновый Бор,data-20180110-structure-20150128.csv,2018,9999,,,47,Ленинградская область,59.8968655,29.0765628,1,120590.6,63462.0,320.4,5
1410,17072,2030,8618,2025,2777,46358,13836,0.3682643772380172,0.043789637171577724,0.18590103110574227,0.04368178092238664,0.059903360800724795,0.2984598127615514,Липецк,42-701-000-000,городской округ город Липецк,городской округ,административный_центр_субъекта,2,42-640-000-000,г Липецк,data-20180110-structure-20150128.csv,2018,9999,,,48,Липецкая область,52.6041877,39.5936899,1,80260.6,485260.0,399.3,2
1411,16503,1604,8566,1357,2536,41625,11059,0.39646846846846845,0.03853453453453454,0.2057897897897898,0.0326006006006006,0.06092492492492493,0.26568168168168166,Елец,42-715-000-000,городской округ город Елец,городской округ,,2,42-621-000-000,г Елец,data-20180110-structure-20150128.csv,2018,9999,,,48,Липецкая область,52.6219865,38.5003298,1,60220.9,94902.0,392.0,2
1412,11894,1368,8192,257,1343,27983,4929,0.425043776578637,0.04888682414322982,0.2927491691384055,0.009184147518136012,0.047993424579208806,0.17614265804238288,Воловский,42-603-000-000,Воловский муниципальный район,муниципальный район,,1,,с Волово,data-20180110-structure-20150128.csv,2018,9999,,,48,Липецкая область,52.0283838,37.8790391,1,,12286.0,355.6,1
1413,13914,1390,6898,837,1469,33208,8700,0.4189954227896892,0.04185738376294869,0.20772103107684894,0.02520476993495543,0.04423632859551915,0.26198506384003856,Грязинский,42-606-000-000,Грязинский муниципальный район,муниципальный район,,1,,г Грязи,data-20180110-structure-20150128.csv,2018,9999,,,48,Липецкая область,52.48744725,39.93593469574095,1,77641.9,77383.0,372.6,3
1414,14730,1439,6800,503,1530,33299,8297,0.44235562629508396,0.04321451094627466,0.20421033664674615,0.015105558725487252,0.04594732574551788,0.2491666416408901,Данковский,42-609-000-000,Данковский муниципальный район,муниципальный район,,1,,г Данков,data-20180110-structure-20150128.csv,2018,9999,,,48,Липецкая область,53.2533095,39.1591798,1,59157.2,31514.0,378.7,3
1415,12973,1239,7141,328,1446,29373,6246,0.44166411330133115,0.04218159534266163,0.2431144248119021,0.011166717733973376,0.04922888366867531,0.21264426514145643,Добринский,42-612-000-000,Добринский муниципальный район,муниципальный район,,1,,п Добринка,data-20180110-structure-20150128.csv,2018,9999,,,48,Липецкая область,52.1658357,40.4772102,1,65120.6,32283.0,362.7,1
1416,12358,1142,6050,393,1163,26444,5338,0.46732718196944484,0.04318559975797913,0.22878535773710482,0.014861594312509455,0.04397973075177734,0.20186053547118438,Добровский,42-615-000-000,Добровский муниципальный район,муниципальный район,,1,,с Доброе,data-20180110-structure-20150128.csv,2018,9999,,,48,Липецкая область,52.8613369,39.8102066,1,,26993.0,375.7,1
1417,11765,1401,7089,307,1094,27229,5573,0.43207609533952773,0.05145249550112013,0.26034742370266994,0.011274743839288993,0.040177751661831136,0.20467148995556209,Долгоруковский,42-618-000-000,Долгоруковский муниципальный район,муниципальный район,,1,,с Долгоруково,data-20180110-structure-20150128.csv,2018,9999,,,48,Липецкая область,52.3243879,38.3495961,1,56006.8,15713.0,365.5,1
1419,12728,1202,7441,338,1360,29636,6567,0.4294776623026049,0.0405587798623296,0.25107976784991226,0.01140504791469834,0.04589013362127143,0.22158860844918343,Задонский,42-624-000-000,Задонский муниципальный район,муниципальный район,,1,,г Задонск,data-20180110-structure-20150128.csv,2018,9999,,,48,Липецкая область,52.387798,38.92672,1,71890.0,33205.0,373.6,1
1420,12087,1211,6239,202,1140,26595,5716,0.4544839255499154,0.04553487497649934,0.2345929686031209,0.007595412671554803,0.04286520022560632,0.21492761797330326,Измалковский,42-627-000-000,Измалковский муниципальный район,муниципальный район,,1,,с Измалково,data-20180110-structure-20150128.csv,2018,9999,,,48,Липецкая область,52.6931659,37.9693559,1,,14799.0,367.9,1
1421,12388,1343,7031,166,1508,29385,6949,0.42157563382678237,0.0457035902671431,0.23927173728092566,0.005649140718053429,0.05131870001701548,0.23648119789007999,Краснинский,42-630-000-000,Краснинский муниципальный район,муниципальный район,,1,,с Красное,data-20180110-structure-20150128.csv,2018,9999,,,48,Липецкая область,52.863953,38.783821,1,67414.5,13181.0,371.9,1
1422,14157,1304,7088,585,1430,31763,7199,0.44570726946447126,0.041054056606743695,0.22315272486855775,0.01841765576299468,0.04502093630954255,0.2266473569876901,Лебедянский,42-633-000-000,Лебедянский муниципальный район,муниципальный район,,1,,г Лебедянь,data-20180110-structure-20150128.csv,2018,9999,,,48,Липецкая область,53.0126146,39.127593,1,65478.8,38865.0,375.4,3
1423,15551,1358,7909,409,1462,32876,6187,0.4730198320963621,0.04130672831244677,0.24057062903029566,0.012440686214867989,0.04447013018615403,0.18819199415987348,Лев-Толстовский,42-636-000-000,Лев-Толстовский муниципальный район,муниципальный район,,1,,п Лев Толстой,data-20180110-structure-20150128.csv,2018,9999,,,48,Липецкая область,53.212541,39.4477568,1,62104.5,16181.0,375.0,1
1425,10724,913,6399,276,993,25371,6066,0.42268732016869653,0.03598596823144535,0.25221709826179495,0.01087856213787395,0.03913917464822041,0.23909187655196878,Становлянский,42-642-000-000,Становлянский муниципальный район,муниципальный район,,1,,с Становое,data-20180110-structure-20150128.csv,2018,9999,,,48,Липецкая область,52.7632714,38.3639594,1,,16521.0,374.5,3
1426,12851,1407,8109,375,1490,30444,6212,0.4221193010116936,0.04621600315333071,0.2663579030350808,0.012317698068584943,0.048942320325844176,0.2040467744054658,Тербунский,42-645-000-000,Тербунский муниципальный район,муниципальный район,,1,,с Тербуны,data-20180110-structure-20150128.csv,2018,9999,,,48,Липецкая область,52.146828,38.278389,1,62431.8,20466.0,363.9,1
1427,13027,1332,7224,578,1322,29999,6516,0.43424780826027537,0.04440148004933498,0.24080802693423115,0.019267308910297008,0.04406813560452015,0.2172072402413414,Усманский,42-648-000-000,Усманский муниципальный район,муниципальный район,,1,,г Усмань,data-20180110-structure-20150128.csv,2018,9999,,,48,Липецкая область,52.0506929,39.7399996,1,53900.6,49178.0,367.2,1
1428,11649,1477,7079,390,1453,27993,5945,0.41613974922302005,0.05276319079769942,0.25288464973386204,0.013932054442181974,0.05190583360125746,0.21237452220197905,Хлевенский,42-652-000-000,Хлевенский муниципальный район,муниципальный район,,1,,с Хлевное,data-20180110-structure-20150128.csv,2018,9999,,,48,Липецкая область,52.197231,39.086029,1,59234.2,18262.0,372.4,1
1429,13819,1385,7145,372,1355,31597,7521,0.43735164730828874,0.043833275310947245,0.226129062885717,0.01177326961420388,0.042883818083995315,0.2380289267968478,Чаплыгинский,42-656-000-000,Чаплыгинский муниципальный район,муниципальный район,,1,,г Чаплыгин,data-20180110-structure-20150128.csv,2018,9999,,,48,Липецкая область,53.243015,39.966801,1,59232.0,29850.0,378.5,1
1430,28598,2871,8244,3364,3692,74293,27524,0.3849353236509496,0.038644286810332065,0.11096603986916667,0.045280174444429486,0.04969512605494461,0.37047904917017754,Магадан,44-701-000-000,городской округ город Магадан,городской округ,административный_центр_субъекта,1,,г Магадан,data-20180110-structure-20150128.csv,2018,9999,,,49,Магаданская область,59.5604768,150.7988617,1,155268.7,94768.0,119.2,4
1431,24253,1750,9285,1262,1594,54083,15939,0.4484403601871198,0.03235767246639425,0.17168056505741175,0.023334504372908307,0.029473217092247102,0.2947136808239188,Ольский,44-502-000-000,муниципальный округ Ольский,муниципальный округ,,1,,пгт Ола,data-20230126-structure-20150128.csv,2023,9999,,,49,Магаданская область,59.5780981,151.2990699,2,116776.1,8658.0,120.2,4
1438,30720,1935,9478,1224,2618,70825,24850,0.4337451464878221,0.027320861277797388,0.13382280268266855,0.017282033180374162,0.0369643487469114,0.3508648076244264,Ягоднинский,44-522-000-000,муниципальный округ Ягоднинский,муниципальный округ,,1,,пгт Ягодное,data-20230126-structure-20150128.csv,2023,9999,,,49,Магаданская область,62.5216788,149.6253322,2,167101.4,5934.0,122.8,4
1439,19271,2847,10204,3249,4057,58085,18457,0.3317724025135577,0.04901437548420418,0.17567358181974693,0.05593526728070931,0.06984591546870965,0.31775845743307224,Балашиха,46-704-000-000,городской округ Балашиха,городской округ,,1,,г Балашиха,data-20180110-structure-20150128.csv,2018,9999,,,50,Московская область,55.7997662,37.9373707,1,102186.6,554248.0,565.5,5
1440,18182,1778,10716,2248,3252,50318,14142,0.3613418657339322,0.03533526769744425,0.21296553917087324,0.044675861520728166,0.06462895981557296,0.28105250606144916,Бронницы,46-705-000-000,городской округ Бронницы,городской округ,,1,,г Бронницы,data-20180110-structure-20150128.csv,2018,9999,,,50,Московская область,55.42009275,38.27196953296119,1,79343.4,20981.0,489.7,2
1443,18841,2578,10099,3120,3845,57248,18765,0.3291119340413639,0.0450321408608161,0.17640790944661822,0.05449972051425377,0.0671639183901621,0.3277843767467859,Дзержинский,46-711-000-000,городской округ Дзержинский,городской округ,,1,,г Дзержинский,data-20180110-structure-20150128.csv,2018,9999,,,50,Московская область,55.6309186,37.8496653,1,108785.2,57434.0,586.8,5
1444,19623,3211,10967,3888,4386,63670,21595,0.3081985236375059,0.05043191455944715,0.17224752630752316,0.06106486571383697,0.06888644573582535,0.33917072404586146,Долгопрудный,46-716-000-000,городской округ Долгопрудный,городской округ,,1,,г Долгопрудный,data-20180110-structure-20150128.csv,2018,9999,,,50,Московская область,55.9341491,37.5142417,1,140511.0,119089.0,569.8,5
1445,18849,2514,10510,2898,4077,56381,17533,0.3343147514233518,0.044589489366985334,0.1864103155318281,0.051400294425427005,0.0723115943314237,0.310973554920984,Домодедово,46-709-000-000,городской округ Домодедово,городской округ,,1,,г Домодедово,data-20180110-structure-20150128.csv,2018,9999,,,50,Московская область,55.4368213,37.7680693,1,116808.3,226573.0,524.2,5
1446,20180,2707,11494,3072,3280,58943,18210,0.34236465738085947,0.04592572485282392,0.19500195103744294,0.05211814804132806,0.055646980981626314,0.3089425377059193,Дубна,46-718-000-000,городской округ Дубна,городской округ,,1,,г Дубна,data-20180110-structure-20150128.csv,2018,9999,,,50,Московская область,56.7362705,37.1623696,1,119658.1,74032.0,413.2,5
1447,17336,1695,9050,2008,2776,46205,13340,0.3751974894491938,0.03668434152148036,0.19586624824153231,0.04345850016232009,0.06008007791364571,0.28871334271182775,Егорьевск,46-722-000-000,городской округ Егорьевск,городской округ,,1,,г Егорьевск,data-20180110-structure-20150128.csv,2018,9999,,,50,Московская область,55.3829765,39.0356223,1,82618.9,111759.0,440.1,2
1448,18811,2827,10383,3073,3672,57924,19158,0.3247531247842,0.04880533112354119,0.1792521234721359,0.05305227539534563,0.06339341205717837,0.3307437331675989,Жуковский,46-725-000-000,городской округ Жуковский,городской округ,,1,,г Жуковский,data-20180110-structure-20150128.csv,2018,9999,,,50,Московская область,55.5972801,38.1199863,1,116756.8,110083.0,523.0,5
1449,16223,1511,8272,981,1751,40505,11767,0.4005184545117887,0.037304036538698924,0.20422170102456486,0.024219232193556352,0.043229230959140844,0.2905073447722503,Зарайск,46-729-000-000,городской округ Зарайск,городской округ,,1,,г Зарайск,data-20180110-structure-20150128.csv,2018,9999,,,50,Московская область,54.7585694,38.8818137,1,65077.5,36618.0,417.5,2
1453,19281,3038,12026,2839,4077,59563,18302,0.32370767086949953,0.051004818427547303,0.20190386649430014,0.04766381814213522,0.06844853348555312,0.3072712925809647,Истра,46-733-000-000,городской округ Истра,городской округ,,1,,г Истра,data-20180129-structure-20150128.csv,2018,9999,,,50,Московская область,55.9145993,36.8595482,1,111672.8,171213.0,477.7,5
1454,18426,1927,9829,1780,2802,48247,13483,0.3819097560470081,0.03994030716935768,0.20372251124422244,0.03689348560532261,0.05807614981242357,0.2794577901216656,Кашира,46-735-000-000,городской округ Кашира,городской округ,,1,,г Кашира,data-20180110-structure-20150128.csv,2018,9999,,,50,Московская область,54.837449,38.1505119,1,85341.4,65747.0,436.1,2
1456,20403,3266,10517,3467,4150,62054,20251,0.32879427595320204,0.05263157894736842,0.16948141940890193,0.055870693267154416,0.06687723595578045,0.32634479646759273,Королёв,46-734-000-000,городской округ Королёв,городской округ,,1,,г Королёв,data-20180110-structure-20150128.csv,2018,9999,,,50,Московская область,55.9190049,37.8150443,1,117436.2,226007.0,561.7,5
1457,18477,2510,10322,4172,4653,61194,21060,0.30194136680066674,0.04101709317906985,0.16867666764715494,0.0681766186227408,0.07603686635944701,0.34415138739092066,Котельники,46-739-000-000,городской округ Котельники,городской округ,,1,,г Котельники,data-20180110-structure-20150128.csv,2018,9999,,,50,Московская область,55.661668,37.8673073,1,118773.0,72311.0,601.4,5
1459,20300,3144,11915,4252,4963,67719,23145,0.2997681596007029,0.04642714747707438,0.1759476660907574,0.0627888775675955,0.07328814660582703,0.3417800026580428,Красногорск,46-744-000-000,городской округ Красногорск,городской округ,,1,,г Красногорск,data-20180110-structure-20150128.csv,2018,9999,,,50,Московская область,55.8217545,37.3400897,1,137301.9,335991.0,568.1,5
1461,19432,2705,10534,3092,3648,57342,17931,0.33887900666178367,0.047173101740434584,0.1837047888109937,0.05392208154581284,0.0636182902584493,0.3127027309825259,Лобня,46-740-000-000,городской округ Лобня,городской округ,,1,,г Лобня,data-20180110-structure-20150128.csv,2018,9999,,,50,Московская область,56.03377690000001,37.46122371880293,1,161420.5,81143.0,521.6,5
1463,18260,1946,9511,1695,2669,48454,14373,0.3768522722582243,0.04016180294712511,0.19628926404424815,0.03498163206340034,0.055083171667973746,0.29663185701902833,Луховицы,46-747-000-000,городской округ Луховицы,городской округ,,1,,г Луховицы,data-20180110-structure-20150128.csv,2018,9999,,,50,Московская область,54.9655573,39.0277188,1,92259.2,61079.0,429.3,2
1464,19980,2953,10667,2825,3094,57284,17765,0.3487884924237134,0.05155017107743873,0.18621255498917674,0.049315690245094614,0.05401159136931778,0.3101214998952587,Лыткарино,46-741-000-000,городской округ Лыткарино,городской округ,,1,,г Лыткарино,data-20180110-structure-20150128.csv,2018,9999,,,50,Московская область,55.5822477,37.9080217,1,111222.9,66526.0,538.1,5
1465,18832,2681,10245,3304,3829,57432,18541,0.3279008218414821,0.04668129265914473,0.1783848725449227,0.05752890374703998,0.0666701490458281,0.3228339601615824,Люберцы,46-748-000-000,городской округ Люберцы,городской округ,,1,,г Люберцы,data-20180110-structure-20150128.csv,2018,9999,,,50,Московская область,55.6783142,37.89377,1,112072.0,364888.0,587.7,5
1467,19170,2896,10860,3742,4544,62502,21290,0.30671018527407123,0.04633451729544655,0.17375443985792455,0.05987008415730696,0.07270167354644651,0.3406290998688042,Мытищи,46-746-000-000,городской округ Мытищи,городской округ,,1,,г Мытищи,data-20180110-structure-20150128.csv,2018,9999,,,50,Московская область,55.9094928,37.7339358,1,110614.2,309564.0,572.6,5
1468,19618,2589,11198,2922,3954,58259,17978,0.33673767143274,0.04443948574469181,0.19221064556549203,0.05015534080571242,0.06786934207590244,0.3085875143754613,Наро-Фоминский,46-750-000-000,городской округ Наро-Фоминский,городской округ,,1,,г Наро-Фоминск,data-20180129-structure-20150128.csv,2018,9999,,,50,Московская область,55.3842784,36.723507,1,89700.3,198501.0,462.8,5
1472,19577,2574,10289,2780,3783,56406,17403,0.34707300641775696,0.04563344325071801,0.18240967272985142,0.04928553699960997,0.06706733326241889,0.3085310073396447,Подольск,46-760-000-000,городской округ Подольск,городской округ,,1,,г Подольск,data-20180110-structure-20150128.csv,2018,9999,,,50,Московская область,55.4308841,37.5453056,1,172415.1,350634.0,527.3,5
1473,14973,1728,8387,1518,1606,41785,13573,0.3583343305013761,0.041354553069283234,0.20071796099078618,0.036328826133780065,0.03843484504008615,0.3248294842646883,Протвино,46-767-000-000,городской округ Протвино,городской округ,,1,,г Протвино,data-20180110-structure-20150128.csv,2018,9999,,,50,Московская область,54.8707703,37.2188629,1,91076.8,37221.0,436.6,3
1474,13019,1593,8192,1122,1318,37515,12271,0.3470345195255231,0.04246301479408237,0.2183659869385579,0.029908036785285887,0.03513261362121818,0.3270958283353325,Пущино,46-762-000-000,городской округ Пущино,городской округ,,1,,г Пущино,data-20180110-structure-20150128.csv,2018,9999,,,50,Московская область,54.8347213,37.6139685,1,86843.1,19342.0,432.8,3
1475,19385,3107,10034,4084,4069,62568,21889,0.3098229126710139,0.049657972126326555,0.16036951796445467,0.06527298299450199,0.06503324383071218,0.3498433704129907,Реутов,46-764-000-000,городской округ Реутов,городской округ,,1,,г Реутов,data-20180110-structure-20150128.csv,2018,9999,,,50,Московская область,55.7622453,37.856555,1,107100.5,112070.0,609.0,5
1477,18787,2223,10584,1749,2928,49666,13395,0.37826682237345466,0.04475899005355777,0.21310353159102807,0.03521523778842669,0.05895381146055652,0.2697016067329763,Рузский,46-766-000-000,городской округ Рузский,городской округ,,1,,г Руза,data-20180110-structure-20150128.csv,2018,9999,,,50,Московская область,55.6998907,36.1946992,1,91991.8,79874.0,431.9,2
1478,17345,1574,9677,986,1692,42423,11149,0.4088584022817811,0.03710251514508639,0.22810739457369822,0.02324210923319897,0.039884025175022986,0.2628055535912123,Серебряные Пруды,46-772-000-000,городской округ Серебряные Пруды,городской округ,,1,,рп Серебряные Пруды,data-20180110-structure-20150128.csv,2018,9999,,,50,Московская область,54.4679803,38.7223679,1,70705.8,23278.0,412.3,3
1480,18462,2367,9755,2225,3023,51486,15654,0.3585829157440858,0.04597366274327001,0.18946898185914618,0.04321563143378782,0.058714990482849706,0.3040438177368605,Ступино,46-776-000-000,городской округ Ступино,городской округ,,1,,г Ступино,data-20180129-structure-20150128.csv,2018,9999,,,50,Московская область,54.886598,38.0772589,1,102284.6,118129.0,441.1,5
1481,19553,2922,10418,2874,3137,56188,17284,0.34799245390474837,0.05200398661635937,0.18541325549939489,0.05114971168220973,0.055830426425571296,0.30761016587171636,Фрязино,46-780-000-000,городской округ Фрязино,городской округ,,1,,г Фрязино,data-20180110-structure-20150128.csv,2018,9999,,,50,Московская область,55.954618,38.0567691,1,123955.5,58677.0,522.8,5
1483,18764,2696,11349,1945,2118,52050,15178,0.36049951969260324,0.051796349663784824,0.21804034582132564,0.037367915465898176,0.04069164265129683,0.2916042267050913,Черноголовка,46-781-000-000,городской округ Черноголовка,городской округ,,1,,г Черноголовка,data-20180110-structure-20150128.csv,2018,9999,,,50,Московская область,56.0061165,38.3835224,1,142578.8,21254.0,483.8,3
1484,19192,2322,11118,2483,3873,55609,16621,0.3451239907209265,0.04175583089068316,0.19993166573756047,0.04465104569404233,0.06964699958639789,0.2988904673703897,Чехов,46-784-000-000,городской округ Чехов,городской округ,,1,,г Чехов,data-20180129-structure-20150128.csv,2018,9999,,,50,Московская область,55.1426603,37.4545328,1,92079.7,146643.0,469.7,5
1486,17476,1757,11224,1261,2353,45617,11546,0.3831027906263016,0.0385163425915777,0.24604862222417082,0.027643203191792535,0.051581647192932456,0.2531073941732249,Шаховская,46-787-000-000,городской округ Шаховская,городской округ,,1,,рп Шаховская,data-20180110-structure-20150128.csv,2018,9999,,,50,Московская область,56.031464,35.5102036,1,71927.4,29743.0,402.6,2
1488,18773,2535,9268,2558,3391,53423,16898,0.35140295378395076,0.047451472212343,0.1734833311495049,0.047881998390206466,0.0634745334406529,0.316305711023342,Электросталь,46-790-000-000,городской округ Электросталь,городской округ,,1,,г Электросталь,data-20180110-structure-20150128.csv,2018,9999,,,50,Московская область,55.7903785,38.4405711,1,174519.6,150729.0,492.6,5
1489,18472,1992,9901,1560,2660,47021,12436,0.39284574977137876,0.04236405010527211,0.2105654920142064,0.03317666574509262,0.05657046851406818,0.26447757384998194,Волоколамский,46-708-000-000,городской округ Волоколамский,городской округ,,1,,г Волоколамск,data-20200401-structure-20150128.csv,2020,9999,,,50,Московская область,56.0360129,35.9583358,1,77087.1,64721.0,417.7,2
1490,18342,1981,9929,1940,2947,50128,14989,0.3659032875837855,0.03951883179061602,0.1980729332907756,0.03870092563038621,0.05878949888285988,0.29901452282157676,Воскресенск,46-710-000-000,городской округ Воскресенск,городской округ,,1,,г Воскресенск,data-20200401-structure-20150128.csv,2020,9999,,,50,Московская область,55.322518,38.6816824,1,89073.4,160755.0,451.2,2
1491,18909,2284,10750,2271,3435,53379,15730,0.35424043163041646,0.04278836246463965,0.20139005976132937,0.0425448209970213,0.06435114932838756,0.29468517581820564,Дмитровский,46-715-000-000,городской округ Дмитровский,городской округ,,1,,г Дмитров,data-20190319-structure-20150128.csv,2019,9999,,,50,Московская область,56.3450695,37.5200723,1,89670.2,163081.0,458.3,5
1492,18738,2187,9508,2068,3332,52005,16172,0.36031150850879723,0.04205364868762619,0.18282857417556003,0.039765407172387274,0.06407076242668974,0.3109700990289395,Клин,46-737-000-000,городской округ Клин,городской округ,,1,,г Клин,data-20180824-structure-20150128.csv,2019,9999,,,50,Московская область,56.3355601,36.7351318,1,82878.8,148545.0,440.6,5
1493,19044,2659,11867,3903,5006,63046,20567,0.3020651587729594,0.04217555435713606,0.18822764330806077,0.06190717888525838,0.0794023411477334,0.32622212352885194,Ленинский,46-707-000-000,городской округ Ленинский,городской округ,,1,,г Видное,data-20210118-structure-20150128.csv,2021,9999,,,50,Московская область,55.5571496,37.7087142,1,118959.9,327211.0,565.5,5
1494,14205,1296,8643,637,1351,34823,8691,0.40792005283864113,0.037216782011888695,0.2481980300376188,0.018292507825287886,0.038796197915171006,0.24957642937139246,Лотошино,46-752-000-000,городской округ Лотошино,городской округ,,1,,рп Лотошино,data-20200401-structure-20150128.csv,2020,9999,,,50,Московская область,56.228891,35.6399029,1,61386.3,21886.0,399.8,3
1495,19343,2098,10251,1757,2940,51165,14776,0.37805140232580864,0.04100459298348481,0.20035180299032543,0.0343398807778755,0.0574611550864849,0.2887911658360207,Можайский,46-745-000-000,городской округ Можайский,городской округ,,1,,г Можайск,data-20190319-structure-20150128.csv,2019,9999,,,50,Московская область,55.5095679,35.986899,1,71940.1,92529.0,425.5,2
1496,18888,2344,9533,2226,3154,52622,16477,0.35893732659344,0.044544107027479005,0.18115997111474288,0.04230169890920148,0.05993690851735016,0.3131199878377865,Богородский,46-751-000-000,городской округ Богородский,городской округ,,1,,г Ногинск,data-20190319-structure-20150128.csv,2019,9999,,,50,Московская область,55.8553511,38.4411898,1,106506.2,220062.0,494.0,5
1500,18791,2454,10562,2633,3548,55374,17386,0.3393469859500849,0.04431682739191679,0.19073933615053995,0.04754939141113158,0.06407339184454798,0.3139740672517788,Раменский,46-768-000-000,городской округ Раменский,городской округ,,1,,г Раменское,data-20200401-structure-20150128.csv,2020,9999,,,50,Московская область,55.5709361,38.2282099,1,97837.0,338109.0,498.5,5
1501,18239,2396,10134,2373,3157,52569,16270,0.3469535277444882,0.045578192470847836,0.19277520972436227,0.045140672259316325,0.060054404687173046,0.3094979931138123,Сергиево-Посадский,46-728-000-000,городской округ Сергиево-Посадский,городской округ,,1,,г Сергиев Посад,data-20200401-structure-20150128.csv,2020,9999,,,50,Московская область,56.3153284,38.1359898,1,90162.6,207827.0,460.2,5
1504,16880,1780,9538,1252,1998,42656,11208,0.39572393098274566,0.041729182295573895,0.22360277569392348,0.029351087771942987,0.04683983495873968,0.2627531882970743,Талдомский,46-778-000-000,городской округ Талдомский,городской округ,,1,,г Талдом,data-20190319-structure-20150128.csv,2019,9999,,,50,Московская область,56.730941,37.528016,1,86441.7,64165.0,418.2,2
1506,21706,2422,10168,2867,3304,58237,17770,0.37271837491629034,0.041588680735614815,0.17459690574720538,0.049229871044181535,0.056733691639335816,0.30513247591737214,Мурманск,47-701-000-000,городской округ город Мурманск,городской округ,административный_центр_субъекта,1,,г Мурманск,data-20180110-structure-20150128.csv,2018,9999,,,51,Мурманская область,68.970665,33.07497,1,125235.4,266681.0,214.9,5
1507,22439,2057,11209,3185,2537,58414,16987,0.38413736433046874,0.035214160988804054,0.19188893073578253,0.05452460026705927,0.04343136919231691,0.29080357448556854,Апатиты,47-519-000-000,муниципальный округ город Апатиты,муниципальный округ,,1,,г Апатиты,data-20220128-structure-20150128.csv,2021,9999,,,51,Мурманская область,67.568626,33.404392,1,100902.6,48277.0,221.7,4
1508,21927,1880,12842,3160,2341,60782,18632,0.36074824783653053,0.030930209601526766,0.21127965516106742,0.05198907571320457,0.038514691849560724,0.30653811983810997,Кировск,47-522-000-000,муниципальный округ город Кировск,муниципальный округ,,1,,г Кировск,data-20220128-structure-20150128.csv,2021,9999,,,51,Мурманская область,67.6151331,33.6637527,1,155467.1,25984.0,221.3,4
1509,18945,1881,9993,1778,1989,49197,14611,0.3850844563692908,0.038234038660893956,0.20312214159399963,0.03614041506595931,0.040429294469174946,0.2969896538406813,Мончегорск,47-524-000-000,муниципальный округ город Мончегорск,муниципальный округ,,1,,г Мончегорск,data-20220128-structure-20150128.csv,2021,9999,,,51,Мурманская область,67.939903,32.931679,1,110712.0,41427.0,222.0,4
1510,20139,1588,10966,1796,1327,48229,12413,0.41757034149578054,0.032926247693296565,0.22737357191731117,0.03723900557755707,0.02751456592506583,0.25737626739098884,Оленегорск,47-526-000-000,муниципальный округ город Оленегорск,муниципальный округ,,1,,г Оленегорск,data-20220128-structure-20150128.csv,2021,9999,,,51,Мурманская область,68.140732,33.282597,1,100016.8,27867.0,220.8,3
1511,21853,1989,11975,2297,2478,56063,15471,0.38979362502898524,0.03547794445534488,0.21359898685407488,0.04097176390846013,0.04420027469097266,0.2759574050621622,Полярные Зори,47-528-000-000,муниципальный округ город Полярные Зори,муниципальный округ,,1,,г Полярные Зори,data-20220128-structure-20150128.csv,2021,9999,,,51,Мурманская область,67.3659225,32.5010277,1,142415.5,15634.0,226.0,4
1512,23432,1834,12547,2301,1683,58269,16472,0.4021349259469014,0.031474712111071064,0.21532890559302545,0.039489265304021005,0.028883282706070122,0.2826889083389109,Ковдорский,47-517-000-000,Ковдорский муниципальный округ,муниципальный округ,,1,,г Ковдор,data-20220128-structure-20150128.csv,2021,9999,,,51,Мурманская область,67.563049,30.474108,1,118867.3,16803.0,218.9,4
1518,20911,1731,11576,1856,2125,52520,14321,0.39815308453922316,0.03295887281035796,0.2204112718964204,0.03533891850723534,0.04046077684691546,0.2726770753998477,Кандалакшский,47-608-000-000,Кандалакшский муниципальный район,муниципальный район,,1,,г Кандалакша,data-20180110-structure-20150128.csv,2018,9999,,,51,Мурманская область,67.1507901,32.4082716,1,93922.5,39330.0,226.7,4
1519,16436,1490,8746,1384,1590,41060,11414,0.4002922552362396,0.03628835849975645,0.2130053580126644,0.03370677057963955,0.03872381880175353,0.2779834388699464,Кольский,47-605-000-000,Кольский муниципальный район,муниципальный район,,1,,г Кола,data-20180110-structure-20150128.csv,2018,9999,,,51,Мурманская область,68.880638,33.019726,1,138007.3,33201.0,220.1,3
1520,20359,1322,13246,770,1293,47065,10075,0.43257197492829064,0.028088813343248697,0.2814405609263784,0.01636035270370764,0.027472644215446724,0.21406565388292786,Ловозерский,47-610-000-000,Ловозерский муниципальный район,муниципальный район,,1,,с Ловозеро,data-20180110-structure-20150128.csv,2018,9999,,,51,Мурманская область,68.0058828,35.0172148,1,86372.9,8770.0,216.5,3
1521,22126,1856,13548,2222,2596,59790,17442,0.37006188325806993,0.031041980264258237,0.22659307576517812,0.03716340525171433,0.04341863187824051,0.2917210235825389,Печенгский,47-515-000-000,Печенгский муниципальный округ,муниципальный округ,,1,,пгт Никель,data-20210118-structure-20150128.csv,2021,9999,,,51,Мурманская область,69.4062217,30.2114216,1,106442.9,29632.0,207.1,4
1522,18727,1369,11290,555,1509,43231,9781,0.433184520367329,0.0316670907450672,0.26115518956304506,0.012838009761513728,0.03490550762184543,0.2262496819411996,Терский,47-620-000-000,Терский муниципальный район,муниципальный район,,1,,пгт Умба,data-20180110-structure-20150128.csv,2018,9999,,,51,Мурманская область,66.6780339,34.3376019,1,85974.2,4698.0,220.3,3
1523,17075,2538,7530,2000,2794,47006,15069,0.3632514998085351,0.05399310726290261,0.1601923158745692,0.042547759860443346,0.05943922052503935,0.3205760966685104,Нижний Новгород,22-701-000-000,городской округ город Нижний Новгород,городской округ,административный_центр_субъекта,1,,г Нижний Новгород,data-20180110-structure-20150128.csv,2018,9999,,,52,Нижегородская область,56.3264816,44.0051395,1,91812.7,1228702.0,367.7,5
1525,16882,2186,8045,1581,2553,44013,12766,0.38356849112762137,0.04966714379842319,0.18278690386931135,0.03592120509849363,0.05800558925771931,0.29005066684843117,Бор,22-712-000-000,городской округ город Бор,городской округ,,1,,г Бор,data-20180110-structure-20150128.csv,2018,9999,,,52,Нижегородская область,56.3598289,44.0542641,1,70599.6,117552.0,381.3,2
1526,17453,2021,8393,1098,2211,42711,11535,0.40863009529161104,0.04731802111868137,0.19650675470019432,0.025707663131277658,0.051766523846315936,0.27007094191191966,Выкса,22-715-000-000,городской округ город Выкса,городской округ,,1,,г Выкса,data-20180110-structure-20150128.csv,2018,9999,,,52,Нижегородская область,55.318774,42.1800408,1,91080.7,72393.0,374.7,2
1527,17284,2106,8003,1757,2616,47204,15438,0.36615541055842726,0.04461486314719092,0.16954071688839928,0.03722142191339717,0.055419032285399544,0.32704855520718584,Дзержинск,22-721-000-000,городской округ город Дзержинск,городской округ,,1,,г Дзержинск,data-20180110-structure-20150128.csv,2018,9999,,,52,Нижегородская область,56.2382157,43.4617405,1,81689.3,225251.0,380.2,2
1528,14349,1642,7576,578,1416,34815,9254,0.4121499353726842,0.04716357891713342,0.21760735315237684,0.016602039350854518,0.04067212408444636,0.2658049691225047,Кулебаки,22-727-000-000,городской округ город Кулебаки,городской округ,,1,,г Кулебаки,data-20180110-structure-20150128.csv,2018,9999,,,52,Нижегородская область,55.429287,42.511879,1,69693.7,45056.0,375.0,3
1529,12512,1262,6084,337,971,28439,7273,0.4399592109427195,0.04437568128274553,0.21393157284011394,0.011849924399592109,0.03414325398220753,0.2557403565526214,Навашинский,22-730-000-000,городской округ Навашинский,городской округ,,1,,г Навашино,data-20180110-structure-20150128.csv,2018,9999,,,52,Нижегородская область,55.544071,42.188671,1,63569.1,20671.0,383.2,3
1530,12612,1207,5417,411,1095,27898,7156,0.45207541759265896,0.043264750161301886,0.19417162520610798,0.014732238870169905,0.03925012545702201,0.25650584271273924,Перевозский,22-739-000-000,городской округ Перевозский,городской округ,,1,,г Перевоз,data-20180110-structure-20150128.csv,2018,9999,,,52,Нижегородская область,55.596546,44.544846,1,51293.7,16026.0,369.5,3
1532,14295,1499,7065,560,1755,33819,8645,0.42269138649871374,0.04432419645761258,0.20890623613944823,0.01655873917028889,0.051893905792601794,0.25562553594133475,Семеновский,22-737-000-000,городской округ Семеновский,городской округ,,1,,г Семенов,data-20180110-structure-20150128.csv,2018,9999,,,52,Нижегородская область,56.788342,44.49155,1,52030.2,45405.0,361.5,1
1533,13885,1274,5677,364,1272,30322,7850,0.45791834311720864,0.04201569817294374,0.18722379790251303,0.01200448519226964,0.0419497394630961,0.25888793615196887,Шахунья,22-758-000-000,городской округ город Шахунья,городской округ,,1,,г Шахунья,data-20180110-structure-20150128.csv,2018,9999,,,52,Нижегородская область,57.6730182,46.6152378,1,50743.1,28511.0,337.0,3
1534,12133,1301,6491,219,963,28335,7228,0.4281983412740427,0.04591494617963649,0.22908064231515793,0.007728957120169402,0.0339862361037586,0.2550908770072349,Первомайск,22-734-000-000,городской округ город Первомайск,городской округ,,1,,г Первомайск,data-20180110-structure-20150128.csv,2018,9999,,,52,Нижегородская область,54.8666491,43.8054106,1,63925.0,17117.0,364.6,3
1535,12897,1002,6171,360,1286,29218,7502,0.4414059826134575,0.03429392840030118,0.21120542131562736,0.012321171880347731,0.04401396399479773,0.25675953179546857,Сокольский,22-749-000-000,городской округ Сокольский,городской округ,,1,,рп Сокольское,data-20180110-structure-20150128.csv,2018,9999,,,52,Нижегородская область,57.143093,43.16357,1,55072.0,10807.0,345.2,3
1536,14205,1505,6812,451,1151,31205,7081,0.4552155103348822,0.048229450408588365,0.2182983496234578,0.014452812049351066,0.036885114564973565,0.226918763018747,Чкаловск,22-755-000-000,городской округ город Чкаловск,городской округ,,1,,г Чкаловск,data-20180110-structure-20150128.csv,2018,9999,,,52,Нижегородская область,56.764915,43.243324,1,51333.1,19063.0,364.3,3
1537,12577,1239,5294,245,1053,26513,6105,0.4743710632519896,0.04673179195111832,0.19967563082261533,0.009240749820842605,0.039716365556519445,0.23026439859691472,Ардатовский,22-502-000-000,Ардатовский муниципальный округ,муниципальный округ,,1,,рп Ардатов,data-20221219-structure-20150128.csv,2023,9999,,,52,Нижегородская область,55.2410408,43.0968037,2,51079.9,22161.0,373.3,1
1539,16182,1991,7725,1140,1965,40428,11425,0.40026714158504006,0.04924804590877609,0.1910804392994954,0.028198278420896408,0.04860492727812407,0.28260116750766795,Балахнинский,22-505-000-000,Балахнинский муниципальный округ,муниципальный округ,,1,,г Балахна,data-20210201-structure-20150128.csv,2021,9999,,,52,Нижегородская область,56.4870505,43.6039553,1,64085.0,72219.0,378.5,2
1540,15643,1839,7846,1172,2216,39796,11080,0.39307970650316615,0.04621067443964218,0.1971554930143733,0.029450195999597948,0.055683988340536734,0.2784199417026837,Богородский,22-507-000-000,Богородский муниципальный округ,муниципальный округ,,1,,г Богородск,data-20210201-structure-20150128.csv,2021,9999,,,52,Нижегородская область,56.103416,43.516819,1,54887.8,57639.0,379.5,2
1541,13627,1766,6964,192,1570,30772,6653,0.44283764461198494,0.05738983491485766,0.226309632133108,0.006239438450539451,0.05102040816326531,0.21620304172624463,Большеболдинский,22-509-000-000,Большеболдинский муниципальный округ,муниципальный округ,,1,,с Большое Болдино,data-20221219-structure-20150128.csv,2023,9999,,,52,Нижегородская область,55.000713,45.310505,2,52302.9,10172.0,361.0,1
1542,12688,1450,6637,182,771,27750,6022,0.45722522522522524,0.05225225225225225,0.23917117117117118,0.006558558558558559,0.027783783783783784,0.21700900900900902,Большемурашкинский,22-510-000-000,Большемурашкинский муниципальный округ,муниципальный округ,,1,,рп Большое Мурашкино,data-20221219-structure-20150128.csv,2023,9999,,,52,Нижегородская область,55.7837504,44.7763185,2,54463.0,10258.0,369.3,3
1543,13714,1149,6313,347,1175,29487,6789,0.46508630922101263,0.03896632414284261,0.21409434666124055,0.011767897717638282,0.03984806864041781,0.2302370536168481,Бутурлинский,22-512-000-000,Бутурлинский муниципальный округ,муниципальный округ,,1,,рп Бутурлино,data-20210201-structure-20150128.csv,2021,9999,,,52,Нижегородская область,55.568863,44.891453,1,50073.9,12910.0,367.2,3
1544,12833,1027,5917,185,1134,28025,6929,0.4579125780553078,0.03664585191793042,0.2111329170383586,0.006601248884924175,0.040463871543264945,0.24724353256021409,Вадский,22-514-000-000,Вадский муниципальный округ,муниципальный округ,,1,,с Вад,data-20210201-structure-20150128.csv,2021,9999,,,52,Нижегородская область,55.5313789,44.2092517,1,60421.0,13290.0,371.7,1
1545,15481,1205,6384,155,2064,31598,6309,0.48993607190328503,0.038135325020570925,0.20203810367744793,0.004905373757832774,0.06532058991075385,0.1996645357301095,Варнавинский,22-515-000-000,Варнавинский муниципальный округ,муниципальный округ,,1,,рп Варнавино,data-20221219-structure-20150128.csv,2023,9999,,,52,Нижегородская область,57.396695,45.0849216,2,42530.2,9653.0,340.0,1
1546,12855,1327,6825,216,860,29065,6982,0.44228453466368484,0.045656287631171515,0.23481851023567865,0.0074316187854808185,0.02958885257182178,0.2402201961121624,Вачский,22-517-000-000,Вачский муниципальный округ,муниципальный округ,,1,,рп Вача,data-20221219-structure-20150128.csv,2023,9999,,,52,Нижегородская область,55.801029,42.772099,2,47172.5,16730.0,376.4,3
1547,14707,1312,5997,219,1473,29894,6186,0.49197163310363284,0.0438884057001405,0.20060881782297452,0.0073258847929350375,0.04927410182645347,0.20693115675386364,Ветлужский,22-518-000-000,Ветлужский муниципальный округ,муниципальный округ,,1,,г Ветлуга,data-20221219-structure-20150128.csv,2023,9999,,,52,Нижегородская область,57.85287,45.7757157,2,43677.4,12521.0,335.3,1
1548,11380,1320,6075,197,1496,27510,7042,0.41366775717920756,0.04798255179934569,0.2208287895310796,0.007161032351872047,0.05438022537259179,0.2559796437659033,Вознесенский,22-519-000-000,Вознесенский муниципальный округ,муниципальный округ,,1,,рп Вознесенское,data-20221219-structure-20150128.csv,2023,9999,,,52,Нижегородская область,54.8906328,42.7598373,2,46674.6,14309.0,370.2,1
1549,11438,1062,7353,949,1069,31413,9542,0.36411676694362205,0.03380765924935536,0.23407506446375703,0.030210422436570846,0.03403049692802343,0.30375958997867125,Володарский,22-520-000-000,Володарский муниципальный округ,муниципальный округ,,1,,г Володарск,data-20221219-structure-20150128.csv,2023,9999,,,52,Нижегородская область,56.224304,43.182655,2,65717.5,47925.0,381.6,3
1550,11069,1215,5492,440,799,24976,5961,0.44318545803971815,0.04864670083279949,0.21989109545163357,0.017616912235746317,0.03199071108263933,0.23866912235746315,Воротынский,22-719-000-000,городской округ Воротынский,городской округ,,1,,рп Воротынец,data-20200110-structure-20150128.csv,2020,9999,,,52,Нижегородская область,56.0604696,45.862528,1,52483.8,13399.0,363.4,3
1551,13691,1420,6172,300,1462,28228,5183,0.4850148788437013,0.05030466203769307,0.21864815077228283,0.010627745500921071,0.05179254640782202,0.1836120164375797,Воскресенский,22-522-000-000,Воскресенский муниципальный округ,муниципальный округ,,1,,рп Воскресенское,data-20221219-structure-20150128.csv,2023,9999,,,52,Нижегородская область,56.8383333,45.4330556,2,47142.8,16072.0,349.7,1
1552,13338,1364,5435,60,1123,26872,5552,0.49635308127418876,0.05075915451027092,0.20225513545698123,0.002232807383149747,0.0417907115212861,0.20660910985412326,Гагинский,22-526-000-000,Гагинский муниципальный округ,муниципальный округ,,1,,с Гагино,data-20221219-structure-20150128.csv,2023,9999,,,52,Нижегородская область,55.2314867,45.0280811,2,47769.7,9681.0,363.6,1
1553,15734,1961,7855,1116,1938,38967,10363,0.40377755536736215,0.05032463366438268,0.2015808248004722,0.028639618138424822,0.04973439063823235,0.2659429773911258,Городецкий,22-528-000-000,Городецкий муниципальный округ,муниципальный округ,,1,,г Городец,data-20221219-structure-20150128.csv,2023,9999,,,52,Нижегородская область,56.647141,43.476002,2,62205.1,80149.0,366.9,2
1554,14043,1319,7854,569,1218,32780,7777,0.4284014643075046,0.04023794996949359,0.2395973154362416,0.017358145210494204,0.03715680292861501,0.23724832214765101,Дальнеконстантиновский,22-530-000-000,Дальнеконстантиновский муниципальный округ,муниципальный округ,,1,,рп Дальнее Константиново,data-20221219-structure-20150128.csv,2023,9999,,,52,Нижегородская область,55.80777,44.094025,2,54917.0,20224.0,371.9,3
1555,13197,1465,7932,426,1547,33875,9308,0.3895793357933579,0.043247232472324725,0.2341549815498155,0.012575645756457565,0.04566789667896679,0.2747749077490775,Дивеевский,22-532-000-000,Дивеевский муниципальный округ,муниципальный округ,,1,,с Дивеево,data-20210201-structure-20150128.csv,2021,9999,,,52,Нижегородская область,55.041687,43.245518,1,50658.3,14998.0,371.0,3
1556,13413,1270,7272,443,1122,30544,7024,0.4391369827134625,0.041579360921948666,0.23808276584599267,0.014503666841278157,0.03673389209009953,0.22996333158721843,Княгининский,22-533-000-000,Княгининский муниципальный округ,муниципальный округ,,1,,г Княгинино,data-20221219-structure-20150128.csv,2023,9999,,,52,Нижегородская область,55.821281,45.031601,2,59292.5,10775.0,366.7,3
1557,12730,1363,6026,475,1230,29058,7234,0.4380893385642508,0.046906187624750496,0.20737834675476632,0.016346617110606372,0.042329134833780716,0.24895037511184528,Ковернинский,22-534-000-000,Ковернинский муниципальный округ,муниципальный округ,,1,,рп Ковернино,data-20210201-structure-20150128.csv,2021,9999,,,52,Нижегородская область,57.12611,43.816387,1,50912.6,17091.0,350.9,3
1558,14083,1180,6043,461,1453,30045,6825,0.46873023797636876,0.03927442170078216,0.20113163587951408,0.015343651189881844,0.04836079214511566,0.2271592611083375,Краснобаковский,22-535-000-000,Краснобаковский муниципальный округ,муниципальный округ,,1,,рп Красные Баки,data-20221219-structure-20150128.csv,2023,9999,,,52,Нижегородская область,57.1268348,45.1664096,2,46131.5,18535.0,347.8,1
1559,12153,1637,6070,290,1261,27841,6430,0.4365144930139004,0.05879817535289681,0.21802377788154162,0.010416292518228511,0.0452929133292626,0.2309543479041701,Краснооктябрьский,22-536-000-000,Краснооктябрьский муниципальный округ,муниципальный округ,,1,,с Уразовка,data-20221219-structure-20150128.csv,2023,9999,,,52,Нижегородская область,55.399989,45.6168658,2,41238.2,8617.0,364.1,1
1560,16697,2332,8253,1913,2731,45553,13627,0.36654007419928436,0.051193115711369176,0.18117357802998704,0.041995038746076,0.059952143656839284,0.29914604965644415,Кстовский,22-537-000-000,Кстовский муниципальный округ,муниципальный округ,,1,,г Кстово,data-20221219-structure-20150128.csv,2022,9999,,,52,Нижегородская область,56.149551,44.198032,1,84669.9,121424.0,381.1,2
1561,13294,1471,5721,215,1519,29462,7242,0.45122530717534454,0.04992872174326251,0.1941823365691399,0.007297535808838504,0.051557939040119474,0.24580815966329508,Лукояновский,22-539-000-000,Лукояновский муниципальный округ,муниципальный округ,,1,,г Лукоянов,data-20221219-structure-20150128.csv,2023,9999,,,52,Нижегородская область,55.034821,44.492725,2,44283.8,25751.0,366.9,1
1562,14807,1725,6694,695,1561,35395,9913,0.41833592315298773,0.04873569713236333,0.18912275745161747,0.019635541743184066,0.044102274332532845,0.2800678061873146,Лысковский,22-540-000-000,Лысковский муниципальный округ,муниципальный округ,,1,,г Лысково,data-20210201-structure-20150128.csv,2021,9999,,,52,Нижегородская область,56.027885,45.038315,1,50198.4,34099.0,367.7,3
1563,14888,1837,8339,1082,2092,40326,12088,0.36919109259534794,0.045553737043098744,0.20678966423647274,0.02683132470366513,0.05187720081337103,0.29975698060804445,Павловский,22-542-000-000,Павловский муниципальный округ,муниципальный округ,,1,,г Павлово,data-20210201-structure-20150128.csv,2021,9999,,,52,Нижегородская область,55.965137,43.071114,1,80613.9,91822.0,378.5,2
1564,13011,1229,5916,265,1219,28522,6882,0.4561741813337073,0.04308954491269897,0.20741883458383004,0.009291073557254049,0.04273893836336863,0.241287427249141,Пильнинский,22-545-000-000,Пильнинский муниципальный округ,муниципальный округ,,1,,рп Пильна,data-20221219-structure-20150128.csv,2023,9999,,,52,Нижегородская область,55.5522547,45.9207853,2,49832.0,18104.0,361.3,1
1565,14388,1514,5311,491,1504,31815,8607,0.4522395096652522,0.047587615904447586,0.16693383624076694,0.015432971868615433,0.047273298758447276,0.2705327675624705,Починковский,22-546-000-000,Починковский муниципальный округ,муниципальный округ,,1,,с Починки,data-20210201-structure-20150128.csv,2021,9999,,,52,Нижегородская область,54.6974517,44.8612893,1,51450.7,25420.0,362.2,3
1566,14308,1532,5892,381,1613,31839,8113,0.4493859731775495,0.0481170891045573,0.18505606331857155,0.011966456232921889,0.050661138854863536,0.2548132793115362,Сергачский,22-548-000-000,Сергачский муниципальный округ,муниципальный округ,,1,,г Сергач,data-20221219-structure-20150128.csv,2023,9999,,,52,Нижегородская область,55.532822,45.4616976,2,56148.0,26797.0,364.1,1
1567,12888,1449,6193,141,1378,28559,6510,0.45127630519275885,0.05073707062572219,0.21684932945831437,0.004937147659231766,0.04825098918029343,0.2279491578836794,Сеченовский,22-549-000-000,Сеченовский муниципальный округ,муниципальный округ,,1,,с Сеченово,data-20221219-structure-20150128.csv,2023,9999,,,52,Нижегородская область,55.2257213,45.8937291,2,52087.9,13501.0,362.5,1
1568,12328,1183,6087,176,1344,28114,6996,0.43850039126413887,0.042078679661378675,0.21651134666002703,0.006260226221811198,0.04780536387564914,0.24884399231699508,Сосновский,22-550-000-000,Сосновский муниципальный округ,муниципальный округ,,1,,рп Сосновское,data-20221219-structure-20150128.csv,2023,9999,,,52,Нижегородская область,55.8050772,43.1669499,2,56960.6,16175.0,375.7,1
1569,11628,1398,6191,283,1125,26019,5394,0.4469041854029748,0.053729966562896345,0.23794150428532995,0.01087666705100119,0.043237634036665515,0.20731004266113226,Спасский,22-551-000-000,Спасский муниципальный округ,муниципальный округ,,1,,с Спасское,data-20221219-structure-20150128.csv,2023,9999,,,52,Нижегородская область,55.8579699,45.6954529,2,44624.7,9400.0,362.2,1
1570,12323,1089,5424,375,1324,27313,6778,0.45117709515615273,0.03987112364075715,0.19858675356057556,0.013729725771610588,0.04847508512429979,0.24816021674660418,Тонкинский,22-552-000-000,Тонкинский муниципальный округ,муниципальный округ,,1,,рп Тонкино,data-20221219-structure-20150128.csv,2023,9999,,,52,Нижегородская область,57.372272,46.458287,2,43416.7,7029.0,338.4,1
1571,15398,1128,6063,379,1645,30890,6277,0.4984784719974102,0.03651667206215604,0.1962771123340887,0.012269342829394627,0.05325348009064422,0.20320492068630625,Тоншаевский,22-553-000-000,Тоншаевский муниципальный округ,муниципальный округ,,1,,рп Тоншаево,data-20210201-structure-20150128.csv,2021,9999,,,52,Нижегородская область,57.732841,47.011944,1,43387.0,14347.0,330.8,1
1572,14478,1291,6171,596,1928,32342,7878,0.4476532063570589,0.039917135613134626,0.19080452662173025,0.018428050213344878,0.059612887267330404,0.2435841939274009,Уренский,22-554-000-000,Уренский муниципальный округ,муниципальный округ,,1,,г Урень,data-20210201-structure-20150128.csv,2021,9999,,,52,Нижегородская область,57.4614974,45.7878911,1,49860.5,27897.0,341.7,2
1573,14644,1250,6460,302,1711,30528,6161,0.4796907756813417,0.04094601677148847,0.21160901467505241,0.009892557651991615,0.05604690775681342,0.20181472746331236,Шарангский,22-556-000-000,Шарангский муниципальный округ,муниципальный округ,,1,,рп Шаранга,data-20221219-structure-20150128.csv,2023,9999,,,52,Нижегородская область,57.1773441,46.5445937,2,44175.6,11304.0,337.0,1
1574,12532,1280,5180,227,719,27710,7772,0.45225550342836524,0.04619271021291952,0.1869361241429087,0.008191988451822447,0.025947311439913388,0.28047636232407075,Шатковский,22-557-000-000,Шатковский муниципальный округ,муниципальный округ,,1,,рп Шатки,data-20221219-structure-20150128.csv,2023,9999,,,52,Нижегородская область,55.188023,44.127811,2,48417.6,22629.0,369.3,3
1575,17747,2333,7947,2173,2677,46628,13751,0.3806082182379686,0.05003431414600669,0.17043407394698465,0.04660289954533756,0.057411855537445315,0.2949086385862572,Великий Новгород,49-701-000-000,городской округ Великий Новгород,городской округ,административный_центр_субъекта,2,49-625-000-000,г Великий Новгород,data-20180110-structure-20150128.csv,2018,9999,,,53,Новгородская область,58.5609587,31.2809005856491,1,75444.3,222340.0,358.7,2
1577,15731,1723,7235,1024,1889,38335,10733,0.41035607147515324,0.04494587191861223,0.1887309247424025,0.02671188209208295,0.049276118429633496,0.27997913134211555,Боровичский,49-606-000-000,Боровичский муниципальный район,муниципальный район,,1,,г Боровичи,data-20180110-structure-20150128.csv,2018,9999,,,53,Новгородская область,58.389009,33.9068275,1,59524.5,60283.0,333.2,2
1578,15841,1647,8319,752,1487,37930,9884,0.41763775375692064,0.043422093329818084,0.21932507250197733,0.01982599525441603,0.03920379646717638,0.26058528868969155,Валдайский,49-608-000-000,Валдайский муниципальный район,муниципальный район,,1,,г Валдай,data-20180110-structure-20150128.csv,2018,9999,,,53,Новгородская область,57.9791414,33.2537994,1,59422.2,21712.0,339.1,3
1579,10631,996,7243,269,856,26532,6537,0.4006859641187999,0.03753957485300769,0.2729911050806573,0.0101387004372079,0.032262927785315844,0.2463817277250113,Волотовский,49-510-000-000,муниципальный округ Волотовский,муниципальный округ,,1,,п Волот,data-20210118-structure-20150128.csv,2021,9999,,,53,Новгородская область,57.9301007,30.7090808,1,47694.2,4071.0,312.2,3
1580,13594,1081,7124,279,1166,29297,6053,0.46400655357203807,0.036897975901969485,0.24316482916339557,0.009523159367853364,0.03979929685633341,0.2066081851384101,Демянский,49-512-000-000,муниципальный округ Демянский,муниципальный округ,,1,,рп Демянск,data-20240101-structure-20150128.csv,2024,9999,,,53,Новгородская область,57.6423554,32.4646788,2,47131.2,9515.0,324.7,1
1581,14137,1207,7119,457,1397,31440,7123,0.4496501272264631,0.03839058524173028,0.22643129770992365,0.014535623409669211,0.04443384223918575,0.226558524173028,Крестецкий,49-514-000-000,муниципальный округ Крестецкий,муниципальный округ,,1,,рп Крестцы,data-20240101-structure-20150128.csv,2024,9999,,,53,Новгородская область,58.247665,32.522858,2,70229.5,11189.0,333.4,1
1582,16218,1244,6991,364,1580,31956,5559,0.5075103266992114,0.038928526724245835,0.21876955814244586,0.011390662160470647,0.04944298410314182,0.1739579421704844,Любытинский,49-616-000-000,Любытинский муниципальный район,муниципальный район,,1,,рп Любытино,data-20180110-structure-20150128.csv,2018,9999,,,53,Новгородская область,58.8142322,33.3976972,1,56204.7,7088.0,326.1,1
1583,14237,1286,7415,625,1145,33095,8387,0.4301858286750264,0.03885783350959359,0.22405197159691798,0.018885027949841367,0.034597371204109384,0.25342196706451126,Маловишерский,49-620-000-000,Маловишерский муниципальный район,муниципальный район,,1,,г Малая Вишера,data-20180110-structure-20150128.csv,2018,9999,,,53,Новгородская область,58.844215,32.218636,1,59223.2,13111.0,322.8,3
1584,13536,698,9342,236,1118,28657,3727,0.4723453257493806,0.024357050633353108,0.32599364902118155,0.008235335171162369,0.03901315559898105,0.13005548382594131,Марёвский,49-523-000-000,муниципальный округ Марёвский,муниципальный округ,,1,,с Марёво,data-20210118-structure-20150128.csv,2021,9999,,,53,Новгородская область,57.315285,32.082283,1,43342.5,3202.0,322.3,1
1585,15773,1175,5719,340,1124,30386,6255,0.5190877377739749,0.03866912393865596,0.18821167642993483,0.011189363522674916,0.036990719410254724,0.2058513789245047,Мошенской,49-524-000-000,муниципальный округ Мошенской,муниципальный округ,,1,,с Мошенское,data-20240101-structure-20150128.csv,2024,9999,,,53,Новгородская область,58.512428,34.5849085,2,42513.7,5580.0,327.7,1
1586,17265,1925,8408,1788,2440,44779,12953,0.3855601956274146,0.042988901047365954,0.18776658701623528,0.039929431206592376,0.05448982782107684,0.2892650572813149,Новгородский,49-625-000-000,Новгородский муниципальный район,муниципальный район,,3,49-701-000-000,г Великий Новгород,data-20180110-structure-20150128.csv,2018,9999,,,53,Новгородская область,58.5609587,31.2809005856491,1,66606.7,64120.0,442.3,2
1587,15161,1278,7631,446,1457,33803,7830,0.4485104872348608,0.037807295210484274,0.22574919385853326,0.013194095198651007,0.04310268319379937,0.23163624530367127,Окуловский,49-628-000-000,Окуловский муниципальный район,муниципальный район,,1,,г Окуловка,data-20180110-structure-20150128.csv,2018,9999,,,53,Новгородская область,58.3740782,33.3009383,1,63637.5,18071.0,335.3,3
1588,12899,1079,6002,393,1128,29083,7582,0.4435237080081147,0.03710071175600867,0.2063748581645635,0.013513048860158855,0.038785544819997936,0.26070212839115636,Парфинский,49-630-000-000,Парфинский муниципальный район,муниципальный район,,1,,рп Парфино,data-20180110-structure-20150128.csv,2018,9999,,,53,Новгородская область,57.9713226,31.649848,1,46930.1,11516.0,318.5,3
1589,13869,1499,9050,797,1196,34855,8444,0.39790560895136995,0.04300674221775929,0.25964710945345,0.022866159804906038,0.03431358485152776,0.24226079472098694,Пестовский,49-532-000-000,муниципальный округ Пестовский,муниципальный округ,,1,,г Пестово,data-20240101-structure-20150128.csv,2024,9999,,,53,Новгородская область,58.5981825,35.81432054429986,2,52642.3,18158.0,336.5,3
1590,12580,987,8073,134,1242,28966,5950,0.43430228543809984,0.03407443209279845,0.2787060691845612,0.004626113374300905,0.0428778567976248,0.2054132431126148,Поддорский,49-634-000-000,Поддорский муниципальный район,муниципальный район,,1,,с Поддорье,data-20180110-structure-20150128.csv,2018,9999,,,53,Новгородская область,57.470387,31.111748,1,43933.7,3220.0,313.6,1
1591,14638,1198,6972,350,1197,30303,5948,0.48305448305448306,0.039534039534039535,0.23007623007623007,0.01155001155001155,0.0395010395010395,0.19628419628419627,Солецкий,49-538-000-000,муниципальный округ Солецкий,муниципальный округ,,1,,г Сольцы,data-20210118-structure-20150128.csv,2021,9999,,,53,Новгородская область,58.119003,30.309679,1,45516.0,10758.0,313.8,1
1592,13998,1640,6482,929,1291,33610,9270,0.41648318952692653,0.048795001487652485,0.1928592680749777,0.027640583159773878,0.038411187146682534,0.2758107706039869,Старорусский,49-639-000-000,Старорусский муниципальный район,муниципальный район,,1,,г Старая Русса,data-20180110-structure-20150128.csv,2018,9999,,,53,Новгородская область,57.9898923,31.3634905,1,53512.4,37508.0,316.6,3
1593,16862,1388,7935,397,1323,34120,6215,0.49419695193434937,0.0406799531066823,0.23256154747948418,0.011635404454865182,0.03877491207502931,0.18215123094958968,Хвойнинский,49-545-000-000,муниципальный округ Хвойнинский,муниципальный округ,,1,,рп Хвойная,data-20210201-structure-20150128.csv,2021,9999,,,53,Новгородская область,58.8960621,34.5121844,1,58128.9,13129.0,322.1,1
1594,14321,1283,5362,375,944,29317,7032,0.48848790803970393,0.04376300440017737,0.1828972950847631,0.01279121328921786,0.03219974758672443,0.23986083159941332,Холмский,49-647-000-000,Холмский муниципальный район,муниципальный район,,1,,г Холм,data-20180110-structure-20150128.csv,2018,9999,,,53,Новгородская область,57.15407424999999,31.17085196949452,1,54421.9,4643.0,316.9,3
1595,15179,1491,8976,741,1151,36059,8521,0.4209490002495909,0.04134890041321168,0.2489253723064977,0.0205496547325217,0.03191990903796556,0.23630716326021242,Чудовский,49-650-000-000,Чудовский муниципальный район,муниципальный район,,1,,г Чудово,data-20180110-structure-20150128.csv,2018,9999,,,53,Новгородская область,59.1240916,31.68621497690631,1,69403.2,18345.0,330.1,3
1596,12692,1222,8449,446,1136,29467,5522,0.43071910951233583,0.04147011911629959,0.2867275257067228,0.015135575389418671,0.03855160009502155,0.18739607018020157,Шимский,49-655-000-000,Шимский муниципальный район,муниципальный район,,1,,рп Шимск,data-20180110-structure-20150128.csv,2018,9999,,,53,Новгородская область,58.2117,30.724808,1,55998.5,9113.0,318.8,1
1597,17018,2590,7265,2716,3100,47022,14333,0.3619156990344945,0.05508060056994598,0.1545021479307558,0.05776019735442984,0.0659265875547616,0.30481476755561226,Новосибирск,50-701-000-000,городской округ город Новосибирск,городской округ,административный_центр_субъекта,2,50-640-000-000,г Новосибирск,data-20180110-structure-20150128.csv,2018,9999,,,54,Новосибирская область,54.96781445,82.95159894278376,1,93057.4,1633851.0,308.6,5
1598,16230,2391,7449,1918,2884,43620,12748,0.37207702888583216,0.05481430536451169,0.17077028885832188,0.04397065566254012,0.0661164603392939,0.2922512608895002,Бердск,50-708-000-000,городской округ город Бердск,городской округ,,1,,г Бердск,data-20180110-structure-20150128.csv,2018,9999,,,54,Новосибирская область,54.7437662,83.06268907860164,1,69072.2,102760.0,248.2,2
1599,16409,1946,6977,1430,2452,40039,10825,0.4098254202152901,0.04860261245285846,0.17425510127625565,0.035715177701740805,0.06124029071655136,0.2703613976373036,Искитим,50-712-000-000,городской округ город Искитим,городской округ,,2,50-615-000-000,г Искитим,data-20180110-structure-20150128.csv,2018,9999,,,54,Новосибирская область,54.61506035,83.29727586648599,1,79607.3,56654.0,268.9,2
1600,17249,1930,7775,2212,2924,45311,13221,0.38068018803381076,0.04259451347354947,0.17159188717971355,0.04881816777382975,0.06453179139723246,0.291783452141864,Обь,50-717-000-000,городской округ город Обь,городской округ,,1,,г Обь,data-20180110-structure-20150128.csv,2018,9999,,,54,Новосибирская область,54.9951335,82.6933946,1,105108.0,31050.0,256.9,2
1601,17150,3186,9321,3388,2970,51913,15898,0.33036041068711114,0.061371910696742624,0.1795504016335022,0.06526303623369868,0.05721110319187872,0.3062431375570666,Кольцово,50-740-000-000,городской округ рабочий поселок Кольцово,городской округ,,1,,рп Кольцово,data-20180110-structure-20150128.csv,2018,9999,,,54,Новосибирская область,54.9367736,83.187139,1,133492.6,20883.0,255.0,5
1602,14691,1172,6219,393,2114,31074,6485,0.4727746669241166,0.03771641887108193,0.2001351612280363,0.012647229194825256,0.06803115144493789,0.208695372337002,Баганский,50-603-000-000,Баганский муниципальный район,муниципальный район,,1,,с Баган,data-20180110-structure-20150128.csv,2018,9999,,,54,Новосибирская область,54.0968728,77.6718776,1,50910.5,13948.0,233.1,1
1603,14612,1285,5484,762,1870,32589,8576,0.448372150112001,0.0394304826782043,0.1682776396943754,0.02338212280217251,0.05738132498695879,0.263156279726288,Барабинский,50-604-000-000,Барабинский муниципальный район,муниципальный район,,1,,г Барабинск,data-20180110-structure-20150128.csv,2018,9999,,,54,Новосибирская область,55.3567611,78.350348,1,64127.6,38628.0,237.5,2
1604,14123,1253,6264,771,1845,33426,9170,0.42251540716807273,0.037485789505175615,0.18739903069466882,0.023065876862322744,0.055196553581044694,0.27433734218871536,Болотнинский,50-606-000-000,Болотнинский муниципальный район,муниципальный район,,1,,г Болотное,data-20180110-structure-20150128.csv,2018,9999,,,54,Новосибирская область,55.6715707,84.388557,1,58805.6,25205.0,236.6,2
1605,13517,985,5365,221,1256,26504,5160,0.5099984907938424,0.03716420162994265,0.2024222758828856,0.008338364020525204,0.04738907334741926,0.19468759432538485,Венгеровский,50-608-000-000,Венгеровский муниципальный район,муниципальный район,,1,,с Венгерово,data-20180110-structure-20150128.csv,2018,9999,,,54,Новосибирская область,55.681034,76.739029,1,53200.8,14721.0,238.0,1
1606,12322,1156,4991,386,1312,25586,5419,0.481591495349019,0.045180958336590325,0.1950676151020089,0.015086375361525834,0.0512780426795904,0.21179551317126555,Доволенский,50-610-000-000,Доволенский муниципальный район,муниципальный район,,1,,с Довольное,data-20180110-structure-20150128.csv,2018,9999,,,54,Новосибирская область,54.495785,79.667091,1,49189.5,12663.0,232.3,1
1607,12791,1164,5142,314,1425,25484,4648,0.5019227750745566,0.04567571809762989,0.20177366190550933,0.012321456600219745,0.055917438392717,0.18238894992936744,Здвинский,50-613-000-000,Здвинский муниципальный район,муниципальный район,,1,,с Здвинск,data-20180110-structure-20150128.csv,2018,9999,,,54,Новосибирская область,54.703968,78.667595,1,53417.2,11725.0,233.1,1
1608,13509,1383,5916,967,1279,30977,7923,0.4360977499435065,0.04464602769796946,0.19098040481647674,0.031216709171320658,0.04128869806630726,0.2557704103044194,Искитимский,50-615-000-000,Искитимский муниципальный район,муниципальный район,,3,50-712-000-000,г Искитим,data-20180110-structure-20150128.csv,2018,9999,,,54,Новосибирская область,54.61506035,83.29727586648599,1,80035.3,58382.0,268.2,3
1609,13719,1273,5684,547,2078,30924,7623,0.4436360108653473,0.04116543784762644,0.18380545854352606,0.017688526710645452,0.06719699909455439,0.24650756693830034,Карасукский,50-617-000-000,Карасукский муниципальный район,муниципальный район,,1,,г Карасук,data-20180110-structure-20150128.csv,2018,9999,,,54,Новосибирская область,53.73447,78.032372,1,60587.6,38279.0,231.9,2
1610,13210,999,5130,401,1193,26804,5871,0.49283689001641545,0.03727055663333831,0.19138934487389941,0.014960453663632294,0.04450828234591852,0.219034472466796,Каргатский,50-619-000-000,Каргатский муниципальный район,муниципальный район,,1,,г Каргат,data-20180110-structure-20150128.csv,2018,9999,,,54,Новосибирская область,55.1929899,80.2828252,1,54652.1,14001.0,236.8,1
1611,14494,1246,6791,525,1633,31974,7285,0.45330581097141426,0.038969162444486144,0.212391317945831,0.016419590917620568,0.051072746606617876,0.22784137111403016,Колыванский,50-621-000-000,Колыванский муниципальный район,муниципальный район,,1,,рп Колывань,data-20180110-structure-20150128.csv,2018,9999,,,54,Новосибирская область,55.3068791,82.7433464,1,58265.0,24293.0,244.2,1
1612,14219,1115,7458,515,1421,31665,6937,0.44904468656245067,0.03521237959892626,0.2355281856939839,0.016264013895468183,0.04487604610768988,0.21907468814148112,Коченевский,50-623-000-000,Коченевский муниципальный район,муниципальный район,,1,,рп Коченево,data-20180110-structure-20150128.csv,2018,9999,,,54,Новосибирская область,55.021442,82.207718,1,64857.8,45219.0,237.5,3
1613,12763,1025,6390,173,1567,25746,3828,0.4957274916491882,0.03981200963256428,0.24819389419715684,0.006719490406276703,0.06086382350656413,0.14868329060824984,Кочковский,50-625-000-000,Кочковский муниципальный район,муниципальный район,,1,,с Кочки,data-20180110-structure-20150128.csv,2018,9999,,,54,Новосибирская область,54.334766,80.487846,1,54664.4,11493.0,232.6,1
1614,13605,1103,5625,312,1512,28032,5875,0.4853381849315068,0.039347888127853885,0.20066352739726026,0.01113013698630137,0.05393835616438356,0.20958190639269406,Краснозерский,50-627-000-000,Краснозерский муниципальный район,муниципальный район,,1,,рп Краснозерское,data-20180110-structure-20150128.csv,2018,9999,,,54,Новосибирская область,53.984768,79.228577,1,57316.9,27453.0,231.4,1
1615,14873,1523,6532,1153,2206,34724,8437,0.4283204699919364,0.04386015436009676,0.18811196866720423,0.03320469991936413,0.0635295472871789,0.24297315977421957,Куйбышевский,50-630-000-000,Куйбышевский муниципальный район,муниципальный район,,1,,г Куйбышев,data-20180110-structure-20150128.csv,2018,9999,,,54,Новосибирская область,55.4454258,78.3222294,1,61548.0,53654.0,236.4,2
1616,12989,1114,6323,425,1810,29613,6952,0.43862492824097526,0.03761861344679702,0.21352108871103906,0.014351804950528483,0.061121804612838955,0.23476176003782123,Купинский,50-632-000-000,Купинский муниципальный район,муниципальный район,,1,,г Купино,data-20180110-structure-20150128.csv,2018,9999,,,54,Новосибирская область,54.364929,77.30854,1,55122.5,25382.0,234.0,1
1617,14033,1158,7010,118,1845,29193,5029,0.4806974274654883,0.039667043469324835,0.24012605761655192,0.00404206487856678,0.06320008221148905,0.1722673243585791,Кыштовский,50-634-000-000,Кыштовский муниципальный район,муниципальный район,,1,,с Кыштовка,data-20180110-structure-20150128.csv,2018,9999,,,54,Новосибирская область,56.55957,76.624588,1,53398.3,8984.0,231.4,1
1618,13552,1167,6003,578,1386,29526,6840,0.45898530109056423,0.03952448689290795,0.20331233489128225,0.019575966944388,0.04694167852062589,0.23166023166023167,Маслянинский,50-636-000-000,Маслянинский муниципальный район,муниципальный район,,1,,рп Маслянино,data-20180110-structure-20150128.csv,2018,9999,,,54,Новосибирская область,54.345501,84.21067,1,68730.7,23528.0,233.3,3
1619,13878,1085,6555,1132,1433,30915,6832,0.4489082969432314,0.03509623160278182,0.21203299369238235,0.03661652919294841,0.04635290312146207,0.22099304544719392,Мошковский,50-638-000-000,Мошковский муниципальный район,муниципальный район,,1,,рп Мошково,data-20180110-structure-20150128.csv,2018,9999,,,54,Новосибирская область,55.304806,83.611855,1,66260.1,40479.0,241.8,2
1620,16821,2327,8303,2432,3251,47480,14346,0.3542754844144903,0.04901010951979781,0.17487363100252737,0.051221566975568664,0.06847093513058129,0.30214827295703456,Новосибирский,50-640-000-000,Новосибирский муниципальный район,муниципальный район,,3,50-701-000-000,г Новосибирск,data-20180110-structure-20150128.csv,2018,9999,,,54,Новосибирская область,54.96781445,82.95159894278376,1,87765.6,170131.0,1000.0,5
1621,15308,1417,6073,457,1903,32910,7752,0.46514737161956854,0.04305682163476147,0.18453357642054086,0.013886356730477058,0.057824369492555455,0.23555150410209663,Ордынский,50-642-000-000,Ордынский муниципальный район,муниципальный район,,1,,рп Ордынское,data-20180110-structure-20150128.csv,2018,9999,,,54,Новосибирская область,54.366676,81.904022,1,57913.4,33623.0,237.1,1
1622,13895,1306,6093,417,1505,27105,3889,0.5126360450101457,0.04818299206788416,0.22479247371333702,0.015384615384615385,0.055524810920494376,0.14347906290352333,Северный,50-644-000-000,Северный муниципальный район,муниципальный район,,1,,с Северное,data-20180110-structure-20150128.csv,2018,9999,,,54,Новосибирская область,56.3500996,78.3649455,1,51040.3,7319.0,230.5,1
1623,14481,1183,5936,904,1638,31263,7121,0.46319930908741963,0.03784025845248377,0.1898730128266641,0.028915970956082268,0.052394204011131366,0.22777724466621885,Сузунский,50-648-000-000,Сузунский муниципальный район,муниципальный район,,1,,рп Сузун,data-20180110-structure-20150128.csv,2018,9999,,,54,Новосибирская область,53.783924,82.316231,1,51598.6,31042.0,226.2,2
1624,14477,1170,5489,394,1364,30585,7691,0.4733366029099232,0.038254046101029913,0.17946705901585744,0.01288213176393657,0.04459702468530325,0.25146313552394967,Татарский,50-650-000-000,Татарский муниципальный район,муниципальный район,,1,,г Татарск,data-20180110-structure-20150128.csv,2018,9999,,,54,Новосибирская область,55.216961,75.962196,1,57371.0,36645.0,241.1,3
1625,14125,1164,5411,477,1562,29609,6870,0.4770508966868182,0.03931237123847479,0.18274848863521226,0.016109966564220337,0.052754230132729917,0.2320240467425445,Тогучинский,50-652-000-000,Тогучинский муниципальный район,муниципальный район,,1,,г Тогучин,data-20180110-structure-20150128.csv,2018,9999,,,54,Новосибирская область,55.23769,84.402458,1,58383.3,53463.0,237.3,1
1626,12638,1313,5821,484,1332,26019,4431,0.4857219724047811,0.05046312310234828,0.22372112686882661,0.01860179099888543,0.05119335869941197,0.17029862792574657,Убинский,50-654-000-000,Убинский муниципальный район,муниципальный район,,1,,с Убинское,data-20180110-structure-20150128.csv,2018,9999,,,54,Новосибирская область,55.306721,79.679375,1,50754.2,11277.0,236.6,1
1627,13856,1113,6346,399,1285,28766,5767,0.4816797608287562,0.03869151081137454,0.22060766182298547,0.013870541611624834,0.04467079190711256,0.20047973301814642,Усть-Таркский,50-655-000-000,Усть-Таркский муниципальный район,муниципальный район,,1,,с Усть-Тарка,data-20180110-structure-20150128.csv,2018,9999,,,54,Новосибирская область,55.563934,75.706017,1,50752.6,10681.0,240.4,1
1628,13874,1361,6348,500,1575,31020,7362,0.44725983236621536,0.0438749194068343,0.204642166344294,0.016118633139909737,0.05077369439071567,0.23733075435203094,Чановский,50-656-000-000,Чановский муниципальный район,муниципальный район,,1,,рп Чаны,data-20180110-structure-20150128.csv,2018,9999,,,54,Новосибирская область,55.308064,76.759605,1,60120.9,20323.0,239.7,1
1629,13629,1268,6231,555,1537,29932,6712,0.45533208606173997,0.042362688761192036,0.20817185620740344,0.01854202859815582,0.05134972604570359,0.22424161432580517,Черепановский,50-657-000-000,Черепановский муниципальный район,муниципальный район,,1,,г Черепаново,data-20180110-structure-20150128.csv,2018,9999,,,54,Новосибирская область,54.226101,83.370468,1,60695.9,49025.0,237.3,1
1630,12376,1122,5499,338,1653,27584,6596,0.4486658932714617,0.04067575406032482,0.19935469837587008,0.012253480278422274,0.05992604408352668,0.23912412993039442,Чистоозерный,50-658-000-000,Чистоозерный муниципальный район,муниципальный район,,1,,рп Чистоозерное,data-20180110-structure-20150128.csv,2018,9999,,,54,Новосибирская область,54.712204,76.582344,1,50424.7,13809.0,236.8,1
1631,12855,977,5675,598,1394,27735,6236,0.46349378042184963,0.03522624842257076,0.2046151072651884,0.02156120425455201,0.05026140255994231,0.2248422570758969,Чулымский,50-659-000-000,Чулымский муниципальный район,муниципальный район,,1,,г Чулым,data-20180110-structure-20150128.csv,2018,9999,,,54,Новосибирская область,55.09,80.970459,1,59934.0,18959.0,237.5,1
1632,15370,2115,6140,2269,2616,41898,13388,0.36684328607570765,0.050479736502935704,0.14654637452861713,0.05415532961000525,0.06243734784476586,0.3195379254379684,Омск,52-701-000-000,городской округ город Омск,городской округ,административный_центр_субъекта,1,,г Омск,data-20180110-structure-20150128.csv,2018,9999,,,55,Омская область,54.991375,73.371529,1,77427.2,1104485.0,242.0,5
1633,10560,870,5397,455,1167,25490,7041,0.4142801098469988,0.03413103177716752,0.21173009023146333,0.01785013730874853,0.04578265986661436,0.2762259709690075,Азовский немецкий,52-601-000-000,Азовский немецкий национальный муниципальный район,муниципальный район,,1,,с Азово,data-20180110-structure-20150128.csv,2018,9999,,,55,Омская область,54.70385,73.026871,1,50337.3,25339.0,250.8,3
1634,13147,1131,4441,574,1179,25218,4746,0.5213339678007772,0.04484891743992386,0.17610436989451977,0.022761519549528115,0.04675231977159172,0.18819890554365928,Большереченский,52-603-000-000,Большереченский муниципальный район,муниципальный район,,1,,рп Большеречье,data-20180110-structure-20150128.csv,2018,9999,,,55,Омская область,56.094585,74.639519,1,45128.4,21499.0,238.5,1
1635,11817,1037,4765,117,1573,23472,4163,0.5034509202453987,0.04418029993183367,0.20300783912747103,0.004984662576687116,0.06701601908657123,0.17736025903203817,Большеуковский,52-606-000-000,Большеуковский муниципальный район,муниципальный район,,1,,с Большие Уки,data-20180110-structure-20150128.csv,2018,9999,,,55,Омская область,56.949043,72.625717,1,44267.3,5838.0,240.1,1
1636,10151,938,4911,280,925,23601,6396,0.4301088936909453,0.039744078640735564,0.2080844032032541,0.011863904071861362,0.039193254523113424,0.2710054658700902,Горьковский,52-609-000-000,Горьковский муниципальный район,муниципальный район,,1,,рп Горьковское,data-20180110-structure-20150128.csv,2018,9999,,,55,Омская область,55.371033,74.362556,1,43825.7,18069.0,244.6,3
1637,12655,1034,5748,250,1558,27243,5998,0.46452299673310576,0.03795470396065044,0.21098997907719413,0.009176669236134053,0.05718900267958742,0.2201666483133282,Знаменский,52-612-000-000,Знаменский муниципальный район,муниципальный район,,1,,с Знаменское,data-20180110-structure-20150128.csv,2018,9999,,,55,Омская область,57.127403,73.821983,1,42358.2,9777.0,237.1,1
1638,11168,1071,5633,295,1215,27276,7894,0.4094442000293298,0.03926528816542015,0.20651855110720047,0.010815368822407977,0.04454465464144303,0.28941193723419856,Исилькульский,52-615-000-000,Исилькульский муниципальный район,муниципальный район,,1,,г Исилькуль,data-20180110-structure-20150128.csv,2018,9999,,,55,Омская область,54.904892,71.259987,1,46016.7,35262.0,249.1,3
1639,11985,1189,5003,409,1077,27377,7714,0.4377762355261716,0.04343061694122804,0.18274463966102933,0.014939547795594843,0.039339591628008916,0.2817693684479673,Калачинский,52-618-000-000,Калачинский муниципальный район,муниципальный район,,1,,г Калачинск,data-20180110-structure-20150128.csv,2018,9999,,,55,Омская область,55.049091,74.582428,1,52071.7,35486.0,246.8,3
1640,12258,1034,4868,132,1157,25217,5768,0.48610064638934053,0.04100408454613951,0.19304437482650594,0.005234563984613554,0.045881746440893045,0.22873458381250744,Колосовский,52-621-000-000,Колосовский муниципальный район,муниципальный район,,1,,с Колосовка,data-20180110-structure-20150128.csv,2018,9999,,,55,Омская область,56.467625,73.606575,1,43047.7,8763.0,242.0,1
1641,11264,952,5052,203,990,25756,7295,0.4373349899052648,0.036962261220686445,0.19614847025935706,0.007881658642646373,0.03843764559714241,0.2832349743749029,Кормиловский,52-623-000-000,Кормиловский муниципальный район,муниципальный район,,1,,рп Кормиловка,data-20180110-structure-20150128.csv,2018,9999,,,55,Омская область,55.002613,74.092224,1,53569.9,23179.0,251.5,3
1642,10640,1187,4768,262,1261,24314,6196,0.43760796249074607,0.048819610101176275,0.19610101176277042,0.010775684790655589,0.05186312412601793,0.2548326067286337,Крутинский,52-626-000-000,Крутинский муниципальный район,муниципальный район,,1,,рп Крутинка,data-20180110-structure-20150128.csv,2018,9999,,,55,Омская область,56.006351,71.511307,1,46049.3,12735.0,253.1,1
1643,11054,904,5494,595,1006,27786,8733,0.39782624343194417,0.032534369826531344,0.19772547325991507,0.02141366155617937,0.036205283236162095,0.314294968689268,Любинский,52-629-000-000,Любинский муниципальный район,муниципальный район,,1,,рп Любинский,data-20180110-structure-20150128.csv,2018,9999,,,55,Омская область,55.156715,72.699005,1,50588.3,38168.0,251.5,3
1644,12724,989,5328,292,971,26809,6505,0.47461673318661646,0.03689059644149353,0.19873922936327354,0.010891864672311537,0.03621918012607706,0.2426423962102279,Марьяновский,52-630-000-000,Марьяновский муниципальный район,муниципальный район,,1,,рп Марьяновка,data-20180110-structure-20150128.csv,2018,9999,,,55,Омская область,54.960659,72.637947,1,50511.5,25313.0,251.7,3
1645,11353,1277,5981,400,1134,27878,7733,0.40723868283234094,0.045806729320611236,0.2145419327067939,0.01434823158045771,0.040677236530597606,0.2773871870291987,Москаленский,52-632-000-000,Москаленский муниципальный район,муниципальный район,,1,,рп Москаленки,data-20180110-structure-20150128.csv,2018,9999,,,55,Омская область,54.939468,71.92588,1,48378.3,26392.0,249.1,3
1646,12145,881,4268,301,1259,23831,4977,0.5096303134572615,0.03696865427384499,0.17909445679996644,0.012630607192312534,0.05283034702698166,0.20884562124963282,Муромцевский,52-634-000-000,Муромцевский муниципальный район,муниципальный район,,1,,рп Муромцево,data-20180110-structure-20150128.csv,2018,9999,,,55,Омская область,56.369392,75.237198,1,42808.4,16992.0,234.2,1
1647,11076,894,4540,179,1376,24393,6328,0.45406469068995203,0.036649858565982046,0.1861189685565531,0.0073381707867011025,0.05640962571229451,0.25941868568851717,Называевский,52-636-000-000,Называевский муниципальный район,муниципальный район,,1,,г Называевск,data-20180110-structure-20150128.csv,2018,9999,,,55,Омская область,55.564896,71.349365,1,46477.2,17786.0,251.9,1
1648,10236,889,4721,182,1089,22199,5082,0.4611018514347493,0.04004684895716023,0.21266723726293976,0.008198567503040677,0.04905626379566647,0.22892923104644353,Нижнеомский,52-639-000-000,Нижнеомский муниципальный район,муниципальный район,,1,,с Нижняя Омка,data-20180110-structure-20150128.csv,2018,9999,,,55,Омская область,55.43359,74.938004,1,43901.7,12230.0,243.4,1
1649,10794,1034,4676,432,870,24924,7118,0.4330765527202696,0.041486117798106244,0.1876103354196758,0.017332691381800675,0.03490611458834858,0.2855881880917991,Нововаршавский,52-641-000-000,Нововаршавский муниципальный район,муниципальный район,,1,,рп Нововаршавка,data-20180110-structure-20150128.csv,2018,9999,,,55,Омская область,54.170616,74.696037,1,50341.4,20369.0,236.4,3
1650,8499,645,5040,135,938,23255,7998,0.3654697914427005,0.027735970758976564,0.21672758546549128,0.005805203182111374,0.04033541173941088,0.3439260374113094,Одесский,52-642-000-000,Одесский муниципальный район,муниципальный район,,1,,с Одесское,data-20180110-structure-20150128.csv,2018,9999,,,55,Омская область,54.20969,72.965538,1,47241.1,15856.0,242.7,3
1651,10893,1002,5324,192,1392,26487,7684,0.41125835315437764,0.03782987880847208,0.20100426624381773,0.007248839053120399,0.052554083135122893,0.2901045796050893,Оконешниковский,52-643-000-000,Оконешниковский муниципальный район,муниципальный район,,1,,рп Оконешниково,data-20180110-structure-20150128.csv,2018,9999,,,55,Омская область,54.8373364,75.0727251,1,45186.1,11776.0,242.7,1
1652,11595,1265,5759,1257,1814,30163,8473,0.3844113649172828,0.041938799191061894,0.19092928422239167,0.04167357358352949,0.060139906507973344,0.28090707157776085,Омский,52-644-000-000,Омский муниципальный район,муниципальный район,,1,,п Ростовка,data-20180110-structure-20150128.csv,2018,9999,,,55,Омская область,55.019558,73.580765,1,55625.4,100576.0,260.0,2
1653,11696,981,4631,224,1065,25659,7062,0.4558244670485989,0.03823219922834093,0.18048248178027204,0.008729880353871936,0.04150590436104291,0.27522506722787327,Павлоградский,52-646-000-000,Павлоградский муниципальный район,муниципальный район,,1,,рп Павлоградка,data-20180110-structure-20150128.csv,2018,9999,,,55,Омская область,54.205006,73.556488,1,48039.5,17473.0,242.5,3
1654,13209,1026,4611,233,1401,27339,6859,0.48315593108745747,0.03752880500384067,0.1686601558213541,0.008522623358572004,0.05124547349939647,0.2508870112293793,Полтавский,52-648-000-000,Полтавский муниципальный район,муниципальный район,,1,,рп Полтавка,data-20180110-structure-20150128.csv,2018,9999,,,55,Омская область,54.3642388,71.7609168,1,47737.2,18147.0,245.8,1
1655,12543,794,5388,143,1074,26559,6617,0.4722692872472608,0.029895703904514476,0.20286908392635264,0.0053842388644150755,0.04043826951315938,0.2491434165442976,Русско-Полянский,52-650-000-000,Русско-Полянский муниципальный район,муниципальный район,,1,,рп Русская Поляна,data-20180110-structure-20150128.csv,2018,9999,,,55,Омская область,53.780357,73.882103,1,44913.0,15619.0,236.1,1
1656,12561,1015,4922,449,1169,26007,5891,0.48298535009805055,0.03902795401238128,0.18925673857038489,0.017264582612373593,0.04494943669012189,0.22651593801668782,Саргатский,52-651-000-000,Саргатский муниципальный район,муниципальный район,,1,,рп Саргатское,data-20180110-structure-20150128.csv,2018,9999,,,55,Омская область,55.603386,73.490257,1,44770.5,15815.0,247.5,1
1657,12534,1060,4642,192,1279,25122,5415,0.4989252448053499,0.04219409282700422,0.1847782819839185,0.0076427036064007645,0.05091155162805509,0.21554812514927155,Седельниковский,52-652-000-000,Седельниковский муниципальный район,муниципальный район,,1,,с Седельниково,data-20180110-structure-20150128.csv,2018,9999,,,55,Омская область,56.945618,75.306061,1,43667.2,8137.0,235.7,1
1658,10716,1091,5279,390,1091,26166,7599,0.4095390965374914,0.04169532981732019,0.20175036306657496,0.014904838339830313,0.04169532981732019,0.290415042421463,Таврический,52-653-000-000,Таврический муниципальный район,муниципальный район,,1,,рп Таврическое,data-20180110-structure-20150128.csv,2018,9999,,,55,Омская область,54.586674,73.637436,1,47839.0,33312.0,247.9,3
1659,13572,1163,5660,715,1636,30548,7802,0.44428440487102266,0.038071232159224824,0.18528217886604686,0.023405787612937018,0.05355506088778316,0.25540133560298545,Тарский,52-654-000-000,Тарский муниципальный район,муниципальный район,,1,,г Тара,data-20180110-structure-20150128.csv,2018,9999,,,55,Омская область,56.8757689,74.4196755,1,49200.2,39838.0,237.3,2
1660,13524,942,5957,288,1749,27722,5262,0.48784358992857657,0.033980232306471396,0.21488348603996826,0.010388860832551763,0.06309068609768415,0.18981314479474784,Тевризский,52-655-000-000,Тевризский муниципальный район,муниципальный район,,1,,рп Тевриз,data-20180110-structure-20150128.csv,2018,9999,,,55,Омская область,57.513668,72.398911,1,45468.8,11958.0,240.9,1
1661,10640,941,4032,398,1251,23698,6436,0.4489830365431682,0.0397079922356317,0.17014094016372688,0.016794666216558358,0.052789264916870624,0.2715840999240442,Тюкалинский,52-656-000-000,Тюкалинский муниципальный район,муниципальный район,,1,,г Тюкалинск,data-20180110-structure-20150128.csv,2018,9999,,,55,Омская область,55.870556,72.196617,1,46387.1,19114.0,252.2,1
1662,13601,1045,5230,159,1487,27982,6460,0.4860624687298978,0.037345436351940535,0.1869058680580373,0.0056822242870416696,0.05314130512472304,0.23086269744835966,Усть-Ишимский,52-657-000-000,Усть-Ишимский муниципальный район,муниципальный район,,1,,с Усть-Ишим,data-20180110-structure-20150128.csv,2018,9999,,,55,Омская область,57.693462,71.169968,1,44483.8,9157.0,244.2,1
1663,11552,1141,4885,301,1136,25562,6547,0.45192081996713873,0.044636569908457865,0.19110398247398483,0.011775291448243486,0.0444409670604804,0.25612236914169473,Черлакский,52-658-000-000,Черлакский муниципальный район,муниципальный район,,1,,рп Черлак,data-20180110-structure-20150128.csv,2018,9999,,,55,Омская область,54.154067,74.7974987,1,44547.8,24866.0,238.5,1
1664,12310,1035,5092,238,921,27322,7726,0.4505526681794891,0.03788156064709758,0.18636995827538247,0.008710928921748042,0.03370909889466364,0.2827757850816192,Шербакульский,52-659-000-000,Шербакульский муниципальный район,муниципальный район,,1,,рп Шербакуль,data-20180110-structure-20150128.csv,2018,9999,,,55,Омская область,54.631046,72.392822,1,45717.9,18767.0,246.0,3
1665,14739,1912,6501,1951,2536,40300,12661,0.3657320099255583,0.04744416873449132,0.1613151364764268,0.04841191066997519,0.06292803970223325,0.31416873449131516,Оренбург,53-701-000-000,городской округ город Оренбург,городской округ,административный_центр_субъекта,2,53-634-000-000,г Оренбург,data-20180110-structure-20150128.csv,2018,9999,,,56,Оренбургская область,51.7671248,55.0978517,1,77401.4,550344.0,345.2,2
1666,10697,1221,5407,583,1257,25405,6240,0.4210588466837237,0.048061405235189925,0.21283211966148396,0.022948238535721314,0.049478449124188154,0.24562094075969299,Абдулинский,53-704-000-000,городской округ Абдулинский,городской округ,,1,,г Абдулино,data-20180110-structure-20150128.csv,2018,9999,,,56,Оренбургская область,53.6828,53.655701,1,63306.4,23381.0,326.1,1
1667,14866,1791,7062,1267,1840,36277,9451,0.4097913278385754,0.049370124321195245,0.1946687984122171,0.034925710505278824,0.05072084240703476,0.26052319651569866,Бугуруслан,53-708-000-000,городской округ город Бугуруслан,городской округ,,2,53-611-000-000,г Бугуруслан,data-20230228-structure-20150128.csv,2018,9999,,,56,Оренбургская область,53.6527806,52.4340458,1,59751.9,42519.0,342.9,2
1668,14790,1775,6954,1413,2215,38860,11713,0.3805970149253731,0.04567678847143592,0.17895007720020586,0.03636129696345857,0.056999485331960885,0.30141533710756563,Бузулук,53-712-000-000,городской округ город Бузулук,городской округ,,2,53-612-000-000,г Бузулук,data-20230228-structure-20150128.csv,2018,9999,,,56,Оренбургская область,52.7586837,52.28831670221607,1,79778.4,88339.0,341.7,2
1669,11064,1138,5489,710,580,27216,8235,0.40652557319223986,0.04181363903586126,0.20168283362727807,0.026087595532039976,0.021310993533215757,0.30257936507936506,Гайский,53-713-000-000,городской округ Гайский,городской округ,,1,,г Гай,data-20180110-structure-20150128.csv,2018,9999,,,56,Оренбургская область,51.471443,58.440517,1,83424.5,39040.0,280.8,3
1670,11276,1188,5558,625,943,27285,7695,0.41326736301997435,0.04354040681693238,0.20370166758292102,0.022906358805204325,0.034561114165292284,0.28202308960967565,Кувандыкский,53-714-000-000,городской округ Кувандыкский,городской округ,,1,,г Кувандык,data-20180110-structure-20150128.csv,2018,9999,,,56,Оренбургская область,51.478756,57.350796,1,51752.6,40357.0,286.4,3
1671,11452,1039,5905,547,885,27452,7624,0.4171645053183739,0.0378478799358881,0.21510272475593764,0.01992568847442809,0.032238088299577444,0.27772111321579485,Медногорск,53-715-000-000,городской округ город Медногорск,городской округ,,1,,г Медногорск,data-20180110-structure-20150128.csv,2018,9999,,,56,Оренбургская область,51.4049435,57.5803138,1,64872.6,24149.0,285.7,3
1672,14144,1424,6187,1510,1287,35245,10693,0.4013051496666194,0.04040289402752163,0.17554263016030644,0.04284295644772308,0.03651581784650305,0.3033905518513264,Новотроицк,53-720-000-000,городской округ город Новотроицк,городской округ,,1,,г Новотроицк,data-20180110-structure-20150128.csv,2018,9999,,,56,Оренбургская область,51.196369,58.298527,1,74255.2,79410.0,280.8,3
1673,13785,1541,6852,1458,1499,37851,12716,0.36419117064278356,0.040712266518718135,0.18102560038043908,0.038519457874296587,0.039602652505878314,0.33594885207788433,Орск,53-723-000-000,городской округ город Орск,городской округ,,1,,г Орск,data-20180110-structure-20150128.csv,2018,9999,,,56,Оренбургская область,51.2305015,58.4738015,1,74043.2,190318.0,278.6,3
1674,12042,1234,5203,847,1549,28881,8006,0.4169523215955126,0.04272705238738271,0.18015304179218172,0.029327239361517952,0.053633876943319135,0.27720646792008585,Соль-Илецкий,53-725-000-000,городской округ Соль-Илецкий,городской округ,,1,,г Соль-Илецк,data-20180110-structure-20150128.csv,2018,9999,,,56,Оренбургская область,51.161289,54.996372,1,50777.4,45181.0,291.6,2
1675,13004,1203,5812,654,1544,30510,8293,0.4262209111766634,0.03942969518190757,0.19049491969845952,0.02143559488692232,0.05060635857096034,0.27181252048508686,Сорочинский,53-727-000-000,городской округ Сорочинский,городской округ,,1,,г Сорочинск,data-20180110-structure-20150128.csv,2018,9999,,,56,Оренбургская область,52.426971,53.154175,1,48696.2,39845.0,313.8,2
1676,10646,895,5585,735,639,27452,8952,0.38780416727378697,0.03260236048375346,0.20344601486230512,0.0267740055369372,0.02327699256884744,0.3260964592743698,Ясненский,53-732-000-000,городской округ Ясненский,городской округ,,1,,г Ясный,data-20180110-structure-20150128.csv,2018,9999,,,56,Оренбургская область,51.036957,59.873268,1,64263.7,17793.0,268.7,3
1678,10475,1041,5757,160,1133,24671,6105,0.4245875724534879,0.0421952900166187,0.23335089781524868,0.006485347168740626,0.04592436463864456,0.24745652790725953,Адамовский,53-604-000-000,Адамовский муниципальный район,муниципальный район,,1,,п Адамовка,data-20180110-structure-20150128.csv,2018,9999,,,56,Оренбургская область,51.520966,59.940235,1,43601.6,18976.0,270.6,1
1679,9521,994,4609,460,980,22612,6048,0.4210596143640545,0.043958959844330445,0.20382982487174953,0.02034318061206439,0.043339819564832835,0.26746860074296835,Акбулакский,53-605-000-000,Акбулакский муниципальный район,муниципальный район,,1,,п Акбулак,data-20180110-structure-20150128.csv,2018,9999,,,56,Оренбургская область,51.006439,55.62648,1,41483.2,19016.0,285.5,3
1680,10639,1090,5511,168,1114,23443,4921,0.4538241692616133,0.04649575566267116,0.23508083436420255,0.007166318303971335,0.04751951542038135,0.20991340698716035,Александровский,53-606-000-000,Александровский муниципальный район,муниципальный район,,1,,с Александровка,data-20180110-structure-20150128.csv,2018,9999,,,56,Оренбургская область,52.680561,54.413418,1,53187.5,12753.0,310.5,1
1681,10413,1107,6187,276,1137,25102,5982,0.414827503784559,0.04410007170743367,0.24647438451119433,0.010995139829495657,0.04529519560194407,0.23830770456537329,Асекеевский,53-607-000-000,Асекеевский муниципальный район,муниципальный район,,1,,с Асекеево,data-20180110-structure-20150128.csv,2018,9999,,,56,Оренбургская область,53.580097,52.82431,1,50076.5,15753.0,327.3,1
1682,9024,842,4553,281,463,21544,6381,0.4188637207575195,0.03908280727812848,0.2113349424433717,0.013043074637950241,0.02149090233939844,0.29618455254363163,Беляевский,53-610-000-000,Беляевский муниципальный район,муниципальный район,,1,,с Беляевка,data-20180110-structure-20150128.csv,2018,9999,,,56,Оренбургская область,51.398891,56.409542,1,50165.4,13156.0,290.4,3
1683,12658,1564,6274,1017,1809,30358,7036,0.4169576388431385,0.05151854535871928,0.2066671058699519,0.03350023058172475,0.059588905725014824,0.2317675736214507,Бугурусланский,53-611-000-000,Бугурусланский муниципальный район,муниципальный район,,3,53-708-000-000,г Бугуруслан,data-20230228-structure-20150128.csv,2018,9999,,,56,Оренбургская область,53.6527806,52.4340458,1,53931.6,16252.0,358.9,2
1685,11475,1125,5394,288,845,26310,7183,0.4361459521094641,0.042759407069555305,0.20501710376282783,0.010946408209806158,0.03211706575446598,0.27301406309388065,Грачёвский,53-615-000-000,Грачёвский муниципальный район,муниципальный район,,1,,с Грачёвка,data-20180110-structure-20150128.csv,2018,9999,,,56,Оренбургская область,52.919601,52.879501,1,53369.0,10558.0,318.8,3
1686,9965,710,4944,211,720,22352,5802,0.44582140300644235,0.03176449534717251,0.2211882605583393,0.009439871152469578,0.03221188260558339,0.2595740873299928,Домбаровский,53-617-000-000,Домбаровский муниципальный район,муниципальный район,,1,,п Домбаровский,data-20180110-structure-20150128.csv,2018,9999,,,56,Оренбургская область,50.760067,59.536777,1,54897.1,11105.0,267.5,3
1687,10458,755,4771,255,1129,23229,5861,0.4502130956993413,0.03250247535408326,0.20538981445606785,0.010977657238796332,0.04860303930431788,0.25231391794739333,Илекский,53-619-000-000,Илекский муниципальный район,муниципальный район,,1,,с Илек,data-20180110-structure-20150128.csv,2018,9999,,,56,Оренбургская область,51.527264,53.383327,1,47564.7,25229.0,299.6,1
1688,9868,837,5877,195,999,25426,7650,0.3881066624714859,0.032919059230708723,0.23114135137261071,0.007669314874537874,0.03929049004955557,0.3008731220011012,Кваркенский,53-622-000-000,Кваркенский муниципальный район,муниципальный район,,1,,с Кваркено,data-20180110-structure-20150128.csv,2018,9999,,,56,Оренбургская область,52.084141,59.722305,1,53385.3,14438.0,270.6,3
1689,11809,1198,5977,271,1328,26047,5464,0.45337274926095134,0.045993780473758974,0.2294698045840212,0.010404269205666679,0.05098475832149576,0.20977463815410605,Красногвардейский,53-623-000-000,Красногвардейский муниципальный район,муниципальный район,,1,,с Плешаново,data-20180110-structure-20150128.csv,2018,9999,,,56,Оренбургская область,52.8480171,53.4871553,1,45739.4,16960.0,313.8,1
1690,10164,1099,5083,165,826,22741,5404,0.4469460445890682,0.04832681060639374,0.2235169957345763,0.007255617606965393,0.03632206147486918,0.23763246998812718,Курманаевский,53-625-000-000,Курманаевский муниципальный район,муниципальный район,,1,,с Курманаевка,data-20180110-structure-20150128.csv,2018,9999,,,56,Оренбургская область,52.506886,52.067692,1,51089.2,14152.0,317.4,1
1691,10093,1179,4722,308,1254,23526,5970,0.4290147071325342,0.05011476664116297,0.20071410354501404,0.013091898325257163,0.05330272889568988,0.2537617954603418,Матвеевский,53-627-000-000,Матвеевский муниципальный район,муниципальный район,,1,,с Матвеевка,data-20180110-structure-20150128.csv,2018,9999,,,56,Оренбургская область,53.511856,53.482029,1,50219.0,8826.0,323.5,1
1692,9598,922,5636,284,626,23299,6233,0.41194901068715395,0.03957251384179578,0.24189879393965405,0.012189364350401305,0.026868105927293016,0.2675222112537019,Новоорский,53-630-000-000,Новоорский муниципальный район,муниципальный район,,1,,п Новоорск,data-20180110-structure-20150128.csv,2018,9999,,,56,Оренбургская область,51.3812897,58.9857207,1,65573.1,23447.0,276.3,3
1693,11354,1207,4970,332,1165,25598,6570,0.4435502773654192,0.0471521212594734,0.19415579342136105,0.012969763262754903,0.04551136807563091,0.2566606766153606,Новосергиевский,53-631-000-000,Новосергиевский муниципальный район,муниципальный район,,1,,п Новосергиевка,data-20180110-structure-20150128.csv,2018,9999,,,56,Оренбургская область,52.081001,53.653702,1,55143.1,28827.0,309.3,1
1694,10601,1018,5147,421,828,24053,6038,0.440735043445724,0.04232320292686983,0.21398578139940963,0.017503014177025735,0.03442398037666819,0.2510289776743026,Октябрьский,53-633-000-000,Октябрьский муниципальный район,муниципальный район,,1,,с Октябрьское,data-20180110-structure-20150128.csv,2018,9999,,,56,Оренбургская область,52.345226,55.507576,1,53243.7,17079.0,305.5,3
1696,10765,1027,4987,249,1064,24561,6469,0.43829648629941775,0.04181425837710191,0.20304547860429137,0.010138023696103579,0.04332071169740646,0.2633850413256789,Первомайский,53-636-000-000,Первомайский муниципальный район,муниципальный район,,1,,п Первомайский,data-20180110-structure-20150128.csv,2018,9999,,,56,Оренбургская область,51.902344,51.639091,1,53986.9,20575.0,308.4,1
1697,10823,982,5361,385,927,23995,5517,0.45105230256303397,0.04092519274848927,0.22342154615544904,0.016045009376953533,0.038633048551781624,0.22992290060429257,Переволоцкий,53-637-000-000,Переволоцкий муниципальный район,муниципальный район,,1,,п Переволоцкий,data-20180110-structure-20150128.csv,2018,9999,,,56,Оренбургская область,51.8749502,54.2080495,1,54376.2,20288.0,305.3,3
1698,10259,1071,5713,348,1026,24161,5744,0.4246099085302761,0.04432763544555275,0.23645544472497,0.014403377343652995,0.04246512975456314,0.23773850420098505,Пономарёвский,53-638-000-000,Пономарёвский муниципальный район,муниципальный район,,1,,с Пономарёвка,data-20180110-structure-20150128.csv,2018,9999,,,56,Оренбургская область,53.314846,54.121265,1,43159.2,12885.0,320.9,1
1699,9347,875,4585,531,677,21666,5651,0.43141327425459247,0.040385858026400816,0.21162189605834025,0.024508446413735806,0.031247115295855256,0.2608234099510754,Сакмарский,53-640-000-000,Сакмарский муниципальный район,муниципальный район,,1,,с Сакмара,data-20180110-structure-20150128.csv,2018,9999,,,56,Оренбургская область,51.9846,55.333401,1,54767.9,29252.0,304.6,3
1700,10107,1042,4564,496,1054,24165,6902,0.41824953445065177,0.04312021518725429,0.1888681978067453,0.020525553486447343,0.0436168011587006,0.2856196979102007,Саракташский,53-641-000-000,Саракташский муниципальный район,муниципальный район,,1,,п Саракташ,data-20180110-structure-20150128.csv,2018,9999,,,56,Оренбургская область,51.7833,56.3591,1,51540.8,39786.0,295.2,3
1701,11861,1198,5951,375,683,27673,7605,0.4286127272070249,0.04329129476384924,0.21504715787952156,0.013551114805044628,0.024681097098254615,0.27481660824630505,Светлинский,53-642-000-000,Светлинский муниципальный район,муниципальный район,,1,,п Светлый,data-20180110-structure-20150128.csv,2018,9999,,,56,Оренбургская область,50.820313,60.850288,1,45985.6,9689.0,260.2,3
1702,10192,958,5096,233,838,21559,4242,0.47274919987012387,0.044436198339440604,0.23637459993506194,0.010807551370657266,0.03887007746184888,0.19676237302286748,Северный,53-643-000-000,Северный муниципальный район,муниципальный район,,1,,с Северное,data-20180110-structure-20150128.csv,2018,9999,,,56,Оренбургская область,54.091789,52.541626,1,60306.4,10754.0,337.2,1
1703,10538,1033,4952,504,1133,24047,5887,0.4382251424294091,0.042957541481265855,0.20593005364494532,0.020958955379049363,0.047116064373934376,0.244812242691396,Ташлинский,53-651-000-000,Ташлинский муниципальный район,муниципальный район,,1,,с Ташла,data-20180110-structure-20150128.csv,2018,9999,,,56,Оренбургская область,51.7696795,52.7403401,1,57467.1,19856.0,304.1,3
1704,12911,1414,8068,1369,1542,36931,11627,0.3495978987842192,0.038287617448755785,0.21846145514608323,0.037069128916086755,0.04175354038612548,0.31483035931872955,Тоцкий,53-652-000-000,Тоцкий муниципальный район,муниципальный район,,1,,с Тоцкое,data-20180110-structure-20150128.csv,2018,9999,,,56,Оренбургская область,52.530071,52.748413,1,46971.3,30816.0,316.2,3
1705,9584,1001,5570,304,833,23052,5760,0.4157556828040951,0.043423564115911854,0.24162762450112787,0.01318757591532188,0.036135693215339236,0.24986985944820406,Тюльганский,53-653-000-000,Тюльганский муниципальный район,муниципальный район,,1,,п Тюльган,data-20180110-structure-20150128.csv,2018,9999,,,56,Оренбургская область,52.342068,56.161255,1,42087.2,17089.0,300.8,3
1706,9121,1101,4727,551,999,22028,5529,0.41406391864899217,0.049981841292899946,0.21459052115489377,0.025013619030325042,0.045351370982386056,0.250998728890503,Шарлыкский,53-656-000-000,Шарлыкский муниципальный район,муниципальный район,,1,,с Шарлык,data-20180110-structure-20150128.csv,2018,9999,,,56,Оренбургская область,52.9276338,54.7455627,1,46125.0,14855.0,314.5,3
1707,16042,2049,7030,1685,2310,40205,11089,0.3990050988683,0.050963810471334414,0.17485387389628157,0.041910210172864074,0.057455540355677154,0.27581146623554287,Орёл,54-701-000-000,городской округ город Орёл,городской округ,административный_центр_субъекта,2,54-647-000-000;54-501-000-000,г Орёл,data-20180110-structure-20150128.csv,2018,9999,,,57,Орловская область,52.96801714999999,36.09949941816104,1,61277.0,292406.0,408.0,2
1708,13412,1386,6947,755,1309,31974,8165,0.4194658159754801,0.0433477200225183,0.21727028210420968,0.02361293551010196,0.04093951335460061,0.2553637330330894,Ливны,54-705-000-000,городской округ город Ливны,городской округ,,2,54-629-000-000,г Ливны,data-20180110-structure-20150128.csv,2018,9999,,,57,Орловская область,52.42861105,37.60360592292363,1,51959.9,42694.0,379.0,3
1709,15241,1486,6984,1091,1370,35806,9634,0.42565491817013906,0.041501424342289005,0.195051108752723,0.030469753672568843,0.03826174384181422,0.26906105122046586,Мценск,54-710-000-000,городской округ город Мценск,городской округ,,2,54-636-000-000,г Мценск,data-20180110-structure-20150128.csv,2018,9999,,,57,Орловская область,53.28197315,36.56915665105407,1,53229.6,35554.0,381.1,3
1710,11207,1134,6284,283,1076,26322,6338,0.42576551933743634,0.043081832687485756,0.23873565838462124,0.010751462654813464,0.04087835270876073,0.24078717422688245,Болховский,54-604-000-000,Болховский муниципальный район,муниципальный район,,1,,г Болхов,data-20180110-structure-20150128.csv,2018,9999,,,57,Орловская область,53.448994,36.002232,1,45166.3,14977.0,364.3,1
1711,12258,1309,6567,417,788,27442,6103,0.4466875592158006,0.04770060491217841,0.2393047153997522,0.015195685445667226,0.028715108228263245,0.22239632679833832,Верховский,54-608-000-000,Верховский муниципальный район,муниципальный район,,1,,пгт Верховье,data-20180110-structure-20150128.csv,2018,9999,,,57,Орловская область,52.810467,37.239925,1,52594.0,14493.0,361.7,3
1712,11013,786,5954,264,862,24089,5210,0.45717962555523267,0.03262900078874175,0.24716675661090123,0.010959359043546847,0.03578396778612645,0.21628129021545103,Глазуновский,54-610-000-000,Глазуновский муниципальный район,муниципальный район,,1,,пгт Глазуновка,data-20180110-structure-20150128.csv,2018,9999,,,57,Орловская область,52.499466,36.322838,1,49502.0,10168.0,354.0,3
1714,10785,1112,6225,247,1346,25735,6020,0.4190790751894307,0.04320963668156207,0.24188847872547115,0.009597823975131144,0.05230231202642316,0.23392267340198172,Должанский,54-615-000-000,Должанский муниципальный район,муниципальный район,,1,,пгт Долгое,data-20180110-structure-20150128.csv,2018,9999,,,57,Орловская область,52.0552637,37.5295749,1,50892.8,8587.0,348.5,1
1715,12149,954,5344,250,823,24894,5374,0.48802924399453684,0.038322487346348515,0.21467020165501727,0.010042580541495942,0.03306017514260464,0.2158753113199968,Залегощенский,54-618-000-000,Залегощенский муниципальный район,муниципальный район,,1,,пгт Залегощь,data-20180110-structure-20150128.csv,2018,9999,,,57,Орловская область,52.90242,36.893154,1,48806.0,11724.0,361.0,3
1717,10710,1120,6738,278,1091,25885,5948,0.4137531388835233,0.043268302105466484,0.2603051960594939,0.010739810701178288,0.04214796214023566,0.22978559011010238,Колпнянский,54-623-000-000,Колпнянский муниципальный район,муниципальный район,,1,,пгт Колпна,data-20180110-structure-20150128.csv,2018,9999,,,57,Орловская область,52.222736,37.028606,1,69003.6,12286.0,350.9,1
1718,12675,1003,7051,129,1062,26377,4457,0.48053228191227204,0.03802555256473443,0.2673162224665428,0.004890624407627857,0.04026234977442469,0.16897296887439814,Краснозоренский,54-624-000-000,Краснозоренский муниципальный район,муниципальный район,,1,,п Красная Заря,data-20180110-structure-20150128.csv,2018,9999,,,57,Орловская область,52.780712,37.690243,1,50320.2,5084.0,362.0,1
1719,15174,1484,7615,728,1400,33606,7205,0.4515265131226567,0.04415878117002916,0.22659644111170624,0.021662798309825627,0.041659227518895434,0.21439623876688688,Кромской,54-625-000-000,Кромской муниципальный район,муниципальный район,,1,,пгт Кромы,data-20180110-structure-20150128.csv,2018,9999,,,57,Орловская область,52.688126,35.768337,1,54417.4,20537.0,354.9,3
1722,12085,1112,5969,189,1031,26669,6283,0.45314784956316323,0.04169635156923769,0.22381791593235592,0.007086879898008924,0.038659117327233865,0.23559188571000036,Малоархангельский,54-632-000-000,Малоархангельский муниципальный район,муниципальный район,,1,,г Малоархангельск,data-20180110-structure-20150128.csv,2018,9999,,,57,Орловская область,52.399578,36.504021,1,46776.8,9312.0,352.5,1
1724,14337,1239,5573,216,1318,27151,4468,0.5280468491031638,0.045633678317557366,0.2052594747891422,0.007955508084416781,0.04854333173732091,0.16456115796839896,Новодеревеньковский,54-639-000-000,Новодеревеньковский муниципальный район,муниципальный район,,1,,пгт Хомутово,data-20180110-structure-20150128.csv,2018,9999,,,57,Орловская область,52.854115,37.446629,1,51968.3,9028.0,361.7,1
1725,11215,1054,6476,278,1015,24826,4788,0.4517441392088939,0.04245549021187465,0.26085555466043664,0.011197937646016273,0.040884556513332795,0.19286232175944573,Новосильский,54-643-000-000,Новосильский муниципальный район,муниципальный район,,1,,г Новосиль,data-20180110-structure-20150128.csv,2018,9999,,,57,Орловская область,52.972939,37.041908,1,50855.7,6534.0,362.7,1
1726,16398,1916,7667,1855,2700,42179,11643,0.38877166362407833,0.045425448682993905,0.18177292017354607,0.043979231371061425,0.06401289741340478,0.2760378387349155,Орловский,54-501-000-000,муниципальный округ Орловский,муниципальный округ,,3,54-701-000-000,г Орёл,data-20220328-structure-20150128.csv,2022,9999,,,57,Орловская область,52.96801714999999,36.09949941816104,1,65790.7,69588.0,566.7,2
1727,12598,1203,5871,322,1243,25682,4445,0.4905381200841056,0.04684214625029203,0.2286036913013005,0.012537964332995873,0.0483996573475586,0.17307842068374737,Покровский,54-650-000-000,Покровский муниципальный район,муниципальный район,,1,,пгт Покровское,data-20180110-structure-20150128.csv,2018,9999,,,57,Орловская область,52.607849,36.866261,1,53224.9,11873.0,356.6,1
1728,10571,1011,5787,407,580,23596,5240,0.4479996609594847,0.04284624512629259,0.24525343278521783,0.017248686218003052,0.02458043736226479,0.22207153754873707,Свердловский,54-652-000-000,Свердловский муниципальный район,муниципальный район,,1,,пгт Змиёвка,data-20180110-structure-20150128.csv,2018,9999,,,57,Орловская область,52.672192,36.380112,1,49255.1,13337.0,357.7,3
1730,11359,1154,5558,332,997,26642,7242,0.42635688011410555,0.04331506643645372,0.20861797162375198,0.012461526912393965,0.037422115456797536,0.27182643945649726,Троснянский,54-654-000-000,Троснянский муниципальный район,муниципальный район,,1,,с Тросна,data-20180110-structure-20150128.csv,2018,9999,,,57,Орловская область,52.448105,35.780979,1,54617.8,7678.0,351.6,3
1731,10321,991,6034,467,796,24084,5475,0.42854177047002157,0.04114764989204451,0.250539777445607,0.01939046669988374,0.03305098820793888,0.22732934728450424,Урицкий,54-655-000-000,Урицкий муниципальный район,муниципальный район,,1,,пгт Нарышкино,data-20180110-structure-20150128.csv,2018,9999,,,57,Орловская область,52.97002115,35.71989336815815,1,43893.7,17284.0,356.3,3
1732,11854,932,6058,252,873,23528,3559,0.5038252295137708,0.03961237674260456,0.2574804488269296,0.010710642638558313,0.037104726283577014,0.15126657599455967,Хотынецкий,54-657-000-000,Хотынецкий муниципальный район,муниципальный район,,1,,пгт Хотынец,data-20180110-structure-20150128.csv,2018,9999,,,57,Орловская область,53.12459645,35.40448606686389,1,53718.3,7819.0,351.8,1
1733,10076,884,5868,141,709,23750,6072,0.4242526315789474,0.037221052631578946,0.2470736842105263,0.005936842105263158,0.029852631578947367,0.2556631578947368,Шаблыкинский,54-659-000-000,Шаблыкинский муниципальный район,муниципальный район,,1,,пгт Шаблыкино,data-20180110-structure-20150128.csv,2018,9999,,,57,Орловская область,52.853958,35.195244,1,60459.7,5835.0,345.5,3
1737,11766,1185,6702,281,1061,26749,5754,0.4398669109125575,0.0443007215222999,0.2505514224830835,0.010505065609929342,0.03966503420688624,0.21511084526524357,Башмаковский,56-603-000-000,Башмаковский муниципальный район,муниципальный район,,1,,рп Башмаково,data-20180110-structure-20150128.csv,2018,9999,,,58,Пензенская область,53.2122204,43.0360244,1,60294.0,19102.0,358.0,1
1738,12365,1496,7596,735,1233,28894,5469,0.4279435176853326,0.05177545511178792,0.26289194988578946,0.025437807157195267,0.042673219353499,0.1892780508063958,Бековский,56-609-000-000,Бековский муниципальный район,муниципальный район,,1,,рп Беково,data-20180110-structure-20150128.csv,2018,9999,,,58,Пензенская область,52.4581207,43.7039446,1,48089.9,13474.0,354.0,1
1739,10700,1338,5920,137,1049,24683,5539,0.43349673864603167,0.05420734918770004,0.23984118624154277,0.005550378803224892,0.042498885872867966,0.22440546124863267,Белинский,56-612-000-000,Белинский муниципальный район,муниципальный район,,1,,г Белинский,data-20180110-structure-20150128.csv,2018,9999,,,58,Пензенская область,52.9669338,43.4130625,1,46192.3,23699.0,359.4,1
1740,11759,1342,6407,888,1889,30431,8146,0.38641516874240084,0.044099766685288026,0.2105418816338602,0.029180769609937235,0.06207485787519306,0.2676875554533206,Бессоновский,56-613-000-000,Бессоновский муниципальный район,муниципальный район,,1,,с Бессоновка,data-20180110-structure-20150128.csv,2018,9999,,,58,Пензенская область,53.309643,45.041382,1,62408.5,44901.0,365.5,2
1741,12106,974,5041,66,1280,25087,5620,0.48256068880296565,0.03882488938494041,0.20094072627257145,0.0026308446605811777,0.051022441902180415,0.22402040897676087,Вадинский,56-615-000-000,Вадинский муниципальный район,муниципальный район,,1,,с Вадинск,data-20180110-structure-20150128.csv,2018,9999,,,58,Пензенская область,53.689247,43.044308,1,47719.8,7153.0,362.7,1
1742,8325,1082,5962,624,1070,22640,5577,0.3677120141342756,0.047791519434628976,0.263339222614841,0.02756183745583039,0.04726148409893993,0.2463339222614841,Городищенский,56-618-000-000,Городищенский муниципальный район,муниципальный район,,1,,г Городище,data-20180110-structure-20150128.csv,2018,9999,,,58,Пензенская область,53.273724,45.702282,1,47836.2,45419.0,358.0,3
1743,11209,1260,6155,175,1424,26371,6148,0.42505024458685675,0.04777975806757423,0.23340032611580902,0.00663607750938531,0.053998710704941034,0.2331348830154336,Земетчинский,56-623-000-000,Земетчинский муниципальный район,муниципальный район,,1,,рп Земетчино,data-20180110-structure-20150128.csv,2018,9999,,,58,Пензенская область,53.4947753,42.618641,1,51322.9,18592.0,358.9,1
1744,9974,1663,6243,243,1025,25133,5985,0.3968487645724744,0.06616798631281581,0.2483985198742689,0.009668563243544344,0.040783034257748776,0.23813313173914774,Иссинский,56-626-000-000,Иссинский муниципальный район,муниципальный район,,1,,рп Исса,data-20180110-structure-20150128.csv,2018,9999,,,58,Пензенская область,53.865589,44.839645,1,48212.4,8268.0,362.2,1
1745,12024,1432,5582,333,1209,28192,7612,0.42650397275822927,0.05079455164585698,0.1979994324631101,0.011811861520998865,0.04288450624290579,0.27000567536889897,Каменский,56-629-000-000,Каменский муниципальный район,муниципальный район,,1,,г Каменка,data-20180110-structure-20150128.csv,2018,9999,,,58,Пензенская область,53.1850012,44.0529066,1,55626.9,48394.0,361.0,1
1746,10439,1150,4802,126,1066,22026,4443,0.4739398892218287,0.052211023336057386,0.21801507309543267,0.005720512122037592,0.048397348588032324,0.20171615363661127,Камешкирский,56-631-000-000,Камешкирский муниципальный район,муниципальный район,,1,,с Русский Камешкир,data-20180110-structure-20150128.csv,2018,9999,,,58,Пензенская область,52.862823,46.091095,1,42526.4,9895.0,351.6,1
1747,10937,1261,5708,201,1080,24140,4953,0.45306545153272576,0.05223695111847556,0.23645401822700912,0.008326429163214582,0.04473902236951118,0.20517812758906379,Колышлейский,56-633-000-000,Колышлейский муниципальный район,муниципальный район,,1,,рп Колышлей,data-20180110-structure-20150128.csv,2018,9999,,,58,Пензенская область,52.702633,44.535477,1,48162.6,20513.0,356.6,1
1749,8941,1275,4688,253,938,20797,4702,0.42991777660239455,0.061306919267202,0.2254171274703082,0.012165216136942828,0.04510265903736116,0.2260903014857912,Лопатинский,56-642-000-000,Лопатинский муниципальный район,муниципальный район,,1,,с Лопатино,data-20180110-structure-20150128.csv,2018,9999,,,58,Пензенская область,52.614059,45.810112,1,47132.3,11327.0,350.4,1
1750,10101,1068,5653,108,781,22779,5068,0.4434347425260108,0.04688528908204925,0.24816717151762588,0.004741209008297116,0.03428596514333377,0.22248562272268319,Лунинский,56-643-000-000,Лунинский муниципальный район,муниципальный район,,1,,рп Лунино,data-20180110-structure-20150128.csv,2018,9999,,,58,Пензенская область,53.588295,45.222881,1,45966.3,15623.0,358.2,1
1751,10173,1185,4903,93,954,22624,5316,0.4496552333804809,0.05237800565770863,0.21671676096181047,0.00411067892503536,0.042167609618104666,0.23497171145685997,Малосердобинский,56-644-000-000,Малосердобинский муниципальный район,муниципальный район,,1,,с Малая Сердоба,data-20180110-structure-20150128.csv,2018,9999,,,58,Пензенская область,52.46751,44.957035,1,40943.8,7959.0,352.1,1
1752,10691,1060,5423,573,1068,24433,5618,0.43756395039495766,0.04338394793926247,0.22195391478737772,0.023451888838865467,0.04371137396144559,0.2299349240780911,Мокшанский,56-645-000-000,Мокшанский муниципальный район,муниципальный район,,1,,рп Мокшан,data-20180110-structure-20150128.csv,2018,9999,,,58,Пензенская область,53.439527,44.6059867,1,50058.6,23532.0,365.1,3
1753,11592,1186,5210,189,1102,24331,5052,0.4764292466400888,0.048744400147959395,0.21413012206649953,0.007767868151740578,0.04529201430274136,0.20763634869097036,Наровчатский,56-647-000-000,Наровчатский муниципальный район,муниципальный район,,1,,с Наровчат,data-20180110-structure-20150128.csv,2018,9999,,,58,Пензенская область,53.879417,43.699471,1,48008.3,9756.0,364.3,1
1754,8073,939,4544,117,1134,20229,5422,0.3990805279549162,0.04641850808245588,0.22462800929358842,0.005783775767462554,0.05605813436156014,0.2680310445400168,Неверкинский,56-649-000-000,Неверкинский муниципальный район,муниципальный район,,1,,с Неверкино,data-20180110-structure-20150128.csv,2018,9999,,,58,Пензенская область,52.79063,46.738441,1,39738.6,13081.0,347.6,1
1755,12327,1352,6766,301,1155,27894,5993,0.4419229941922994,0.04846920484692049,0.24256112425611243,0.010790851079085107,0.04140675414067541,0.21484907148490714,Нижнеломовский,56-651-000-000,Нижнеломовский муниципальный район,муниципальный район,,1,,г Нижний Ломов,data-20180110-structure-20150128.csv,2018,9999,,,58,Пензенская область,53.529991,43.673626,1,65412.3,35595.0,363.9,1
1756,9694,1174,4941,293,1067,22865,5696,0.4239667614257599,0.051344850207741086,0.21609446752678765,0.012814345068882571,0.04666520883446315,0.24911436693636563,Никольский,56-653-000-000,Никольский муниципальный район,муниципальный район,,1,,г Никольск,data-20180110-structure-20150128.csv,2018,9999,,,58,Пензенская область,53.714596,46.085175,1,51354.5,27530.0,352.1,1
1757,9644,1276,6734,175,831,23051,4391,0.41837664309574424,0.055355516029673334,0.29213483146067415,0.007591861524445794,0.036050496724654026,0.19049065116480846,Пачелмский,56-654-000-000,Пачелмский муниципальный район,муниципальный район,,1,,рп Пачелма,data-20180110-structure-20150128.csv,2018,9999,,,58,Пензенская область,53.3320723,43.3199188,1,47733.8,12972.0,359.6,1
1758,14629,1916,7015,1748,2616,38996,11072,0.3751410401066776,0.0491332444353267,0.17989024515334906,0.044825110267719764,0.06708380346702227,0.2839265565699046,Пензенский,56-655-000-000,Пензенский муниципальный район,муниципальный район,,1,,с Кондоль,data-20180110-structure-20150128.csv,2018,9999,,,58,Пензенская область,52.824474,45.049759,1,58702.9,66409.0,356.8,2
1759,11699,1415,5468,399,1047,27670,7642,0.4228044813877846,0.05113841705818576,0.1976147452114203,0.014419949403686303,0.03783881460065052,0.2761835923382725,Сердобский,56-656-000-000,Сердобский муниципальный район,муниципальный район,,1,,г Сердобск,data-20180110-structure-20150128.csv,2018,9999,,,58,Пензенская область,52.4559067,44.2029162,1,47333.5,44283.0,352.8,3
1760,10767,1390,5985,701,1538,27535,7154,0.3910295986925731,0.050481205738151444,0.21735972398765208,0.025458507354276374,0.05585618303976757,0.25981478118757945,Сосновоборский,56-657-000-000,Сосновоборский муниципальный район,муниципальный район,,1,,рп Сосновоборск,data-20180110-structure-20150128.csv,2018,9999,,,58,Пензенская область,53.294201,46.245583,1,38565.0,13512.0,350.4,1
1761,12522,1478,6050,224,1356,27281,5651,0.45900076976650417,0.05417689967376563,0.22176606429383086,0.008210842711044317,0.049704922840071844,0.20714050071478318,Спасский,56-606-000-000,Спасский муниципальный район,муниципальный район,,1,,г Спасск,data-20180110-structure-20150128.csv,2018,9999,,,58,Пензенская область,53.92689525,43.19261628955434,1,50927.0,10833.0,365.8,1
1762,10523,1214,6564,330,1182,25473,5660,0.41310407097711305,0.04765830487182507,0.25768460723118597,0.01295489341655871,0.04640207278294665,0.22219605072037057,Тамалинский,56-658-000-000,Тамалинский муниципальный район,муниципальный район,,1,,рп Тамала,data-20180110-structure-20150128.csv,2018,9999,,,58,Пензенская область,52.539822,43.255024,1,48864.2,12659.0,356.6,1
1764,17530,2155,8096,2180,2627,46416,13828,0.3776714925887625,0.0464279558772837,0.17442261289210617,0.046966563254050325,0.05659686315063771,0.2979145122371596,Псков,58-701-000-000,городской округ город Псков,городской округ,административный_центр_субъекта,2,58-649-000-000,г Псков,data-20180110-structure-20150128.csv,2018,9999,,,60,Псковская область,57.8173923,28.3343465,1,63953.7,187129.0,324.2,2
1765,15583,1928,7435,1183,2024,38796,10643,0.40166512011547584,0.049695844932467266,0.191643468398804,0.030492834312815756,0.05217032683781833,0.27433240540261883,Великие Луки,58-710-000-000,городской округ город Великие Луки,городской округ,,2,58-606-000-000,г Великие Луки,data-20180110-structure-20150128.csv,2018,9999,,,60,Псковская область,56.342361,30.527922,1,62918.6,85442.0,328.2,2
1766,13793,1127,5826,732,1135,28653,6040,0.4813806582207797,0.03933270512686281,0.2033294942937912,0.02554706313475029,0.03961190800265243,0.21079817122116357,Бежаницкий,58-604-000-000,Бежаницкий муниципальный район,муниципальный район,,1,,рп Бежаницы,data-20180110-structure-20150128.csv,2018,9999,,,60,Псковская область,56.9738846,29.8845309,1,47785.3,9802.0,309.1,3
1768,12181,812,7186,993,1071,28226,5983,0.43155246935449587,0.02876780273506696,0.2545879685396443,0.03518033019202154,0.03794373981435556,0.2119676893644158,Гдовский,58-608-000-000,Гдовский муниципальный район,муниципальный район,,1,,г Гдов,data-20180110-structure-20150128.csv,2018,9999,,,60,Псковская область,58.743066,27.8156854,1,43483.6,8544.0,299.6,3
1769,13645,1105,5534,450,1360,28842,6748,0.47309479231676027,0.03831218362110811,0.19187296304001109,0.015602246723528189,0.04715345676444074,0.2339643575341516,Дедовичский,58-610-000-000,Дедовичский муниципальный район,муниципальный район,,1,,рп Дедовичи,data-20180110-structure-20150128.csv,2018,9999,,,60,Псковская область,57.551205,29.945297,1,50884.3,11451.0,303.9,1
1770,13886,1076,6825,676,1196,30467,6808,0.4557718186890734,0.035316900252732465,0.22401286638001772,0.022187941050973183,0.03925558801326025,0.22345488561394294,Дновский,58-612-000-000,Дновский муниципальный район,муниципальный район,,1,,г Дно,data-20180110-structure-20150128.csv,2018,9999,,,60,Псковская область,57.8288277,29.9611357,1,62309.5,10547.0,305.8,3
1771,13895,1222,6465,486,1177,27771,4526,0.5003420834683663,0.04400273666774693,0.23279680241979042,0.01750027006589608,0.04238234129127507,0.1629757660869252,Красногородский,58-514-000-000,муниципальный округ Красногородский,муниципальный округ,,1,,рп Красногородск,data-20240101-structure-20150128.csv,2024,9999,,,60,Псковская область,56.830654,28.284595,2,38848.7,6202.0,299.4,1
1773,11871,1271,5897,300,1104,25198,4755,0.4711088181601714,0.050440511151678705,0.2340265100404794,0.011905706802127153,0.04381300103182792,0.18870545281371537,Локнянский,58-518-000-000,муниципальный округ Локнянский,муниципальный округ,,1,,рп Локня,data-20240101-structure-20150128.csv,2024,9999,,,60,Псковская область,56.824783,30.144482,2,41230.4,7535.0,311.7,1
1774,11220,1144,6861,285,1220,28686,7956,0.3911315624346371,0.03988008087568849,0.2391759046224639,0.00993516000836645,0.04252945687791954,0.2773478351809245,Невельский,58-520-000-000,муниципальный округ Невельский,муниципальный округ,,1,,г Невель,data-20240101-structure-20150128.csv,2024,9999,,,60,Псковская область,56.017616,29.917128,2,48842.2,20417.0,311.5,3
1775,14146,1111,6258,593,1252,28903,5543,0.4894301629588624,0.038438916375462755,0.21651731654153547,0.020516901359720445,0.043317302702141645,0.19177940006227728,Новоржевский,58-523-000-000,муниципальный округ Новоржевский,муниципальный округ,,1,,г Новоржев,data-20240101-structure-20150128.csv,2024,9999,,,60,Псковская область,57.031181,29.332918,2,38828.1,7682.0,303.4,1
1776,11527,1013,5661,194,814,25953,6744,0.44414903864678457,0.03903209648210226,0.21812507224598313,0.007475051053828074,0.03136438947327862,0.2598543520980233,Новосокольнический,58-626-000-000,Новосокольнический муниципальный район,муниципальный район,,1,,г Новосокольники,data-20180110-structure-20150128.csv,2018,9999,,,60,Псковская область,56.34245945,30.15707084017992,1,52751.2,11427.0,316.2,3
1777,14282,1402,6022,405,1375,29420,5934,0.4854520734194426,0.047654656696125085,0.20469068660774983,0.013766145479265806,0.04673691366417403,0.20169952413324269,Опочецкий,58-529-000-000,муниципальный округ Опочецкий,муниципальный округ,,1,,г Опочка,data-20240101-structure-20150128.csv,2024,9999,,,60,Псковская область,56.71167,28.656818,2,42888.8,14690.0,303.2,1
1778,14272,1379,6745,887,1421,33490,8786,0.42615706180949536,0.041176470588235294,0.20140340400119439,0.026485518065094058,0.04243057629143028,0.2623469692445506,Островский,58-633-000-000,Островский муниципальный район,муниципальный район,,1,,г Остров,data-20180110-structure-20150128.csv,2018,9999,,,60,Псковская область,57.3414472,28.33858206894103,1,46005.5,26618.0,299.4,3
1780,12810,1291,6591,507,1068,29144,6877,0.43954158660444687,0.044297282459511395,0.22615289596486413,0.017396376612681855,0.03664562174032391,0.23596623661817184,Печорский,58-540-000-000,муниципальный округ Печорский,муниципальный округ,,1,,г Печоры,data-20240101-structure-20150128.csv,2024,9999,,,60,Псковская область,57.813305,27.608185,2,53153.1,18184.0,291.9,3
1781,14346,1186,5558,321,1059,27846,5376,0.5151906916612798,0.042591395532572005,0.19959778783308196,0.011527687998276234,0.03803059685412626,0.19306184012066366,Плюсский,58-643-000-000,Плюсский муниципальный район,муниципальный район,,1,,рп Плюсса,data-20180110-structure-20150128.csv,2018,9999,,,60,Псковская область,58.420612,29.3706,1,55319.8,6131.0,307.4,1
1782,14007,1137,5635,485,1169,29674,7241,0.47202938599447325,0.03831637123407697,0.18989687942306396,0.016344274449012604,0.03939475635236234,0.24401833254701086,Порховский,58-647-000-000,Порховский муниципальный район,муниципальный район,,1,,г Порхов,data-20180110-structure-20150128.csv,2018,9999,,,60,Псковская область,57.7680489,29.55114188079801,1,45317.9,14635.0,305.1,3
1783,18494,2355,9635,2674,3233,52497,16106,0.35228679734080043,0.044859706268929656,0.18353429719793513,0.050936243975846236,0.061584471493609155,0.3067984837228794,Псковский,58-649-000-000,Псковский муниципальный район,муниципальный район,,3,58-701-000-000,г Псков,data-20180110-structure-20150128.csv,2018,9999,,,60,Псковская область,57.8173923,28.3343465,1,53166.2,44749.0,414.2,5
1784,13017,1270,6238,264,1322,27898,5787,0.46659258728224245,0.045522976557459315,0.2236002580830167,0.009463043945802567,0.047386909455874975,0.207434224675604,Пустошкинский,58-650-000-000,Пустошкинский муниципальный район,муниципальный район,,1,,г Пустошка,data-20180110-structure-20150128.csv,2018,9999,,,60,Псковская область,56.33481725,29.37414069021668,1,43254.7,7174.0,309.3,1
1785,13903,1267,7069,366,1341,30257,6311,0.4594969759064018,0.0418746075288363,0.23363188683610403,0.012096374392702515,0.044320322569983805,0.2085798327659715,Пушкиногорский,58-651-000-000,Пушкиногорский муниципальный район,муниципальный район,,1,,рп Пушкинские Горы,data-20180110-structure-20150128.csv,2018,9999,,,60,Псковская область,57.018421,28.917532,1,48343.6,7103.0,300.6,1
1786,12700,992,7192,796,985,29435,6770,0.4314591472736538,0.03370137591302871,0.24433497536945814,0.027042636317309326,0.033463563784610156,0.22999830134193985,Пыталовский,58-553-000-000,муниципальный округ Пыталовский,муниципальный округ,,1,,г Пыталово,data-20240101-structure-20150128.csv,2024,9999,,,60,Псковская область,57.062908,27.921061,2,50507.8,9542.0,296.1,3
1787,13713,1022,8962,364,1816,32050,6173,0.4278627145085803,0.031887675507020284,0.27962558502340096,0.011357254290171606,0.05666146645865835,0.19260530421216848,Себежский,58-654-000-000,Себежский муниципальный район,муниципальный район,,1,,г Себеж,data-20180110-structure-20150128.csv,2018,9999,,,60,Псковская область,56.2774187,28.4848862,1,51684.5,18348.0,301.3,1
1788,14510,1254,7091,773,1160,32276,7488,0.44956004461519394,0.038852398066674926,0.2196988474408229,0.023949683975709506,0.0359400173503532,0.2319990085512455,Струго-Красненский,58-556-000-000,муниципальный округ Струго-Красненский,муниципальный округ,,1,,рп Струги Красные,data-20240101-structure-20150128.csv,2024,9999,,,60,Псковская область,58.2693219,29.1115963,2,42718.1,9467.0,306.3,3
1845,16977,2529,8069,2034,2632,45549,13308,0.3727194889020615,0.055522623987354275,0.1771498825440734,0.04465520648093262,0.05778392500384202,0.29216887308173617,Рязань,61-701-000-000,городской округ город Рязань,городской округ,административный_центр_субъекта,1,,г Рязань,data-20180110-structure-20150128.csv,2018,9999,,,62,Рязанская область,54.6275359,39.7401716,1,76626.7,520509.0,432.8,2
1846,14519,1604,7316,743,1654,34176,8340,0.4248302902621723,0.04693352059925093,0.21406835205992508,0.021740402621722846,0.04839653558052434,0.2440308988764045,Касимов,61-705-000-000,городской округ город Касимов,городской округ,,2,61-608-000-000,г Касимов,data-20180110-structure-20150128.csv,2018,9999,,,62,Рязанская область,54.939178,41.4065368680201,1,53175.7,27537.0,403.5,2
1848,13460,1437,7108,276,1285,30830,7264,0.4365877392150503,0.04661044437236458,0.23055465455724944,0.00895231916963996,0.041680181641258515,0.23561466104443723,Скопин,61-715-000-000,городской округ город Скопин,городской округ,,2,61-644-000-000,г Скопин,data-20180110-structure-20150128.csv,2018,9999,,,62,Рязанская область,53.823524,39.549274,1,48624.8,25424.0,407.3,1
1849,11411,1307,5726,465,1038,25159,5212,0.45355538773401166,0.051949600540562024,0.22759251162605826,0.018482451607774553,0.04125760165348384,0.2071624468381096,Ермишинский,61-602-000-000,Ермишинский муниципальный район,муниципальный район,,1,,рп Ермишь,data-20180110-structure-20150128.csv,2018,9999,,,62,Рязанская область,54.7677911,42.2760267,1,51294.0,6377.0,370.0,1
1850,12584,961,5924,315,665,24441,3992,0.514872550222986,0.039319176793093574,0.24237960803567776,0.012888179698048362,0.02720837936254654,0.1633321058876478,Захаровский,61-604-000-000,Захаровский муниципальный район,муниципальный район,,1,,с Захарово,data-20180110-structure-20150128.csv,2018,9999,,,62,Рязанская область,54.370804,39.281532,1,54583.2,7676.0,400.5,3
1851,12270,1172,7507,119,882,26751,4801,0.4586744420769317,0.04381144630107286,0.28062502336361256,0.00444843183432395,0.03297073006616575,0.17946992635789316,Кадомский,61-606-000-000,Кадомский муниципальный район,муниципальный район,,1,,рп Кадом,data-20180110-structure-20150128.csv,2018,9999,,,62,Рязанская область,54.5591315,42.4683026,1,39054.4,7264.0,366.2,1
1852,12751,1218,7237,360,1040,28719,6113,0.4439917824436784,0.04241094745638776,0.25199345381106586,0.012535255405828893,0.036212960061283474,0.21285560082175564,Касимовский,61-608-000-000,Касимовский муниципальный район,муниципальный район,,3,61-705-000-000,г Касимов,data-20180110-structure-20150128.csv,2018,9999,,,62,Рязанская область,54.939178,41.4065368680201,1,59914.2,26914.0,404.0,3
1853,13386,1262,7079,298,1131,28875,5719,0.4635844155844156,0.043705627705627706,0.24516017316017316,0.01032034632034632,0.039168831168831166,0.19806060606060605,Клепиковский,61-610-000-000,Клепиковский муниципальный район,муниципальный район,,1,,г Спас-Клепики,data-20180110-structure-20150128.csv,2018,9999,,,62,Рязанская область,55.130867,40.176037,1,48522.7,20755.0,404.3,1
1854,12469,1078,7471,202,1123,28361,6018,0.43965304467402416,0.038009943231902966,0.26342512605338314,0.00712245689503191,0.03959662917386552,0.21219279997179225,Кораблинский,61-612-000-000,Кораблинский муниципальный район,муниципальный район,,1,,г Кораблино,data-20180110-structure-20150128.csv,2018,9999,,,62,Рязанская область,53.9268971,40.034462,1,51736.8,21723.0,387.0,1
1855,13553,1059,6701,101,988,27868,5466,0.4863284053394574,0.03800057413520884,0.24045500215300702,0.003624228505813119,0.03545284914597387,0.1961389407205397,Милославский,61-615-000-000,Милославский муниципальный район,муниципальный район,,1,,рп Милославское,data-20180110-structure-20150128.csv,2018,9999,,,62,Рязанская область,53.579839,39.445062,1,44905.1,10602.0,383.2,1
1856,13179,1296,6823,246,1283,29197,6370,0.45138199130047607,0.04438812206733569,0.23368839264307978,0.008425523170188718,0.04394287084289482,0.21817309997602494,Михайловский,61-617-000-000,Михайловский муниципальный район,муниципальный район,,1,,г Михайлов,data-20180110-structure-20150128.csv,2018,9999,,,62,Рязанская область,54.2443989,39.0473579,1,62990.2,31192.0,403.3,1
1857,13696,1059,8033,276,1325,30423,6034,0.45018571475528385,0.034809190415146435,0.26404365118495876,0.00907208362094468,0.04355257535417283,0.19833678466949348,Александро-Невский,61-620-000-000,Александро-Невский муниципальный район,муниципальный район,,1,,рп Александро-Невский,data-20180110-structure-20150128.csv,2018,9999,,,62,Рязанская область,53.47530065,40.20570951195819,1,50280.9,10428.0,382.5,1
1858,14230,1246,6075,299,1081,29774,6843,0.4779337677167999,0.04184859273191375,0.2040370793309599,0.010042318801639014,0.03630684489823336,0.2298313965204541,Пителинский,61-623-000-000,Пителинский муниципальный район,муниципальный район,,1,,рп Пителино,data-20180110-structure-20150128.csv,2018,9999,,,62,Рязанская область,54.575684,41.814919,1,53249.3,4600.0,376.6,3
1859,12992,1449,7297,581,891,28570,5360,0.45474273713685687,0.05071753587679384,0.2554077703885194,0.020336016800840042,0.0311865593279664,0.18760938046902345,Пронский,61-625-000-000,Пронский муниципальный район,муниципальный район,,1,,рп Пронск,data-20180110-structure-20150128.csv,2018,9999,,,62,Рязанская область,54.121353,39.605293,1,55214.5,29852.0,392.2,3
1860,12547,1083,5984,270,976,26422,5562,0.4748694269926576,0.04098857013095148,0.22647793505412156,0.010218757096359095,0.03693891454091287,0.21050639618499736,Путятинский,61-526-000-000,Путятинский муниципальный округ,муниципальный округ,,1,,с Путятино,data-20240101-structure-20150128.csv,2024,9999,,,62,Рязанская область,54.160557,41.121109,2,61460.5,6799.0,383.5,1
1861,14499,1532,8012,1436,1297,35198,8422,0.41192681402352405,0.043525200295471335,0.22762656969145975,0.04079777260071595,0.036848684584351386,0.23927495880447752,Рыбновский,61-627-000-000,Рыбновский муниципальный район,муниципальный район,,1,,г Рыбное,data-20180110-structure-20150128.csv,2018,9999,,,62,Рязанская область,54.7268415,39.5088612,1,78058.0,38941.0,416.1,3
1862,14667,1327,7918,418,1285,32940,7325,0.445264116575592,0.04028536733454766,0.24037644201578628,0.012689738919247117,0.039010321797207044,0.22237401335761992,Ряжский,61-530-000-000,Ряжский муниципальный округ,муниципальный округ,,1,,г Ряжск,data-20240101-structure-20150128.csv,2024,9999,,,62,Рязанская область,53.708878,40.062984,2,50378.2,26812.0,386.8,3
1863,16075,1868,8413,1337,2400,41185,11092,0.39031200679859174,0.04535631904819716,0.20427340050989437,0.03246327546436809,0.05827364331674153,0.2693213548622071,Рязанский,61-634-000-000,Рязанский муниципальный район,муниципальный район,,1,,г Рязань,data-20180110-structure-20150128.csv,2018,9999,,,62,Рязанская область,54.6275359,39.7401716,1,70812.7,63439.0,648.6,2
1864,13685,1481,7980,124,1319,29886,5297,0.4579067121729238,0.04955497557384728,0.2670146556916282,0.0041490999130027436,0.044134377300408215,0.17724017934818978,Сапожковский,61-637-000-000,Сапожковский муниципальный район,муниципальный район,,1,,рп Сапожок,data-20180110-structure-20150128.csv,2018,9999,,,62,Рязанская область,53.943381,40.6826073,1,51195.7,8943.0,379.2,1
1865,13326,1139,6947,170,1218,27786,4986,0.47959404016411145,0.04099186640754337,0.2500179946735766,0.0061181890160512484,0.04383502483264953,0.1794428849060678,Сараевский,61-640-000-000,Сараевский муниципальный район,муниципальный район,,1,,рп Сараи,data-20180110-structure-20150128.csv,2018,9999,,,62,Рязанская область,53.7212373,40.9967135,1,54025.9,14373.0,373.3,1
1868,12994,1149,6623,238,1016,27321,5301,0.475604846089089,0.042055561655869114,0.2424142600929688,0.008711247758134769,0.03718751143808792,0.19402657296585044,Спасский,61-646-000-000,Спасский муниципальный район,муниципальный район,,1,,г Спасск-Рязанский,data-20180110-structure-20150128.csv,2018,9999,,,62,Рязанская область,54.4078801,40.380539,1,48599.1,24415.0,389.1,1
1869,11852,777,8057,202,849,26722,4985,0.4435296759224609,0.02907716488286805,0.30151186288451465,0.007559314422573161,0.03177157398398323,0.18655040790360003,Старожиловский,61-648-000-000,Старожиловский муниципальный район,муниципальный район,,1,,рп Старожилово,data-20180110-structure-20150128.csv,2018,9999,,,62,Рязанская область,54.228333,39.911388,1,56687.0,15533.0,394.6,3
1870,11434,1278,6873,119,1338,25332,4290,0.4513658613611243,0.05045002368545713,0.27131691141639036,0.004697615663982315,0.05281856939838939,0.16935101847465656,Ухоловский,61-650-000-000,Ухоловский муниципальный район,муниципальный район,,1,,рп Ухолово,data-20180110-structure-20150128.csv,2018,9999,,,62,Рязанская область,53.791138,40.488274,1,43937.7,8122.0,382.5,1
1871,12536,1174,6714,122,661,26169,4962,0.47904008559746264,0.04486224158355306,0.2565631090221254,0.004662004662004662,0.02525889411135313,0.18961366502350108,Чучковский,61-653-000-000,Чучковский муниципальный район,муниципальный район,,1,,рп Чучково,data-20180110-structure-20150128.csv,2018,9999,,,62,Рязанская область,54.2685218,41.4479928,1,46846.4,6634.0,371.2,3
1872,12382,1375,6916,485,1459,27448,4831,0.45110754881958615,0.05009472457009618,0.2519673564558438,0.017669775575633925,0.05315505683474206,0.17600553774409794,Шацкий,61-656-000-000,Шацкий муниципальный район,муниципальный район,,1,,г Шацк,data-20180110-structure-20150128.csv,2018,9999,,,62,Рязанская область,54.028687,41.712601,1,48959.6,20266.0,379.7,1
1873,13727,1347,7198,308,1052,29905,6273,0.45902023073064707,0.04504263501086775,0.24069553586356796,0.010299281056679484,0.03517806386891824,0.2097642534693195,Шиловский,61-658-000-000,Шиловский муниципальный район,муниципальный район,,1,,рп Шилово,data-20180110-structure-20150128.csv,2018,9999,,,62,Рязанская область,54.3226555,40.8874676,1,52689.0,34446.0,385.4,3
1874,16060,2383,7525,2568,2694,45651,14421,0.351799522463911,0.05220038991478829,0.16483757201375654,0.056252875073930474,0.05901294604718407,0.31589669448642965,Самара,36-701-000-000,городской округ Самара,городской округ,административный_центр_субъекта,2,36-614-000-000,г Самара,data-20180110-structure-20150128.csv,2018,9999,,,63,Самарская область,53.2194648,50.2039316,1,81323.7,1159044.0,384.7,5
1875,15887,1687,7655,1464,1977,39849,11179,0.3986800170644182,0.042334813922557654,0.19210017817260158,0.03673868854927351,0.04961228638108861,0.2805340159100605,Жигулевск,36-704-000-000,городской округ Жигулевск,городской округ,,1,,г Жигулевск,data-20180110-structure-20150128.csv,2018,9999,,,63,Самарская область,53.4005122,49.4955657,1,64428.7,52171.0,351.4,2
1876,15349,1701,8088,1423,2035,39754,11158,0.38609951199879256,0.04278814710469387,0.20345122503395885,0.03579514011168687,0.05118981737686774,0.2806761583740001,Кинель,36-708-000-000,городской округ Кинель,городской округ,,2,36-618-000-000,г Кинель,data-20180110-structure-20150128.csv,2018,9999,,,63,Самарская область,53.219738,50.633228,1,61842.5,57721.0,362.7,2
1877,15074,1865,7753,2095,2330,41422,12305,0.36391289652841485,0.04502438317802134,0.18717106851431606,0.050576988073970354,0.05625030177200521,0.2970643619332722,Новокуйбышевск,36-713-000-000,городской округ Новокуйбышевск,городской округ,,1,,г Новокуйбышевск,data-20180110-structure-20150128.csv,2018,9999,,,63,Самарская область,53.099243,49.948364,1,70807.1,98550.0,348.1,2
1878,11427,1094,6015,413,630,27296,7717,0.41863276670574445,0.040079132473622506,0.22036195779601406,0.01513042203985932,0.023080304806565064,0.2827154161781946,Октябрьск,36-718-000-000,городской округ Октябрьск,городской округ,,1,,г Октябрьск,data-20180110-structure-20150128.csv,2018,9999,,,63,Самарская область,53.18055005,48.74651999302929,1,63239.0,19887.0,350.6,3
1879,15939,1749,7619,929,1784,39242,11222,0.4061719586157688,0.04456959380255848,0.1941542225166913,0.023673615004332092,0.045461495336629125,0.2859691147240202,Отрадный,36-724-000-000,городской округ Отрадный,городской округ,,1,,г Отрадный,data-20180110-structure-20150128.csv,2018,9999,,,63,Самарская область,53.376175,51.348053,1,76578.3,46480.0,338.8,3
1880,14090,1620,6631,651,1627,32910,8291,0.4281373442722577,0.049225159525979945,0.2014889091461562,0.019781221513217866,0.049437860832573684,0.2519295047098146,Похвистнево,36-727-000-000,городской округ Похвистнево,городской округ,,2,36-634-000-000,г Похвистнево,data-20180110-structure-20150128.csv,2018,9999,,,63,Самарская область,53.646797,52.123344,1,55675.2,27685.0,345.0,1
1881,14974,1603,7079,1407,2148,38638,11427,0.38754593923080904,0.041487654640509346,0.1832134168435219,0.03641492830891868,0.055592939593146644,0.2957451213830944,Сызрань,36-735-000-000,городской округ Сызрань,городской округ,,2,36-642-000-000,г Сызрань,data-20180110-structure-20150128.csv,2018,9999,,,63,Самарская область,53.15538,48.474121,1,66408.0,162372.0,362.7,2
1883,15628,1679,8375,1353,1907,37885,8943,0.41251154810611057,0.04431833179358585,0.2210637455457305,0.03571334301174607,0.05033654480665171,0.23605648673617527,Чапаевск,36-750-000-000,городской округ Чапаевск,городской округ,,1,,г Чапаевск,data-20180110-structure-20150128.csv,2018,9999,,,63,Самарская область,52.981285,49.711193,1,64958.3,68824.0,340.5,2
1884,13564,1262,7679,226,1091,30196,6374,0.44919856934693336,0.041793615048350774,0.254305205987548,0.007484435024506558,0.03613061332626838,0.2110875612663929,Алексеевский,36-602-000-000,Алексеевский муниципальный район,муниципальный район,,1,,с Алексеевка,data-20180110-structure-20150128.csv,2018,9999,,,63,Самарская область,52.58308,51.273315,1,50570.8,10499.0,323.7,1
1885,13331,1375,7146,1073,1242,32657,8490,0.40821263435098143,0.04210429616927458,0.21881985485500813,0.03285666166518664,0.038031662430719294,0.25997489052882994,Безенчукский,36-604-000-000,Безенчукский муниципальный район,муниципальный район,,1,,пгт Безенчук,data-20180110-structure-20150128.csv,2018,9999,,,63,Самарская область,52.985322,49.4322968,1,59250.9,35844.0,330.1,3
1886,12536,1133,7734,354,971,29018,6290,0.4320077193466125,0.03904473085670963,0.2665242263422703,0.01219932455717141,0.03346198911020746,0.21676200978702875,Богатовский,36-606-000-000,Богатовский муниципальный район,муниципальный район,,1,,с Богатое,data-20180110-structure-20150128.csv,2018,9999,,,63,Самарская область,53.057625,51.333107,1,54352.2,13052.0,332.7,3
1887,11999,1291,6636,195,1519,28998,7358,0.41378715773501623,0.04452031174563763,0.22884336850817297,0.006724601696668736,0.05238292296020415,0.2537416373543003,Большеглушицкий,36-608-000-000,Большеглушицкий муниципальный район,муниципальный район,,1,,с Большая Глушица,data-20180110-structure-20150128.csv,2018,9999,,,63,Самарская область,52.3921744,50.4723158,1,52391.1,17856.0,325.9,1
1888,11026,1138,7239,415,1391,29200,7991,0.37760273972602737,0.038972602739726026,0.24791095890410958,0.014212328767123288,0.047636986301369866,0.27366438356164385,Большечерниговский,36-610-000-000,Большечерниговский муниципальный район,муниципальный район,,1,,с Большая Черниговка,data-20180110-structure-20150128.csv,2018,9999,,,63,Самарская область,52.0951085,50.867893,1,51925.4,17085.0,318.8,1
1889,13477,1183,8270,276,994,30825,6625,0.43721005677210056,0.0383779399837794,0.2682887266828873,0.008953771289537713,0.03224655312246553,0.21492295214922952,Борский,36-612-000-000,Борский муниципальный район,муниципальный район,,1,,с Борское,data-20180110-structure-20150128.csv,2018,9999,,,63,Самарская область,53.025925,51.698658,1,48139.3,22166.0,328.9,3
1890,15918,1898,8582,2398,2757,44374,12821,0.3587235768693379,0.04277279487988462,0.19340154144318744,0.05404065443728309,0.0621309775994952,0.28893045477081175,Волжский,36-614-000-000,Волжский муниципальный район,муниципальный район,,3,36-701-000-000,г Самара,data-20180110-structure-20150128.csv,2018,9999,,,63,Самарская область,53.2194648,50.2039316,1,77330.8,130495.0,773.6,2
1891,11006,979,6681,147,1139,25434,5482,0.43272784461744124,0.03849178265314147,0.26267987732955883,0.005779665015333805,0.04478257450656602,0.21553825587795863,Елховский,36-615-000-000,Елховский муниципальный район,муниципальный район,,1,,с Елховка,data-20180110-structure-20150128.csv,2018,9999,,,63,Самарская область,53.8669944,50.2889016,1,47937.6,9128.0,349.5,1
1892,12204,977,5691,221,1098,25447,5256,0.4795850198451684,0.03839352379455339,0.2236412936691948,0.008684717255472157,0.04314850473533226,0.206546940700279,Исаклинский,36-616-000-000,Исаклинский муниципальный район,муниципальный район,,1,,с Исаклы,data-20180110-structure-20150128.csv,2018,9999,,,63,Самарская область,54.1327138,51.5340222,1,45915.4,12310.0,340.5,1
1893,10141,1152,5324,605,1240,25476,7014,0.39806092008164545,0.045219029674988226,0.20898100172711573,0.023747841105354058,0.04867326110849427,0.27531794630240225,Камышлинский,36-617-000-000,Камышлинский муниципальный район,муниципальный район,,1,,с Камышла,data-20180110-structure-20150128.csv,2018,9999,,,63,Самарская область,54.112331,52.144077,1,47809.8,10431.0,337.9,3
1894,11578,1002,7167,329,1051,26286,5159,0.44046260366735146,0.0381191508787948,0.2726546450582059,0.01251616830251845,0.03998326105151031,0.1962641710416191,Кинельский,36-618-000-000,Кинельский муниципальный район,муниципальный район,,3,36-708-000-000,г Кинель,data-20180110-structure-20150128.csv,2018,9999,,,63,Самарская область,53.219738,50.633228,1,78024.4,30309.0,377.8,1
1895,12995,1274,6426,387,1135,29244,7027,0.4443646559978115,0.043564491861578444,0.21973738202708248,0.013233483791546983,0.03881138011215976,0.24028860620982082,Кинель-Черкасский,36-620-000-000,Кинель-Черкасский муниципальный район,муниципальный район,,1,,с Кинель-Черкассы,data-20180110-structure-20150128.csv,2018,9999,,,63,Самарская область,53.4644344,51.4755083,1,55781.2,40596.0,336.7,3
1896,12722,1166,6007,216,1213,26526,5202,0.47960491593153887,0.04395687250245042,0.2264570609967579,0.0081429540827867,0.04572871899268642,0.1961094774937797,Клявлинский,36-622-000-000,Клявлинский муниципальный район,муниципальный район,,1,,ж/д ст Клявлино,data-20180110-structure-20150128.csv,2018,9999,,,63,Самарская область,54.2648503,52.0262235,1,53888.6,13967.0,336.7,1
1897,12765,1232,5978,368,1263,28002,6396,0.4558602956931648,0.0439968573673309,0.21348475108920792,0.013141918434397543,0.04510392114848939,0.22841225626740946,Кошкинский,36-624-000-000,Кошкинский муниципальный район,муниципальный район,,1,,с Кошки,data-20180110-structure-20150128.csv,2018,9999,,,63,Самарская область,54.2043367,50.4704827,1,54399.4,20672.0,345.2,1
1898,11796,1203,7226,228,810,27647,6384,0.42666473758454804,0.04351285853799689,0.2613665135457735,0.008246826057076717,0.02929793467645676,0.23091112959814808,Красноармейский,36-626-000-000,Красноармейский муниципальный район,муниципальный район,,1,,с Красноармейское,data-20180110-structure-20150128.csv,2018,9999,,,63,Самарская область,52.711071,50.033352,1,54573.0,15788.0,334.8,3
1899,13148,1455,7759,730,1403,33595,9100,0.39136776305997917,0.04331001637148385,0.23095698764697128,0.02172942402143176,0.04176216698913529,0.27087364191099866,Красноярский,36-628-000-000,Красноярский муниципальный район,муниципальный район,,1,,с Красный Яр,data-20180110-structure-20150128.csv,2018,9999,,,63,Самарская область,53.4935913,50.393488,1,68328.3,56124.0,354.0,3
1900,14237,1461,7737,489,1122,34156,9110,0.4168228129757583,0.04277432954678534,0.22651949877034783,0.014316664714837803,0.032849279775149315,0.2667174142171214,Нефтегорский,36-630-000-000,Нефтегорский муниципальный район,муниципальный район,,1,,г Нефтегорск,data-20180110-structure-20150128.csv,2018,9999,,,63,Самарская область,52.80381,51.163864,1,56101.5,31958.0,330.1,3
1901,13105,1314,6528,215,1137,29376,7077,0.44611247276688454,0.044730392156862746,0.2222222222222222,0.0073188997821350766,0.038705065359477125,0.2409109477124183,Пестравский,36-632-000-000,Пестравский муниципальный район,муниципальный район,,1,,с Пестравка,data-20180110-structure-20150128.csv,2018,9999,,,63,Самарская область,52.4105973,49.9491334,1,57468.2,14513.0,328.5,1
1902,11900,965,6301,204,862,26231,5999,0.45366169799092676,0.036788532652205407,0.24021196294460753,0.007777057679844459,0.03286188098051923,0.2286988677518966,Похвистневский,36-634-000-000,Похвистневский муниципальный район,муниципальный район,,3,36-727-000-000,г Похвистнево,data-20180110-structure-20150128.csv,2018,9999,,,63,Самарская область,53.646797,52.123344,1,49082.1,25635.0,345.9,3
1903,13359,1183,7758,280,1307,30606,6719,0.4364830425406783,0.03865255178723126,0.2534797098608116,0.009148532967392015,0.04270404495850487,0.21953211788538196,Приволжский,36-636-000-000,Приволжский муниципальный район,муниципальный район,,1,,с Приволжье,data-20180110-structure-20150128.csv,2018,9999,,,63,Самарская область,52.859441,48.6015765,1,49714.2,21590.0,319.0,1
1904,13442,1380,6338,530,1380,30807,7737,0.436329405654559,0.044795014120167495,0.20573246340117507,0.017203882234557082,0.044795014120167495,0.25114422046937385,Сергиевский,36-638-000-000,Сергиевский муниципальный район,муниципальный район,,1,,с Сергиевск,data-20180110-structure-20150128.csv,2018,9999,,,63,Самарская область,53.94128,51.165012,1,71418.9,43600.0,343.1,3
1905,15275,1483,8253,1555,2554,41150,12030,0.3712029161603888,0.036038882138517615,0.20055893074119077,0.03778857837181045,0.06206561360874848,0.29234507897934386,Ставропольский,36-640-000-000,Ставропольский муниципальный район,муниципальный район,,3,36-740-000-000,г Тольятти,data-20180110-structure-20150128.csv,2018,9999,,,63,Самарская область,53.5149884,49.4073316,1,67602.8,88162.0,639.7,2
1906,13196,1348,6635,1162,2158,33497,8998,0.3939457264829686,0.04024240976803893,0.19807743977072573,0.03468967370212258,0.06442367973251335,0.26862107054363077,Сызранский,36-642-000-000,Сызранский муниципальный район,муниципальный район,,3,36-735-000-000,г Сызрань,data-20180110-structure-20150128.csv,2018,9999,,,63,Самарская область,53.15538,48.474121,1,56574.0,23295.0,444.9,2
1907,12942,1093,7693,310,1248,29221,5935,0.4429006536395058,0.037404606276308136,0.2632695664077205,0.010608808733445125,0.0427090106430307,0.20310735429998975,Хворостянский,36-644-000-000,Хворостянский муниципальный район,муниципальный район,,1,,с Хворостянка,data-20180110-structure-20150128.csv,2018,9999,,,63,Самарская область,52.617241,48.953163,1,52156.5,15789.0,324.2,1
1908,11974,1184,6390,183,950,25978,5297,0.4609284779428747,0.04557702671491262,0.24597736546308416,0.0070444222034028794,0.036569404881053195,0.20390330279467242,Челно-Вершинский,36-646-000-000,Челно-Вершинский муниципальный район,муниципальный район,,1,,с Челно-Вершины,data-20180110-structure-20150128.csv,2018,9999,,,63,Самарская область,54.4197817,51.0817001,1,48023.3,14451.0,340.5,1
1909,12529,1295,5175,279,1290,26630,6062,0.4704844160720991,0.048629365377393916,0.19432970334209537,0.010476905745399926,0.04844160720991363,0.22763800225309802,Шенталинский,36-648-000-000,Шенталинский муниципальный район,муниципальный район,,1,,ж/д ст Шентала,data-20180110-structure-20150128.csv,2018,9999,,,63,Самарская область,54.4374232,51.4637213,1,49451.8,12565.0,340.7,1
1910,12199,1330,7976,333,1142,29010,6030,0.42051016890727333,0.04584625991037573,0.27493967597380214,0.011478800413650465,0.03936573595311962,0.2078593588417787,Шигонский,36-650-000-000,Шигонский муниципальный район,муниципальный район,,1,,с Шигоны,data-20180110-structure-20150128.csv,2018,9999,,,63,Самарская область,53.387,48.6782,1,56364.0,19272.0,349.0,1
1912,14735,1548,9131,769,1538,36758,9037,0.40086511779748624,0.04211328146253877,0.2484085097121715,0.02092061592034387,0.04184123184068774,0.24585124326677185,Шиханы,63-746-000-000,городской округ город Шиханы,городской округ,,1,,г Шиханы,data-20191206-structure-20150128.csv,2020,9999,,,64,Саратовская область,52.114838,47.198475,1,,4872.0,341.4,3
1915,10588,1034,5638,214,1101,24262,5687,0.43640260489654603,0.04261808589563927,0.2323798532684857,0.008820377545132306,0.04537960596818069,0.234399472426016,Александрово-Гайский,63-602-000-000,Александрово-Гайский муниципальный район,муниципальный район,,1,,с Александров Гай,data-20180110-structure-20150128.csv,2018,9999,,,64,Саратовская область,50.14246,48.568436,1,50824.1,14280.0,300.4,1
1916,12107,1212,6057,381,1292,26549,5500,0.45602470902858866,0.045651436965610755,0.22814418622170327,0.014350823006516253,0.048664733134958005,0.20716411164262308,Аркадакский,63-603-000-000,Аркадакский муниципальный район,муниципальный район,,1,,г Аркадак,data-20180110-structure-20150128.csv,2018,9999,,,64,Саратовская область,51.942913,43.489098,1,44492.7,19018.0,347.3,1
1917,11936,1355,5813,399,1051,26566,6012,0.44929609275013177,0.05100504404125574,0.2188135210419333,0.015019197470450952,0.039561845968531205,0.22630429872769706,Аткарский,63-604-000-000,Аткарский муниципальный район,муниципальный район,,1,,г Аткарск,data-20180110-structure-20150128.csv,2018,9999,,,64,Саратовская область,51.8750207,44.997499,1,47933.4,33425.0,345.0,1
1918,11402,1113,4969,232,1000,23681,4965,0.48148304547949833,0.046999704404374815,0.20983066593471558,0.009796883577551624,0.042227946454963895,0.20966175414889573,Базарно-Карабулакский,63-606-000-000,Базарно-Карабулакский муниципальный район,муниципальный район,,1,,рп Базарный Карабулак,data-20180110-structure-20150128.csv,2018,9999,,,64,Саратовская область,52.277653,46.410679,1,41671.5,24991.0,344.7,1
1919,15106,1725,6614,1453,1973,37818,10947,0.3994394203818288,0.045613200063461846,0.1748902638954995,0.03842085779258554,0.05217092389867259,0.28946533396795177,Балаковский,63-607-000-000,Балаковский муниципальный район,муниципальный район,,1,,г Балаково,data-20180110-structure-20150128.csv,2018,9999,,,64,Саратовская область,52.01812,47.819141,1,72660.5,200241.0,337.2,2
1920,13180,1685,6596,1035,1889,32648,8263,0.40370007351139425,0.05161112472433227,0.2020338152413624,0.03170178877726047,0.05785959323695173,0.25309360450869883,Балашовский,63-608-000-000,Балашовский муниципальный район,муниципальный район,,1,,г Балашов,data-20180110-structure-20150128.csv,2018,9999,,,64,Саратовская область,51.5546717,43.1430732,1,47550.6,99921.0,347.8,2
1921,11846,1097,5859,159,1197,25847,5689,0.45831237667814445,0.04244206290865478,0.22668007892598754,0.006151584323132279,0.046310983866599605,0.22010291329748133,Балтайский,63-609-000-000,Балтайский муниципальный район,муниципальный район,,1,,с Балтай,data-20180110-structure-20150128.csv,2018,9999,,,64,Саратовская область,52.468105,46.628967,1,39974.2,9850.0,343.6,1
1922,13864,1378,6713,957,1725,33679,9042,0.41165117729148726,0.04091570414798539,0.1993230202796995,0.028415332996822945,0.05121886041747083,0.26847590486653405,Вольский,63-611-000-000,Вольский муниципальный район,муниципальный район,,1,,г Вольск,data-20180110-structure-20150128.csv,2018,9999,,,64,Саратовская область,52.042755,47.386032,1,49672.8,80407.0,340.0,2
1923,11164,947,5931,129,887,24147,5089,0.46233486561477616,0.039218122334037354,0.2456205739843459,0.0053422785439184994,0.03673334161593573,0.21075081790698638,Воскресенский,63-612-000-000,Воскресенский муниципальный район,муниципальный район,,1,,с Воскресенское,data-20180110-structure-20150128.csv,2018,9999,,,64,Саратовская область,51.823921,46.931858,1,47934.7,10854.0,336.5,1
1924,10133,1204,5419,303,1351,23131,4721,0.4380701223466344,0.052051359647226667,0.23427435043880507,0.01309930396437681,0.058406467511132244,0.2040983960918248,Дергачевский,63-613-000-000,Дергачевский муниципальный район,муниципальный район,,1,,рп Дергачи,data-20180110-structure-20150128.csv,2018,9999,,,64,Саратовская область,51.235374,48.768578,1,38847.0,15660.0,318.1,1
1925,11852,1178,5148,547,1055,24290,4510,0.48793742280773983,0.04849732400164677,0.21193906957595718,0.02251955537258131,0.043433511733223545,0.18567311650885138,Духовницкий,63-614-000-000,Духовницкий муниципальный район,муниципальный район,,1,,рп Духовницкое,data-20180110-structure-20150128.csv,2018,9999,,,64,Саратовская область,52.4793156,48.2021353,1,49765.8,9856.0,324.4,1
1926,11629,1245,6079,175,1364,26972,6480,0.4311508230757823,0.04615897968263384,0.22538187750259528,0.006488209995550942,0.05057096247960848,0.24024914726382915,Екатериновский,63-616-000-000,Екатериновский муниципальный район,муниципальный район,,1,,рп Екатериновка,data-20180110-structure-20150128.csv,2018,9999,,,64,Саратовская область,52.0536048,44.3498585,1,47785.6,16296.0,346.2,1
1927,10843,1226,5586,390,1413,25341,5883,0.4278836667850519,0.04838009549741525,0.2204332899254173,0.0153900793181011,0.055759441221735526,0.23215342725227892,Ершовский,63-617-000-000,Ершовский муниципальный район,муниципальный район,,1,,г Ершов,data-20180110-structure-20150128.csv,2018,9999,,,64,Саратовская область,51.349793,48.2657332,1,53668.0,30920.0,325.9,1
1928,12041,1315,6557,154,1186,26625,5372,0.45224413145539905,0.049389671361502345,0.24627230046948356,0.005784037558685446,0.04454460093896714,0.20176525821596245,Ивантеевский,63-619-000-000,Ивантеевский муниципальный район,муниципальный район,,1,,с Ивантеевка,data-20180110-structure-20150128.csv,2018,9999,,,64,Саратовская область,52.269524,49.107063,1,43334.6,12313.0,331.1,1
1929,12117,1242,5639,343,1320,26589,5928,0.4557147692654857,0.04671104592124563,0.21208018353454436,0.01290007145812178,0.04964458986799052,0.22294933995261199,Калининский,63-621-000-000,Калининский муниципальный район,муниципальный район,,1,,г Калининск,data-20180110-structure-20150128.csv,2018,9999,,,64,Саратовская область,51.499947,44.484581,1,47516.0,26679.0,342.6,1
1930,12275,1208,6295,456,1336,28331,6761,0.4332709752567859,0.042638805548692246,0.2221947689809749,0.016095443154142106,0.0471568246796795,0.2386431823797254,Красноармейский,63-622-000-000,Красноармейский муниципальный район,муниципальный район,,1,,г Красноармейск,data-20180110-structure-20150128.csv,2018,9999,,,64,Саратовская область,51.025776,45.69252,1,43374.0,40536.0,338.8,1
1931,11175,1306,6175,505,994,26881,6726,0.41572114132658755,0.04858450206465533,0.22971615639299134,0.018786503478293217,0.03697779100479893,0.25021390573267366,Краснокутский,63-623-000-000,Краснокутский муниципальный район,муниципальный район,,1,,г Красный Кут,data-20180110-structure-20150128.csv,2018,9999,,,64,Саратовская область,50.9459056,46.972462,1,47620.4,30318.0,325.4,3
1932,11841,1111,6143,316,1096,25748,5241,0.45988037905856766,0.04314898244523847,0.23858163740873078,0.012272797887214542,0.04256641292527575,0.2035497902749728,Краснопартизанский,63-624-000-000,Краснопартизанский муниципальный район,муниципальный район,,1,,рп Горный,data-20180110-structure-20150128.csv,2018,9999,,,64,Саратовская область,51.756121,48.5385335,1,41997.3,8776.0,328.2,1
1933,10788,1131,7515,99,1085,25738,5120,0.41914678685212525,0.043942808299013134,0.2919807288833631,0.003846452715828736,0.04215556764317352,0.19892765560649622,Лысогорский,63-625-000-000,Лысогорский муниципальный район,муниципальный район,,1,,рп Лысые Горы,data-20180110-structure-20150128.csv,2018,9999,,,64,Саратовская область,51.544968,44.836826,1,48388.2,17228.0,342.6,1
1934,12438,1460,6587,737,1359,30748,8167,0.40451411473917004,0.047482763106543514,0.2142253154676727,0.023969038636659296,0.04419799661766619,0.2656107714322883,Марксовский,63-626-000-000,Марксовский муниципальный район,муниципальный район,,1,,г Маркс,data-20180110-structure-20150128.csv,2018,9999,,,64,Саратовская область,51.7069911,46.7483653,1,48052.8,57354.0,342.9,3
1935,10571,1183,5391,115,1193,23974,5521,0.4409360140151831,0.04934512388420789,0.2248686076582965,0.00479686326854092,0.04976224242929841,0.23029114874447318,Новобурасский,63-629-000-000,Новобурасский муниципальный район,муниципальный район,,1,,рп Новые Бурасы,data-20180110-structure-20150128.csv,2018,9999,,,64,Саратовская область,52.129726,46.076084,1,43299.4,14824.0,346.9,1
1936,9655,1107,5814,910,1424,25096,6186,0.3847226649665285,0.04411061523748805,0.23167038571883966,0.03626075868664329,0.05674211029646159,0.24649346509403888,Новоузенский,63-630-000-000,Новоузенский муниципальный район,муниципальный район,,1,,г Новоузенск,data-20180110-structure-20150128.csv,2018,9999,,,64,Саратовская область,50.462326,48.135532,1,39927.4,26367.0,308.1,2
1937,10281,1037,6632,348,1343,26180,6539,0.3927043544690603,0.03961038961038961,0.2533231474407945,0.013292589763177999,0.0512987012987013,0.24977081741787624,Озинский,63-632-000-000,Озинский муниципальный район,муниципальный район,,1,,рп Озинки,data-20180110-structure-20150128.csv,2018,9999,,,64,Саратовская область,51.198559,49.72654,1,39996.7,14262.0,313.3,1
1938,10666,1099,5844,109,959,25035,6358,0.42604353904533654,0.0438985420411424,0.2334331935290593,0.004353904533652886,0.03830637108048732,0.25396444977032157,Перелюбский,63-634-000-000,Перелюбский муниципальный район,муниципальный район,,1,,с Перелюб,data-20180110-structure-20150128.csv,2018,9999,,,64,Саратовская область,51.85857,50.344826,1,45244.7,10960.0,320.0,1
1939,11315,1160,5378,550,1019,25779,6357,0.4389231545056053,0.0449978664804686,0.20861941890686217,0.021335195314015284,0.039528298227239224,0.24659606656580937,Петровский,63-635-000-000,Петровский муниципальный район,муниципальный район,,1,,г Петровск,data-20180110-structure-20150128.csv,2018,9999,,,64,Саратовская область,52.3094494,45.3889831,1,47805.9,36094.0,349.2,3
1940,11368,1215,6257,212,986,25391,5353,0.44771769524634714,0.04785160096097042,0.2464258989405695,0.008349415147099366,0.038832657240754596,0.21082273246425898,Питерский,63-636-000-000,Питерский муниципальный район,муниципальный район,,1,,с Питерка,data-20180110-structure-20150128.csv,2018,9999,,,64,Саратовская область,50.678619,47.443729,1,37833.4,14503.0,315.9,1
1941,12684,1388,5970,405,1460,29017,7110,0.4371230657890202,0.04783402832822139,0.20574146190164386,0.013957335355136644,0.05031533239135679,0.24502877623462108,Пугачевский,63-637-000-000,Пугачевский муниципальный район,муниципальный район,,1,,г Пугачев,data-20180110-structure-20150128.csv,2018,9999,,,64,Саратовская область,52.0121253,48.8109795,1,45150.5,54377.0,331.5,1
1942,9551,1032,5298,427,1111,22400,4981,0.4263839285714286,0.04607142857142857,0.23651785714285714,0.0190625,0.04959821428571429,0.22236607142857143,Ровенский,63-639-000-000,Ровенский муниципальный район,муниципальный район,,1,,рп Ровное,data-20180110-structure-20150128.csv,2018,9999,,,64,Саратовская область,50.775948,46.057549,1,40355.1,16346.0,328.2,1
1943,10411,1247,6032,152,1115,23531,4574,0.44243763545960646,0.052993922910203564,0.2563426968679614,0.006459563979431388,0.04738430155964472,0.19438187922315245,Романовский,63-640-000-000,Романовский муниципальный район,муниципальный район,,1,,рп Романовка,data-20180110-structure-20150128.csv,2018,9999,,,64,Саратовская область,51.7410278,42.7557244,1,39097.0,12117.0,348.1,1
1944,12142,1255,5687,438,1231,27423,6670,0.4427670203843489,0.04576450424825876,0.2073806658644204,0.01597199431134449,0.04488932647777413,0.24322648871385333,Ртищевский,63-641-000-000,Ртищевский муниципальный район,муниципальный район,,1,,г Ртищево,data-20180110-structure-20150128.csv,2018,9999,,,64,Саратовская область,52.2599057,43.7877429,1,49550.0,50179.0,352.5,1
1945,11144,1460,6772,197,1262,26182,5347,0.42563593308379805,0.05576350164234971,0.2586509815904056,0.007524253303796502,0.04820105415934611,0.20422427622030404,Самойловский,63-642-000-000,Самойловский муниципальный район,муниципальный район,,1,,рп Самойловка,data-20180110-structure-20150128.csv,2018,9999,,,64,Саратовская область,51.1860003,43.7067631,1,38548.4,15904.0,340.5,1
1947,11589,1232,5772,403,676,25854,6182,0.44824785333023903,0.04765220081998917,0.2232536551404038,0.015587529976019185,0.02614682447590315,0.23911193625744565,Советский,63-644-000-000,Советский муниципальный район,муниципальный район,,1,,рп Степное,data-20180110-structure-20150128.csv,2018,9999,,,64,Саратовская область,51.378075,46.844463,1,50621.3,23861.0,334.1,3
1948,11893,1067,5690,495,1252,27175,6778,0.4376448942042318,0.03926402943882245,0.2093836246550138,0.018215271389144434,0.04607175712971481,0.24942042318307267,Татищевский,63-646-000-000,Татищевский муниципальный район,муниципальный район,,1,,рп Татищево,data-20180110-structure-20150128.csv,2018,9999,,,64,Саратовская область,51.672623,45.5947,1,54763.5,27609.0,350.6,3
1949,12311,1475,6095,343,1428,28024,6372,0.43930202683414216,0.05263345703682558,0.21749214958606908,0.01223950899229232,0.050956323151584354,0.2273765343990865,Турковский,63-647-000-000,Турковский муниципальный район,муниципальный район,,1,,рп Турки,data-20180110-structure-20150128.csv,2018,9999,,,64,Саратовская область,51.9927589,43.2745396,1,40761.0,9477.0,345.5,1
1950,11254,1136,5728,533,1077,26329,6601,0.4274374264119412,0.0431463405370504,0.21755478749667667,0.02024383759352805,0.04090546545634092,0.2507121425044628,Федоровский,63-648-000-000,Федоровский муниципальный район,муниципальный район,,1,,рп Мокроус,data-20180110-structure-20150128.csv,2018,9999,,,64,Саратовская область,51.237442,47.51474,1,47657.8,16427.0,329.4,3
1951,11602,1170,6375,389,1083,26612,5993,0.4359687359086127,0.04396512851345258,0.23955358484894032,0.014617465804900046,0.040695926649631745,0.22519915827446266,Хвалынский,63-649-000-000,Хвалынский муниципальный район,муниципальный район,,1,,г Хвалынск,data-20180110-structure-20150128.csv,2018,9999,,,64,Саратовская область,52.495499,48.105888,1,41161.3,20628.0,341.0,1
1952,14155,1894,6627,1690,2318,38494,11810,0.3677196446199408,0.049202473112692886,0.17215669974541487,0.04390294591364888,0.060217176702862786,0.3068010599054398,Энгельсский,63-650-000-000,Энгельсский муниципальный район,муниципальный район,,1,,г Энгельс,data-20180110-structure-20150128.csv,2018,9999,,,64,Саратовская область,51.5013775,46.1233093,1,59289.0,304713.0,358.0,2
1954,21150,1358,4796,232,1761,41907,12610,0.5046889541126781,0.03240508745555635,0.11444388765600019,0.005536067960006681,0.0420216192998783,0.3009043835158804,Александровск-Сахалинский,64-704-000-000,городской округ Александровск-Сахалинский район,городской округ,,1,,г Александровск-Сахалинский,data-20180110-structure-20150128.csv,2018,9999,,,65,Сахалинская область,50.8974983,142.1591667,1,96625.0,9868.0,126.3,3
1955,22710,1563,5051,2098,4018,54843,19403,0.4140911328701931,0.028499535036376564,0.0920992651751363,0.03825465419470124,0.07326367995915614,0.35379173276443665,Анивский,64-708-000-000,городской округ Анивский,городской округ,,1,,г Анива,data-20180110-structure-20150128.csv,2018,9999,,,65,Сахалинская область,46.7147768,142.527515,1,108286.4,20975.0,134.6,4
1956,17004,1045,4529,911,1454,38444,13501,0.44230569139527626,0.02718239517219852,0.11780772032046613,0.023696805743418998,0.03782124648839871,0.3511861408802414,Долинский,64-712-000-000,городской округ Долинский,городской округ,,1,,г Долинск,data-20180110-structure-20150128.csv,2018,9999,,,65,Сахалинская область,47.3241456,142.7979361,1,106257.6,22145.0,133.4,4
1957,20657,1689,4745,2038,2850,50707,18728,0.40737965172461393,0.03330901059025381,0.09357682371270239,0.04019168951032402,0.05620525765673379,0.36933756680537205,Корсаковский,64-716-000-000,городской округ Корсаковский,городской округ,,1,,г Корсаков,data-20180110-structure-20150128.csv,2018,9999,,,65,Сахалинская область,46.632815,142.7810147,1,128090.6,39675.0,133.9,4
1958,29923,2162,4926,1877,3545,67604,25171,0.442621738358677,0.031980356191941305,0.07286551091651382,0.02776462931187504,0.05243772557836814,0.3723300396426247,Курильский,64-720-000-000,городской округ Курильский,городской округ,,1,,г Курильск,data-20180110-structure-20150128.csv,2018,9999,,,65,Сахалинская область,45.2290413,147.8751845,1,149723.6,6956.0,134.4,4
1959,18714,1071,4897,654,1584,38291,11371,0.48873103340210494,0.027970019064532135,0.12788906009244994,0.017079731529602255,0.04136742315426602,0.2969627327570447,Макаровский,64-724-000-000,городской округ Макаровский,городской округ,,1,,г Макаров,data-20180110-structure-20150128.csv,2018,9999,,,65,Сахалинская область,48.6242527,142.7814002,1,95628.8,6778.0,130.6,4
1960,20220,1340,5106,489,1761,42532,13616,0.47540675256277626,0.031505689833537104,0.12005078529107495,0.011497225618357943,0.04140411925138719,0.32013542744286655,Невельский,64-728-000-000,городской округ Невельский,городской округ,,1,,г Невельск,data-20180110-structure-20150128.csv,2018,9999,,,65,Сахалинская область,46.6877802,141.8601144,1,108694.7,15099.0,134.1,3
1961,22882,1909,7047,1929,2855,55865,19243,0.40959455831021213,0.034171663832453236,0.12614338136579253,0.034529669739550704,0.05110534323816343,0.344455383513828,Ногликский,64-732-000-000,городской округ Ногликский,городской округ,,1,,пгт Ноглики,data-20180110-structure-20150128.csv,2018,9999,,,65,Сахалинская область,51.7953617,143.1365077,1,192734.4,11222.0,125.4,4
1962,24583,1733,6124,1287,2217,52816,16872,0.4654460769463799,0.03281202665858831,0.11594971220842169,0.024367615873977583,0.041975916388973036,0.3194486519236595,Охинский,64-736-000-000,городской округ Охинский,городской округ,,1,,г Оха,data-20180110-structure-20150128.csv,2018,9999,,,65,Сахалинская область,53.5891992,142.9496845,1,126841.9,21086.0,122.8,4
1963,20328,1247,4581,950,2012,43013,13895,0.4726013065817311,0.028991235207960386,0.10650268523469648,0.022086345988422105,0.046776555924952924,0.323041871062237,Поронайский,64-740-000-000,городской округ Поронайский,городской округ,,1,,г Поронайск,data-20180110-structure-20150128.csv,2018,9999,,,65,Сахалинская область,49.2216366,143.1015759,1,93411.3,20376.0,129.4,4
1965,19719,1137,4312,512,1655,38798,11463,0.5082478478272076,0.02930563431104696,0.11113974947162225,0.013196556523532141,0.04265683798133924,0.29545337388525184,Смирныховский,64-746-000-000,городской округ Смирныховский,городской округ,,1,,пгт Смирных,data-20180110-structure-20150128.csv,2018,9999,,,65,Сахалинская область,49.7423531,142.8320066,1,94562.8,11238.0,128.5,4
1966,19805,1186,4914,716,2019,39541,10901,0.500872512076073,0.02999418325282618,0.1242760678789105,0.018107786854151386,0.051060924104094484,0.2756885258339445,Томаринский,64-748-000-000,городской округ Томаринский,городской округ,,1,,г Томари,data-20180110-structure-20150128.csv,2018,9999,,,65,Сахалинская область,47.7612087,142.063478,1,102967.7,8177.0,132.7,2
1967,21944,1293,4881,446,2567,45897,14766,0.47811403795455043,0.028171775933067522,0.10634682005359827,0.009717410724012462,0.05592958145412554,0.3217203738806458,Тымовский,64-750-000-000,городской округ Тымовский,городской округ,,1,,пгт Тымовское,data-20180110-structure-20150128.csv,2018,9999,,,65,Сахалинская область,50.845556,142.655,1,101926.2,14336.0,126.8,2
1968,23466,1574,6163,1206,2099,49168,14660,0.4772616335828181,0.0320126911812561,0.12534575333550277,0.024528148389196223,0.04269036771884152,0.2981614057923853,Углегорский,64-752-000-000,городской округ Углегорский,городской округ,,1,,г Углегорск,data-20180129-structure-20150128.csv,2018,9999,,,65,Сахалинская область,49.079296,142.0633622,1,147821.8,16020.0,129.9,4
1969,17646,1220,4075,991,1797,39634,13905,0.44522379774940707,0.030781652116869354,0.10281576424282182,0.025003784629358632,0.045339859716405105,0.350835141545138,Холмский,64-754-000-000,городской округ Холмский,городской округ,,1,,г Холмск,data-20180110-structure-20150128.csv,2018,9999,,,65,Сахалинская область,47.0545875,142.0487125,1,108750.4,32754.0,135.5,4
1970,27192,1997,8387,2448,1246,61261,19991,0.44387130474527026,0.03259822725714565,0.13690602504040092,0.039960170418373846,0.02033920438778342,0.32632506815102597,Южно-Курильский,64-756-000-000,городской округ Южно-Курильский,городской округ,,1,,пгт Южно-Курильск,data-20180110-structure-20150128.csv,2018,9999,,,65,Сахалинская область,44.0270756,145.8613722,1,153313.4,11480.0,134.6,4
1971,17614,2753,6997,2955,3198,50463,16946,0.34904781721261124,0.05455482234508452,0.13865604502308623,0.05855775518696867,0.06337316449676,0.3358103957354894,Екатеринбург,65-701-000-000,городской округ город Екатеринбург,городской округ,административный_центр_субъекта,1,,г Екатеринбург,data-20180110-structure-20150128.csv,2018,9999,,,66,Свердловская область,56.839104,60.60825,1,,1580109.0,298.5,5
1972,16313,1678,6172,1000,1522,37249,10564,0.4379446428092029,0.045048189213133236,0.16569572337512417,0.026846358291497757,0.04086015731965959,0.28360492899138234,Алапаевск,65-728-000-000,городской округ город Алапаевск,городской округ,,2,65-771-000-000,г Алапаевск,data-20200110-structure-20150128.csv,2018,9999,,,66,Свердловская область,57.850811,61.695,1,,41048.0,295.2,3
1973,14589,1431,6139,783,1266,34200,9992,0.42657894736842106,0.041842105263157896,0.1795029239766082,0.022894736842105263,0.03701754385964912,0.29216374269005846,Артемовский,65-703-000-000,городской округ Артемовский,городской округ,,1,,г Артемовский,data-20180110-structure-20150128.csv,2018,9999,,,66,Свердловская область,57.3431854,61.8775035,1,59481.7,52119.0,293.3,3
1974,17151,1791,6648,1600,1849,40986,11947,0.4184599619382228,0.043697848045674136,0.16220172741911873,0.03903772019714049,0.045112965402820476,0.2914897769970234,Асбестовский,65-730-000-000,городской округ Асбестовский,городской округ,,1,,г Асбест,data-20180110-structure-20150128.csv,2018,9999,,,66,Свердловская область,57.0052746,61.4580765,1,62189.6,58293.0,299.6,2
1975,12692,1062,6742,527,709,32141,10409,0.39488503780218415,0.03304190908808064,0.20976323076444417,0.01639650290905697,0.022059052300799603,0.32385426713543447,Малышевский,65-762-000-000,городской округ Малышевский,городской округ,,1,,рп Малышева,data-20180110-structure-20150128.csv,2018,9999,,,66,Свердловская область,57.116123,61.397663,1,68613.5,9499.0,297.0,3
1976,14791,1316,7371,642,946,35283,10217,0.41921038460448373,0.03729841566760196,0.20891080690417482,0.018195731655471472,0.02681177904373211,0.2895728821245359,Рефтинский,65-763-000-000,городской округ Рефтинский,городской округ,,1,,рп Рефтинский,data-20180110-structure-20150128.csv,2018,9999,,,66,Свердловская область,57.09153,61.678349,1,90919.5,15137.0,296.6,3
1977,17294,2376,7545,2220,2901,46054,13718,0.375515698962088,0.051591609849307336,0.16382941764016154,0.04820428192990837,0.0629912711165154,0.2978677205020194,Березовский,65-731-000-000,городской округ Березовский,городской округ,,1,,г Березовский,data-20180110-structure-20150128.csv,2018,9999,,,66,Свердловская область,56.9097871,60.8120254,1,74891.5,76770.0,324.0,5
1978,16217,1634,6807,1111,1682,37872,10421,0.4282055344317702,0.043145331643430505,0.17973700887198987,0.02933565694972539,0.044412758766370936,0.27516370933671314,Богданович,65-707-000-000,городской округ Богданович,городской округ,,1,,г Богданович,data-20180110-structure-20150128.csv,2018,9999,,,66,Свердловская область,56.7683407,62.0520774,1,64660.1,43489.0,299.6,2
1979,17657,2536,7689,2617,3043,49004,15462,0.3603175250999918,0.05175087747938944,0.1569055587298996,0.05340380377112072,0.06209697167578157,0.31552526324381686,Верхняя Пышма,65-732-000-000,городской округ Верхняя Пышма,городской округ,,1,,г Верхняя Пышма,data-20180110-structure-20150128.csv,2018,9999,,,66,Свердловская область,56.9724682,60.5738926,1,121612.1,90810.0,324.2,5
1980,15119,1596,7315,1332,1623,38023,11038,0.39762775162401703,0.04197459432448781,0.19238355732056914,0.035031428346001106,0.04268469084501486,0.29029797753991005,Среднеуральск,65-757-000-000,городской округ Среднеуральск,городской округ,,1,,г Среднеуральск,data-20180110-structure-20150128.csv,2018,9999,,,66,Свердловская область,56.991631,60.46888,1,85577.2,25139.0,321.1,3
1981,16575,1590,6614,1298,1435,39251,11739,0.4222822348475198,0.040508522075870676,0.16850526101245827,0.03306922116633971,0.03655957809992102,0.2990751827978905,Верхнесалдинский,65-708-000-000,городской округ Верхнесалдинский,городской округ,,1,,г Верхняя Салда,data-20180110-structure-20150128.csv,2018,9999,,,66,Свердловская область,58.043598,60.554832,1,80504.6,41952.0,292.6,3
1982,16051,2109,8078,1240,1476,39613,10659,0.4051952641809507,0.05324009794764345,0.20392295458561582,0.0313028551233181,0.037260495291949615,0.2690783328705223,Заречный,65-737-000-000,городской округ Заречный,городской округ,,1,,г Заречный,data-20180110-structure-20150128.csv,2018,9999,,,66,Свердловская область,56.8149706,61.3205936,1,92315.7,31897.0,307.4,3
1983,16363,1310,8400,1131,1770,37692,8718,0.4341239520322615,0.03475538575825109,0.22285896211397643,0.030006367398917544,0.04695956701687361,0.23129576567971982,Ивдельский,65-738-000-000,городской округ Ивдельский,городской округ,,1,,г Ивдель,data-20180110-structure-20150128.csv,2018,9999,,,66,Свердловская область,60.6973287,60.4172583,1,76838.7,17176.0,257.4,2
1984,14011,770,8316,411,940,29978,5530,0.4673760757889119,0.025685502701981455,0.2774034291813997,0.013710054039629061,0.031356327973847485,0.18446861031423042,Пелым,65-764-000-000,городской округ Пелым,городской округ,,1,,рп Пелым,data-20180110-structure-20150128.csv,2018,9999,,,66,Свердловская область,61.017914,61.990154,1,102305.9,3418.0,249.6,3
1985,16327,1491,7188,1092,1938,38516,10480,0.42390175511475753,0.03871118496209368,0.1866237407830512,0.028351853775054524,0.050316751479904456,0.2720947138851386,Ирбит,65-739-000-000,городской округ город Ирбит,городской округ,,2,65-711-000-000,г Ирбит,data-20200110-structure-20150128.csv,2018,9999,,,66,Свердловская область,57.674042,63.063778,1,,36505.0,297.8,2
1986,16215,1810,7023,1786,2127,41308,12347,0.3925389755011136,0.04381717827055292,0.1700154933669023,0.04323617701171686,0.05149123656434589,0.2989009392853684,Каменск-Уральский,65-740-000-000,городской округ город Каменск-Уральский,городской округ,,2,65-712-000-000,г Каменск-Уральский,data-20200110-structure-20150128.csv,2018,9999,,,66,Свердловская область,56.415451,61.917797,1,78639.4,163501.0,316.2,2
1987,14492,1334,6460,782,1580,34958,10310,0.4145546083872075,0.0381600778076549,0.18479318038789405,0.0223697007837977,0.04519709365524344,0.2949253389782024,Камышловский,65-741-000-000,городской округ Камышловский,городской округ,,2,65-623-000-000,г Камышлов,data-20180110-structure-20150128.csv,2018,9999,,,66,Свердловская область,56.8484356,62.71879520931047,1,60568.7,26765.0,306.3,3
1988,14786,1176,6977,608,1272,34239,9420,0.4318467244954584,0.034346797511609566,0.203773474692602,0.0177575279651859,0.03715061771663892,0.2751248576185052,Карпинск,65-742-000-000,городской округ Карпинск,городской округ,,1,,г Карпинск,data-20180110-structure-20150128.csv,2018,9999,,,66,Свердловская область,59.7667893,60.0009267,1,64332.3,26968.0,270.6,3
1989,16141,1194,8300,418,1024,35970,8893,0.4487350569919377,0.03319432860717264,0.2307478454267445,0.011620795107033639,0.028468167917709203,0.24723380594940228,Волчанский,65-735-000-000,городской округ Волчанский,городской округ,,1,,г Волчанск,data-20180110-structure-20150128.csv,2018,9999,,,66,Свердловская область,59.9347177,60.0779677,1,59169.4,8570.0,268.5,3
1990,15563,1569,6844,1275,1510,38405,11644,0.40523369352948835,0.04085405546152845,0.17820596276526493,0.03319880223929176,0.039317797161827886,0.3031896888425986,Качканарский,65-743-000-000,городской округ Качканарский,городской округ,,1,,г Качканар,data-20180110-structure-20150128.csv,2018,9999,,,66,Свердловская область,58.6981697,59.4810114,1,84160.7,38418.0,292.1,3
1991,13180,1251,6601,827,1100,34573,11614,0.38122234113325426,0.03618430567205623,0.1909293379226564,0.023920400312382496,0.03181673560292714,0.33592687935672344,Кировградский,65-744-000-000,городской округ Кировградский,городской округ,,1,,г Кировград,data-20180110-structure-20150128.csv,2018,9999,,,66,Свердловская область,57.4264892,60.0664537,1,68445.2,23721.0,303.0,3
1992,13804,1253,6610,710,912,33505,10216,0.41199820922250413,0.03739740337263095,0.19728398746455753,0.02119086703477093,0.027219817937621252,0.30490971496791525,Верхний Тагил,65-733-000-000,городской округ Верхний Тагил,городской округ,,1,,г Верхний Тагил,data-20180110-structure-20150128.csv,2018,9999,,,66,Свердловская область,57.3745174,59.9320798,1,63572.3,10991.0,302.7,3
1993,16971,1788,7594,1395,2105,42844,12991,0.39611147418541687,0.04173279805807114,0.17724768929138268,0.032559985062085704,0.049131733731677715,0.30321631967136586,Краснотурьинск,65-745-000-000,городской округ Краснотурьинск,городской округ,,1,,г Краснотурьинск,data-20180110-structure-20150128.csv,2018,9999,,,66,Свердловская область,59.764631,60.1936117,1,75733.3,58850.0,271.1,2
1994,13284,1327,7314,819,766,32652,9142,0.40683572216097025,0.04064069582261424,0.22399852995222344,0.025082690187431093,0.02345951243415411,0.2799828494426069,Красноуральск,65-746-000-000,городской округ Красноуральск,городской округ,,1,,г Красноуральск,data-20180110-structure-20150128.csv,2018,9999,,,66,Свердловская область,58.357063,60.037445,1,77467.3,21994.0,293.3,3
1995,14855,1499,6365,1182,1862,36191,10428,0.410461164377884,0.04141913735459092,0.17587245447763256,0.0326600536044873,0.051449255339725344,0.28813793484567984,Красноуфимск,65-747-000-000,городской округ Красноуфимск,городской округ,,2,65-713-000-000,г Красноуфимск,data-20200110-structure-20150128.csv,2018,9999,,,66,Свердловская область,56.6180735,57.7713452,1,74010.3,37866.0,323.0,2
1996,12944,1167,5850,663,1014,30776,9138,0.4205874707564336,0.03791915778528724,0.190083181700026,0.021542760592669612,0.03294775149467117,0.2969196776709124,Кушвинский,65-748-000-000,городской округ Кушвинский,городской округ,,1,,г Кушва,data-20180110-structure-20150128.csv,2018,9999,,,66,Свердловская область,58.2816811,59.7625022,1,71488.4,35844.0,294.9,3
1997,14396,1176,6840,846,876,32974,8840,0.4365864014071693,0.03566446291017165,0.20743616182446775,0.025656577909868382,0.026566385637168677,0.26809001031115426,Верхняя Тура,65-734-000-000,городской округ Верхняя Тура,городской округ,,1,,г Верхняя Тура,data-20180110-structure-20150128.csv,2018,9999,,,66,Свердловская область,58.3605,59.81823,1,77512.3,8418.0,295.6,3
1999,15125,1591,6752,1284,1761,39776,13263,0.38025442477876104,0.039998994368463395,0.16975060337892195,0.032280772325020114,0.04427292839903459,0.33344227674979887,Невьянский,65-714-000-000,городской округ Невьянский,городской округ,,1,,г Невьянск,data-20180110-structure-20150128.csv,2018,9999,,,66,Свердловская область,57.4924036,60.2105408,1,75222.0,37190.0,303.0,2
2000,17455,2124,7017,2086,2516,45958,14760,0.3798032986639976,0.04621611036163453,0.1526828843726881,0.04538926846250925,0.05474563732103225,0.3211628008181383,Нижний Тагил,65-751-000-000,городской округ город Нижний Тагил,городской округ,,2,65-717-000-000,г Нижний Тагил,data-20200110-structure-20150128.csv,2018,9999,,,66,Свердловская область,57.905149,59.9508466,1,79610.3,333179.0,303.0,2
2001,15627,1340,6843,988,1142,34992,9052,0.4465877914951989,0.03829446730681298,0.19555898491083676,0.028235025148605396,0.03263603109282122,0.2586877000457247,Нижняя Салда,65-750-000-000,городской округ Нижняя Салда,городской округ,,1,,г Нижняя Салда,data-20180110-structure-20150128.csv,2018,9999,,,66,Свердловская область,58.071352,60.7146772,1,62956.5,16275.0,291.1,3
2002,13853,1393,7396,851,1397,35659,10769,0.3884853753610589,0.03906447180235004,0.20740906923918226,0.023864942931658206,0.03917664544715219,0.30199949521859837,Нижнетуринский,65-715-000-000,городской округ Нижнетуринский,городской округ,,1,,г Нижняя Тура,data-20180110-structure-20150128.csv,2018,9999,,,66,Свердловская область,58.6207762,59.8473233,1,67976.0,21907.0,291.9,3
2004,15406,1858,6801,2043,2167,41685,13410,0.369581384190956,0.04457238814921435,0.16315221302626845,0.049010435408420296,0.0519851265443205,0.3216984526808204,Первоуральск,65-753-000-000,городской округ Первоуральск,городской округ,,1,,г Первоуральск,data-20180110-structure-20150128.csv,2018,9999,,,66,Свердловская область,56.90839575,59.94301101449327,1,79425.9,130039.0,313.1,2
2005,17143,1805,7148,1657,2007,42528,12768,0.4030991346877351,0.04244262603461249,0.16807750188111362,0.03896256583897668,0.04719243792325056,0.3002257336343115,Полевской,65-754-000-000,городской округ Полевской,городской округ,,1,,г Полевской,data-20180110-structure-20150128.csv,2018,9999,,,66,Свердловская область,56.442108,60.165859,1,75830.5,59979.0,308.6,2
2006,16648,1786,7015,1685,2106,41414,12174,0.4019896653305645,0.04312551311150819,0.16938716376104698,0.040686724296131745,0.05085236876418602,0.2939585647365625,Ревда,65-719-000-000,городской округ Ревда,городской округ,,1,,г Ревда,data-20180110-structure-20150128.csv,2018,9999,,,66,Свердловская область,56.8000651,59.9086688,1,83436.2,60262.0,313.1,2
2007,13218,1076,6639,448,832,29744,7531,0.4443921463152232,0.03617536309844002,0.22320467993544918,0.01506186121570737,0.027972027972027972,0.2531939214631522,Дегтярск,65-736-000-000,городской округ Дегтярск,городской округ,,1,,г Дегтярск,data-20180110-structure-20150128.csv,2018,9999,,,66,Свердловская область,56.698341,60.086807,1,54823.3,14941.0,312.2,3
2008,15308,1629,6515,1111,1456,36962,10943,0.41415507818840974,0.04407229046047292,0.17626210702884043,0.030057897299929658,0.039391807802608085,0.2960608192197392,Режевской,65-720-000-000,городской округ Режевской,городской округ,,1,,г Реж,data-20180110-structure-20150128.csv,2018,9999,,,66,Свердловская область,57.370647,61.4042865,1,68749.4,45338.0,298.5,3
2009,16301,1516,7359,877,1255,38324,11016,0.4253470410186828,0.039557457467905226,0.1920206659012629,0.02288383258532512,0.03274710364262603,0.2874438993841979,Североуральский,65-755-000-000,городской округ Североуральский,городской округ,,1,,г Североуральск,data-20180110-structure-20150128.csv,2018,9999,,,66,Свердловская область,60.15016,59.960517,1,74651.5,35125.0,264.9,3
2010,15548,1596,7231,1487,1880,40859,13117,0.38052815781100857,0.039061161555593624,0.17697447318828166,0.0363934506473482,0.046011894564233095,0.32103086223353483,Серовский,65-756-000-000,городской округ Серовский,городской округ,,1,,г Серов,data-20180110-structure-20150128.csv,2018,9999,,,66,Свердловская область,59.6051267,60.5733483,1,74232.0,98415.0,273.7,2
2011,15621,1407,6817,1087,1488,37661,11241,0.41477921457210376,0.03735960277209846,0.18100953240753034,0.028862749263163484,0.039510368816547625,0.29847853216855635,Сухой Лог,65-758-000-000,городской округ Сухой Лог,городской округ,,1,,г Сухой Лог,data-20180110-structure-20150128.csv,2018,9999,,,66,Свердловская область,56.9047389,62.0350233,1,74281.6,46498.0,296.8,3
2012,14304,1361,6009,652,1397,33585,9862,0.4259044216167932,0.040524043471788,0.17891916033943725,0.019413428613964567,0.04159595057317255,0.29364299538484445,Тавдинский,65-723-000-000,городской округ Тавдинский,городской округ,,1,,г Тавда,data-20180110-structure-20150128.csv,2018,9999,,,66,Свердловская область,58.0413743,65.2719986,1,52608.5,35602.0,269.4,3
2015,15615,1166,5752,492,1190,31889,7674,0.48966728338925647,0.03656433252845809,0.18037567813352567,0.015428517670670137,0.037316943146539557,0.24064724513155006,Алапаевское,65-771-000-000,городской округ Алапаевское,городской округ,,3,65-728-000-000,г Алапаевск,data-20200110-structure-20150128.csv,2018,9999,,,66,Свердловская область,57.850811,61.695,1,,22842.0,300.8,3
2017,14493,1166,5348,464,1152,29657,7034,0.48868732508345414,0.03931618167717571,0.18032842162052803,0.015645547425565634,0.03884411774623192,0.23717840644704455,Артинский,65-704-000-000,городской округ Артинский,городской округ,,1,,рп Арти,data-20180110-structure-20150128.csv,2018,9999,,,66,Свердловская область,56.4255703,58.5326906,1,51459.1,24973.0,308.1,3
2018,11366,841,4925,232,820,23530,5346,0.48304292392690185,0.0357416064598385,0.20930726731831703,0.009859753506162345,0.03484912877178071,0.22719932001699958,Ачитский,65-705-000-000,городской округ Ачитский,городской округ,,1,,рп Ачит,data-20180110-structure-20150128.csv,2018,9999,,,66,Свердловская область,56.801308,57.898392,1,64903.7,13693.0,311.2,3
2019,15307,1317,7686,950,1865,37156,10031,0.41196576595973733,0.035445150177629454,0.2068575734740015,0.02556787598234471,0.050193777586392506,0.2699698568198945,Белоярский,65-706-000-000,городской округ Белоярский,городской округ,,1,,рп Белоярский,data-20180110-structure-20150128.csv,2018,9999,,,66,Свердловская область,56.761642,61.414257,1,67794.2,33349.0,308.1,2
2021,15066,1122,7514,675,1584,34014,8053,0.4429352619509614,0.03298641735755865,0.22090903745516552,0.019844769800670313,0.04656905979890633,0.2367554536367378,Верхотурский,65-709-000-000,городской округ Верхотурский,городской округ,,1,,г Верхотурье,data-20180110-structure-20150128.csv,2018,9999,,,66,Свердловская область,58.861702,60.809338,1,58918.1,13374.0,280.0,3
2022,16976,960,6092,114,920,30620,5558,0.5544088830829523,0.031352057478772045,0.19895493141737428,0.0037230568256041803,0.030045721750489876,0.18151534944480732,Гаринский,65-710-000-000,городской округ Гаринский,городской округ,,1,,рп Гари,data-20180110-structure-20150128.csv,2018,9999,,,66,Свердловская область,59.427441,62.35247,1,76557.2,2442.0,259.7,1
2023,14331,873,5550,423,1542,29910,7191,0.47913741223671014,0.029187562688064193,0.1855566700100301,0.014142427281845537,0.051554663991975926,0.24042126379137413,Ирбитское,65-711-000-000,городской округ Ирбитское,городской округ,,3,65-739-000-000,г Ирбит,data-20200110-structure-20150128.csv,2018,9999,,,66,Свердловская область,57.674042,63.063778,1,,26013.0,303.4,2
2024,14993,1316,6014,1129,1954,36740,11334,0.40808383233532936,0.03581927054980947,0.16369080021774632,0.030729450190528036,0.053184540010887314,0.3084921066956995,Каменский,65-712-000-000,городской округ Каменский,городской округ,,3,65-740-000-000,г Каменск-Уральский,data-20200110-structure-20150128.csv,2018,9999,,,66,Свердловская область,56.415451,61.917797,1,56177.8,26362.0,399.8,2
2025,12727,888,5364,972,1819,29453,7683,0.43211217872542695,0.03014973007843004,0.1821206668251112,0.03300173157233559,0.061759413302549825,0.2608562794961464,Красноуфимский,65-713-000-000,городской округ Красноуфимский округ,городской округ,,3,65-747-000-000,г Красноуфимск,data-20200110-structure-20150128.csv,2018,9999,,,66,Свердловская область,56.6180735,57.7713452,1,,22803.0,331.1,2
2027,13847,925,7146,555,1252,31178,7453,0.44412726922830204,0.029668355891975112,0.22920007697735584,0.017801013535185067,0.04015652062351658,0.2390467637436654,Бисертский,65-759-000-000,городской округ Бисертский,городской округ,,1,,рп Бисерть,data-20180110-structure-20150128.csv,2018,9999,,,66,Свердловская область,56.8518027,59.0530375,1,48978.2,9456.0,308.9,3
2028,15049,1469,8076,409,1510,35097,8584,0.42878308687352196,0.04185542923896629,0.23010513719121292,0.011653417671026014,0.04302362025244323,0.24457930877282957,Новолялинский,65-716-000-000,городской округ Новолялинский,городской округ,,1,,г Новая Ляля,data-20180110-structure-20150128.csv,2018,9999,,,66,Свердловская область,59.052734,60.595974,1,52468.4,18687.0,281.7,3
2030,14999,1191,6031,503,1606,32766,8436,0.4577610938167613,0.03634865409265702,0.18406274797045719,0.015351278764573033,0.04901422205945187,0.25746200329609964,Пышминский,65-718-000-000,городской округ Пышминский,городской округ,,1,,рп Пышма,data-20180110-structure-20150128.csv,2018,9999,,,66,Свердловская область,56.950695,63.246532,1,53137.8,18498.0,289.0,2
2031,15955,1161,8419,346,950,34140,7309,0.46734036321031047,0.03400702987697715,0.24660222612770943,0.010134739308728763,0.027826596367896896,0.21408904510837726,Сосьвинский,65-721-000-000,городской округ Сосьвинский,городской округ,,1,,рп Сосьва,data-20180110-structure-20150128.csv,2018,9999,,,66,Свердловская область,59.173889,61.861935,1,68694.0,12459.0,264.7,3
2032,16925,1753,7581,1716,2440,43493,13078,0.38914308049571195,0.04030533649092957,0.17430391097417974,0.039454624882164946,0.056100981767180924,0.30069206538983284,Сысертский,65-722-000-000,городской округ Сысертский,городской округ,,1,,г Сысерть,data-20180110-structure-20150128.csv,2018,9999,,,66,Свердловская область,56.5030175,60.8093215,1,71343.5,65368.0,311.2,2
2033,16799,1977,8119,1775,2740,44091,12681,0.3810074618402849,0.044839082806014834,0.1841418883672405,0.040257648953301126,0.06214420176453245,0.28760971626862625,Арамильский,65-729-000-000,городской округ Арамильский,городской округ,,1,,г Арамиль,data-20180110-structure-20150128.csv,2018,9999,,,66,Свердловская область,56.6962917,60.8330976,1,79463.7,23609.0,319.5,2
2034,14916,1277,5994,678,1595,32879,8419,0.4536634325861492,0.03883938075975547,0.1823048146233158,0.020621065117552236,0.04851120776179324,0.2560600991514341,Талицкий,65-724-000-000,городской округ Талицкий,городской округ,,1,,г Талица,data-20180110-structure-20150128.csv,2018,9999,,,66,Свердловская область,57.014816,63.730244,1,56097.7,39733.0,284.8,2
2035,13885,1248,6610,373,849,30304,7339,0.4581903379091869,0.04118268215417107,0.218123020063358,0.012308606124604013,0.02801610348468849,0.24217925026399156,Тугулымский,65-725-000-000,городской округ Тугулымский,городской округ,,1,,рп Тугулым,data-20180110-structure-20150128.csv,2018,9999,,,66,Свердловская область,57.059,64.6406,1,50712.1,17096.0,283.4,3
2036,14269,1189,6101,566,1388,31285,7772,0.4560971711682915,0.0380054339140163,0.19501358478504074,0.018091737254275212,0.04436630973309893,0.24842576314527728,Туринский,65-726-000-000,городской округ Туринский,городской округ,,1,,г Туринск,data-20180110-structure-20150128.csv,2018,9999,,,66,Свердловская область,58.0525487,63.6908787,1,52992.1,23655.0,277.0,3
2037,14463,937,6616,178,1010,29097,5893,0.4970615527373956,0.03220263257380486,0.22737739285837028,0.006117469154895694,0.03471148228339691,0.20252947039213665,Шалинский,65-727-000-000,городской округ Шалинский,городской округ,,1,,рп Шаля,data-20180110-structure-20150128.csv,2018,9999,,,66,Свердловская область,57.2461908,58.7292306,1,49926.3,16263.0,300.8,1
2039,14214,995,6592,284,1330,30501,7086,0.4660175076227009,0.032621881249795086,0.21612406150618013,0.009311170125569654,0.043605127700731126,0.2323202517950231,Байкаловский,65-608-000-000,Байкаловский муниципальный район,муниципальный район,,1,,с Байкалово,data-20180110-structure-20150128.csv,2018,9999,,,66,Свердловская область,57.393711,63.764805,1,53780.1,14422.0,281.9,1
2040,15876,1299,8661,1522,2240,42897,13299,0.37009581089586685,0.030281837890761592,0.20190223092523954,0.03548033662027648,0.05221810383010467,0.3100216798377509,Камышловский,65-623-000-000,Камышловский муниципальный район,муниципальный район,,3,65-741-000-000,г Камышлов,data-20180110-structure-20150128.csv,2018,9999,,,66,Свердловская область,56.8484356,62.71879520931047,1,52378.1,20537.0,310.0,2
2041,13464,1179,6698,531,1349,30812,7591,0.43697260807477606,0.038264312605478384,0.217382837855381,0.01723354537193301,0.04378164351551344,0.2463650525769181,Слободо-Туринский,65-639-000-000,Слободо-Туринский муниципальный район,муниципальный район,,1,,с Туринская Слобода,data-20180110-structure-20150128.csv,2018,9999,,,66,Свердловская область,57.61797,64.384918,1,53489.2,11664.0,277.7,3
2042,14805,1253,6511,370,1299,31894,7656,0.46419389226813823,0.03928638615413557,0.20414498024706842,0.01160092807424594,0.04072866369850128,0.2400451495579106,Нижнесергинский,65-628-000-000,Нижнесергинский муниципальный район,муниципальный район,,1,,г Нижние Серги,data-20180110-structure-20150128.csv,2018,9999,,,66,Свердловская область,56.6619,59.30003,1,61036.3,37356.0,307.9,3
2043,15879,1498,6646,696,1502,33636,7415,0.472083481983589,0.044535616601260555,0.19758591984778215,0.020692115590438816,0.04465453680580331,0.22044832917112617,Таборинский,65-645-000-000,Таборинский муниципальный район,муниципальный район,,1,,с Таборы,data-20180110-structure-20150128.csv,2018,9999,,,66,Свердловская область,58.5196678,64.5566111,1,50324.4,2677.0,259.5,1
2044,16626,2067,8058,1943,2518,44379,13167,0.3746366524707632,0.04657608328263368,0.1815723653079159,0.043781968949277814,0.056738547511210255,0.2966943824781991,Смоленск,66-701-000-000,городской округ город Смоленск,городской округ,административный_центр_субъекта,2,66-644-000-000,г Смоленск,data-20180110-structure-20150128.csv,2018,9999,,,67,Смоленская область,54.7814057,32.0461261,1,68443.7,310645.0,371.0,2
2045,18522,1750,8067,1033,1468,40327,9487,0.45929526123936815,0.04339524388127061,0.2000396756515486,0.025615592531058596,0.03640241029583158,0.23525181640092246,Десногорск,66-710-000-000,городской округ город Десногорск,городской округ,,1,,г Десногорск,data-20180110-structure-20150128.csv,2018,9999,,,67,Смоленская область,54.1516661,33.2881028,1,87361.0,24684.0,337.4,3
2046,11169,1054,6707,280,968,26381,6203,0.42337288199840795,0.0399529964747356,0.25423600318410977,0.010613699253250446,0.03669307456123726,0.23513134452825898,Велижский,66-603-000-000,Велижский муниципальный район,муниципальный район,,1,,г Велиж,data-20180110-structure-20150128.csv,2018,9999,,,67,Смоленская область,55.6045223,31.1949976,1,43608.9,8848.0,319.2,3
2047,16223,1581,7982,1267,2055,39308,10200,0.412714968963061,0.04022082018927445,0.20306298972219394,0.03223262440215732,0.05227943421186527,0.25948916251144805,Вяземский,66-605-000-000,Вяземский муниципальный район,муниципальный район,,1,,г Вязьма,data-20180110-structure-20150128.csv,2018,9999,,,67,Смоленская область,55.1835215,34.33816673607038,1,60265.2,69941.0,370.0,2
2048,17698,1664,8832,976,2070,40985,9745,0.4318165182383799,0.040600219592533855,0.21549347322191045,0.02381359033792851,0.05050628278638526,0.23776991582286203,Гагаринский,66-608-000-000,Гагаринский муниципальный район,муниципальный район,,1,,г Гагарин,data-20180110-structure-20150128.csv,2018,9999,,,67,Смоленская область,55.55338655,34.99051315482606,1,77713.3,39257.0,387.0,2
2049,13023,926,6133,177,1034,25630,4337,0.5081154896605541,0.03612953570035115,0.23928989465470152,0.0069059695669137725,0.04034334763948498,0.16921576277799455,Глинковский,66-609-000-000,Глинковский муниципальный район,муниципальный район,,1,,с Глинка,data-20180110-structure-20150128.csv,2018,9999,,,67,Смоленская область,54.6425664,32.8729273,1,47232.3,3397.0,336.7,1
2050,12123,909,6004,298,1173,25664,5157,0.472373753117207,0.03541926433915212,0.23394638403990026,0.011611596009975063,0.045706047381546135,0.20094295511221946,Демидовский,66-611-000-000,Демидовский муниципальный район,муниципальный район,,1,,г Демидов,data-20180110-structure-20150128.csv,2018,9999,,,67,Смоленская область,55.2643778,31.5178326,1,39952.1,10717.0,326.8,1
2051,16335,1490,7972,798,1017,36772,9160,0.4442238659849886,0.04051996083976939,0.21679538779506147,0.021701294463178505,0.027656912868486892,0.24910257804851518,Дорогобужский,66-614-000-000,Дорогобужский муниципальный район,муниципальный район,,1,,г Дорогобуж,data-20180110-structure-20150128.csv,2018,9999,,,67,Смоленская область,54.9148236,33.2989051,1,71388.1,23563.0,345.7,3
2052,13594,1101,7711,245,1242,31485,7592,0.4317611561060823,0.03496903287279657,0.24491027473400032,0.007781483245990154,0.03944735588375417,0.24113069715737653,Духовщинский,66-616-000-000,Духовщинский муниципальный район,муниципальный район,,1,,г Духовщина,data-20180110-structure-20150128.csv,2018,9999,,,67,Смоленская область,55.1907803,32.4060434,1,50272.8,13641.0,340.0,1
2053,14237,1177,7881,452,1381,32257,7129,0.44136156493164275,0.03648820411073565,0.24431906252906346,0.014012462411259571,0.04281241280962272,0.22100629320767584,Ельнинский,66-619-000-000,Ельнинский муниципальный район,муниципальный район,,1,,г Ельня,data-20180110-structure-20150128.csv,2018,9999,,,67,Смоленская область,54.5764954,33.1891698,1,44343.3,10930.0,340.0,3
2054,13407,1239,6264,142,1141,27731,5538,0.4834661570084022,0.044679239839890375,0.22588438931160074,0.0051206231293498255,0.041145288666113736,0.19970430204464318,Ершичский,66-621-000-000,Ершичский муниципальный район,муниципальный район,,1,,с Ершичи,data-20180110-structure-20150128.csv,2018,9999,,,67,Смоленская область,53.673527,32.748249,1,40367.3,5052.0,327.7,1
2055,12971,1026,6338,296,806,29858,8421,0.4344229352267399,0.03436264987608011,0.21227141804541497,0.009913590997387634,0.026994440350994707,0.2820349655033827,Кардымовский,66-623-000-000,Кардымовский муниципальный район,муниципальный район,,1,,пгт Кардымово,data-20180110-structure-20150128.csv,2018,9999,,,67,Смоленская область,54.8900665,32.43418980060523,1,53651.1,10664.0,339.1,3
2056,11264,1209,6259,216,1041,26304,6315,0.4282238442822384,0.045962591240875914,0.237948600973236,0.008211678832116789,0.0395757299270073,0.24007755474452555,Краснинский,66-624-000-000,Краснинский муниципальный район,муниципальный район,,1,,пгт Красный,data-20180110-structure-20150128.csv,2018,9999,,,67,Смоленская область,54.569439,31.439449,1,43346.9,10187.0,324.4,1
2057,11975,1284,4847,365,784,22943,3688,0.521945691496317,0.055964782286536195,0.21126269450377022,0.015908991849365818,0.034171642766857,0.16074619709715382,Монастырщинский,66-627-000-000,Монастырщинский муниципальный район,муниципальный район,,1,,пгт Монастырщина,data-20180110-structure-20150128.csv,2018,9999,,,67,Смоленская область,54.3515818,31.8364896,1,43381.2,7769.0,325.9,1
2058,14129,988,7243,253,1406,29952,5933,0.47172142094017094,0.03298611111111111,0.24182024572649571,0.00844684829059829,0.046941773504273504,0.19808360042735043,Новодугинский,66-630-000-000,Новодугинский муниципальный район,муниципальный район,,1,,с Новодугино,data-20180110-structure-20150128.csv,2018,9999,,,67,Смоленская область,55.630033,34.3010323,1,40534.1,7059.0,366.0,1
2059,14310,1277,7186,451,1152,30964,6588,0.46214959307583,0.0412414416742023,0.23207595917840074,0.014565301640614908,0.03720449554321147,0.2127632088877406,Починковский,66-633-000-000,Починковский муниципальный район,муниципальный район,,1,,г Починок,data-20180110-structure-20150128.csv,2018,9999,,,67,Смоленская область,54.40639235,32.4440643251997,1,50576.0,24335.0,332.5,3
2060,14637,1365,6647,880,1647,34165,8989,0.42842089858041854,0.03995316844724133,0.19455583199180448,0.025757354017269134,0.04820722962095712,0.26310551734230936,Рославльский,66-636-000-000,Рославльский муниципальный район,муниципальный район,,1,,г Рославль,data-20180110-structure-20150128.csv,2018,9999,,,67,Смоленская область,53.9448028,32.84788573198853,1,53933.4,59934.0,335.3,2
2061,12007,1075,6355,290,1343,27401,6331,0.43819568628882155,0.03923214481223313,0.23192584212255027,0.010583555344695449,0.049012809751468926,0.23104996168023065,Руднянский,66-638-000-000,Руднянский муниципальный район,муниципальный район,,1,,г Рудня,data-20180110-structure-20150128.csv,2018,9999,,,67,Смоленская область,54.945702,31.0742556121863,1,46800.5,20478.0,322.6,1
2062,13536,1342,6589,831,1215,32496,8983,0.41654357459379615,0.041297390448055145,0.2027634170359429,0.025572378138847857,0.03738921713441654,0.2764340226489414,Сафоновский,66-641-000-000,Сафоновский муниципальный район,муниципальный район,,1,,г Сафоново,data-20180110-structure-20150128.csv,2018,9999,,,67,Смоленская область,55.1084278,33.2376513,1,54974.6,49887.0,350.9,3
2063,15866,1872,8928,1797,2784,44475,13228,0.35673974142776843,0.04209106239460371,0.20074198988195616,0.04040472175379427,0.06259696458684655,0.2974255199550309,Смоленский,66-644-000-000,Смоленский муниципальный район,муниципальный район,,3,66-701-000-000,г Смоленск,data-20180110-structure-20150128.csv,2018,9999,,,67,Смоленская область,54.7814057,32.0461261,1,65632.8,61413.0,534.1,2
2064,14746,1060,7813,364,1392,32687,7312,0.4511273595007189,0.032428794321901676,0.2390246887141677,0.011135925597332274,0.0425857374491388,0.2236974944167406,Сычевский,66-646-000-000,Сычевский муниципальный район,муниципальный район,,1,,г Сычевка,data-20180110-structure-20150128.csv,2018,9999,,,67,Смоленская область,55.8269908,34.2770455,1,52535.6,11980.0,362.2,1
2065,13997,1305,9651,165,1249,33278,6911,0.42060820962798245,0.03921509706112146,0.29001141895546606,0.004958230662900414,0.03753230362401587,0.20767474006851372,Темкинский,66-648-000-000,Темкинский муниципальный район,муниципальный район,,1,,с Темкино,data-20180110-structure-20150128.csv,2018,9999,,,67,Смоленская область,55.08142515,35.0033334683642,1,42277.7,4146.0,367.7,1
2066,13923,1023,7566,349,1395,31982,7726,0.43533862797823775,0.03198674254268026,0.23657057094615722,0.010912388218372834,0.043618285285473075,0.24157338502907885,Угранский,66-650-000-000,Угранский муниципальный район,муниципальный район,,1,,с Угра,data-20180110-structure-20150128.csv,2018,9999,,,67,Смоленская область,54.7813043,34.3185555,1,45267.7,6524.0,358.2,1
2067,12836,1204,5570,243,926,24897,4118,0.5155641241916696,0.04835924006908463,0.22372173354219385,0.009760212073743824,0.037193236132867416,0.16540145399044062,Хиславичский,66-652-000-000,Хиславичский муниципальный район,муниципальный район,,1,,пгт Хиславичи,data-20180110-structure-20150128.csv,2018,9999,,,67,Смоленская область,54.18577,32.1578503,1,42242.5,6419.0,326.1,1
2068,13794,1206,8415,330,1469,31579,6365,0.43680927198454667,0.038189936350106084,0.2664745558757402,0.010449982583362362,0.04651825580290699,0.20155799740333766,Холм-Жирковский,66-654-000-000,Холм-Жирковский муниципальный район,муниципальный район,,1,,пгт Холм-Жирковский,data-20180110-structure-20150128.csv,2018,9999,,,67,Смоленская область,55.51387,33.488632,1,62154.1,7716.0,351.1,1
2069,11335,1032,5359,548,1027,24822,5521,0.4566513576665861,0.04157602127145275,0.21589718797840626,0.022077189589879944,0.04137458705986625,0.2224236564338087,Шумячский,66-656-000-000,Шумячский муниципальный район,муниципальный район,,1,,пгт Шумячи,data-20180110-structure-20150128.csv,2018,9999,,,67,Смоленская область,53.8555499,32.4259307,1,39974.4,7974.0,328.2,3
2070,14360,1341,6703,855,1181,34202,9762,0.41985848780773055,0.039208233436641135,0.19598269107069763,0.0249985380971873,0.034530144435997896,0.28542190515174554,Ярцевский,66-658-000-000,Ярцевский муниципальный район,муниципальный район,,1,,г Ярцево,data-20180110-structure-20150128.csv,2018,9999,,,67,Смоленская область,55.0662279,32.6883609,1,55685.9,46827.0,344.0,3
2072,12146,1224,6149,405,1382,27529,6223,0.44120745395764466,0.04446220349449671,0.22336445203240218,0.01471175850920847,0.05020160557957064,0.2260525264266773,Кирсанов,68-705-000-000,городской округ город Кирсанов,городской округ,,2,68-610-000-000;68-510-000-000,г Кирсанов,data-20180110-structure-20150128.csv,2018,9999,,,68,Тамбовская область,52.6509234,42.73015344421673,1,48888.3,15827.0,371.0,1
2073,11823,1264,6475,395,841,28569,7771,0.41384017641499526,0.04424376071966117,0.22664426476250482,0.013826175224894117,0.029437502187685954,0.27200812069025865,Котовск,68-710-000-000,городской округ город Котовск,городской округ,,1,,г Котовск,data-20180110-structure-20150128.csv,2018,9999,,,68,Тамбовская область,52.59332675,41.51307094486083,1,59305.8,26128.0,371.0,3
2074,13706,1676,6813,964,1838,34054,9057,0.40247841663240735,0.049215951136430375,0.20006460327714806,0.028307981441240384,0.05397310154460563,0.2659599459681682,Мичуринск,68-715-000-000,городской округ город Мичуринск,городской округ,,2,68-612-000-000;68-512-000-000,г Мичуринск,data-20180110-structure-20150128.csv,2018,9999,,,68,Тамбовская область,52.89899355,40.48326577268173,1,60937.2,88785.0,391.3,2
2075,12286,1513,6284,432,1435,28517,6567,0.4308307325454992,0.053056071816811025,0.22035978539117018,0.015148858575586493,0.05032086124066346,0.23028369043026967,Моршанск,68-720-000-000,городской округ город Моршанск,городской округ,,2,68-616-000-000;68-516-000-000,г Моршанск,data-20180110-structure-20150128.csv,2018,9999,,,68,Тамбовская область,53.4428,41.813,1,43097.5,38294.0,388.4,1
2076,12150,1409,6371,488,1773,30491,8300,0.3984782394805024,0.046210357154570204,0.20894690236463218,0.01600472270506051,0.05814830605752517,0.2722114722377095,Рассказово,68-725-000-000,городской округ город Рассказово,городской округ,,2,68-628-000-000;68-528-000-000,г Рассказово,data-20180110-structure-20150128.csv,2018,9999,,,68,Тамбовская область,52.6657884,41.89469890606984,1,48163.7,46633.0,385.1,1
2077,12375,1318,6178,283,1254,29166,7758,0.42429541246657065,0.045189604333813346,0.21182198450250292,0.009703078927518344,0.04299526846327916,0.26599465130631555,Уварово,68-730-000-000,городской округ город Уварово,городской округ,,2,68-644-000-000;68-544-000-000,г Уварово,data-20180110-structure-20150128.csv,2018,9999,,,68,Тамбовская область,51.9807749,42.26542253442362,1,46146.3,22986.0,362.2,1
2078,9911,1182,3908,158,841,20342,4342,0.487218562579884,0.05810638088683512,0.19211483629928228,0.007767181201455117,0.04134303411660604,0.21345000491593746,Бондарский,68-502-000-000,Бондарский муниципальный округ,муниципальный округ,,1,,с Бондари,data-20240101-structure-20150128.csv,2024,9999,,,68,Тамбовская область,52.9502841,42.0663629,2,46999.5,8210.0,366.0,1
2079,11182,1268,6897,90,1482,25613,4694,0.43657517666809825,0.04950611017842502,0.2692773201108812,0.0035138406278061923,0.0578612423378753,0.18326631007691407,Гавриловский,68-503-000-000,Гавриловский муниципальный округ,муниципальный округ,,1,,с Гавриловка 2-я,data-20240101-structure-20150128.csv,2024,9999,,,68,Тамбовская область,52.876944,42.770992,2,55400.1,9164.0,363.4,1
2080,12253,1248,6631,353,1430,27841,5926,0.44010631802018607,0.044825976078445455,0.23817391616680436,0.012679142272188498,0.05136309758988542,0.21285154987249022,Жердевский,68-504-000-000,Жердевский муниципальный округ,муниципальный округ,,1,,г Жердевка,data-20240101-structure-20150128.csv,2024,9999,,,68,Тамбовская область,51.843933,41.470367,2,64545.6,24844.0,357.3,1
2081,12232,1088,7527,275,1016,28383,6245,0.43096219568051297,0.03833280484797238,0.26519395412747065,0.009688898284184195,0.03579607511538597,0.2200260719444738,Знаменский,68-506-000-000,Знаменский муниципальный округ,муниципальный округ,,1,,рп Знаменка,data-20240101-structure-20150128.csv,2024,9999,,,68,Тамбовская область,52.4111427,41.4432947,2,53739.0,13674.0,367.4,3
2082,10954,1130,6871,217,1202,25605,5231,0.4278070689318492,0.044132005467682096,0.2683460261667643,0.008474907244678774,0.04694395625854325,0.20429603593048232,Инжавинский,68-508-000-000,Инжавинский муниципальный округ,муниципальный округ,,1,,рп Инжавино,data-20240101-structure-20150128.csv,2024,9999,,,68,Тамбовская область,52.3183696,42.4953939,2,51231.2,17016.0,358.4,1
2085,10896,1223,6534,189,1101,25797,5854,0.42237469473194555,0.047408613404659454,0.2532852657285731,0.007326433306198395,0.0426793813234097,0.2269256115052138,Мордовский,68-514-000-000,Мордовский муниципальный округ,муниципальный округ,,1,,рп Мордово,data-20240101-structure-20150128.csv,2024,9999,,,68,Тамбовская область,52.089058,40.762287,2,48586.8,13380.0,362.2,1
2087,11546,1272,5975,290,1253,25765,5429,0.44812730448282556,0.049369299437221036,0.23190374539103434,0.011255579274209199,0.04863186493304871,0.21071220648166117,Мучкапский,68-518-000-000,Мучкапский муниципальный округ,муниципальный округ,,1,,рп Мучкапский,data-20240101-structure-20150128.csv,2024,9999,,,68,Тамбовская область,51.8473199,42.4699106,2,44689.0,10669.0,353.5,1
2088,10921,1473,5293,517,1033,24435,5198,0.44694086351544915,0.06028238182934315,0.21661551053816247,0.02115817474933497,0.042275424595866584,0.21272764477184367,Никифоровский,68-520-000-000,Никифоровский муниципальный округ,муниципальный округ,,1,,рп Дмитриевка,data-20240101-structure-20150128.csv,2024,9999,,,68,Тамбовская область,52.8785209,40.7928771,2,52189.0,15378.0,373.6,1
2089,10698,1221,6707,286,1322,25495,5261,0.4196116885663856,0.047891743479113555,0.263071190429496,0.011217885859972543,0.05185330456952344,0.20635418709550893,Первомайский,68-522-000-000,Первомайский муниципальный округ,муниципальный округ,,1,,рп Первомайский,data-20240101-structure-20150128.csv,2024,9999,,,68,Тамбовская область,53.244999,40.285099,2,56790.7,23709.0,377.3,1
2090,10578,1200,6675,257,1006,25106,5390,0.4213335457659524,0.047797339281446666,0.26587269975304706,0.01023659682944316,0.040070102764279455,0.21468971560583128,Петровский,68-524-000-000,Петровский муниципальный округ,муниципальный округ,,1,,с Петровское,data-20240101-structure-20150128.csv,2024,9999,,,68,Тамбовская область,52.633202,40.2603,2,51120.9,13536.0,371.2,1
2091,10466,1414,5234,121,1370,24327,5722,0.43022156451679205,0.05812471739219797,0.2151518888477823,0.004973897315739713,0.05631602745920171,0.23521190446828627,Пичаевский,68-526-000-000,Пичаевский муниципальный округ,муниципальный округ,,1,,с Пичаево,data-20240101-structure-20150128.csv,2024,9999,,,68,Тамбовская область,53.2342209,42.2036841,2,47307.8,10656.0,366.0,1
2093,10499,1115,6271,344,1427,25859,6203,0.4060095131288913,0.04311845005607332,0.24250744421671372,0.013302911945550873,0.05518388182064272,0.2398777988321281,Ржаксинский,68-530-000-000,Ржаксинский муниципальный округ,муниципальный округ,,1,,рп Ржакса,data-20240101-structure-20150128.csv,2024,9999,,,68,Тамбовская область,52.2204809,42.1090698,2,47048.8,14028.0,359.4,1
2094,12693,1128,5611,180,992,25949,5345,0.489151797757139,0.04346988323249451,0.21623183937723997,0.006936683494546996,0.038228833481059,0.20598096265752053,Сампурский,68-532-000-000,Сампурский муниципальный округ,муниципальный округ,,1,,п Сатинка,data-20240101-structure-20150128.csv,2024,9999,,,68,Тамбовская область,52.377113,41.673679,2,48078.1,11610.0,365.1,1
2095,10762,1222,5914,149,1236,24640,5357,0.4367694805194805,0.04959415584415584,0.24001623376623377,0.006047077922077922,0.050162337662337665,0.2174107142857143,Сосновский,68-534-000-000,Сосновский муниципальный округ,муниципальный округ,,1,,рп Сосновка,data-20240101-structure-20150128.csv,2024,9999,,,68,Тамбовская область,53.232201,41.369202,2,40100.6,24282.0,367.4,1
2096,11691,1601,5680,232,1144,25464,5116,0.4591187558906692,0.06287307571473452,0.22306000628338046,0.009110901665095822,0.04492617027961043,0.20091109016650957,Староюрьевский,68-536-000-000,Староюрьевский муниципальный округ,муниципальный округ,,1,,с Староюрьево,data-20240101-structure-20150128.csv,2024,9999,,,68,Тамбовская область,53.3227111,40.6992188,2,51813.6,11015.0,371.0,1
2098,12197,1263,6605,317,1164,26850,5304,0.45426443202979516,0.0470391061452514,0.24599627560521414,0.01180633147113594,0.04335195530726257,0.1975418994413408,Токарёвский,68-542-000-000,Токарёвский муниципальный округ,муниципальный округ,,1,,рп Токарёвка,data-20240101-structure-20150128.csv,2024,9999,,,68,Тамбовская область,51.9939,41.1618,2,61793.1,15011.0,360.3,1
2100,10532,1202,6499,480,1364,25584,5507,0.4116635397123202,0.046982489055659785,0.25402595372107567,0.01876172607879925,0.053314571607254536,0.21525171982489055,Умётский,68-546-000-000,Умётский муниципальный округ,муниципальный округ,,1,,рп Умёт,data-20240101-structure-20150128.csv,2024,9999,,,68,Тамбовская область,52.560272,42.968578,2,48407.2,9405.0,359.1,1
2101,18166,2399,8740,2176,2908,47499,13110,0.3824501568454073,0.05050632644897787,0.1840038737657635,0.0458114907682267,0.06122234152297943,0.2760058106486452,Тверь,28-701-000-000,городской округ город Тверь,городской округ,административный_центр_субъекта,2,28-620-000-000;28-520-000-000,г Тверь,data-20180110-structure-20150128.csv,2018,9999,,,69,Тверская область,56.858675,35.9208284,1,77389.5,412994.0,414.9,2
2105,16528,1557,9404,864,1431,38400,8616,0.43041666666666667,0.040546875,0.24489583333333334,0.0225,0.037265625,0.224375,Осташковский,28-752-000-000,городской округ Осташковский,городской округ,,1,,г Осташков,data-20180110-structure-20150128.csv,2018,9999,,,69,Тверская область,57.1557583,33.1013213,1,60266.1,20992.0,337.9,3
2108,16339,1626,8845,1323,1896,39431,9402,0.41436940478303874,0.04123659049986052,0.2243158935862646,0.03355228120007101,0.04808399482640562,0.2384418351043595,Торжок,28-750-000-000,городской округ город Торжок,городской округ,,2,28-654-000-000,г Торжок,data-20180110-structure-20150128.csv,2018,9999,,,69,Тверская область,57.0501176,34.95641719793115,1,59693.8,39503.0,378.3,2
2109,16597,1653,8517,1268,1235,37935,8665,0.43751153288519834,0.04357453538948201,0.22451561882166865,0.03342559641492026,0.03255568735995782,0.2284170291287729,Удомельский,28-751-000-000,городской округ Удомельский,городской округ,,1,,г Удомля,data-20180110-structure-20150128.csv,2018,9999,,,69,Тверская область,57.877998,35.0042,1,92780.3,29515.0,342.9,3
2110,14787,1290,9022,355,1518,34938,7966,0.42323544564657395,0.03692254851451142,0.2582288625565287,0.010160856374148491,0.043448394298471575,0.22800389260976586,Андреапольский,28-502-000-000,муниципальный округ Андреапольский,муниципальный округ,,1,,г Андреаполь,data-20200301-structure-20150128.csv,2020,9999,,,69,Тверская область,56.646801,32.26532,1,48061.6,9731.0,330.1,1
2111,14234,1227,8233,617,1283,33103,7509,0.4299912394647011,0.03706612693713561,0.2487085762619702,0.01863879406700299,0.0387578165120986,0.2268374467570915,Бежецкий,28-504-000-000,муниципальный округ Бежецкий,муниципальный округ,,1,,г Бежецк,data-20240101-structure-20150128.csv,2024,9999,,,69,Тверская область,57.781357,36.692535,2,54050.8,30567.0,359.6,3
2112,12818,1057,8895,171,1163,29706,5602,0.43149532081061065,0.03558203729886218,0.2994344576853161,0.005756412845889719,0.03915033999865347,0.18858143136066788,Бельский,28-506-000-000,муниципальный округ Бельский,муниципальный округ,,1,,г Белый,data-20221219-structure-20150128.csv,2023,9999,,,69,Тверская область,55.833073,32.939487,2,44251.9,4852.0,336.0,1
2113,14797,1326,8178,767,1702,34563,7793,0.42811677227092554,0.03836472528426352,0.23661140525996008,0.022191360703642624,0.049243410583572025,0.2254723258976362,Бологовский,28-508-000-000,муниципальный округ Бологовский,муниципальный округ,,1,,г Бологое,data-20240101-structure-20150128.csv,2024,9999,,,69,Тверская область,57.885204,34.049603,2,58395.9,30273.0,344.5,2
2114,13366,1215,7818,565,1091,29256,5201,0.45686354935739676,0.04152994257588187,0.2672272354388843,0.019312277823352476,0.03729149576155318,0.17777549904293136,Весьегонский,28-510-000-000,муниципальный округ Весьегонский,муниципальный округ,,1,,г Весьегонск,data-20200301-structure-20150128.csv,2020,9999,,,69,Тверская область,58.6637264,37.2626496,1,46578.1,9486.0,336.0,1
2116,13400,1119,7592,214,1083,27849,4441,0.48116628963338004,0.04018097597759345,0.27261302021616574,0.007684297461309203,0.03888829042335452,0.15946712628819706,Жарковский,28-514-000-000,муниципальный округ Жарковский,муниципальный округ,,1,,пгт Жарковский,data-20221219-structure-20150128.csv,2023,9999,,,69,Тверская область,55.8479449,32.2626969,2,40620.1,3931.0,327.7,1
2117,14690,1192,8014,348,1634,32594,6716,0.450696447198871,0.03657114806406087,0.24587347364545623,0.010676811683131865,0.05013192612137203,0.20605019328710805,Западнодвинский,28-516-000-000,муниципальный округ Западнодвинский,муниципальный округ,,1,,г Западная Двина,data-20210118-structure-20150128.csv,2021,9999,,,69,Тверская область,56.2588287,32.0707122,1,45215.8,11945.0,333.9,1
2118,13804,1075,8833,424,1395,32476,6945,0.42505234634807243,0.03310136716344377,0.2719854661904175,0.013055795048651312,0.04295479738884099,0.21385022786057395,Зубцовский,28-518-000-000,муниципальный округ Зубцовский,муниципальный округ,,1,,г Зубцов,data-20221219-structure-20150128.csv,2023,9999,,,69,Тверская область,56.170071,34.585182,2,59826.0,14191.0,375.2,3
2119,16695,1984,9530,2218,3261,46220,12532,0.3612072695802683,0.042925140631761144,0.20618779749026395,0.047987884032886195,0.0705538727823453,0.2711380354824751,Калининский,28-520-000-000,муниципальный округ Калининский,муниципальный округ,,3,28-701-000-000,г Тверь,data-20240101-structure-20150128.csv,2024,9999,,,69,Тверская область,56.858675,35.9208284,2,77104.2,59603.0,572.6,2
2120,15600,1274,9061,609,1467,35852,7841,0.4351221689166574,0.03553497712819369,0.25273345977909184,0.016986500055784892,0.040918219346201046,0.21870467477407118,Калязинский,28-522-000-000,муниципальный округ Калязинский,муниципальный округ,,1,,г Калязин,data-20240101-structure-20150128.csv,2024,9999,,,69,Тверская область,57.2400206,37.8404883,2,52374.9,18994.0,389.1,3
2121,14492,1365,7617,443,1166,31620,6537,0.45831752055660974,0.04316888045540797,0.24089184060721064,0.014010120177103099,0.03687539531941809,0.20673624288425047,Кашинский,28-758-000-000,городской округ Кашинский,городской округ,,1,,г Кашин,data-20190319-structure-20150128.csv,2019,9999,,,69,Тверская область,57.361755,37.611454,1,52531.4,22713.0,379.2,3
2122,11589,1250,8718,538,1598,32297,8604,0.3588258971421494,0.038703285134842245,0.2699321918444438,0.016657893922036104,0.04947827971638233,0.26640245224014614,Кесовогорский,28-526-000-000,муниципальный округ Кесовогорский,муниципальный округ,,1,,пгт Кесова Гора,data-20221219-structure-20150128.csv,2023,9999,,,69,Тверская область,57.579342,37.295616,2,78909.8,7244.0,367.9,3
2124,16307,1768,9803,1461,1851,40970,9780,0.3980229436172809,0.043153526970954356,0.23927263851598732,0.035660239199414204,0.045179399560654136,0.23871125213570907,Конаковский,28-530-000-000,муниципальный округ Конаковский,муниципальный округ,,1,,г Конаково,data-20240101-structure-20150128.csv,2024,9999,,,69,Тверская область,56.7131572,36.7775654,2,76631.1,67829.0,400.9,2
2125,13831,994,7041,232,1066,27391,4227,0.5049468803621627,0.03628929210324559,0.2570552371216823,0.008469935380234384,0.03891789273849074,0.15432076229418423,Краснохолмский,28-532-000-000,муниципальный округ Краснохолмский,муниципальный округ,,1,,г Красный Холм,data-20210118-structure-20150128.csv,2021,9999,,,69,Тверская область,58.056507,37.114731,1,46408.7,8508.0,351.6,1
2126,14390,1156,9081,501,1289,32244,5827,0.4462845800769135,0.03585163131125171,0.28163379233345737,0.015537774469668775,0.03997642972335939,0.18071579208534921,Кувшиновский,28-534-000-000,муниципальный округ Кувшиновский,муниципальный округ,,1,,г Кувшиново,data-20240101-structure-20150128.csv,2024,9999,,,69,Тверская область,57.0314657,34.1796637,2,62015.7,12610.0,354.2,1
2127,14725,1199,7442,202,1286,31422,6568,0.46862071160333524,0.038157978486410796,0.2368404302717841,0.006428616892623003,0.04092673922729298,0.20902552351855389,Лесной,28-536-000-000,муниципальный округ Лесной,муниципальный округ,,1,,с Лесное,data-20210118-structure-20150128.csv,2021,9999,,,69,Тверская область,58.2846441,35.5248456,1,43649.0,3827.0,341.9,1
2128,15080,1205,7098,476,1171,31086,6056,0.48510583542430674,0.03876343048317571,0.22833429839799266,0.015312359261403848,0.037669690535932575,0.19481438589718844,Лихославльский,28-538-000-000,муниципальный округ Лихославльский,муниципальный округ,,1,,г Лихославль,data-20220128-structure-20150128.csv,2022,9999,,,69,Тверская область,57.1244437,35.4665276,1,51365.9,24344.0,372.8,1
2129,13124,1108,7472,418,1157,28663,5384,0.45787251857795763,0.03865610717649932,0.26068450615776434,0.014583260649617975,0.04036562816174162,0.18783797927641907,Максатихинский,28-540-000-000,муниципальный округ Максатихинский,муниципальный округ,,1,,пгт Максатиха,data-20221219-structure-20150128.csv,2023,9999,,,69,Тверская область,57.797325,35.87904,2,45212.9,13807.0,358.0,1
2130,14954,386,7940,138,1729,29186,4039,0.5123689440142534,0.013225519084492566,0.2720482423079559,0.00472829438772014,0.059240731857740016,0.13838826834783802,Молоковский,28-542-000-000,муниципальный округ Молоковский,муниципальный округ,,1,,пгт Молоково,data-20220128-structure-20150128.csv,2022,9999,,,69,Тверская область,58.1630255,36.7661137,1,43490.4,3690.0,348.3,2
2131,14544,1033,8020,616,993,32725,7519,0.4444308632543927,0.03156608097784568,0.2450725744843392,0.018823529411764704,0.03034377387318564,0.22976317799847212,Нелидовский,28-759-000-000,городской округ Нелидовский,городской округ,,1,,г Нелидово,data-20190319-structure-20150128.csv,2019,9999,,,69,Тверская область,56.226097,32.771111,1,45841.5,22742.0,342.6,3
2132,13600,929,7932,187,1224,30666,6794,0.4434879019109111,0.030294136829061503,0.25865779690862845,0.0060979586512750275,0.039913911171982,0.22154829452814193,Оленинский,28-544-000-000,муниципальный округ Оленинский,муниципальный округ,,1,,пгт Оленино,data-20210118-structure-20150128.csv,2020,9999,,,69,Тверская область,56.208992,33.480034,1,39746.5,11371.0,351.8,1
2133,14981,1251,10017,311,1595,34314,6159,0.4365856501719415,0.03645742262633327,0.291921664626683,0.009063356064580055,0.04648248528297488,0.17948942122748732,Пеновский,28-546-000-000,муниципальный округ Пеновский,муниципальный округ,,1,,пгт Пено,data-20210118-structure-20150128.csv,2021,9999,,,69,Тверская область,56.92379,32.744606,1,40063.4,5051.0,330.6,1
2134,12563,872,7512,106,762,28133,6318,0.4465574236661572,0.030995627910283298,0.26701738172253225,0.0037678171542316853,0.027085628976646643,0.22457612057014895,Рамешковский,28-547-000-000,муниципальный округ Рамешковский,муниципальный округ,,1,,пгт Рамешки,data-20220128-structure-20150128.csv,2022,9999,,,69,Тверская область,57.3453001,36.0453999,1,50473.2,14777.0,372.6,3
2136,15020,719,7853,433,1603,30067,4439,0.4995510027605016,0.023913260385139853,0.26118335716898927,0.014401170718728174,0.05331426480859414,0.14763694415804704,Сандовский,28-549-000-000,муниципальный округ Сандовский,муниципальный округ,,1,,пгт Сандово,data-20210118-structure-20150128.csv,2021,9999,,,69,Тверская область,58.461376,36.411373,1,50509.7,4788.0,340.3,1
2137,12292,1456,7959,318,1389,29389,5975,0.4182517268365715,0.04954234577563034,0.27081561128313314,0.010820374970226955,0.04726258123787812,0.20330735989655993,Селижаровский,28-550-000-000,муниципальный округ Селижаровский,муниципальный округ,,1,,пгт Селижарово,data-20210118-structure-20150128.csv,2021,9999,,,69,Тверская область,56.855633,33.452286,1,47361.6,9920.0,343.8,1
2138,13237,974,7536,213,1078,28485,5447,0.464700719677023,0.03419343514130244,0.26456029489204846,0.007477619799894681,0.037844479550640686,0.19122345093909074,Сонковский,28-551-000-000,муниципальный округ Сонковский,муниципальный округ,,1,,пгт Сонково,data-20221219-structure-20150128.csv,2023,9999,,,69,Тверская область,57.7809325,37.1653992,2,44282.8,6439.0,354.9,1
2139,13321,1041,7293,291,1154,28556,5456,0.4664869029275809,0.0364546855301863,0.2553929121725732,0.010190502871550638,0.04041182238408741,0.19106317411402157,Спировский,28-552-000-000,муниципальный округ Спировский,муниципальный округ,,1,,пгт Спирово,data-20220128-structure-20150128.csv,2022,9999,,,69,Тверская область,57.4215311,34.9932788,1,41996.9,8413.0,356.8,1
2140,14281,1280,8610,355,1269,32126,6331,0.4445309095436718,0.0398431177239619,0.2680072215650875,0.011050239681255057,0.039500715931021606,0.19706779555500217,Старицкий,28-553-000-000,муниципальный округ Старицкий,муниципальный округ,,1,,г Старица,data-20221219-structure-20150128.csv,2023,9999,,,69,Тверская область,56.5081105,34.9314738,2,52503.8,20834.0,374.5,1
2142,16040,1369,9069,363,1692,36627,8094,0.4379283042564229,0.037376798536598685,0.24760422639036775,0.009910721598820543,0.04619542960111393,0.22098451961667623,Торопецкий,28-555-000-000,муниципальный округ Торопецкий,муниципальный округ,,1,,г Торопец,data-20240101-structure-20150128.csv,2024,9999,,,69,Тверская область,56.496479,31.641077,2,49995.5,16137.0,327.7,1
2143,14086,1242,8991,365,1714,30474,4076,0.46223009778827856,0.040756054341405785,0.29503839338452453,0.011977423377305244,0.05624466758548271,0.1337533635230032,Фировский,28-557-000-000,муниципальный округ Фировский,муниципальный округ,,1,,пгт Фирово,data-20240101-structure-20150128.csv,2024,9999,,,69,Тверская область,57.481045,33.698059,2,43631.1,7887.0,339.6,1
2144,17329,2357,6985,2209,2846,45996,14270,0.3767501521871467,0.051243586398817285,0.15186103139403426,0.048025915296982344,0.0618749456474476,0.3102443690755718,Томск,69-701-000-000,городской округ город Томск,городской округ,административный_центр_субъекта,2,69-654-000-000,г Томск,data-20180110-structure-20150128.csv,2018,9999,,,70,Томская область,56.4887526,84.9523434,1,90444.3,565753.0,260.4,5
2145,18128,1350,12010,360,450,41888,9590,0.4327731092436975,0.03222880061115355,0.2867169595110772,0.008594346829640947,0.010742933537051184,0.22894385026737968,Кедровый,69-707-000-000,городской округ город Кедровый,городской округ,,1,,г Кедровый,data-20180110-structure-20150128.csv,2018,9999,,,70,Томская область,57.56192,79.570801,1,76099.6,2626.0,197.6,3
2146,17718,1671,7337,1563,1449,42955,13217,0.41247817483412874,0.03890117564893493,0.17080665813060178,0.03638691654056571,0.033732976370620414,0.3076940984751484,Стрежевой,69-710-000-000,городской округ город Стрежевой,городской округ,,1,,г Стрежевой,data-20180110-structure-20150128.csv,2018,9999,,,70,Томская область,60.732758,77.600807,1,102903.1,37478.0,218.7,3
2148,15710,1382,8446,941,1539,38822,10804,0.404667456596775,0.03559837205708104,0.2175570552779352,0.024238833651022616,0.03964247076399979,0.27829581165318634,Александровский,69-604-000-000,Александровский муниципальный район,муниципальный район,,1,,с Александровское,data-20180110-structure-20150128.csv,2018,9999,,,70,Томская область,60.431446,77.865845,1,126598.4,7233.0,216.1,3
2149,14575,1245,4627,502,1264,29945,7732,0.48672566371681414,0.04157622307563867,0.15451661379195192,0.016764067457004508,0.04221071965269661,0.25820671230589415,Асиновский,69-608-000-000,Асиновский муниципальный район,муниципальный район,,1,,г Асино,data-20180110-structure-20150128.csv,2018,9999,,,70,Томская область,56.999187,86.14167,1,51907.3,33342.0,221.0,3
2150,13425,1053,7600,242,1394,30826,7112,0.4355089859209758,0.0341594757672095,0.24654512424576655,0.007850515798352041,0.04522156621034192,0.23071433205735417,Бакчарский,69-612-000-000,Бакчарский муниципальный район,муниципальный район,,1,,с Бакчар,data-20180110-structure-20150128.csv,2018,9999,,,70,Томская область,57.020538,82.066872,1,62639.2,11191.0,203.1,1
2151,17485,884,6591,284,1427,34686,8015,0.5040938707259413,0.025485786772761344,0.19001902784985297,0.008187741451882604,0.041140517788156604,0.2310730554114052,Верхнекетский,69-616-000-000,Верхнекетский муниципальный район,муниципальный район,,1,,рп Белый Яр,data-20180110-structure-20150128.csv,2018,9999,,,70,Томская область,58.4475598,85.0389307,1,65346.1,14438.0,206.4,1
2152,13252,1005,5801,193,970,26162,4941,0.5065361975384145,0.038414494304716766,0.22173381239966364,0.007377111841602324,0.037076676095099764,0.18886170782050302,Зырянский,69-620-000-000,Зырянский муниципальный район,муниципальный район,,1,,с Зырянское,data-20180110-structure-20150128.csv,2018,9999,,,70,Томская область,56.834206,86.621178,1,51218.0,11051.0,219.8,1
2153,14116,1813,6470,388,1160,32481,8534,0.43459253101813367,0.055817247005941935,0.1991933745882208,0.011945445029401805,0.035713186170376526,0.26273821618792526,Каргасокский,69-624-000-000,Каргасокский муниципальный район,муниципальный район,,1,,с Каргасок,data-20180110-structure-20150128.csv,2018,9999,,,70,Томская область,59.0598053,80.8708719,1,101019.6,17438.0,201.4,3
2154,13291,1036,5211,260,1108,26986,6080,0.4925146372192989,0.038390276439635364,0.19310012599125473,0.00963462536129845,0.041058326539687245,0.2253020084488253,Кожевниковский,69-628-000-000,Кожевниковский муниципальный район,муниципальный район,,1,,с Кожевниково,data-20180110-structure-20150128.csv,2018,9999,,,70,Томская область,56.2600069,83.9750781,1,55490.7,20183.0,229.0,1
2155,15747,1251,7207,478,1620,35293,8990,0.44617912900575185,0.035446122460544585,0.20420479981866094,0.013543762219136939,0.04590145354602896,0.25472473294987674,Колпашевский,69-632-000-000,Колпашевский муниципальный район,муниципальный район,,1,,г Колпашево,data-20180110-structure-20150128.csv,2018,9999,,,70,Томская область,58.313667,82.903557,1,78500.9,32143.0,199.1,3
2156,14924,1201,6268,198,1266,30023,6166,0.49708556773140594,0.04000266462378843,0.20877327382340205,0.006594943876361456,0.042167671451886886,0.20537587849315525,Кривошеинский,69-636-000-000,Кривошеинский муниципальный район,муниципальный район,,1,,с Кривошеино,data-20180110-structure-20150128.csv,2018,9999,,,70,Томская область,57.343742,83.930153,1,64584.0,12022.0,219.1,1
2157,14957,1125,7793,194,1029,31504,6406,0.4747651091924835,0.035709751142712035,0.24736541391569325,0.006157948197054342,0.03266251904520061,0.20333925850685627,Молчановский,69-640-000-000,Молчановский муниципальный район,муниципальный район,,1,,с Молчаново,data-20180110-structure-20150128.csv,2018,9999,,,70,Томская область,57.581014,83.7605886,1,69354.3,12103.0,216.8,1
2158,16081,1146,7743,584,1355,34676,7767,0.4637501441919483,0.03304879455531203,0.22329565117083863,0.016841619563963548,0.03907601799515515,0.22398777252278232,Парабельский,69-644-000-000,Парабельский муниципальный район,муниципальный район,,1,,с Парабель,data-20180110-structure-20150128.csv,2018,9999,,,70,Томская область,58.5997257,80.9445602,1,115751.0,11379.0,204.3,3
2159,14528,1096,5718,277,1284,28876,5973,0.5031167751766172,0.03795539548413908,0.19801911622108326,0.009592741376922011,0.044465992519739574,0.20684997922149884,Первомайский,69-648-000-000,Первомайский муниципальный район,муниципальный район,,1,,с Первомайское,data-20180110-structure-20150128.csv,2018,9999,,,70,Томская область,57.070614,86.226082,1,51540.8,16471.0,220.3,1
2160,16873,1060,7120,162,1141,32546,6190,0.5184354452160019,0.03256928654827014,0.21876728322989,0.004977570208320531,0.035058071652430405,0.19019234314508696,Тегульдетский,69-652-000-000,Тегульдетский муниципальный район,муниципальный район,,1,,с Тегульдет,data-20180110-structure-20150128.csv,2018,9999,,,70,Томская область,57.306404,88.167168,1,70669.8,6463.0,209.9,1
2161,16929,2410,7540,2273,3199,46966,14615,0.3604522420474386,0.05131371630541243,0.16054166844099987,0.0483967125154367,0.06811310309585658,0.31118255759485586,Томский,69-654-000-000,Томский муниципальный район,муниципальный район,,3,69-701-000-000,г Томск,data-20180110-structure-20150128.csv,2018,9999,,,70,Томская область,56.4887526,84.9523434,1,66370.5,89298.0,453.4,5
2162,15756,1197,7403,240,1367,30292,4329,0.5201373299881157,0.03951538359963026,0.24438795721642678,0.00792288392975043,0.04512742638320349,0.14290901888287336,Чаинский,69-656-000-000,Чаинский муниципальный район,муниципальный район,,1,,с Подгорное,data-20180110-structure-20150128.csv,2018,9999,,,70,Томская область,57.7915323,82.6441106,1,69126.2,11633.0,210.6,1
2163,13537,1103,4861,321,991,27282,6469,0.49618796275932847,0.04042958727366029,0.17817608679715563,0.01176599956014955,0.03632431639909098,0.23711604721061505,Шегарский,69-658-000-000,Шегарский муниципальный район,муниципальный район,,1,,с Мельниково,data-20180110-structure-20150128.csv,2018,9999,,,70,Томская область,56.554417,84.090408,1,50048.9,19646.0,229.0,3
2164,18326,2441,9011,1977,2881,49274,14638,0.371920282501928,0.04953931079271015,0.18287535008320818,0.040122579859560824,0.058468969436213825,0.29707350732637905,Тула,70-701-000-000,городской округ город Тула,городской округ,административный_центр_субъекта,1,,г Тула,data-20180110-structure-20150128.csv,2018,9999,,,71,Тульская область,54.1930321,37.61754,1,87275.6,538297.0,404.0,2
2165,15935,1709,8324,1134,1895,40766,11769,0.39088946671245645,0.04192219006034441,0.20418976598145513,0.027817298729333268,0.04648481577785409,0.28869646273855665,Алексин,70-706-000-000,городской округ город Алексин,городской округ,,1,,г Алексин,data-20180110-structure-20150128.csv,2018,9999,,,71,Тульская область,54.5028103,37.0667213,1,65671.5,69514.0,409.4,2
2167,14527,1521,7563,1007,1811,36760,10331,0.3951849836779108,0.04137649619151251,0.2057399347116431,0.027393906420021763,0.04926550598476605,0.2810391730141458,Донской,70-712-000-000,городской округ город Донской,городской округ,,1,,г Донской,data-20180110-structure-20150128.csv,2018,9999,,,71,Тульская область,53.9729348,38.32639150177284,1,55751.0,62255.0,401.2,2
2168,15612,1850,7882,899,1959,38087,9885,0.40990364166250953,0.04857300391209599,0.20694725234331923,0.02360385433349962,0.05143487279124111,0.25953737495733453,Ефремов,70-714-000-000,городской округ город Ефремов,городской округ,,1,,г Ефремов,data-20180110-structure-20150128.csv,2018,9999,,,71,Тульская область,53.141834,38.116188,1,65612.1,56354.0,379.0,2
2169,15803,1987,8399,1491,2304,42985,13001,0.3676398743747819,0.04622542747470048,0.1953937420030243,0.034686518552983596,0.05360009305571711,0.3024543445387926,Новомосковск,70-724-000-000,городской округ город Новомосковск,городской округ,,1,,г Новомосковск,data-20180110-structure-20150128.csv,2018,9999,,,71,Тульская область,54.011013,38.290943,1,80775.1,129639.0,401.2,2
2171,13669,1340,7789,490,1303,31596,7005,0.4326180529180909,0.04241043170021522,0.24651854665147488,0.015508292188884668,0.041239397392074946,0.2217052791492594,Арсеньевский,70-604-000-000,Арсеньевский муниципальный район,муниципальный район,,1,,рп Арсеньево,data-20180110-structure-20150128.csv,2018,9999,,,71,Тульская область,53.7357884,36.6620997,1,48226.3,9159.0,376.2,3
2172,13774,1468,8839,364,1375,33621,7801,0.40968442342583505,0.04366318669878945,0.2629011629636239,0.010826566729127629,0.04089705838612772,0.23202760179649623,Белевский,70-606-000-000,Белевский муниципальный район,муниципальный район,,1,,г Белев,data-20180110-structure-20150128.csv,2018,9999,,,71,Тульская область,53.811798,36.137001,1,57262.0,18494.0,373.1,1
2173,14659,1691,7967,734,1634,36622,9937,0.400278521107531,0.046174430670089014,0.21754682977445253,0.02004259734585768,0.04461798918682759,0.2713396319152422,Богородицкий,70-608-000-000,Богородицкий муниципальный район,муниципальный район,,1,,г Богородицк,data-20180110-structure-20150128.csv,2018,9999,,,71,Тульская область,53.773571,38.126965,1,64849.9,49454.0,394.8,3
2174,13938,1253,7887,478,1227,33356,8573,0.41785585801654873,0.037564456169804535,0.2364492145341168,0.014330255426310109,0.036784986209377625,0.2570152296438422,Веневский,70-612-000-000,Веневский муниципальный район,муниципальный район,,1,,г Венев,data-20180110-structure-20150128.csv,2018,9999,,,71,Тульская область,54.3504,38.2656,1,61582.5,33948.0,414.2,3
2175,14832,1533,8335,396,1398,32155,5661,0.4612657440522469,0.04767532265588555,0.25921318612968436,0.012315347535375524,0.04347690872337117,0.17605349090343647,Воловский,70-616-000-000,Воловский муниципальный район,муниципальный район,,1,,рп Волово,data-20180110-structure-20150128.csv,2018,9999,,,71,Тульская область,53.5548,38.006,1,71011.9,13746.0,384.2,1
2176,12059,1350,8575,282,923,30728,7539,0.3924433741213226,0.043933871387659466,0.27906144233272584,0.009177297578755532,0.03003775058578495,0.24534626399375162,Дубенский,70-618-000-000,Дубенский муниципальный район,муниципальный район,,1,,рп Дубна,data-20180110-structure-20150128.csv,2018,9999,,,71,Тульская область,54.1524925,36.9591856,1,54710.0,14743.0,395.5,3
2177,17477,1850,10049,1120,2197,43655,10962,0.40034360325277746,0.04237773450922002,0.23019127247737944,0.025655709540716984,0.050326423090138586,0.2511052571297675,Заокский,70-622-000-000,Заокский муниципальный район,муниципальный район,,1,,рп Заокский,data-20180110-structure-20150128.csv,2018,9999,,,71,Тульская область,54.7331733,37.3989781,1,60987.6,26774.0,430.7,2
2178,13792,1510,8697,200,1360,32392,6833,0.425784144233144,0.046616448505803904,0.268492220301309,0.0061743640405038285,0.04198567547542603,0.2109471474438133,Каменский,70-624-000-000,Каменский муниципальный район,муниципальный район,,1,,с Архангельское,data-20180110-structure-20150128.csv,2018,9999,,,71,Тульская область,53.2586327,37.6959452,1,60127.2,8141.0,372.8,1
2179,13208,1434,8009,513,1241,32132,7727,0.4110544005975352,0.04462840781775177,0.2492530810407071,0.015965392754886096,0.03862193452010457,0.2404767832690153,Кимовский,70-626-000-000,Кимовский муниципальный район,муниципальный район,,1,,г Кимовск,data-20180110-structure-20150128.csv,2018,9999,,,71,Тульская область,53.9699,38.5327,1,62210.4,38587.0,399.1,3
2180,13848,1376,8368,445,1035,32867,7795,0.42133446922445006,0.04186570115921745,0.2546018803054736,0.013539416435938784,0.031490552834149754,0.2371679800407704,Киреевский,70-628-000-000,Киреевский муниципальный район,муниципальный район,,1,,г Киреевск,data-20180110-structure-20150128.csv,2018,9999,,,71,Тульская область,53.926712,37.929916,1,55658.2,73376.0,398.8,3
2181,14352,1334,8211,149,1258,32389,7085,0.443113402698447,0.04118682268671463,0.2535119948130538,0.004600327271604557,0.03884034703139955,0.21874710549878046,Куркинский,70-630-000-000,Куркинский муниципальный район,муниципальный район,,1,,рп Куркино,data-20180110-structure-20150128.csv,2018,9999,,,71,Тульская область,53.4247526,38.6571206,1,57155.1,10641.0,378.7,1
2182,14012,1227,9387,494,1441,32760,6199,0.4277167277167277,0.03745421245421245,0.2865384615384615,0.01507936507936508,0.04398656898656899,0.18922466422466422,Одоевский,70-636-000-000,Одоевский муниципальный район,муниципальный район,,1,,рп Одоев,data-20180110-structure-20150128.csv,2018,9999,,,71,Тульская область,53.936798,36.687901,1,55383.7,11804.0,383.9,1
2183,15122,1265,8370,562,1347,35408,8742,0.42707862629914145,0.03572638951649345,0.2363872571170357,0.01587211929507456,0.038042250338906465,0.2468933574333484,Плавский,70-638-000-000,Плавский муниципальный район,муниципальный район,,1,,г Плавск,data-20180110-structure-20150128.csv,2018,9999,,,71,Тульская область,53.7068732,37.2920333,1,56367.1,29592.0,388.9,3
2184,14144,1326,7356,364,1341,32529,7998,0.43481201389529345,0.04076362630268376,0.22613667804113252,0.011190015063481816,0.04122475329705801,0.24587291340035045,Суворовский,70-640-000-000,Суворовский муниципальный район,муниципальный район,,1,,г Суворов,data-20180110-structure-20150128.csv,2018,9999,,,71,Тульская область,54.12236,36.500027,1,59611.5,34424.0,384.9,3
2185,13521,1388,7876,356,1321,29703,5241,0.4552065447934552,0.04672928660404673,0.26515840150826514,0.011985321348011986,0.044473622193044474,0.17644682355317645,Тепло-Огаревский,70-642-000-000,Тепло-Огаревский муниципальный район,муниципальный район,,1,,рп Теплое,data-20180110-structure-20150128.csv,2018,9999,,,71,Тульская область,53.6233396,37.5905627,1,50110.0,11101.0,387.7,1
2186,15254,1720,8222,1155,1645,39106,11110,0.39006802025264664,0.043983020508361885,0.2102490666393904,0.029535109701836034,0.0420651562420089,0.28409962665575617,Узловский,70-644-000-000,Узловский муниципальный район,муниципальный район,,1,,г Узловая,data-20180110-structure-20150128.csv,2018,9999,,,71,Тульская область,53.978512,38.160255,1,74356.2,75414.0,402.4,3
2187,14685,1224,9166,444,1518,35760,8723,0.41065436241610737,0.03422818791946309,0.2563199105145414,0.012416107382550336,0.0424496644295302,0.2439317673378076,Чернский,70-646-000-000,Чернский муниципальный район,муниципальный район,,1,,рп Чернь,data-20180110-structure-20150128.csv,2018,9999,,,71,Тульская область,53.450928,36.910103,1,55736.8,18218.0,379.0,3
2188,16710,1940,8782,1284,2061,42628,11851,0.39199587125832785,0.04550999343154734,0.2060148259360045,0.030121047199024115,0.04834850333114385,0.27800975884395235,Щекинский,70-648-000-000,Щекинский муниципальный район,муниципальный район,,1,,г Щекино,data-20180110-structure-20150128.csv,2018,9999,,,71,Тульская область,54.004465,37.5179079,1,74387.0,101699.0,402.6,2
2189,15783,1478,9167,890,1539,38504,9647,0.40990546436733843,0.038385622273010594,0.2380791606066902,0.023114481612300022,0.039969873259921046,0.25054539788073965,Ясногорский,70-650-000-000,Ясногорский муниципальный район,муниципальный район,,1,,г Ясногорск,data-20180110-structure-20150128.csv,2018,9999,,,71,Тульская область,54.4792708,37.693329,1,85275.5,30348.0,413.7,3
2190,18559,2732,7798,2982,3259,52623,17293,0.3526784865933147,0.051916462383368486,0.14818615434315793,0.056667236759591816,0.061931094768447256,0.3286205651521198,Тюмень,71-701-000-000,городской округ город Тюмень,городской округ,административный_центр_субъекта,2,71-644-000-000,г Тюмень,data-20180110-structure-20150128.csv,2018,9999,,,72,Тюменская область,57.153534,65.542274,1,106290.0,861098.0,337.9,5
2191,14981,1501,6303,746,1936,34942,9475,0.42873905328830636,0.04295690000572377,0.18038463739911853,0.021349665159407016,0.05540610153969435,0.27116364260775,Заводоуковский,71-703-000-000,городской округ Заводоуковский,городской округ,,1,,г Заводоуковск,data-20180110-structure-20150128.csv,2018,9999,,,72,Тюменская область,56.509293,66.539261,1,60984.4,47394.0,273.2,2
2192,15730,1416,6412,1129,2196,38228,11345,0.41147849743643405,0.03704091242021555,0.16773045934916814,0.02953332635764361,0.057444804855080044,0.2967719995814586,Ишим,71-705-000-000,городской округ город Ишим,городской округ,,2,71-626-000-000,г Ишим,data-20180110-structure-20150128.csv,2018,9999,,,72,Тюменская область,56.09537715,69.46592795241014,1,64808.8,67329.0,272.3,2
2193,17767,1936,7468,2317,2616,47149,15045,0.37682665592059217,0.041061316252730705,0.15839148232200045,0.049142081486351775,0.05548367939935099,0.3190947846189739,Тобольск,71-710-000-000,городской округ город Тобольск,городской округ,,2,71-642-000-000,г Тобольск,data-20180110-structure-20150128.csv,2018,9999,,,72,Тюменская область,58.1998048,68.2512924,1,97335.7,102733.0,264.7,2
2194,14960,1471,6040,841,1861,35735,10562,0.4186371904295509,0.041164124807611585,0.1690219672589898,0.023534350076955365,0.0520777948789702,0.2955645725479222,Ялуторовск,71-715-000-000,городской округ город Ялуторовск,городской округ,,2,71-656-000-000,г Ялуторовск,data-20180110-structure-20150128.csv,2018,9999,,,72,Тюменская область,56.64897495,66.2968841383236,1,64096.2,38970.0,283.8,2
2195,14103,1187,5743,221,1743,30410,7413,0.4637619204209142,0.03903321275896087,0.18885235120026306,0.007267346267675107,0.05731667214731996,0.24376849720486682,Абатский,71-603-000-000,Абатский муниципальный район,муниципальный район,,1,,с Абатское,data-20180110-structure-20150128.csv,2018,9999,,,72,Тюменская область,56.289024,70.453026,1,57922.5,18641.0,256.4,1
2196,12458,1234,8083,266,1713,32067,8313,0.3884990800511429,0.0384819284622821,0.25206598684005366,0.008295132067234229,0.053419403124707644,0.25923846945457946,Армизонский,71-605-000-000,Армизонский муниципальный район,муниципальный район,,1,,с Армизонское,data-20180110-structure-20150128.csv,2018,9999,,,72,Тюменская область,55.945129,67.685402,1,53701.3,9306.0,261.9,1
2197,13523,1194,5676,196,1470,28021,5962,0.48260233396381286,0.04261089896863067,0.2025623639413297,0.0069947539345490885,0.05246065450911816,0.2127689946825595,Аромашевский,71-607-000-000,Аромашевский муниципальный район,муниципальный район,,1,,с Аромашево,data-20180110-structure-20150128.csv,2018,9999,,,72,Тюменская область,56.865017,68.6473468,1,55769.3,10235.0,258.6,1
2198,13599,1171,6816,210,1684,30412,6932,0.44715901617782455,0.038504537682493754,0.2241220570827305,0.006905169012232014,0.05537287912666053,0.22793634091805867,Бердюжский,71-610-000-000,Бердюжский муниципальный район,муниципальный район,,1,,с Бердюжье,data-20180110-structure-20150128.csv,2018,9999,,,72,Тюменская область,55.805538,68.308907,1,54815.8,10693.0,262.8,1
2199,11694,956,6065,379,1278,28620,8248,0.40859538784067084,0.03340321453529001,0.21191474493361287,0.013242487770789657,0.04465408805031446,0.28819007686932213,Вагайский,71-613-000-000,Вагайский муниципальный район,муниципальный район,,1,,с Вагай,data-20180110-structure-20150128.csv,2018,9999,,,72,Тюменская область,57.9352224,69.0125864,1,59621.4,17835.0,253.6,3
2200,14714,1162,5569,659,1987,31009,6918,0.47450740107710665,0.03747299171208359,0.17959302138088942,0.021251894611241898,0.06407817085362315,0.2230965203650553,Викуловский,71-615-000-000,Викуловский муниципальный район,муниципальный район,,1,,с Викулово,data-20180110-structure-20150128.csv,2018,9999,,,72,Тюменская область,56.815155,70.605362,1,53629.6,14670.0,250.8,2
2201,13850,1067,5665,169,1650,29969,7568,0.4621442156895459,0.03560345690546898,0.18902866295171677,0.005639160465814675,0.055056892121859255,0.25252761186559447,Голышмановский,71-702-000-000,городской округ Голышмановский,городской округ,,1,,рп Голышманово,data-20190419-structure-20150128.csv,2020,9999,,,72,Тюменская область,56.3955,68.375,1,62188.6,23386.0,262.6,1
2202,12807,1059,5392,440,1479,29805,8628,0.42969300452944137,0.03553095118268747,0.1809092434155343,0.014762623720852207,0.049622546552591844,0.2894816305988928,Исетский,71-624-000-000,Исетский муниципальный район,муниципальный район,,1,,с Исетское,data-20180110-structure-20150128.csv,2018,9999,,,72,Тюменская область,56.475377,65.3286838,1,58380.7,25979.0,280.0,3
2203,14520,1320,5776,697,1883,33899,9703,0.4283312192100062,0.0389392017463642,0.17038850703560576,0.020561078497890795,0.05554736127909378,0.2862326322310393,Ишимский,71-626-000-000,Ишимский муниципальный район,муниципальный район,,3,71-705-000-000,г Ишим,data-20180110-structure-20150128.csv,2018,9999,,,72,Тюменская область,56.09537715,69.46592795241014,1,57455.9,28178.0,294.7,2
2204,12988,1063,6644,196,1549,29402,6962,0.44173865723420175,0.03615400312903884,0.22597102237942998,0.006666213182776682,0.0526834909189851,0.23678661315556765,Казанский,71-630-000-000,Казанский муниципальный район,муниципальный район,,1,,с Казанское,data-20180110-structure-20150128.csv,2018,9999,,,72,Тюменская область,55.6434378,69.2419265,1,55932.0,19959.0,258.1,1
2205,13889,867,7039,290,1143,30092,6864,0.4615512428552439,0.02881164429084142,0.23391599096105278,0.009637112853914661,0.037983517213877445,0.22810049182506978,Нижнетавдинский,71-632-000-000,Нижнетавдинский муниципальный район,муниципальный район,,1,,с Нижняя Тавда,data-20180110-structure-20150128.csv,2018,9999,,,72,Тюменская область,57.665195,66.172325,1,59034.7,27122.0,268.5,1
2206,13650,1244,6811,288,1634,30839,7212,0.4426213560750997,0.04033853237783326,0.22085670741593436,0.009338824216090016,0.05298485683712183,0.23385972307792083,Омутинский,71-634-000-000,Омутинский муниципальный район,муниципальный район,,1,,с Омутинское,data-20180110-structure-20150128.csv,2018,9999,,,72,Тюменская область,56.476646,67.66394,1,57938.6,18399.0,266.4,1
2207,13021,1135,5434,198,1292,26085,5005,0.4991757715161971,0.04351159670308607,0.20831895725512747,0.007590569292696952,0.049530381445275065,0.1918727237876174,Сладковский,71-636-000-000,Сладковский муниципальный район,муниципальный район,,1,,с Сладково,data-20180110-structure-20150128.csv,2018,9999,,,72,Тюменская область,55.528728,70.347,1,54093.6,10763.0,254.5,1
2208,13646,861,5442,332,1790,29742,7671,0.45881245376908075,0.02894896106516038,0.18297357272543877,0.011162665590747092,0.060184251227220764,0.25791809562235224,Сорокинский,71-638-000-000,Сорокинский муниципальный район,муниципальный район,,1,,с Большое Сорокино,data-20180110-structure-20150128.csv,2018,9999,,,72,Тюменская область,56.6295759,69.8076705,1,55426.9,9230.0,254.5,2
2210,16682,2201,7768,2527,3137,47284,14969,0.35280433127484984,0.04654851535403096,0.16428390153117334,0.053443025124777936,0.06634379494120633,0.3165764317739616,Тюменский,71-644-000-000,Тюменский муниципальный район,муниципальный район,,3,71-701-000-000,г Тюмень,data-20180110-structure-20150128.csv,2018,9999,,,72,Тюменская область,57.153534,65.542274,1,81701.1,143580.0,676.7,5
2211,16307,1083,8604,650,1345,36070,8081,0.45209315220404767,0.03002495148322706,0.23853617965067925,0.018020515663986693,0.03728860548932631,0.22403659550873303,Уватский,71-648-000-000,Уватский муниципальный район,муниципальный район,,1,,с Уват,data-20180110-structure-20150128.csv,2018,9999,,,72,Тюменская область,59.1428822,68.8961724,1,122655.3,18683.0,245.3,3
2212,14699,1147,5649,455,1691,30653,7012,0.4795289204971781,0.03741884970475973,0.18428865037679837,0.0148435715916876,0.05516588914624996,0.22875411868332626,Упоровский,71-650-000-000,Упоровский муниципальный район,муниципальный район,,1,,с Упорово,data-20180110-structure-20150128.csv,2018,9999,,,72,Тюменская область,56.312378,66.267189,1,54553.1,19403.0,271.3,1
2213,14669,1162,7076,210,1490,31374,6767,0.4675527506852808,0.037037037037037035,0.22553706891056288,0.006693440428380187,0.047491553515649904,0.21568814942308917,Юргинский,71-653-000-000,Юргинский муниципальный район,муниципальный район,,1,,с Юргинское,data-20180110-structure-20150128.csv,2018,9999,,,72,Тюменская область,56.818596,67.392548,1,54980.6,11096.0,264.9,1
2215,13297,928,5901,481,1410,29436,7419,0.4517257779589618,0.03152602255741269,0.20046881369751324,0.016340535398831364,0.047900529963310234,0.2520383204239707,Ярковский,71-658-000-000,Ярковский муниципальный район,муниципальный район,,1,,с Ярково,data-20180110-structure-20150128.csv,2018,9999,,,72,Тюменская область,57.405594,67.07177,1,62492.9,23139.0,266.8,2
2216,20749,2216,10367,3756,3593,60495,19814,0.3429870237209687,0.03663112653938342,0.17136953467228697,0.06208777584924374,0.05939333829242086,0.3275312009256963,Ханты-Мансийск,71-871-000-000,городской округ город Ханты-Мансийск,городской округ,административный_центр_субъекта,2,71-829-000-000,г Ханты-Мансийск,data-20180110-structure-20150128.csv,2018,9999,,,86,Ханты-Мансийский автономный округ — Югра,61.0034448,69.0190006,1,133101.4,111772.0,238.7,5
2217,19113,1882,9840,2980,2642,52897,16440,0.36132483883774125,0.03557857723500388,0.18602189160065788,0.056335898066052895,0.04994612170822542,0.3107926725523187,Когалым,71-883-000-000,городской округ город Когалым,городской округ,,1,,г Когалым,data-20180110-structure-20150128.csv,2018,9999,,,86,Ханты-Мансийский автономный округ — Югра,62.26798,74.4889068,1,142278.9,63963.0,218.9,5
2218,16164,1459,7483,1934,1457,41891,13394,0.38585853763338185,0.03482848344513141,0.17863025470864863,0.046167434532477146,0.03478074049318469,0.31973454918717625,Лангепас,71-872-000-000,городской округ город Лангепас,городской округ,,1,,г Лангепас,data-20180110-structure-20150128.csv,2018,9999,,,86,Ханты-Мансийский автономный округ — Югра,61.25166204999999,75.17881042039596,1,114243.3,44157.0,224.1,4
2219,18225,2061,8501,2608,2064,50540,17081,0.36060546102097346,0.04077958053027305,0.1682034032449545,0.051602690937870996,0.0408389394538979,0.3379699248120301,Мегион,71-873-000-000,городской округ город Мегион,городской округ,,1,,г Мегион,data-20180110-structure-20150128.csv,2018,9999,,,86,Ханты-Мансийский автономный округ — Югра,61.035404,76.108215,1,124732.7,59715.0,223.4,4
2220,19553,2119,8638,2734,2727,54151,18380,0.3610828978227549,0.03913131798120072,0.1595169064283208,0.050488448966778086,0.05035918080921867,0.33942124799172685,Нефтеюганск,71-874-000-000,городской округ город Нефтеюганск,городской округ,,2,71-818-000-000,г Нефтеюганск,data-20180110-structure-20150128.csv,2018,9999,,,86,Ханты-Мансийский автономный округ — Югра,61.0962043,72.6111908351568,1,134448.9,126690.0,241.3,5
2221,19626,2190,7723,3071,2841,54011,18560,0.3633704245431486,0.04054729592120124,0.1429893910499713,0.05685878802466164,0.05260039621558572,0.3436337042454315,Нижневартовск,71-875-000-000,городской округ город Нижневартовск,городской округ,,2,71-819-000-000,г Нижневартовск,data-20180110-structure-20150128.csv,2018,9999,,,86,Ханты-Мансийский автономный округ — Югра,60.9391866,76.55117870683605,1,119385.6,290535.0,225.3,5
2222,21137,2013,9984,2518,2580,55580,17348,0.38029866858582223,0.0362180640518172,0.17963296149694136,0.045304066210867217,0.046419575386829795,0.3121266642677222,Нягань,71-879-000-000,городской округ город Нягань,городской округ,,1,,г Нягань,data-20180110-structure-20150128.csv,2018,9999,,,86,Ханты-Мансийский автономный округ — Югра,62.1650621,65.45441966394608,1,117913.9,63466.0,236.1,4
2223,16182,1442,8563,1457,1568,41945,12733,0.3857909166766003,0.034378352604601266,0.2041482894266301,0.034735963762069375,0.03738228632733341,0.3035641912027655,Покачи,71-884-000-000,городской округ город Покачи,городской округ,,1,,г Покачи,data-20180110-structure-20150128.csv,2018,9999,,,86,Ханты-Мансийский автономный округ — Югра,61.73768990000001,75.60509414915978,1,115289.7,16556.0,220.3,3
2224,18188,1527,8830,2225,2535,47655,14350,0.3816598468156542,0.03204280768020145,0.18529010596999265,0.04668974923932431,0.05319483789738747,0.30112265239743996,Пыть-Ях,71-885-000-000,городской округ город Пыть-Ях,городской округ,,1,,г Пыть-Ях,data-20180110-structure-20150128.csv,2018,9999,,,86,Ханты-Мансийский автономный округ — Югра,60.7097399,72.85847962489736,1,118280.6,40530.0,230.9,2
2225,14528,1202,7295,1491,1118,36984,11350,0.3928185161150768,0.03250054077438892,0.19724745836037205,0.04031473069435432,0.030229288340904176,0.3068894657149037,Радужный,71-877-000-000,городской округ город Радужный,городской округ,,1,,г Радужный,data-20180110-structure-20150128.csv,2018,9999,,,86,Ханты-Мансийский автономный округ — Югра,62.135315,77.462616,1,117694.5,45574.0,212.3,3
2226,20278,2319,8077,3306,3249,55515,18286,0.3652706475727281,0.04177249392056201,0.14549220931279835,0.05955147257497974,0.05852472304782491,0.3293884535711069,Сургут,71-876-000-000,городской округ город Сургут,городской округ,,2,71-826-000-000,г Сургут,data-20180110-structure-20150128.csv,2018,9999,,,86,Ханты-Мансийский автономный округ — Югра,61.2922349,73.41583674801504,1,140879.7,420347.0,277.9,5
2227,19426,1789,9141,1990,2422,48964,14196,0.39674046238052446,0.03653704762682787,0.18668817907033738,0.04064210440323503,0.04946491299730414,0.2899272935217711,Урай,71-878-000-000,городской округ город Урай,городской округ,,1,,г Урай,data-20180110-structure-20150128.csv,2018,9999,,,86,Ханты-Мансийский автономный округ — Югра,60.1192579,64.7599996856959,1,114415.3,41356.0,234.5,2
2228,16833,1618,7871,1871,2512,44200,13495,0.3808371040723982,0.03660633484162896,0.17807692307692308,0.042330316742081445,0.056832579185520364,0.305316742081448,Югорск,71-887-000-000,городской округ город Югорск,городской округ,,1,,г Югорск,data-20180110-structure-20150128.csv,2018,9999,,,86,Ханты-Мансийский автономный округ — Югра,61.3159174,63.3344785884512,1,142055.4,39233.0,245.1,2
2229,15494,1417,8090,2284,1665,42594,13644,0.3637601540123022,0.0332675963750763,0.18993285439263746,0.05362257594966427,0.03909001267784195,0.3203268065924778,Белоярский,71-811-000-000,Белоярский муниципальный район,муниципальный район,,1,,г Белоярский,data-20180110-structure-20150128.csv,2018,9999,,,86,Ханты-Мансийский автономный округ — Югра,63.68158065,66.75617738996769,1,146470.7,28479.0,223.4,4
2230,16202,1289,10069,854,2027,43906,13465,0.3690156242882522,0.029358174281419396,0.2293308431649433,0.019450644558830228,0.04616681091422584,0.3066779027923291,Березовский,71-812-000-000,Березовский муниципальный район,муниципальный район,,1,,пгт Березово,data-20180110-structure-20150128.csv,2018,9999,,,86,Ханты-Мансийский автономный округ — Югра,63.935246,65.053566,1,123093.5,22821.0,222.4,4
2231,17647,1404,9997,996,2407,43901,11450,0.40197262021366253,0.03198104826769322,0.22771690849866746,0.022687410309560146,0.054827908248103685,0.26081410446231296,Кондинский,71-816-000-000,Кондинский муниципальный район,муниципальный район,,1,,пгт Междуреченский,data-20180110-structure-20150128.csv,2018,9999,,,86,Ханты-Мансийский автономный округ — Югра,59.5924863,65.90851,1,116572.3,30387.0,230.9,2
2232,16993,1535,9539,1417,1878,46210,14848,0.3677342566544038,0.03321791819952391,0.2064271802640121,0.03066435836399048,0.040640553992642284,0.3213157325254274,Нефтеюганский,71-818-000-000,Нефтеюганский муниципальный район,муниципальный район,,3,71-874-000-000,г Нефтеюганск,data-20180110-structure-20150128.csv,2018,9999,,,86,Ханты-Мансийский автономный округ — Югра,61.0962043,72.6111908351568,1,138589.1,47486.0,260.2,4
2233,13549,1105,7495,1318,1226,35601,10908,0.3805791972135614,0.03103845397601191,0.2105277941630853,0.037021431982247686,0.03443723490913177,0.30639588775596194,Нижневартовский,71-819-000-000,Нижневартовский муниципальный район,муниципальный район,,3,71-875-000-000,г Нижневартовск,data-20180110-structure-20150128.csv,2018,9999,,,86,Ханты-Мансийский автономный округ — Югра,60.9391866,76.55117870683605,1,127830.1,38693.0,268.0,3
2234,17750,1147,9891,812,1519,42055,10936,0.42206634169539886,0.02727380810842944,0.2351920104624896,0.019308048983474022,0.03611936749494709,0.26004042325526094,Октябрьский,71-821-000-000,Октябрьский муниципальный район,муниципальный район,,1,,пгт Октябрьское,data-20180110-structure-20150128.csv,2018,9999,,,86,Ханты-Мансийский автономный округ — Югра,62.459541,66.045067,1,129455.8,32120.0,231.4,3
2235,18249,1392,8195,1186,2248,42570,11300,0.42868217054263563,0.03269908386187456,0.1925064599483204,0.027859995301855768,0.052807141179234206,0.2654451491660794,Советский,71-824-000-000,Советский муниципальный район,муниципальный район,,1,,г Советский,data-20180110-structure-20150128.csv,2018,9999,,,86,Ханты-Мансийский автономный округ — Югра,61.35802885,63.56218800350869,1,105421.9,46492.0,244.4,2
2236,15351,1303,7490,1741,1682,40333,12766,0.38060645129298587,0.03230605211613319,0.18570401408276102,0.043165645997074356,0.04170282399028091,0.31651501252076464,Сургутский,71-826-000-000,Сургутский муниципальный район,муниципальный район,,3,71-876-000-000,г Сургут,data-20180110-structure-20150128.csv,2018,9999,,,86,Ханты-Мансийский автономный округ — Югра,61.2922349,73.41583674801504,1,141717.7,129992.0,397.2,4
2237,15727,1144,7023,1896,2590,39905,11525,0.3941110136574364,0.028668086705926576,0.17599298333542163,0.04751284300213006,0.06490414734995614,0.28881092594912916,Ханты-Мансийский,71-829-000-000,Ханты-Мансийский муниципальный район,муниципальный район,,3,71-871-000-000,г Ханты-Мансийск,data-20180110-structure-20150128.csv,2018,9999,,,86,Ханты-Мансийский автономный округ — Югра,61.0034448,69.0190006,1,142244.3,19022.0,274.6,2
2238,25164,2353,9042,2815,4396,67290,23520,0.37396344181899244,0.034968048744241344,0.13437360677663843,0.041833853470054985,0.06532917223956011,0.3495318769505127,Салехард,71-951-000-000,городской округ город Салехард,городской округ,административный_центр_субъекта,1,,г Салехард,data-20180110-structure-20150128.csv,2018,9999,,,89,Ямало-Ненецкий автономный округ,66.34953595,66.63347415344438,1,169044.9,49236.0,205.0,5
2241,18396,1596,10153,1958,1763,48421,14555,0.37991780425848287,0.03296090539228847,0.2096817496540757,0.04043700047500052,0.03640982218458933,0.3005927180355631,Муравленко,71-955-000-000,городской округ город Муравленко,городской округ,,1,,г Муравленко,data-20180110-structure-20150128.csv,2018,9999,,,89,Ямало-Ненецкий автономный округ,63.7947977,74.4969322,1,130077.5,29581.0,210.4,4
2242,17804,1891,8669,3305,2911,52912,18332,0.336483217417599,0.03573858482007862,0.16383807075899606,0.06246220139098881,0.0550158754157847,0.34646205019655274,Новый Уренгой,71-956-000-000,городской округ город Новый Уренгой,городской округ,,1,,г Новый Уренгой,data-20180110-structure-20150128.csv,2018,9999,,,89,Ямало-Ненецкий автономный округ,66.02896595,78.08097865620685,1,174598.5,106890.0,200.7,5
2243,19367,1856,8789,2517,2573,50724,15622,0.381811371342954,0.036590174276476616,0.17327103540730227,0.049621480955760584,0.05072549483479221,0.3079804431827143,Ноябрьск,71-958-000-000,городской округ город Ноябрьск,городской округ,,1,,г Ноябрьск,data-20180110-structure-20150128.csv,2018,9999,,,89,Ямало-Ненецкий автономный округ,63.1191178,75.34670351236167,1,156219.1,102938.0,211.8,5
2244,20931,1429,6325,905,730,50976,20656,0.4106049905838041,0.028032799748901445,0.12407799748901444,0.017753452605147522,0.01432046453232894,0.4052102950408035,Красноселькупский,71-933-000-000,муниципальный округ Красноселькупский район,муниципальный округ,,1,,с Красноселькуп,data-20220128-structure-20150128.csv,2022,9999,,,89,Ямало-Ненецкий автономный округ,65.704239,82.458855,1,177997.6,5640.0,191.7,4
2245,18545,1606,9152,2464,1936,50092,16389,0.37021879741276054,0.03206100774574783,0.1827038249620698,0.049189491335941866,0.03864888604966861,0.3271779924938114,Надымский,71-936-000-000,муниципальный округ Надымский район,муниципальный округ,,1,,г Надым,data-20210118-structure-20150128.csv,2021,9999,,,89,Ямало-Ненецкий автономный округ,65.532,72.52,1,192600.2,65345.0,205.7,4
2248,20845,1378,11479,2609,1693,54543,16539,0.3821755312322388,0.025264470234493887,0.21045780393451038,0.04783381918853015,0.031039730121188786,0.303228645289038,Тазовский,71-943-000-000,муниципальный округ Тазовский район,муниципальный округ,,1,,п Тазовский,data-20210118-structure-20150128.csv,2021,9999,,,89,Ямало-Ненецкий автономный округ,67.4735321,78.7149206,1,181196.5,17876.0,191.5,4
2249,23743,1218,7574,738,2124,48059,12662,0.4940385775817225,0.025343848186603967,0.15759795251669823,0.015356124763311763,0.044195676148068,0.2634678208035956,Шурышкарский,71-946-000-000,муниципальный округ Шурышкарский район,муниципальный округ,,1,,с Мужи,data-20221219-structure-20150128.csv,2023,9999,,,89,Ямало-Ненецкий автономный округ,65.400004,64.7018584,2,118486.6,9162.0,212.8,4
2250,26510,1782,6383,2260,1665,56324,17724,0.4706696967544919,0.031638377956111075,0.11332646829060436,0.040124991122789576,0.029561110716568424,0.3146793551594347,Ямальский,71-948-000-000,муниципальный округ Ямальский район,муниципальный округ,,1,,с Яр-Сале,data-20220128-structure-20150128.csv,2022,9999,,,89,Ямало-Ненецкий автономный округ,66.865563,70.83653,1,163565.2,16268.0,197.2,4
2251,15299,2160,7153,1792,2409,41158,12345,0.371713883084698,0.05248068419262355,0.17379367316196123,0.04353953058943583,0.05853054084260654,0.2999416881286749,Ульяновск,73-701-000-000,городской округ город Ульяновск,городской округ,административный_центр_субъекта,1,,г Ульяновск,data-20180110-structure-20150128.csv,2018,9999,,,73,Ульяновская область,54.3150278,48.403373,1,69508.0,632771.0,349.5,2
2252,14789,1724,6745,1282,1943,36599,10116,0.4040820787453209,0.04710511216153447,0.18429465285936775,0.035028279461187466,0.053088882209896444,0.27640099456269296,Димитровград,73-705-000-000,городской округ город Димитровград,городской округ,,2,73-622-000-000,г Димитровград,data-20180110-structure-20150128.csv,2018,9999,,,73,Ульяновская область,54.2188995,49.6038982,1,64255.5,108804.0,365.3,2
2253,10909,1117,5566,462,712,26475,7709,0.4120491029272899,0.04219074598677998,0.2102360717658168,0.01745042492917847,0.026893295561850803,0.29118035882908405,Новоульяновск,73-715-000-000,городской округ город Новоульяновск,городской округ,,1,,г Новоульяновск,data-20180110-structure-20150128.csv,2018,9999,,,73,Ульяновская область,54.1502073,48.3856508,1,62325.9,16791.0,354.0,3
2254,13367,1204,6098,168,1331,27438,5270,0.4871710766090823,0.04388074932575261,0.2222465194256141,0.006122895254756178,0.048509366571907575,0.19206939281288724,Базарносызганский,73-602-000-000,Базарносызганский муниципальный район,муниципальный район,,1,,рп Базарный Сызган,data-20180110-structure-20150128.csv,2018,9999,,,73,Ульяновская область,53.7482676,46.7584818,1,38635.8,7275.0,349.7,1
2255,11372,1101,5492,259,1150,24692,5318,0.46055402559533454,0.044589340677142396,0.22242021707435608,0.010489227280090718,0.04657378908148388,0.2153734002915924,Барышский,73-604-000-000,Барышский муниципальный район,муниципальный район,,1,,г Барыш,data-20180110-structure-20150128.csv,2018,9999,,,73,Ульяновская область,53.6540758,47.1013737,1,42037.2,34969.0,349.2,1
2256,11627,1211,5506,255,968,24234,4667,0.47978047371461585,0.04997111496244945,0.2272014525047454,0.010522406536271353,0.03994388049847322,0.19258067178344473,Вешкаймский,73-607-000-000,Вешкаймский муниципальный район,муниципальный район,,1,,рп Вешкайма,data-20180110-structure-20150128.csv,2018,9999,,,73,Ульяновская область,54.0487859,47.1238442,1,40269.2,14314.0,351.1,1
2257,12934,1267,5339,481,1228,26754,5505,0.4834417283396875,0.04735740450026164,0.19955894445690364,0.017978620019436346,0.04589967855273978,0.20576362413097107,Инзенский,73-610-000-000,Инзенский муниципальный район,муниципальный район,,1,,г Инза,data-20180110-structure-20150128.csv,2018,9999,,,73,Ульяновская область,53.8579402,46.3573236,1,45354.6,25875.0,353.2,1
2258,9735,1021,5317,292,1048,22150,4737,0.43950338600451466,0.046094808126410834,0.2400451467268623,0.013182844243792326,0.047313769751693005,0.21386004514672685,Карсунский,73-614-000-000,Карсунский муниципальный район,муниципальный район,,1,,рп Карсун,data-20180110-structure-20150128.csv,2018,9999,,,73,Ульяновская область,54.1970553,46.9793449,1,38809.2,19556.0,354.4,1
2259,11060,1120,5313,337,1098,23858,4930,0.46357615894039733,0.04694442115852125,0.22269259787073517,0.014125241009305055,0.0460222986000503,0.20663928242099086,Кузоватовский,73-616-000-000,Кузоватовский муниципальный район,муниципальный район,,1,,рп Кузоватово,data-20180110-structure-20150128.csv,2018,9999,,,73,Ульяновская область,53.5408,47.685,1,43252.9,17939.0,347.8,1
2260,11414,1087,4667,173,902,22487,4244,0.5075821585805131,0.04833904033441544,0.20754213545604128,0.007693333926268511,0.040112064748521366,0.18873126695424022,Майнский,73-620-000-000,Майнский муниципальный район,муниципальный район,,1,,рп Майна,data-20180110-structure-20150128.csv,2018,9999,,,73,Ульяновская область,54.1140512,47.6264897,1,42546.4,19862.0,350.9,1
2262,9746,1199,5691,227,1402,23378,5113,0.4168876721704166,0.0512875352895885,0.24343399777568656,0.009709983745401659,0.05997091282402259,0.21870989819488407,Николаевский,73-625-000-000,Николаевский муниципальный район,муниципальный район,,1,,рп Николаевка,data-20180110-structure-20150128.csv,2018,9999,,,73,Ульяновская область,53.1311155,47.2003659,1,48128.2,21200.0,351.4,1
2264,11853,1231,5980,375,1087,26892,6366,0.4407630522088353,0.045775695374088946,0.2223709653428529,0.013944667559125391,0.0404209430313848,0.23672467648371262,Новоспасский,73-629-000-000,Новоспасский муниципальный район,муниципальный район,,1,,рп Новоспасское,data-20180110-structure-20150128.csv,2018,9999,,,73,Ульяновская область,53.1492062,47.7526084,1,53868.8,19921.0,349.9,1
2265,9294,1172,6322,163,886,22214,4377,0.41838480237687947,0.05275952102277843,0.2845953002610966,0.007337714954533177,0.03988475736022328,0.19703790402448906,Павловский,73-632-000-000,Павловский муниципальный район,муниципальный район,,1,,рп Павловка,data-20180110-structure-20150128.csv,2018,9999,,,73,Ульяновская область,52.6894894,47.1398473,1,48968.3,11582.0,345.5,1
2266,11280,1170,5910,120,1206,25857,6171,0.4362455041188073,0.04524886877828054,0.2285647987005453,0.004640909618285184,0.046641141663766095,0.23865877712031558,Радищевский,73-634-000-000,Радищевский муниципальный район,муниципальный район,,1,,рп Радищево,data-20180110-structure-20150128.csv,2018,9999,,,73,Ульяновская область,52.8520485,47.8706585,1,39825.0,11246.0,344.0,1
2267,10814,925,5665,278,842,23342,4818,0.4632850655470825,0.03962813812012681,0.24269557021677662,0.011909862051238111,0.03607231599691543,0.2064090480678605,Сенгилеевский,73-636-000-000,Сенгилеевский муниципальный район,муниципальный район,,1,,г Сенгилей,data-20180110-structure-20150128.csv,2018,9999,,,73,Ульяновская область,53.9588733,48.7872182,1,55450.6,19008.0,342.6,1
2268,10014,1298,3444,174,781,19340,3629,0.5177869700103412,0.0671147880041365,0.178076525336091,0.008996897621509825,0.04038262668045502,0.1876421923474664,Старокулаткинский,73-639-000-000,Старокулаткинский муниципальный район,муниципальный район,,1,,рп Старая Кулатка,data-20180110-structure-20150128.csv,2018,9999,,,73,Ульяновская область,52.7313796,47.6207042,1,36450.9,9545.0,343.3,1
2269,9611,823,5311,290,763,21893,5095,0.4389987667290915,0.03759192435938428,0.2425889553738638,0.013246243091399077,0.034851322340474125,0.23272278810578723,Старомайнский,73-642-000-000,Старомайнский муниципальный район,муниципальный район,,1,,рп Старая Майна,data-20180110-structure-20150128.csv,2018,9999,,,73,Ульяновская область,54.6070643,48.9258988,1,41303.6,14556.0,347.3,3
2270,10139,1161,5624,396,1037,22851,4494,0.443700494507899,0.05080740448995667,0.24611614371362303,0.01732965734541158,0.045380946129272244,0.19666535381383746,Сурский,73-644-000-000,Сурский муниципальный район,муниципальный район,,1,,рп Сурское,data-20180110-structure-20150128.csv,2018,9999,,,73,Ульяновская область,54.4800412,46.7234429,1,40095.8,14437.0,355.6,1
2271,10541,1073,4813,52,847,21860,4534,0.4822049405306496,0.04908508691674291,0.22017383348581884,0.0023787740164684353,0.038746569075937785,0.20741079597438244,Тереньгульский,73-648-000-000,Тереньгульский муниципальный район,муниципальный район,,1,,рп Тереньга,data-20180110-structure-20150128.csv,2018,9999,,,73,Ульяновская область,53.7161121,48.367123,1,42415.2,15507.0,348.8,1
2272,10781,1020,4817,491,864,23874,5901,0.45157912373293124,0.0427243025885901,0.201767613303175,0.020566306442154646,0.03618999748680573,0.24717265644634331,Ульяновский,73-652-000-000,Ульяновский муниципальный район,муниципальный район,,1,,рп Ишеевка,data-20180110-structure-20150128.csv,2018,9999,,,73,Ульяновская область,54.4269176,48.2749899,1,52985.3,34931.0,358.7,3
2274,11106,1176,6026,623,1262,26680,6487,0.41626686656671663,0.044077961019490255,0.22586206896551725,0.023350824587706147,0.04730134932533733,0.2431409295352324,Чердаклинский,73-656-000-000,Чердаклинский муниципальный район,муниципальный район,,1,,рп Чердаклы,data-20180110-structure-20150128.csv,2018,9999,,,73,Ульяновская область,54.3600605,48.8489979,1,69072.4,38945.0,354.4,3
2275,16503,2298,6891,2298,2750,45192,14452,0.3651752522570366,0.05084970791290494,0.15248274030801912,0.05084970791290494,0.06085147813772349,0.31979111347141087,Челябинский,75-701-000-000,городской округ Челябинский,городской округ,административный_центр_субъекта,1,,г Челябинск,data-20180110-structure-20150128.csv,2018,9999,,,74,Челябинская область,55.1598408,61.4025547,1,84815.5,1177058.0,297.8,5
2276,14406,1359,5693,689,1228,31846,8471,0.45236450417634866,0.04267411919864347,0.17876656408968158,0.021635370219179804,0.038560572756390125,0.2659988695597563,Верхнеуфалейский,75-706-000-000,городской округ Верхнеуфалейский,городской округ,,1,,г Верхний Уфалей,data-20180110-structure-20150128.csv,2018,9999,,,74,Челябинская область,56.052029,60.226448,1,59045.2,25205.0,308.4,3
2278,13226,1231,6061,951,1044,32665,10152,0.4048982090923006,0.03768559620388796,0.18555028317771316,0.029113730292361854,0.0319608143272616,0.3107913669064748,Карабашский,75-715-000-000,городской округ Карабашский,городской округ,,1,,г Карабаш,data-20180110-structure-20150128.csv,2018,9999,,,74,Челябинская область,55.4885688,60.2028784,1,66587.7,10372.0,307.2,3
2279,16589,1874,6730,1679,2273,42611,13466,0.38931261880735024,0.04397925418319213,0.15794043791509235,0.039402971063809814,0.05334303348900519,0.31602168454155033,Копейский,75-728-000-000,городской округ Копейский,городской округ,,1,,г Копейск,data-20180110-structure-20150128.csv,2018,9999,,,74,Челябинская область,55.1131951,61.6216332,1,71657.4,147109.0,314.0,2
2280,16186,1830,6921,1196,2033,39129,10963,0.41365738965984306,0.04676838150732193,0.17687648547113394,0.030565565181834446,0.051956349510593164,0.28017582866927343,Кыштымский,75-734-000-000,городской округ Кыштымский,городской округ,,1,,г Кыштым,data-20180110-structure-20150128.csv,2018,9999,,,74,Челябинская область,55.7099215,60.5511275,1,65719.5,37146.0,308.9,2
2281,14449,1867,6140,1849,2222,39061,12534,0.3699086044904124,0.047797035406159594,0.15719003609738613,0.047336217710760096,0.05688538439876091,0.32088272189652084,Магнитогорский,75-738-000-000,городской округ Магнитогорский,городской округ,,1,,г Магнитогорск,data-20180110-structure-20150128.csv,2018,9999,,,74,Челябинская область,53.4242184,58.983136,1,83303.8,408715.0,292.1,2
2282,16394,2026,7202,1852,2324,42583,12785,0.3849893149848531,0.04757767184087547,0.16912852546790974,0.0434915341803067,0.05457576967334382,0.3002371838527112,Миасский,75-742-000-000,городской округ Миасский,городской округ,,1,,г Миасс,data-20180110-structure-20150128.csv,2018,9999,,,74,Челябинская область,55.0505685,60.1087125,1,78991.3,160837.0,308.1,2
2286,14383,1748,6178,1014,1928,35694,10443,0.4029528772342691,0.04897181599148316,0.17308231075250743,0.028408135821146412,0.05401468033843223,0.2925701798621617,Троицкий,75-752-000-000,городской округ Троицкий,городской округ,,2,75-654-000-000,г Троицк,data-20180110-structure-20150128.csv,2018,9999,,,74,Челябинская область,54.0847722,61.5514047,1,57716.2,69845.0,304.8,2
2287,14265,1467,6325,669,1225,32265,8314,0.4421199442119944,0.04546722454672245,0.19603285293661862,0.020734542073454206,0.03796683713001705,0.25767859910119323,Усть-Катавский,75-755-000-000,городской округ Усть-Катавский,городской округ,,1,,г Усть-Катав,data-20180110-structure-20150128.csv,2018,9999,,,74,Челябинская область,54.9308,58.17484,1,57046.3,23326.0,312.4,3
2288,16206,1844,7674,1713,2013,41922,12472,0.38657506798339775,0.0439864510280998,0.18305424359524833,0.04086160011449835,0.048017747244883356,0.2975048900338724,Чебаркульский,75-758-000-000,городской округ Чебаркульский,городской округ,,2,75-657-000-000,г Чебаркуль,data-20180110-structure-20150128.csv,2018,9999,,,74,Челябинская область,54.977795,60.37009,1,57557.8,44648.0,322.8,2
2289,15510,1865,6647,1142,1953,37855,10738,0.40972130497952713,0.04926693963809272,0.17559107119270903,0.03016774534407608,0.05159159952450139,0.28366133932109366,Южноуральский,75-764-000-000,городской округ Южноуральский,городской округ,,1,,г Южноуральск,data-20180110-structure-20150128.csv,2018,9999,,,74,Челябинская область,54.4425364,61.2682731,1,70031.6,37265.0,297.8,2
2292,11512,1032,4907,436,990,26328,7451,0.43725311455484656,0.03919781221513218,0.1863795199027651,0.016560316013369797,0.03760255241567913,0.28300668489820724,Аргаяшский,75-606-000-000,Аргаяшский муниципальный район,муниципальный район,,1,,с Аргаяш,data-20180110-structure-20150128.csv,2018,9999,,,74,Челябинская область,55.4908093,60.8776278,1,59756.1,39383.0,307.9,3
2293,15204,1469,6717,613,1050,33433,8380,0.4547602668022612,0.04393862351568809,0.2009092812490653,0.018335177818323212,0.03140609577363682,0.25065055484102533,Ашинский,75-609-000-000,Ашинский муниципальный район,муниципальный район,,1,,г Аша,data-20180110-structure-20150128.csv,2018,9999,,,74,Челябинская область,54.9908896,57.2780531,1,70379.1,54113.0,315.2,3
2294,10825,1185,6202,241,979,27673,8241,0.39117551403895495,0.042821522783941024,0.22411737072236476,0.008708849781375348,0.035377443717703176,0.29779929895566076,Брединский,75-612-000-000,Брединский муниципальный район,муниципальный район,,1,,п Бреды,data-20180110-structure-20150128.csv,2018,9999,,,74,Челябинская область,52.4223974,60.3372556,1,48500.9,23380.0,276.0,3
2295,13090,1228,6031,548,1499,29740,7344,0.44014794889038333,0.04129119031607263,0.20279085406859448,0.018426361802286483,0.05040349697377269,0.24694014794889038,Варненский,75-614-000-000,Варненский муниципальный район,муниципальный район,,1,,с Варна,data-20180110-structure-20150128.csv,2018,9999,,,74,Челябинская область,53.3778252,60.9783588,1,73409.7,24054.0,279.8,1
2296,12100,1107,5533,446,1112,28268,7970,0.4280458468940144,0.03916088863732843,0.19573369180699024,0.015777557662374417,0.039337767086458184,0.2819442479128343,Верхнеуральский,75-617-000-000,Верхнеуральский муниципальный район,муниципальный район,,1,,г Верхнеуральск,data-20180110-structure-20150128.csv,2018,9999,,,74,Челябинская область,53.8753392,59.2197592,1,70358.1,31251.0,295.9,3
2297,12821,1255,6131,537,820,30902,9338,0.414892239984467,0.04061225810627144,0.19840139796776907,0.01737751601838069,0.026535499320432334,0.30218108860267945,Еманжелинский,75-619-000-000,Еманжелинский муниципальный район,муниципальный район,,1,,г Еманжелинск,data-20180110-structure-20150128.csv,2018,9999,,,74,Челябинская область,54.759121,61.313198,1,54543.8,47326.0,303.4,3
2298,13488,1254,6781,430,1127,31211,8131,0.4321553298516549,0.04017814232161738,0.21726314440421646,0.013777193938034667,0.03610906411201179,0.26051712537246485,Еткульский,75-620-000-000,Еткульский муниципальный район,муниципальный район,,1,,с Еткуль,data-20180110-structure-20150128.csv,2018,9999,,,74,Челябинская область,54.828304,61.592037,1,61685.8,29743.0,305.1,3
2299,11969,1111,5484,455,1118,27447,7310,0.43607680256494336,0.04047801216890735,0.19980325718657777,0.016577403723539913,0.0407330491492695,0.26633147520676215,Карталинский,75-623-000-000,Карталинский муниципальный район,муниципальный район,,1,,г Карталы,data-20180110-structure-20150128.csv,2018,9999,,,74,Челябинская область,53.053261,60.639172,1,63612.2,43290.0,280.3,3
2300,14801,1435,5831,389,1238,31877,8183,0.4643159644885027,0.04501678326065815,0.1829218558835524,0.012203155880415347,0.03883677886877686,0.25670546161809454,Каслинский,75-626-000-000,Каслинский муниципальный район,муниципальный район,,1,,г Касли,data-20180110-structure-20150128.csv,2018,9999,,,74,Челябинская область,55.8904193,60.7538518,1,56740.0,29118.0,307.7,3
2301,13865,1304,5940,565,1424,30343,7245,0.4569422931153808,0.042975315558777975,0.1957617901987279,0.01862043964011469,0.04693009919915631,0.23877006228784234,Катав-Ивановский,75-629-000-000,Катав-Ивановский муниципальный район,муниципальный район,,1,,г Катав-Ивановск,data-20180110-structure-20150128.csv,2018,9999,,,74,Челябинская область,54.753479,58.205784,1,53527.9,26222.0,310.0,1
2302,10039,918,4937,326,748,24669,7701,0.40694799140621835,0.037212696096315216,0.20012971745915928,0.0132149661518505,0.030321456078479064,0.31217317280797763,Кизильский,75-632-000-000,Кизильский муниципальный район,муниципальный район,,1,,с Кизильское,data-20180110-structure-20150128.csv,2018,9999,,,74,Челябинская область,52.72554,58.893696,1,47177.6,19276.0,288.8,3
2303,14825,1619,6586,795,1484,36669,11360,0.40429245411655623,0.044151735798631,0.17960675229758105,0.021680438517548882,0.04047015189942458,0.30979846737025823,Коркинский,75-533-000-000,Коркинский муниципальный округ,муниципальный округ,,1,,г Коркино,data-20221219-structure-20150128.csv,2023,9999,,,74,Челябинская область,54.889923,61.407963,2,60182.9,55417.0,306.7,3
2304,12621,1007,5933,379,991,28551,7620,0.4420510665125565,0.0352702182060173,0.20780357955938497,0.013274491261251796,0.03470981751952646,0.266890826941263,Красноармейский,75-634-000-000,Красноармейский муниципальный район,муниципальный район,,1,,с Миасское,data-20180110-structure-20150128.csv,2018,9999,,,74,Челябинская область,55.283096,61.893074,1,61073.5,49996.0,306.5,3
2305,11179,991,5427,426,1209,25850,6618,0.43245647969052226,0.038336557059961314,0.20994197292069633,0.016479690522243715,0.04676982591876209,0.2560154738878143,Кунашакский,75-636-000-000,Кунашакский муниципальный район,муниципальный район,,1,,с Кунашак,data-20180110-structure-20150128.csv,2018,9999,,,74,Челябинская область,55.698971,61.550903,1,52293.7,27505.0,302.2,1
2307,9723,1188,5396,255,822,23995,6611,0.405209418628881,0.04951031464888518,0.22488018337153573,0.010627214002917275,0.034257136903521564,0.2755157324442592,Нагайбакский,75-642-000-000,Нагайбакский муниципальный район,муниципальный район,,1,,с Фершампенуаз,data-20180110-structure-20150128.csv,2018,9999,,,74,Челябинская область,53.5214103,59.8112001,1,60069.3,16951.0,291.6,3
2308,12668,1440,5235,257,957,27513,6956,0.46043688438192854,0.05233889434085705,0.1902736888016574,0.009341038781666849,0.03478355686402791,0.25282593682986226,Нязепетровский,75-644-000-000,Нязепетровский муниципальный район,муниципальный район,,1,,г Нязепетровск,data-20180110-structure-20150128.csv,2018,9999,,,74,Челябинская область,56.055508,59.598629,1,46232.3,13666.0,307.7,3
2309,11380,1191,5723,386,681,25655,6294,0.44357824985382965,0.04642369908399922,0.22307542389397778,0.015045800038978756,0.02654453322938998,0.24533229389982458,Октябрьский,75-647-000-000,Октябрьский муниципальный район,муниципальный район,,1,,с Октябрьское,data-20180110-structure-20150128.csv,2018,9999,,,74,Челябинская область,54.410706,62.728809,1,52761.0,18139.0,285.7,3
2310,14066,1419,6441,602,1319,32642,8795,0.43091722320936215,0.04347160100484039,0.19732246798603026,0.018442497395992893,0.04040806323141964,0.26943814717235465,Пластовский,75-648-000-000,Пластовский муниципальный район,муниципальный район,,1,,г Пласт,data-20180110-structure-20150128.csv,2018,9999,,,74,Челябинская область,54.369812,60.807091,1,102847.9,24231.0,297.5,3
2311,15261,1510,6529,979,1658,35830,9893,0.4259279933017025,0.04214345520513536,0.18222160200948925,0.02732347195087915,0.046274072006698294,0.2761094055260955,Саткинский,75-649-000-000,Саткинский муниципальный район,муниципальный район,,1,,г Сатка,data-20180110-structure-20150128.csv,2018,9999,,,74,Челябинская область,55.040287,59.028034,1,60418.5,74031.0,309.1,2
2312,15111,2054,7732,2115,2982,43939,13945,0.3439086005598671,0.04674662600423314,0.17597123284553587,0.04813491431302488,0.06786681535765493,0.3173718109196841,Сосновский,75-652-000-000,Сосновский муниципальный район,муниципальный район,,1,,с Долгодеревенское,data-20180110-structure-20150128.csv,2018,9999,,,74,Челябинская область,55.3462664,61.341587,1,78815.5,93044.0,313.1,2
2314,11363,892,5478,375,945,26340,7287,0.43139711465451785,0.033864844343204255,0.20797266514806378,0.014236902050113895,0.035876993166287015,0.2766514806378132,Увельский,75-655-000-000,Увельский муниципальный район,муниципальный район,,1,,п Увельский,data-20180110-structure-20150128.csv,2018,9999,,,74,Челябинская область,54.441994,61.354397,1,69599.1,30982.0,297.0,3
2315,11998,1071,5471,249,914,26620,6917,0.4507137490608565,0.040232907588279486,0.2055221637866266,0.009353869271224642,0.03433508640120211,0.25984222389181066,Уйский,75-656-000-000,Уйский муниципальный район,муниципальный район,,1,,с Уйское,data-20180110-structure-20150128.csv,2018,9999,,,74,Челябинская область,54.373421,60.005447,1,47728.1,20981.0,297.0,3
2316,13307,1051,7483,630,1070,32701,9160,0.4069294516987248,0.032139689917739515,0.2288309226017553,0.019265465887893338,0.032720711904834714,0.2801137579890523,Чебаркульский,75-657-000-000,Чебаркульский муниципальный район,муниципальный район,,3,75-758-000-000,г Чебаркуль,data-20180110-structure-20150128.csv,2018,9999,,,74,Челябинская область,54.977795,60.37009,1,60279.1,28564.0,330.8,3
2317,12570,1141,6002,231,1248,28583,7391,0.43977189238358466,0.03991883287268656,0.20998495609278242,0.008081726900605254,0.043662316761711506,0.2585802749886296,Чесменский,75-659-000-000,Чесменский муниципальный район,муниципальный район,,1,,с Чесма,data-20180110-structure-20150128.csv,2018,9999,,,74,Челябинская область,53.8131555,60.6532186,1,53848.6,15114.0,287.6,1
2318,17412,2166,7645,2150,2436,45947,14138,0.3789583650728013,0.047141271464948745,0.16638735934881493,0.046793044159575164,0.05301760724312795,0.30770235271073193,Ярославль,78-701-000-000,городской округ город Ярославль,городской округ,административный_центр_субъекта,2,78-650-000-000,г Ярославль,data-20180110-structure-20150128.csv,2018,9999,,,76,Ярославская область,57.6263877,39.8933705,1,76713.9,567443.0,417.9,2
2320,15665,1852,6950,1568,1841,39801,11925,0.39358307580211555,0.04653149418356323,0.17461872817265897,0.039395995075500616,0.0462551192181101,0.29961558754805157,Рыбинск,78-715-000-000,городской округ город Рыбинск,городской округ,,2,78-640-000-000,г Рыбинск,data-20180110-structure-20150128.csv,2018,9999,,,76,Ярославская область,58.050373,38.834637,1,72473.2,171810.0,375.0,2
2321,13138,1148,7633,124,917,30131,7171,0.4360293385549766,0.0381002953768544,0.25332713816335334,0.004115362915269987,0.0304337725266337,0.23799409246291195,Большесельский,78-603-000-000,Большесельский муниципальный район,муниципальный район,,1,,с Большое Село,data-20180110-structure-20150128.csv,2018,9999,,,76,Ярославская область,57.7184728,38.9355599,1,50677.7,9122.0,371.2,3
2322,14051,1362,7292,412,1401,31912,7394,0.4403045876159438,0.04267986964151416,0.22850338430684383,0.012910503885685636,0.043901980446227125,0.23169967410378542,Борисоглебский,78-606-000-000,Борисоглебский муниципальный район,муниципальный район,,1,,рп Борисоглебский,data-20180110-structure-20150128.csv,2018,9999,,,76,Ярославская область,57.259,39.15,1,52498.4,11831.0,387.0,1
2323,13824,1292,9121,173,1781,30646,4455,0.4510866018403707,0.042158846178946684,0.2976244860666971,0.005645108660184037,0.05811525158258827,0.1453697056712132,Брейтовский,78-609-000-000,Брейтовский муниципальный район,муниципальный район,,1,,с Брейтово,data-20180110-structure-20150128.csv,2018,9999,,,76,Ярославская область,58.3033237,37.8594763,1,45626.1,5332.0,345.2,1
2324,13267,1262,6599,517,796,29690,7249,0.4468507915122937,0.04250589424048501,0.22226338834624454,0.017413270461434826,0.02681037386325362,0.24415628157628833,Гаврилов-Ямский,78-612-000-000,Гаврилов-Ямский муниципальный район,муниципальный район,,1,,г Гаврилов-Ям,data-20180110-structure-20150128.csv,2018,9999,,,76,Ярославская область,57.3032827,39.8537697,1,62073.5,23809.0,384.4,3
2325,12908,1048,5926,444,935,28351,7090,0.45529258227223024,0.03696518641317766,0.20902260943176607,0.01566082325138443,0.032979436351451445,0.2500793622799901,Даниловский,78-615-000-000,Даниловский муниципальный район,муниципальный район,,1,,г Данилов,data-20180110-structure-20150128.csv,2018,9999,,,76,Ярославская область,58.188808,40.175114,1,54092.9,20497.0,361.5,3
2326,12924,1113,5825,440,741,27696,6653,0.4666377816291161,0.04018630849220104,0.21031917966493358,0.01588677065280185,0.02675476603119584,0.2402151935297516,Любимский,78-618-000-000,Любимский муниципальный район,муниципальный район,,1,,г Любим,data-20180110-structure-20150128.csv,2018,9999,,,76,Ярославская область,58.3595618,40.6866038,1,48998.8,9732.0,352.8,3
2327,13416,1026,7807,476,1126,31619,7768,0.42430184382807806,0.03244884404946393,0.24690850438027767,0.01505423953951738,0.03561149941490876,0.2456750687877542,Мышкинский,78-621-000-000,Мышкинский муниципальный район,муниципальный район,,1,,г Мышкин,data-20180110-structure-20150128.csv,2018,9999,,,76,Ярославская область,57.784725,38.451595,1,62791.0,9051.0,365.5,3
2328,10957,850,8027,286,1011,29234,8103,0.3748033112129712,0.02907573373469248,0.2745775466922077,0.009783129233084765,0.03458301977149894,0.27717725935554494,Некоузский,78-623-000-000,Некоузский муниципальный район,муниципальный район,,1,,с Новый Некоуз,data-20180110-structure-20150128.csv,2018,9999,,,76,Ярославская область,57.90218,38.0624475,1,58673.1,11435.0,359.9,3
2329,14038,1132,6487,273,855,29854,7069,0.47022174582970455,0.037917866952502176,0.21729081530113217,0.009144503249145843,0.028639378307764453,0.23678569035975078,Некрасовский,78-626-000-000,Некрасовский муниципальный район,муниципальный район,,1,,рп Некрасовское,data-20180110-structure-20150128.csv,2018,9999,,,76,Ярославская область,57.674248,40.372654,1,55614.7,19480.0,373.3,3
2330,12375,1209,6631,229,975,27945,6526,0.4428341384863124,0.04326355340848095,0.2372875290749687,0.00819466809804974,0.03488996242619431,0.2335301485059939,Первомайский,78-629-000-000,Первомайский муниципальный район,муниципальный район,,1,,рп Пречистое,data-20180110-structure-20150128.csv,2018,9999,,,76,Ярославская область,58.4251138,40.3228779,1,50142.8,8362.0,355.4,3
2332,12456,1101,5408,334,1077,27306,6930,0.45616348055372447,0.04032080861349154,0.19805171024683219,0.012231743939061013,0.03944188090529554,0.25379037574159524,Пошехонский,78-634-000-000,Пошехонский муниципальный район,муниципальный район,,1,,г Пошехонье,data-20180110-structure-20150128.csv,2018,9999,,,76,Ярославская область,58.503201,39.119701,1,45040.6,10190.0,348.8,3
2333,15379,1420,7262,841,1576,35161,8683,0.43738801513040015,0.0403856545604505,0.20653565029436022,0.023918546116435825,0.04482238844173943,0.24694974545661386,Ростовский,78-637-000-000,Ростовский муниципальный район,муниципальный район,,1,,г Ростов,data-20180110-structure-20150128.csv,2018,9999,,,76,Ярославская область,57.2012699,39.42218126099566,1,59404.8,57986.0,393.2,3
2334,13716,1608,8397,1545,2005,39834,12563,0.34432896520560324,0.04036752522970327,0.21079981924988703,0.03878596174122609,0.05033388562534518,0.3153838429482352,Рыбинский,78-640-000-000,Рыбинский муниципальный район,муниципальный район,,3,78-715-000-000,г Рыбинск,data-20180110-structure-20150128.csv,2018,9999,,,76,Ярославская область,58.050373,38.834637,1,68584.3,26409.0,456.0,2
2335,15722,1854,7013,1463,1461,38303,10790,0.41046393232906037,0.04840351930658173,0.1830927081429653,0.03819544161031773,0.038143226379134795,0.2817011722319401,Тутаевский,78-643-000-000,Тутаевский муниципальный район,муниципальный район,,1,,г Тутаев,data-20180110-structure-20150128.csv,2018,9999,,,76,Ярославская область,57.875385,39.527214,1,57575.9,52373.0,370.2,3
2336,16489,1480,7674,1151,1741,38536,10001,0.42788561345235626,0.03840564666805065,0.19913846792609508,0.02986817521278804,0.04517853435748391,0.25952356238322605,Угличский,78-646-000-000,Угличский муниципальный район,муниципальный район,,1,,г Углич,data-20180110-structure-20150128.csv,2018,9999,,,76,Ярославская область,57.52483355,38.30708473150594,1,57746.0,46215.0,378.0,2
2337,15536,1828,8543,1841,2425,43737,13564,0.35521412076731373,0.04179527631067517,0.19532661133593981,0.042092507487939274,0.05544504652811121,0.3101264375700208,Ярославский,78-650-000-000,Ярославский муниципальный район,муниципальный район,,3,78-701-000-000,г Ярославль,data-20180110-structure-20150128.csv,2018,9999,,,76,Ярославская область,57.6263877,39.8933705,1,77400.4,72442.0,719.7,2
2338,20565,2184,6610,1787,2599,50399,16654,0.40804381039306337,0.04333419313875275,0.13115339590071232,0.035457052719299983,0.05156848350165678,0.3304430643465148,Биробиджан,99-701-000-000,городской округ город Биробиджан,городской округ,административный_центр_субъекта,1,,г Биробиджан,data-20180110-structure-20150128.csv,2018,9999,,,79,Еврейская автономная область,48.7881668,132.9282082,1,76309.1,67788.0,147.1,2
2339,16587,1234,6093,1272,1575,39576,12815,0.41911764705882354,0.0311805134424904,0.15395694360218315,0.03214069132807762,0.039796846573681016,0.3238073579947443,Биробиджанский,99-605-000-000,Биробиджанский муниципальный район,муниципальный район,административный_центр_субъекта,1,,г Биробиджан,data-20180110-structure-20150128.csv,2018,9999,,,79,Еврейская автономная область,48.7881668,132.9282082,1,61844.1,9980.0,173.3,4
2340,19146,1227,7259,974,2341,42409,11462,0.4514607748355302,0.028932537904690043,0.1711664976773798,0.022966823080006603,0.055200547053691436,0.2702728194487019,Ленинский,99-610-000-000,Ленинский муниципальный район,муниципальный район,,1,,с Ленинское,data-20180110-structure-20150128.csv,2018,9999,,,79,Еврейская автономная область,47.9344425,132.6223808,1,66714.9,15325.0,140.0,2
2341,20675,1352,7247,1007,2006,46064,13777,0.4488320597429663,0.02935046891281695,0.15732459187217784,0.02186088919763807,0.04354810698159083,0.29908388329281,Облученский,99-620-000-000,Облученский муниципальный район,муниципальный район,,1,,г Облучье,data-20180110-structure-20150128.csv,2018,9999,,,79,Еврейская автономная область,49.0145149,131.0538038,1,97090.7,23265.0,143.3,4
2342,18514,1182,6136,206,1484,36239,8717,0.5108860619774276,0.03261679406164629,0.1693203454841469,0.005684483567427357,0.040950357349816495,0.2405419575595353,Октябрьский,99-625-000-000,Октябрьский муниципальный район,муниципальный район,,1,,с Амурзет,data-20180110-structure-20150128.csv,2018,9999,,,79,Еврейская автономная область,47.6946588,131.0896669,1,56576.3,7462.0,138.1,1
2343,18889,1504,6635,1126,1855,41159,11150,0.45892757355620883,0.03654121820258024,0.16120411088704778,0.027357321606453024,0.045069122184698364,0.27090065356301174,Смидовичский,99-630-000-000,Смидовичский муниципальный район,муниципальный район,,1,,п Смидович,data-20180110-structure-20150128.csv,2018,9999,,,79,Еврейская автономная область,48.5956701,133.8138369,1,96699.5,21982.0,143.8,2
2344,25858,3199,10585,4286,4651,85263,36684,0.3032734011235823,0.037519205282478915,0.12414529162708327,0.05026799432344628,0.05454886644851811,0.4302452411948911,Анадырь,77-701-000-000,городской округ Анадырь,городской округ,административный_центр_субъекта,2,77-603-000-000,г Анадырь,data-20180110-structure-20150128.csv,2018,9999,,,87,Чукотский автономный округ,64.7316875,177.5060925,1,199856.1,13412.0,,4
2345,36078,2170,3379,1294,2189,75056,29946,0.48068109145171606,0.028911745896397358,0.04501971861010445,0.017240460456192708,0.029164890215305904,0.3989820933702835,Эгвекинот,77-715-000-000,городской округ Эгвекинот,городской округ,,1,,пгт Эгвекинот,data-20180110-structure-20150128.csv,2018,9999,,,87,Чукотский автономный округ,66.3227382,-179.120131,1,170752.1,5197.0,,4
2348,32467,2229,9188,2677,3301,79488,29626,0.40845159017713367,0.028041968599033816,0.11558977455716586,0.03367803945249597,0.04152828099838969,0.372710346215781,Анадырский,77-603-000-000,Анадырский муниципальный район,муниципальный район,,3,77-701-000-000,г Анадырь,data-20180110-structure-20150128.csv,2018,9999,,,87,Чукотский автономный округ,64.7316875,177.5060925,1,167493.4,8790.0,,4
2349,31409,2596,6571,2411,2632,80882,35263,0.38833114908137784,0.03209614005588388,0.08124180905516679,0.029808857347741153,0.03254123290719814,0.43598081155263224,Билибинский,77-609-000-000,Билибинский муниципальный район,муниципальный район,,1,,г Билибино,data-20180110-structure-20150128.csv,2018,9999,,,87,Чукотский автономный округ,68.0550305,166.4448515,1,199396.5,7279.0,112.4,4
2351,17512,2848,8714,4695,3820,57800,20211,0.3029757785467128,0.04927335640138408,0.15076124567474047,0.08122837370242214,0.06608996539792387,0.3496712802768166,Коломна,40-301-000-000,внутригородская территория города федерального значения муниципальный округ Коломна,внутригородская территория города федерального значения,,1,,,data-20180110-structure-20150128.csv,2018,9999,,,78,Санкт-Петербург,,,1,108102.7,,411.8,5
2352,15740,2883,8038,4560,3050,55071,20800,0.2858128597628516,0.05235060195020973,0.14595703727914874,0.08280220079533693,0.05538305097056527,0.37769424924188777,Сенной,40-302-000-000,внутригородская территория города федерального значения муниципальный округ Сенной округ,внутригородская территория города федерального значения,,1,,,data-20180110-structure-20150128.csv,2018,9999,,,78,Санкт-Петербург,,,1,161058.2,,418.7,5
2353,17453,3273,8667,5010,3841,60098,21854,0.2904089986355619,0.05446104695663749,0.14421444973210423,0.08336383906286399,0.06391227661486239,0.36363938899797,Адмиралтейский,40-303-000-000,внутригородская территория города федерального значения муниципальный округ Адмиралтейский округ,внутригородская территория города федерального значения,,1,,,data-20180110-structure-20150128.csv,2018,9999,,,78,Санкт-Петербург,,,1,173598.5,,414.6,5
2354,17180,2895,9006,4571,3272,56297,19373,0.30516723804110346,0.0514236993090218,0.15997300033749579,0.08119437980709451,0.058120326127502356,0.34412135637778213,Семеновский,40-304-000-000,внутригородская территория города федерального значения муниципальный округ Семеновский,внутригородская территория города федерального значения,,1,,,data-20180110-structure-20150128.csv,2018,9999,,,78,Санкт-Петербург,,,1,121453.5,,417.0,5
2355,17560,3463,8889,5037,3704,61435,22782,0.28583055261658663,0.056368519573533005,0.1446895092374054,0.08198909416456418,0.06029136485716611,0.3708309595507447,Измайловское,40-305-000-000,внутригородская территория города федерального значения муниципальный округ Измайловское,внутригородская территория города федерального значения,,1,,,data-20180110-structure-20150128.csv,2018,9999,,,78,Санкт-Петербург,,,1,101555.8,,414.9,5
2356,16880,2670,8110,3874,3265,52104,17305,0.3239674497159527,0.05124366651312759,0.15565023798556732,0.07435129740518961,0.06266313526792569,0.33212421311223705,Екатерингофский,40-306-000-000,внутригородская территория города федерального значения муниципальный округ Екатерингофский,внутригородская территория города федерального значения,,1,,,data-20180110-structure-20150128.csv,2018,9999,,,78,Санкт-Петербург,,,1,125997.2,,410.6,5
2357,17418,3363,8273,4932,3575,58890,21329,0.2957717778909832,0.05710646968925115,0.1404822550517915,0.08374936321956189,0.06070640176600441,0.36218373238240786,№ 7,40-307-000-000,внутригородская территория города федерального значения муниципальный округ № 7,внутригородская территория города федерального значения,,1,,,data-20180110-structure-20150128.csv,2018,9999,,,78,Санкт-Петербург,,,1,134158.9,,407.6,5
2358,17467,3363,8375,4869,3595,59123,21454,0.2954349407168107,0.056881416707541904,0.1416538402990376,0.08235373712430019,0.06080543950746748,0.3628706256448421,Васильевский,40-308-000-000,внутригородская территория города федерального значения муниципальный округ Васильевский,внутригородская территория города федерального значения,,1,,,data-20180110-structure-20150128.csv,2018,9999,,,78,Санкт-Петербург,,,1,134399.1,,408.0,5
2359,18620,3532,8881,4916,3989,63070,23132,0.2952275249722531,0.05600126843190106,0.14081179641667987,0.07794514032027905,0.06324718566671952,0.3667670841921674,Гавань,40-309-000-000,внутригородская территория города федерального значения муниципальный округ Гавань,внутригородская территория города федерального значения,,1,,,data-20180110-structure-20150128.csv,2018,9999,,,78,Санкт-Петербург,,,1,184908.8,,390.3,5
2360,18913,3445,9481,4673,4173,63161,22476,0.2994411108120517,0.05454315162837827,0.1501084530010608,0.07398552904482196,0.0660692515951299,0.35585250391855733,Морской,40-310-000-000,внутригородская территория города федерального значения муниципальный округ Морской,внутригородская территория города федерального значения,,1,,,data-20180110-structure-20150128.csv,2018,9999,,,78,Санкт-Петербург,,,1,128388.0,,395.7,5
2361,18422,3474,8897,4808,3941,62853,23311,0.2930965904570983,0.055271824733902915,0.1415525114155251,0.07649595086948913,0.06270185989531128,0.37088126262867327,Остров Декабристов,40-311-000-000,внутригородская территория города федерального значения муниципальный округ Остров Декабристов,внутригородская территория города федерального значения,,1,,,data-20180110-structure-20150128.csv,2018,9999,,,78,Санкт-Петербург,,,1,151689.0,,398.1,5
2362,17634,2886,12257,3020,4044,56766,16925,0.3106436951696438,0.05084029172391925,0.21592150230771942,0.05320085966952049,0.0712398266568016,0.29815382447239547,Левашово,40-312-000-000,внутригородская территория города федерального значения поселок Левашово,внутригородская территория города федерального значения,,1,,,data-20180110-structure-20150128.csv,2018,9999,,,78,Санкт-Петербург,,,1,125672.2,,367.9,5
2363,18383,2936,9791,3854,3759,57186,18463,0.3214597978526213,0.05134123736578883,0.17121323400832372,0.0673941174413318,0.06573287168188018,0.3228587416500542,Парголово,40-313-000-000,внутригородская территория города федерального значения поселок Парголово,внутригородская территория города федерального значения,,1,,,data-20180110-structure-20150128.csv,2018,9999,,,78,Санкт-Петербург,,,1,106082.5,,378.5,5
2364,18099,3421,9613,4835,3722,61981,22291,0.29200884141914457,0.055194333747438734,0.15509591649053742,0.07800777657669286,0.06005066068633936,0.35964247107984704,Сампсониевское,40-314-000-000,внутригородская территория города федерального значения муниципальный округ Сампсониевское,внутригородская территория города федерального значения,,1,,,data-20180110-structure-20150128.csv,2018,9999,,,78,Санкт-Петербург,,,1,134530.3,,414.9,5
2365,18519,3716,9735,4777,3953,63638,22938,0.2910053741475219,0.058392784185549516,0.15297463779502812,0.07506521260881863,0.06211697413495081,0.360445017128131,Светлановское,40-315-000-000,внутригородская территория города федерального значения муниципальный округ Светлановское,внутригородская территория города федерального значения,,1,,,data-20180110-structure-20150128.csv,2018,9999,,,78,Санкт-Петербург,,,1,114557.0,,410.4,5
2366,18391,3282,9151,3920,3539,57386,19103,0.3204788624403165,0.05719164953124455,0.1594639807618583,0.06830934374237618,0.06167009375108912,0.3328860697731154,Сосновское,40-316-000-000,внутригородская территория города федерального значения муниципальный округ Сосновское,внутригородская территория города федерального значения,,1,,,data-20180110-structure-20150128.csv,2018,9999,,,78,Санкт-Петербург,,,1,109650.5,,402.6,5
2367,18474,2849,8869,3597,3569,54823,17465,0.336975357058169,0.051967240026995966,0.1617751673567663,0.06561114860551229,0.06510041405979242,0.318570672892764,№ 15,40-317-000-000,внутригородская территория города федерального значения муниципальный округ № 15,внутригородская территория города федерального значения,,1,,,data-20180110-structure-20150128.csv,2018,9999,,,78,Санкт-Петербург,,,1,105497.0,,396.0,5
2368,17785,2899,8646,3614,3276,53327,17107,0.3335083541170514,0.05436270557128659,0.16213175314568606,0.06777054775254561,0.06143229508504135,0.320794344328389,Сергиевское,40-318-000-000,внутригородская территория города федерального значения муниципальный округ Сергиевское,внутригородская территория города федерального значения,,1,,,data-20180110-structure-20150128.csv,2018,9999,,,78,Санкт-Петербург,,,1,135662.9,,389.6,5
2369,18287,3193,8998,3819,3487,56882,19098,0.3214901023170775,0.05613375057135825,0.15818712422207376,0.0671389894870082,0.06130234520586477,0.33574768819661754,Шувалово-Озерки,40-319-000-000,внутригородская территория города федерального значения муниципальный округ Шувалово-Озерки,внутригородская территория города федерального значения,,1,,,data-20180110-structure-20150128.csv,2018,9999,,,78,Санкт-Петербург,,,1,90022.3,,395.7,5
2370,18806,3480,12063,3889,4418,66352,23696,0.2834277791174343,0.05244755244755245,0.18180311068242103,0.05861164697371594,0.06658427779117435,0.35712563298770195,Лисий Нос,40-320-000-000,внутригородская территория города федерального значения поселок Лисий Нос,внутригородская территория города федерального значения,,1,,,data-20180110-structure-20150128.csv,2018,9999,,,78,Санкт-Петербург,,,1,116882.1,,363.6,5
2371,17912,2810,10500,3865,4267,56661,17307,0.31612573022008084,0.04959319461357901,0.18531264891195,0.0682127036233035,0.07530753075307531,0.3054481918780113,Лахта-Ольгино,40-321-000-000,внутригородская территория города федерального значения муниципальный округ Лахта-Ольгино,внутригородская территория города федерального значения,,1,,,data-20180110-structure-20150128.csv,2018,9999,,,78,Санкт-Петербург,,,1,405587.4,,382.1,5
2372,19186,3501,9682,4622,4048,63239,22200,0.30338873163712266,0.05536140672686159,0.15310172520122076,0.07308780973766188,0.0640111323708471,0.351049194326286,№ 65,40-322-000-000,внутригородская территория города федерального значения муниципальный округ № 65,внутригородская территория города федерального значения,,1,,,data-20180110-structure-20150128.csv,2018,9999,,,78,Санкт-Петербург,,,1,127853.4,,388.7,5
2373,18406,3642,9761,4996,4085,64055,23165,0.28734681133400986,0.056857388182031066,0.15238466942471313,0.07799547264069939,0.06377331980329404,0.3616423386152525,Ланское,40-323-000-000,внутригородская территория города федерального значения муниципальный округ Ланское,внутригородская территория города федерального значения,,1,,,data-20210118-structure-20150128.csv,2020,9999,,,78,Санкт-Петербург,,,1,148160.9,,412.5,5
2374,18591,3400,9259,4361,3540,59962,20811,0.31004636269637437,0.05670257829958974,0.15441446249291219,0.07272939528367967,0.05903739034721991,0.34706981088022415,Комендантский аэродром,40-324-000-000,внутригородская территория города федерального значения муниципальный округ Комендантский аэродром,внутригородская территория города федерального значения,,1,,,data-20180110-structure-20150128.csv,2018,9999,,,78,Санкт-Петербург,,,1,122732.3,,410.9,5
2375,18350,3346,9153,4277,3567,58887,20194,0.31161376874352575,0.0568206904749775,0.15543328748280605,0.0726306315485591,0.06057364104131642,0.3429279807088152,Озеро Долгое,40-325-000-000,внутригородская территория города федерального значения муниципальный округ Озеро Долгое,внутригородская территория города федерального значения,,1,,,data-20180110-structure-20150128.csv,2018,9999,,,78,Санкт-Петербург,,,1,111013.4,,405.7,5
2376,18927,3285,9620,4346,4091,60597,20328,0.31234219515817613,0.054210604485370566,0.15875373368318563,0.07171972209845372,0.06751159298315099,0.3354621515916629,Юнтолово,40-326-000-000,внутригородская территория города федерального значения муниципальный округ Юнтолово,внутригородская территория города федерального значения,,1,,,data-20180110-structure-20150128.csv,2018,9999,,,78,Санкт-Петербург,,,1,131474.9,,394.8,5
2377,19411,3495,10131,4550,4384,63877,21906,0.30388089609718677,0.05471452948635659,0.1586016876183916,0.0712306463985472,0.06863190193653428,0.34294033846298355,Коломяги,40-327-000-000,внутригородская территория города федерального значения муниципальный округ Коломяги,внутригородская территория города федерального значения,,1,,,data-20180110-structure-20150128.csv,2018,9999,,,78,Санкт-Петербург,,,1,118280.7,,386.8,5
2378,17860,3181,8582,3970,3406,55391,18392,0.32243505262587785,0.057428102038237255,0.15493491722481992,0.07167229333285191,0.06149013377624524,0.33203950100196783,Гражданка,40-328-000-000,внутригородская территория города федерального значения муниципальный округ Гражданка,внутригородская территория города федерального значения,,1,,,data-20180110-structure-20150128.csv,2018,9999,,,78,Санкт-Петербург,,,1,136485.7,,407.1,5
2379,18168,3230,8904,4204,3329,56873,19038,0.3194485959945844,0.056793205914933274,0.15655935153763648,0.07391908286884813,0.05853392646774392,0.3347458372162538,Академическое,40-329-000-000,внутригородская территория города федерального значения муниципальный округ Академическое,внутригородская территория города федерального значения,,1,,,data-20180110-structure-20150128.csv,2018,9999,,,78,Санкт-Петербург,,,1,120412.0,,405.9,5
2380,17473,2843,8978,3944,3476,54248,17534,0.322094823772305,0.05240746202624982,0.16549918891019025,0.0727031411296269,0.06407609497124318,0.3232192891903849,Финляндский,40-330-000-000,внутригородская территория города федерального значения муниципальный округ Финляндский округ,внутригородская территория города федерального значения,,1,,,data-20180110-structure-20150128.csv,2018,9999,,,78,Санкт-Петербург,,,1,139671.6,,409.7,5
2381,17825,2996,8735,3694,3239,54052,17563,0.32977503145119513,0.05542810626803819,0.16160364093835566,0.06834159698068526,0.05992377710352993,0.3249278472581958,№ 21,40-331-000-000,внутригородская территория города федерального значения муниципальный округ № 21,внутригородская территория города федерального значения,,1,,,data-20180110-structure-20150128.csv,2018,9999,,,78,Санкт-Петербург,,,1,103820.0,,400.2,5
2382,18767,3351,9885,4479,4119,61265,20664,0.3063249816371501,0.054696808944748224,0.16134824124704153,0.0731086264588264,0.06723251448624827,0.33728882722598547,Пискаревка,40-332-000-000,внутригородская территория города федерального значения муниципальный округ Пискаревка,внутригородская территория города федерального значения,,1,,,data-20180110-structure-20150128.csv,2018,9999,,,78,Санкт-Петербург,,,1,106376.8,,405.7,5
2383,18232,2848,8789,3430,3580,53342,16463,0.3417944584005099,0.053391323909864646,0.16476697536650295,0.06430205091672603,0.06711409395973154,0.3086310974466649,Северный,40-333-000-000,внутригородская территория города федерального значения муниципальный округ Северный,внутригородская территория города федерального значения,,1,,,data-20180110-structure-20150128.csv,2018,9999,,,78,Санкт-Петербург,,,1,88848.6,,402.8,5
2384,18303,2955,8978,3875,3536,55346,17699,0.3307014057023091,0.053391392331875835,0.1622158782929209,0.07001409315939724,0.06388898926751707,0.3197882412459798,Прометей,40-334-000-000,внутригородская территория города федерального значения муниципальный округ Прометей,внутригородская территория города федерального значения,,1,,,data-20180110-structure-20150128.csv,2018,9999,,,78,Санкт-Петербург,,,1,83890.2,,401.2,5
2385,17692,2888,8371,3767,3131,53450,17601,0.331000935453695,0.05403180542563143,0.1566136576239476,0.07047708138447147,0.05857811038353602,0.32929840972871843,Княжево,40-335-000-000,внутригородская территория города федерального значения муниципальный округ Княжево,внутригородская территория города федерального значения,,1,,,data-20180110-structure-20150128.csv,2018,9999,,,78,Санкт-Петербург,,,1,131825.9,,406.1,5
2386,17889,2821,8441,3529,3453,52817,16684,0.3386977677641668,0.053410833633110555,0.15981596834352577,0.06681560861086393,0.06537667796353447,0.3158831436847985,Ульянка,40-336-000-000,внутригородская территория города федерального значения муниципальный округ Ульянка,внутригородская территория города федерального значения,,1,,,data-20180110-structure-20150128.csv,2018,9999,,,78,Санкт-Петербург,,,1,81411.9,,399.3,5
2387,17577,2903,8370,3675,3199,53397,17673,0.3291757963930558,0.05436635016948518,0.15675037923478846,0.06882409124108096,0.0599097327565219,0.3309736502050677,Дачное,40-337-000-000,внутригородская территория города федерального значения муниципальный округ Дачное,внутригородская территория города федерального значения,,1,,,data-20180110-structure-20150128.csv,2018,9999,,,78,Санкт-Петербург,,,1,79387.8,,403.3,5
2388,17112,2763,8297,3600,2978,52058,17308,0.32871028468246954,0.05307541588228514,0.15937992239425255,0.06915363632871029,0.05720542471858312,0.33247531599369934,Автово,40-338-000-000,внутригородская территория города федерального значения муниципальный округ Автово,внутригородская территория города федерального значения,,1,,,data-20180110-structure-20150128.csv,2018,9999,,,78,Санкт-Петербург,,,1,132541.9,,404.0,5
2389,17014,2635,7984,3710,3114,52058,17601,0.3268277690268547,0.050616619923931,0.1533673979023397,0.07126666410542087,0.0598178954243344,0.33810365361711936,Нарвский,40-339-000-000,внутригородская территория города федерального значения муниципальный округ Нарвский округ,внутригородская территория города федерального значения,,1,,,data-20180110-structure-20150128.csv,2018,9999,,,78,Санкт-Петербург,,,1,117340.4,,407.1,5
2390,17884,2752,8284,3678,3246,54560,18716,0.32778592375366566,0.05043988269794721,0.15183284457478005,0.06741202346041056,0.059494134897360704,0.34303519061583576,Красненькая речка,40-340-000-000,внутригородская территория города федерального значения муниципальный округ Красненькая речка,внутригородская территория города федерального значения,,1,,,data-20180110-structure-20150128.csv,2018,9999,,,78,Санкт-Петербург,,,1,88191.4,,409.0,5
2391,16319,2295,8601,3172,3187,49221,15647,0.33154547855590094,0.04662643993417444,0.17474248796245506,0.0644440381138132,0.06474878608723919,0.3178927693464172,Морские ворота,40-341-000-000,внутригородская территория города федерального значения муниципальный округ Морские ворота,внутригородская территория города федерального значения,,1,,,data-20180110-structure-20150128.csv,2018,9999,,,78,Санкт-Петербург,,,1,129501.2,,397.4,5
2392,17639,2373,8653,2830,3031,49306,14780,0.3577455076461283,0.04812801687421409,0.1754958828540137,0.057396665720196326,0.06147324869184278,0.29976067821360486,Колпино,40-342-000-000,внутригородская территория города федерального значения город Колпино,внутригородская территория города федерального значения,,1,,,data-20180110-structure-20150128.csv,2018,9999,,,78,Санкт-Петербург,,,1,104491.6,,364.3,5
2393,17746,2336,9609,2733,3037,50523,15062,0.35124596718326306,0.04623636759495675,0.1901906062585357,0.0540941749302298,0.06011123646655978,0.2981216475664549,Металлострой,40-343-000-000,внутригородская территория города федерального значения поселок Металлострой,внутригородская территория города федерального значения,,1,,,data-20180110-structure-20150128.csv,2018,9999,,,78,Санкт-Петербург,,,1,120868.5,,372.6,5
2395,16548,2020,9742,2184,2707,45845,12644,0.36095539317264697,0.044061511615225216,0.21249863671065547,0.047638782855273204,0.05904678809030429,0.2757988875558949,Понтонный,40-345-000-000,внутригородская территория города федерального значения поселок Понтонный,внутригородская территория города федерального значения,,1,,,data-20180110-structure-20150128.csv,2018,9999,,,78,Санкт-Петербург,,,1,121181.9,,372.4,2
2398,18252,2800,9187,3476,3742,54397,16940,0.33553320955199734,0.0514734268433921,0.16888799014651543,0.06390058275272534,0.06879055830284758,0.3114142324025222,Полюстрово,40-348-000-000,внутригородская территория города федерального значения муниципальный округ Полюстрово,внутригородская территория города федерального значения,,1,,,data-20180110-structure-20150128.csv,2018,9999,,,78,Санкт-Петербург,,,1,109170.8,,396.2,5
2399,18019,3144,8913,4144,3861,58597,20516,0.3075072102667372,0.05365462395685786,0.1521067631448709,0.07072034404491698,0.06589074525999625,0.3501203133266208,Большая Охта,40-349-000-000,внутригородская территория города федерального значения муниципальный округ Большая Охта,внутригородская территория города федерального значения,,1,,,data-20180110-structure-20150128.csv,2018,9999,,,78,Санкт-Петербург,,,1,107544.0,,409.9,5
2400,18187,3190,8384,4136,3369,56617,19351,0.3212286062490065,0.05634350106858364,0.14808273133511135,0.07305226345443948,0.0595050956426515,0.34178780225020755,Малая Охта,40-350-000-000,внутригородская территория города федерального значения муниципальный округ Малая Охта,внутригородская территория города федерального значения,,1,,,data-20180110-structure-20150128.csv,2018,9999,,,78,Санкт-Петербург,,,1,149041.5,,412.8,5
2401,17746,2758,8192,3256,3357,51927,16618,0.3417489937797292,0.053113024052997476,0.15775993221252912,0.06270341055712828,0.06464844878386966,0.3200261906137462,Пороховые,40-351-000-000,внутригородская территория города федерального значения муниципальный округ Пороховые,внутригородская территория города федерального значения,,1,,,data-20180110-structure-20150128.csv,2018,9999,,,78,Санкт-Петербург,,,1,99455.2,,401.9,5
2402,18078,2753,9208,3398,3607,53916,16872,0.3352993545515246,0.05106090956302396,0.17078418280287855,0.06302396320201796,0.06690036352845166,0.3129312263521033,Ржевка,40-352-000-000,внутригородская территория города федерального значения муниципальный округ Ржевка,внутригородская территория города федерального значения,,1,,,data-20180110-structure-20150128.csv,2018,9999,,,78,Санкт-Петербург,,,1,112774.9,,396.7,5
2403,18804,2593,10431,2739,3533,53129,15029,0.3539309981366109,0.04880573697980387,0.19633345254004406,0.051553765363549095,0.06649852246419093,0.28287752451580117,Красное Село,40-353-000-000,внутригородская территория города федерального значения город Красное Село,внутригородская территория города федерального значения,,1,,,data-20180110-structure-20150128.csv,2018,9999,,,78,Санкт-Петербург,,,1,99429.6,,365.8,5
2404,18578,3027,8867,3608,3504,55903,18319,0.33232563547573474,0.054147362395578054,0.15861402786970288,0.0645403645600415,0.06267999928447489,0.3276926104144679,Юго-Запад,40-354-000-000,внутригородская территория города федерального значения муниципальный округ Юго-Запад,внутригородская территория города федерального значения,,1,,,data-20180110-structure-20150128.csv,2018,9999,,,78,Санкт-Петербург,,,1,83016.2,,403.1,5
2405,19060,3336,9665,4232,3948,61571,21330,0.30956131945233956,0.054181351610336034,0.15697325039385426,0.06873365707881958,0.0641210959705056,0.34642932549414496,Южно-Приморский,40-355-000-000,внутригородская территория города федерального значения муниципальный округ Южно-Приморский,внутригородская территория города федерального значения,,1,,,data-20180110-structure-20150128.csv,2018,9999,,,78,Санкт-Петербург,,,1,95978.1,,390.1,5
2406,18658,2834,9324,3742,3905,56497,18034,0.33024762376763367,0.05016195550206206,0.165035311609466,0.0662336053241765,0.06911871426801423,0.31920278952864756,Сосновая поляна,40-356-000-000,внутригородская территория города федерального значения муниципальный округ Сосновая поляна,внутригородская территория города федерального значения,,1,,,data-20180110-structure-20150128.csv,2018,9999,,,78,Санкт-Петербург,,,1,93823.1,,386.5,5
2407,18442,2962,9215,3327,3499,54447,17002,0.3387147133910041,0.05440152809153856,0.16924715778647126,0.06110529505757893,0.06426433044979521,0.31226697522361196,Урицк,40-357-000-000,внутригородская территория города федерального значения муниципальный округ Урицк,внутригородская территория города федерального значения,,1,,,data-20180110-structure-20150128.csv,2018,9999,,,78,Санкт-Петербург,,,1,96371.5,,395.7,5
2408,18257,2665,9092,3022,3334,52378,16008,0.34856237351559816,0.05088014051701096,0.17358432929856046,0.05769597922792012,0.0636526786055214,0.3056244988353889,Константиновское,40-358-000-000,внутригородская территория города федерального значения муниципальный округ Константиновское,внутригородская территория города федерального значения,,1,,,data-20180110-structure-20150128.csv,2018,9999,,,78,Санкт-Петербург,,,1,79940.4,,387.0,5
2409,18476,2727,10026,3151,3897,54701,16424,0.33776347781576205,0.0498528363284035,0.18328732564304126,0.05760406573920038,0.07124184201385715,0.30025045245973564,Горелово,40-359-000-000,внутригородская территория города федерального значения муниципальный округ Горелово,внутригородская территория города федерального значения,,1,,,data-20180110-structure-20150128.csv,2018,9999,,,78,Санкт-Петербург,,,1,97190.5,,377.8,5
2410,18316,2288,10146,2949,3261,52632,15672,0.34800121599027206,0.04347165222678218,0.19277245782033745,0.05603055175558595,0.06195850433196534,0.297765617875057,Кронштадт,40-360-000-000,внутригородская территория города федерального значения город Кронштадт,внутригородская территория города федерального значения,,1,,,data-20180110-structure-20150128.csv,2018,9999,,,78,Санкт-Петербург,,,1,80937.2,,338.8,5
2411,17992,2723,11934,3046,3929,56968,17344,0.3158264288723494,0.047798764218508635,0.2094860272433647,0.05346861395871366,0.0689685437438562,0.3044516219632074,Зеленогорск,40-361-000-000,внутригородская территория города федерального значения город Зеленогорск,внутригородская территория города федерального значения,,1,,,data-20180110-structure-20150128.csv,2018,9999,,,78,Санкт-Петербург,,,1,83433.5,,333.4,5
2412,18283,3271,10786,3819,4335,60145,19651,0.30398204339512847,0.05438523568043894,0.17933327791171336,0.06349655000415662,0.07207581677612436,0.3267270762324383,Сестрорецк,40-362-000-000,внутригородская территория города федерального значения город Сестрорецк,внутригородская территория города федерального значения,,1,,,data-20180110-structure-20150128.csv,2018,9999,,,78,Санкт-Петербург,,,1,109561.6,,349.5,5
2416,19031,3017,11400,3318,4169,59561,18626,0.3195211631772469,0.05065395141115831,0.19140041302194388,0.055707593895334195,0.06999546683232316,0.3127214116619936,Песочный,40-366-000-000,внутригородская территория города федерального значения поселок Песочный,внутригородская территория города федерального значения,,1,,,data-20180110-structure-20150128.csv,2018,9999,,,78,Санкт-Петербург,,,1,145968.3,,362.5,5
2422,18375,2532,10118,2752,3608,52120,14735,0.3525518035303147,0.04858019953952417,0.19412893323100539,0.052801227935533386,0.06922486569455104,0.28271297006907137,Ломоносов,40-372-000-000,внутригородская территория города федерального значения город Ломоносов,внутригородская территория города федерального значения,,2,41-630-000-000,,data-20180110-structure-20150128.csv,2018,9999,,,78,Санкт-Петербург,,,1,92014.9,,352.8,5
2423,17748,3702,9027,4689,3755,61854,22933,0.2869337472111747,0.0598506159666311,0.14594044039189058,0.0758075468037637,0.06070747243508908,0.3707601771914508,Московская застава,40-373-000-000,внутригородская территория города федерального значения муниципальный округ Московская застава,внутригородская территория города федерального значения,,1,,,data-20180110-structure-20150128.csv,2018,9999,,,78,Санкт-Петербург,,,1,162233.1,,410.6,5
2424,18376,3368,9150,4119,3770,58957,20174,0.3116847872178028,0.057126380243228116,0.15519785606458944,0.06986447750055125,0.06394490900147565,0.3421815899723527,Гагаринское,40-374-000-000,внутригородская территория города федерального значения муниципальный округ Гагаринское,внутригородская территория города федерального значения,,1,,,data-20180110-structure-20150128.csv,2018,9999,,,78,Санкт-Петербург,,,1,110892.9,,409.0,5
2425,18137,3111,8848,3965,3453,56486,18972,0.32108841128775273,0.0550755939524838,0.15664058350741777,0.07019438444924406,0.061130191551888965,0.3358708352512127,Новоизмайловское,40-375-000-000,внутригородская территория города федерального значения муниципальный округ Новоизмайловское,внутригородская территория города федерального значения,,1,,,data-20180110-structure-20150128.csv,2018,9999,,,78,Санкт-Петербург,,,1,131139.0,,409.2,5
2426,18047,3253,9187,4004,3778,58084,19815,0.3107051855932787,0.05600509606776393,0.15816748157840368,0.06893464637421665,0.06504372977067695,0.3411438606156601,Пулковский меридиан,40-376-000-000,внутригородская территория города федерального значения муниципальный округ Пулковский меридиан,внутригородская территория города федерального значения,,1,,,data-20180110-structure-20150128.csv,2018,9999,,,78,Санкт-Петербург,,,1,146876.2,,380.2,5
2427,18497,3698,9359,4458,3913,61730,21805,0.29964360926615907,0.05990604244289648,0.15161185809168962,0.07221772233921918,0.06338895188725094,0.3532318159727847,Звездное,40-377-000-000,внутригородская территория города федерального значения муниципальный округ Звездное,внутригородская территория города федерального значения,,1,,,data-20180110-structure-20150128.csv,2018,9999,,,78,Санкт-Петербург,,,1,140023.1,,403.3,5
2428,17383,2869,8859,3700,3375,53465,17279,0.3251285887964089,0.05366127373047788,0.1656971850743477,0.06920415224913495,0.06312540914617039,0.3231833910034602,Невская застава,40-378-000-000,внутригородская территория города федерального значения муниципальный округ Невская застава,внутригородская территория города федерального значения,,1,,,data-20180110-structure-20150128.csv,2018,9999,,,78,Санкт-Петербург,,,1,111001.4,,408.3,5
2429,17377,2759,9039,4101,3439,56147,19432,0.3094911571410761,0.0491388676153668,0.16098812046948188,0.07304041177623025,0.06124993321103532,0.34609150978680964,Ивановский,40-379-000-000,внутригородская территория города федерального значения муниципальный округ Ивановский,внутригородская территория города федерального значения,,1,,,data-20180110-structure-20150128.csv,2018,9999,,,78,Санкт-Петербург,,,1,94443.0,,410.4,5
2430,17837,2712,9210,3658,3515,54468,17536,0.32747668355731807,0.049790702797973124,0.16909010795329368,0.0671586986854667,0.06453330395828744,0.321950503047661,Обуховский,40-380-000-000,внутригородская территория города федерального значения муниципальный округ Обуховский,внутригородская территория города федерального значения,,1,,,data-20180110-structure-20150128.csv,2018,9999,,,78,Санкт-Петербург,,,1,106569.0,,402.4,5
2431,17704,2745,9247,3638,3495,53719,16890,0.3295668199333569,0.0510992386306521,0.17213648802099815,0.06772277964965841,0.06506077924011988,0.31441389452521457,Рыбацкое,40-381-000-000,внутригородская территория города федерального значения муниципальный округ Рыбацкое,внутригородская территория города федерального значения,,1,,,data-20180110-structure-20150128.csv,2018,9999,,,78,Санкт-Петербург,,,1,122881.2,,388.7,5
2432,17699,2618,8910,3410,3744,53191,16810,0.33274426124720347,0.04921885281344588,0.16750954108777802,0.06410858979902614,0.07038784756819763,0.31603090748434887,Народный,40-382-000-000,внутригородская территория города федерального значения муниципальный округ Народный,внутригородская территория города федерального значения,,1,,,data-20180110-structure-20150128.csv,2018,9999,,,78,Санкт-Петербург,,,1,110914.1,,399.1,5
2433,17937,2825,8739,3617,3548,54662,17996,0.32814386593977535,0.051681241081555744,0.15987340382715598,0.06617028282902199,0.06490797994950788,0.32922322637298307,№ 54,40-383-000-000,внутригородская территория города федерального значения муниципальный округ № 54,внутригородская территория города федерального значения,,1,,,data-20180110-structure-20150128.csv,2018,9999,,,78,Санкт-Петербург,,,1,85933.2,,403.8,5
2434,18312,3101,8798,3899,3571,56979,19298,0.3213815616279682,0.05442355955702978,0.1544077642640271,0.068428719352744,0.06267221256954317,0.33868618262868777,Невский,40-384-000-000,внутригородская территория города федерального значения муниципальный округ Невский округ,внутригородская территория города федерального значения,,1,,,data-20180110-structure-20150128.csv,2018,9999,,,78,Санкт-Петербург,,,1,99233.6,,406.8,5
2435,17663,2792,8370,3416,3271,52222,16710,0.3382290988472291,0.05346405729386083,0.1602772777756501,0.06541304431082685,0.06263643675079468,0.3199800850216384,Оккервиль,40-385-000-000,внутригородская территория города федерального значения муниципальный округ Оккервиль,внутригородская территория города федерального значения,,1,,,data-20180110-structure-20150128.csv,2018,9999,,,78,Санкт-Петербург,,,1,91327.1,,402.4,5
2436,18733,3266,9179,4006,3734,58936,20018,0.3178532645581648,0.05541604452287227,0.15574521514863582,0.06797203746436813,0.06335686168046695,0.33965657662549203,Правобережный,40-386-000-000,внутригородская территория города федерального значения муниципальный округ Правобережный,внутригородская территория города федерального значения,,1,,,data-20180110-structure-20150128.csv,2018,9999,,,78,Санкт-Петербург,,,1,131801.7,,401.9,5
2437,18579,2834,11796,3464,3941,58511,17897,0.31753003708704347,0.04843533694518979,0.2016031173625472,0.059202543111551674,0.0673548563517971,0.30587410914187074,Павловск,40-387-000-000,внутригородская территория города федерального значения город Павловск,внутригородская территория города федерального значения,,1,,,data-20180110-structure-20150128.csv,2018,9999,,,78,Санкт-Петербург,,,1,86920.1,,365.5,5
2439,17916,3233,8958,5438,4246,62780,22989,0.28537750876075185,0.05149729213125199,0.14268875438037593,0.0866199426568971,0.06763300414144632,0.36618349792927685,Введенский,40-389-000-000,внутригородская территория города федерального значения муниципальный округ Введенский,внутригородская территория города федерального значения,,1,,,data-20180110-structure-20150128.csv,2018,9999,,,78,Санкт-Петербург,,,1,157832.9,,415.6,5
2440,17507,3420,8521,5599,3816,62003,23140,0.28235730529167946,0.05515862135703111,0.13742883408867312,0.09030208215731497,0.0615454090931084,0.373207748012193,Кронверкское,40-390-000-000,внутригородская территория города федерального значения муниципальный округ Кронверкское,внутригородская территория города федерального значения,,1,,,data-20180110-structure-20150128.csv,2018,9999,,,78,Санкт-Петербург,,,1,157393.5,,416.5,5
2441,18471,3780,10275,6438,4338,70917,27615,0.26045941029654385,0.05330174711282203,0.144887685604298,0.09078218198739371,0.06117010025804814,0.3893988747408943,Посадский,40-391-000-000,внутригородская территория города федерального значения муниципальный округ Посадский,внутригородская территория города федерального значения,,1,,,data-20180110-structure-20150128.csv,2018,9999,,,78,Санкт-Петербург,,,1,128583.0,,416.8,5
2442,18391,3892,9853,6298,4622,70088,27032,0.2623986987786782,0.05553019061750942,0.14058041319484077,0.08985846364570255,0.06594566830270517,0.38568656546056385,Аптекарский остров,40-392-000-000,внутригородская территория города федерального значения муниципальный округ Аптекарский остров,внутригородская территория города федерального значения,,1,,,data-20180110-structure-20150128.csv,2018,9999,,,78,Санкт-Петербург,,,1,153575.1,,414.4,5
2443,17938,3880,9496,5744,4287,66209,24864,0.27092993399688864,0.0586023048226072,0.14342460994728815,0.08675557703635457,0.06474950535425697,0.3755380688426045,Петровский,40-393-000-000,внутригородская территория города федерального значения муниципальный округ округ Петровский,внутригородская территория города федерального значения,,1,,,data-20180110-structure-20150128.csv,2018,9999,,,78,Санкт-Петербург,,,1,107416.3,,405.2,5
2444,19194,5032,10868,6946,5554,79505,31911,0.24141877869316394,0.06329161687944154,0.13669580529526446,0.0873655744921703,0.06985724168291302,0.4013709829570467,Чкаловское,40-394-000-000,внутригородская территория города федерального значения муниципальный округ Чкаловское,внутригородская территория города федерального значения,,1,,,data-20180110-structure-20150128.csv,2018,9999,,,78,Санкт-Петербург,,,1,189818.6,,404.3,5
2445,18159,2708,9866,3221,3691,53930,16285,0.3367142592249212,0.05021323938438717,0.1829408492490265,0.059725570183571296,0.06844057111069905,0.30196551084739476,Петергоф,40-395-000-000,внутригородская территория города федерального значения город Петергоф,внутригородская территория города федерального значения,,1,,,data-20180110-structure-20150128.csv,2018,9999,,,78,Санкт-Петербург,,,1,99081.5,,358.7,5
2446,17544,2628,9589,3270,3715,54458,17712,0.3221565242939513,0.04825737265415549,0.17608064930772338,0.06004627419295604,0.06821770906019317,0.3252414704910206,Стрельна,40-396-000-000,внутригородская территория города федерального значения поселок Стрельна,внутригородская территория города федерального значения,,1,,,data-20180110-structure-20150128.csv,2018,9999,,,78,Санкт-Петербург,,,1,203097.6,,370.7,5
2447,18415,3214,10688,3910,4121,60380,20032,0.3049850944021199,0.05322954620735343,0.17701225571381252,0.06475654190129182,0.06825107651540245,0.33176548526001987,Пушкин,40-397-000-000,внутригородская территория города федерального значения город Пушкин,внутригородская территория города федерального значения,,1,,,data-20180110-structure-20150128.csv,2018,9999,,,78,Санкт-Петербург,,,1,96984.5,,370.5,5
2449,18364,2556,9853,3423,3765,54871,16910,0.3346758761458694,0.04658198319695285,0.17956661989028813,0.06238267937526198,0.06861547994386835,0.3081773614477593,Шушары,40-901-000-000,внутригородская территория города федерального значения поселок Шушары,внутригородская территория города федерального значения,,1,,,data-20180110-structure-20150128.csv,2018,9999,,,78,Санкт-Петербург,,,1,113087.1,,390.3,5
2450,16691,2714,7805,3533,3088,51063,17232,0.3268707283160018,0.05315003035465993,0.15285040048567455,0.06918904098858274,0.060474316040969,0.33746548381411196,Волковское,40-902-000-000,внутригородская территория города федерального значения муниципальный округ Волковское,внутригородская территория города федерального значения,,1,,,data-20180110-structure-20150128.csv,2018,9999,,,78,Санкт-Петербург,,,1,111006.0,,408.5,5
2451,17610,2897,8532,3501,3399,53800,17861,0.32732342007434945,0.05384758364312268,0.15858736059479553,0.06507434944237918,0.06317843866171004,0.3319888475836431,№ 72,40-903-000-000,внутригородская территория города федерального значения муниципальный округ № 72,внутригородская территория города федерального значения,,1,,,data-20180110-structure-20150128.csv,2018,9999,,,78,Санкт-Петербург,,,1,95415.1,,407.6,5
2452,17758,2985,8617,3610,3356,53593,17267,0.3313492433713358,0.055697572444162485,0.16078592353479,0.0673595432239285,0.0626201182990316,0.3221875991267516,Купчино,40-904-000-000,внутригородская территория города федерального значения муниципальный округ Купчино,внутригородская территория города федерального значения,,1,,,data-20180110-structure-20150128.csv,2018,9999,,,78,Санкт-Петербург,,,1,96447.9,,409.4,5
2453,17918,2956,8482,3507,3397,53303,17043,0.3361536874097143,0.05545654090764122,0.15912800405230476,0.06579367014989776,0.06372999643547267,0.3197381010449693,Георгиевский,40-905-000-000,внутригородская территория города федерального значения муниципальный округ Георгиевский,внутригородская территория города федерального значения,,1,,,data-20180110-structure-20150128.csv,2018,9999,,,78,Санкт-Петербург,,,1,95187.5,,406.8,5
2454,18092,3171,9181,3682,3642,56657,18889,0.31932506133399224,0.05596837107506575,0.16204529007889582,0.06498755670084896,0.06428155391213795,0.33339216689905926,№ 75,40-906-000-000,внутригородская территория города федерального значения муниципальный округ № 75,внутригородская территория города федерального значения,,1,,,data-20180110-structure-20150128.csv,2018,9999,,,78,Санкт-Петербург,,,1,103672.1,,402.8,5
2455,17515,2932,8309,3337,3234,51966,16639,0.3370473001577955,0.05642150636954932,0.1598930069660932,0.06421506369549321,0.06223299849901859,0.3201901243120502,Балканский,40-907-000-000,внутригородская территория города федерального значения муниципальный округ Балканский,внутригородская территория города федерального значения,,1,,,data-20180110-structure-20150128.csv,2018,9999,,,78,Санкт-Петербург,,,1,109575.5,,398.6,5
2456,17086,3388,8585,4820,3541,61764,24344,0.2766336377177644,0.05485396023573603,0.13899682663039958,0.07803898711223366,0.05733113140340652,0.3941454569004598,Дворцовый,40-908-000-000,внутригородская территория города федерального значения муниципальный округ Дворцовый округ,внутригородская территория города федерального значения,,1,,,data-20180110-structure-20150128.csv,2018,9999,,,78,Санкт-Петербург,,,1,155058.8,,419.1,5
2457,16596,3276,8263,4929,3634,60641,23943,0.2736762256559094,0.05402285582361768,0.13626094556488186,0.08128164113388632,0.05992645240019129,0.3948318794215135,№ 78,40-909-000-000,внутригородская территория города федерального значения муниципальный округ № 78,внутригородская территория города федерального значения,,1,,,data-20180110-structure-20150128.csv,2018,9999,,,78,Санкт-Петербург,,,1,126106.3,,421.7,5
2458,17510,3632,8594,5198,3663,62695,24098,0.27928861950713774,0.05793125448600367,0.13707632187574767,0.08290932291251296,0.05842571177924875,0.3843687694393492,Литейный,40-910-000-000,внутригородская территория города федерального значения муниципальный округ Литейный округ,внутригородская территория города федерального значения,,1,,,data-20180110-structure-20150128.csv,2018,9999,,,78,Санкт-Петербург,,,1,132047.4,,418.9,5
2459,17659,3778,9093,5032,3707,63129,23860,0.2797288092635714,0.059845712746915046,0.14403839756688686,0.07970980056709277,0.05872103153859557,0.37795624831693836,Смольнинское,40-911-000-000,внутригородская территория города федерального значения муниципальный округ Смольнинское,внутригородская территория города федерального значения,,1,,,data-20180110-structure-20150128.csv,2018,9999,,,78,Санкт-Петербург,,,1,144892.4,,413.7,5
2460,17413,3341,8749,4618,3688,60563,22754,0.2875187820946783,0.0551656952264584,0.14446113963971402,0.07625117646087545,0.060895266086554496,0.37570794049171935,Лиговка-Ямская,40-912-000-000,внутригородская территория города федерального значения муниципальный округ Лиговка-Ямская,внутригородская территория города федерального значения,,1,,,data-20180110-structure-20150128.csv,2018,9999,,,78,Санкт-Петербург,,,1,114002.5,,417.0,5
2461,16912,3143,8168,4786,3273,57165,20883,0.29584535992302985,0.05498119478702003,0.14288463220502057,0.08372255750896528,0.05725531356599318,0.36531094200997116,Владимирский,40-913-000-000,внутригородская территория города федерального значения муниципальный округ Владимирский округ,внутригородская территория города федерального значения,,1,,,data-20180110-structure-20150128.csv,2018,9999,,,78,Санкт-Петербург,,,1,162042.2,,417.9,5
2462,20120,3312,10492,4238,3978,63276,21136,0.31797205891649283,0.05234212023516025,0.16581326253239775,0.06697642075984575,0.06286743789114356,0.33402869966495985,Богородское,45-301-000-000,внутригородская территория города федерального значения муниципальный округ Богородское,внутригородская территория города федерального значения,,1,,,data-20180110-structure-20150128.csv,2018,9999,,,77,Москва,,,1,150817.4,107571.0,624.3,5
2463,19264,2911,8855,3385,3630,55810,17765,0.3451711162874037,0.05215911127038165,0.1586633219853073,0.060652212865077944,0.0650421071492564,0.318312130442573,Вешняки,45-302-000-000,внутригородская территория города федерального значения муниципальный округ Вешняки,внутригородская территория города федерального значения,,1,,,data-20180110-structure-20150128.csv,2018,9999,,,77,Москва,,,1,123692.0,119585.0,630.9,5
2464,20022,3069,10325,4564,4081,63082,21021,0.3173964046796233,0.04865096223962462,0.1636758504803272,0.0723502742462192,0.06469357344408865,0.333232934910117,Восточное Измайлово,45-303-000-000,внутригородская территория города федерального значения муниципальный округ Восточное Измайлово,внутригородская территория города федерального значения,,1,,,data-20180110-structure-20150128.csv,2018,9999,,,77,Москва,,,1,139913.0,73857.0,615.6,5
2465,17514,2274,9993,2589,3364,51374,15640,0.34091174524078327,0.044263635301903685,0.19451473508000156,0.050395141511270294,0.06548059329621987,0.3044341495698213,Восточный,45-304-000-000,внутригородская территория города федерального значения муниципальный округ Восточный,внутригородская территория города федерального значения,,1,,,data-20180110-structure-20150128.csv,2018,9999,,,77,Москва,,,1,96567.2,12454.0,587.7,5
2466,19765,2810,9338,3454,3852,57679,18460,0.3426723764281628,0.04871790426325005,0.1618960106797968,0.05988314637909811,0.06678340470535203,0.3200471575443402,Гольяново,45-305-000-000,внутригородская территория города федерального значения муниципальный округ Гольяново,внутригородская территория города федерального значения,,1,,,data-20180110-structure-20150128.csv,2018,9999,,,77,Москва,,,1,132274.9,164715.0,600.5,5
2467,20368,2923,9461,3576,3907,59222,18987,0.34392624362567964,0.04935665799871669,0.15975482084360543,0.0603829657897403,0.06597210496099422,0.3206072067812637,Ивановское,45-306-000-000,внутригородская территория города федерального значения муниципальный округ Ивановское,внутригородская территория города федерального значения,,1,,,data-20180110-structure-20150128.csv,2018,9999,,,77,Москва,,,1,108689.0,125062.0,623.4,5
2468,19417,3286,9409,4561,3833,62081,21575,0.3127688020489361,0.05293084840772539,0.15156005863307614,0.07346853304553728,0.06174191781704547,0.3475298400476796,Измайлово,45-307-000-000,внутригородская территория города федерального значения муниципальный округ Измайлово,внутригородская территория города федерального значения,,1,,,data-20180110-structure-20150128.csv,2018,9999,,,77,Москва,,,1,125617.2,108666.0,626.9,5
2469,20733,2970,10388,3542,3953,61736,20150,0.3358332253466373,0.04810807308539588,0.16826486976804458,0.057373331605546196,0.06403071141635351,0.32638978877802255,Косино-Ухтомский,45-308-000-000,внутригородская территория города федерального значения муниципальный округ Косино-Ухтомский,внутригородская территория города федерального значения,,1,,,data-20180110-structure-20150128.csv,2018,9999,,,77,Москва,,,1,119476.7,89438.0,598.6,5
2470,19869,2974,9885,4275,3919,61406,20484,0.3235677295378302,0.04843174934045533,0.16097775461681268,0.06961860404520731,0.06382112497150115,0.33358303748819335,Новогиреево,45-309-000-000,внутригородская территория города федерального значения муниципальный округ Новогиреево,внутригородская территория города федерального значения,,1,,,data-20180110-structure-20150128.csv,2018,9999,,,77,Москва,,,1,139017.1,99348.0,626.4,5
2471,20428,3108,10250,3714,3705,61524,20319,0.33203302776152394,0.05051687146479423,0.1666016513880762,0.060366686171250246,0.06022040179442169,0.3302613614199337,Новокосино,45-310-000-000,внутригородская территория города федерального значения муниципальный округ Новокосино,внутригородская территория города федерального значения,,1,,,data-20180110-structure-20150128.csv,2018,9999,,,77,Москва,,,1,115822.7,107461.0,604.5,5
2472,19016,2691,9833,3219,3425,55073,16889,0.3452871643091896,0.0488624189711837,0.1785448404844479,0.058449694042452746,0.06219018393768271,0.3066656982550433,Метро,45-311-000-000,внутригородская территория города федерального значения муниципальный округ Метрогородок,внутригородская территория города федерального значения,,1,,,data-20180110-structure-20150128.csv,2018,9999,,,77,Москва,,,1,115041.8,40122.0,612.5,5
2473,19702,3078,9636,3684,3684,58632,18848,0.3360281075180789,0.05249693000409333,0.16434711420384773,0.06283258288988948,0.06283258288988948,0.3214626824942011,Перово,45-312-000-000,внутригородская территория города федерального значения муниципальный округ Перово,внутригородская территория города федерального значения,,1,,,data-20180110-structure-20150128.csv,2018,9999,,,77,Москва,,,1,133502.6,134308.0,633.8,5
2474,18837,2888,8970,3634,3741,56852,18782,0.33133399000914654,0.05079856469429395,0.15777809048054597,0.06392035460493914,0.06580243439105045,0.33036656582002394,Северное Измайлово,45-313-000-000,внутригородская территория города федерального значения муниципальный округ Северное Измайлово,внутригородская территория города федерального значения,,1,,,data-20180110-structure-20150128.csv,2018,9999,,,77,Москва,,,1,106671.0,84957.0,615.1,5
2475,19109,3142,9252,4043,3665,59720,20509,0.31997655726724716,0.05261219022103148,0.15492297387809778,0.0676992632283992,0.06136972538513061,0.34341929002009375,Соколиная гора,45-314-000-000,внутригородская территория города федерального значения муниципальный округ Соколиная гора,внутригородская территория города федерального значения,,1,,,data-20180110-structure-20150128.csv,2018,9999,,,77,Москва,,,1,162116.6,92805.0,637.5,5
2476,20272,4013,10346,5254,4380,70842,26577,0.2861579289122272,0.056647186697157056,0.14604330764235907,0.0741650433358742,0.061827729313119334,0.37515880409926317,Сокольники,45-315-000-000,внутригородская территория города федерального значения муниципальный округ Сокольники,внутригородская территория города федерального значения,,1,,,data-20180110-structure-20150128.csv,2018,9999,,,77,Москва,,,1,180898.4,60396.0,636.4,5
2477,19507,3340,9508,4525,4027,62188,21281,0.31367787997684443,0.053708110889560685,0.15289123303531227,0.07276323406444973,0.06475525824917991,0.342204283784653,Преображенское,45-316-000-000,внутригородская территория города федерального значения муниципальный округ Преображенское,внутригородская территория города федерального значения,,1,,,data-20180110-structure-20150128.csv,2018,9999,,,77,Москва,,,1,197587.9,87933.0,633.8,5
2478,19743,2602,10467,3020,3677,56664,17155,0.34842227869546805,0.04591980799096428,0.184720457433291,0.05329662572356346,0.06489128900183538,0.3027495411548779,Внуково,45-317-000-000,внутригородская территория города федерального значения муниципальный округ Внуково,внутригородская территория города федерального значения,,1,,,data-20180110-structure-20150128.csv,2018,9999,,,77,Москва,,,1,158742.3,25182.0,557.3,5
2479,20716,4713,9998,6638,5406,79801,32330,0.2595957444142304,0.05905941028307916,0.12528665054322627,0.08318191501359633,0.06774351198606533,0.4051327677598025,Дорогомилово,45-318-000-000,внутригородская территория города федерального значения муниципальный округ Дорогомилово,внутригородская территория города федерального значения,,1,,,data-20180110-structure-20150128.csv,2018,9999,,,77,Москва,,,1,183835.8,75669.0,641.1,5
2480,22344,4496,11277,5719,5144,78807,29827,0.2835281129848871,0.057050769601685127,0.1430964254444402,0.07256969558541754,0.06527338941972159,0.3784816069638484,Крылатское,45-319-000-000,внутригородская территория города федерального значения муниципальный округ Крылатское,внутригородская территория города федерального значения,,1,,,data-20180110-structure-20150128.csv,2018,9999,,,77,Москва,,,1,251108.1,82363.0,608.7,5
2481,21407,3978,10551,4606,4464,70105,25099,0.3053562513372798,0.05674345624420512,0.1505028172027673,0.06570144782825761,0.0636759146993795,0.3580201126881107,Кунцево,45-320-000-000,внутригородская территория города федерального значения муниципальный округ Кунцево,внутригородская территория города федерального значения,,1,,,data-20180110-structure-20150128.csv,2018,9999,,,77,Москва,,,1,153258.6,151447.0,604.7,5
2482,20427,3466,10217,4433,4714,65514,22257,0.31179595201025734,0.05290472265469976,0.1559513997008273,0.0676649265805782,0.0719540861495253,0.3397289129041121,Можайский,45-321-000-000,внутригородская территория города федерального значения муниципальный округ Можайский,внутригородская территория города федерального значения,,1,,,data-20180110-structure-20150128.csv,2018,9999,,,77,Москва,,,1,219334.6,145961.0,613.5,5
2483,21444,3274,10796,3913,4278,64600,20895,0.33195046439628484,0.050681114551083595,0.16712074303405572,0.060572755417956654,0.06622291021671826,0.3234520123839009,Ново-Переделкино,45-322-000-000,внутригородская территория города федерального значения муниципальный округ Ново-Переделкино,внутригородская территория города федерального значения,,1,,,data-20180110-structure-20150128.csv,2018,9999,,,77,Москва,,,1,121277.8,122058.0,578.7,5
2484,20183,3443,10926,5091,5094,69271,24534,0.2913629079990184,0.049703339059635344,0.15772834230774782,0.07349395851077652,0.0735372666772531,0.35417418544556883,Очаково-Матвеевское,45-323-000-000,внутригородская территория города федерального значения муниципальный округ Очаково-Матвеевское,внутригородская территория города федерального значения,,1,,,data-20180110-structure-20150128.csv,2018,9999,,,77,Москва,,,1,143973.4,126535.0,611.8,5
2485,21535,4725,10381,6449,5121,79349,31138,0.2713959848265258,0.05954706423521405,0.1308271055715888,0.08127386608526888,0.06453767533302247,0.39241830394837995,Проспект Вернадского,45-324-000-000,внутригородская территория города федерального значения муниципальный округ Проспект Вернадского,внутригородская территория города федерального значения,,1,,,data-20180110-structure-20150128.csv,2018,9999,,,77,Москва,,,1,317345.3,65316.0,633.1,5
2486,21629,5249,11750,7671,5921,88176,35956,0.24529350390128835,0.05952866993286155,0.1332562148430412,0.08699646162221013,0.06714979132643803,0.4077753583741608,Раменки,45-325-000-000,внутригородская территория города федерального значения муниципальный округ Раменки,внутригородская территория города федерального значения,,1,,,data-20180110-structure-20150128.csv,2018,9999,,,77,Москва,,,1,162475.6,151931.0,634.7,5
2487,20431,3299,10736,4370,4355,66291,23100,0.3082017166734549,0.04976542818783847,0.16195260291743976,0.06592146746918888,0.06569519240922599,0.34846359234285196,Солнцево,45-326-000-000,внутригородская территория города федерального значения муниципальный округ Солнцево,внутригородская территория города федерального значения,,1,,,data-20180110-structure-20150128.csv,2018,9999,,,77,Москва,,,1,121441.6,126309.0,592.2,5
2488,21403,4491,10957,5857,5016,78267,30543,0.27346135663817445,0.05738050519375982,0.1399951448247665,0.07483358248048347,0.0640883130821419,0.39024109778067384,Тропарево-Никулино,45-327-000-000,внутригородская территория города федерального значения муниципальный округ Тропарево-Никулино,внутригородская территория города федерального значения,,1,,,data-20180110-structure-20150128.csv,2018,9999,,,77,Москва,,,1,179236.2,128029.0,617.7,5
2489,21954,4282,11084,5821,5146,77380,29093,0.2837167226673559,0.05533729645903334,0.14324114758335488,0.07522615662962005,0.066502972344275,0.3759757043163608,Филевский парк,45-328-000-000,внутригородская территория города федерального значения муниципальный округ Филевский парк,внутригородская территория города федерального значения,,1,,,data-20180110-structure-20150128.csv,2018,9999,,,77,Москва,,,1,163078.2,112388.0,626.4,5
2490,21137,3951,10029,4631,4433,68709,24528,0.30763073250956935,0.057503383836178666,0.1459634109068681,0.06740019502539696,0.06451847647324223,0.3569838012487447,Фили-Давыдково,45-329-000-000,внутригородская территория города федерального значения муниципальный округ Фили-Давыдково,внутригородская территория города федерального значения,,1,,,data-20180110-structure-20150128.csv,2018,9999,,,77,Москва,,,1,163829.5,111926.0,625.3,5
2491,20596,3023,11911,3757,4057,63703,20359,0.32331287380500134,0.04745459397516601,0.18697706544432757,0.058976814278762384,0.06368616862628133,0.31959248387046135,Крюково,45-330-000-000,внутригородская территория города федерального значения муниципальный округ Крюково,внутригородская территория города федерального значения,,1,,,data-20180110-structure-20150128.csv,2018,9999,,,77,Москва,,,1,108061.4,110660.0,510.5,5
2492,20758,3012,11511,3754,3737,61925,19153,0.33521194993944287,0.04863948324586193,0.1858861526039564,0.06062171982236576,0.06034719418651595,0.3092935002018571,Матушкино,45-331-000-000,внутригородская территория города федерального значения муниципальный округ Матушкино,внутригородская территория города федерального значения,,1,,,data-20180110-structure-20150128.csv,2018,9999,,,77,Москва,,,1,146480.9,43049.0,515.9,5
2493,20578,3276,11391,3484,3747,62164,19688,0.33102760440126117,0.05269931149861656,0.18324110417605044,0.056045299530274754,0.0602760440126118,0.31671063638118524,Силино,45-332-000-000,внутригородская территория города федерального значения муниципальный округ Силино,внутригородская территория города федерального значения,,1,,,data-20180110-structure-20150128.csv,2018,9999,,,77,Москва,,,1,161249.9,42047.0,508.9,5
2494,20427,4417,10383,6078,4798,75330,29227,0.2711668657905217,0.058635337846807384,0.13783353245718838,0.08068498606133015,0.06369308376476836,0.38798619407938406,Аэропорт,45-333-000-000,внутригородская территория города федерального значения муниципальный округ Аэропорт,внутригородская территория города федерального значения,,1,,,data-20180110-structure-20150128.csv,2018,9999,,,77,Москва,,,1,241012.2,81833.0,639.2,5
2495,20546,4490,10815,6521,5380,78197,30445,0.2627466526848856,0.057419082573500264,0.13830453853728403,0.08339194598258245,0.06880059337314731,0.3893371868486003,Беговой,45-334-000-000,внутригородская территория города федерального значения муниципальный округ Беговой,внутригородская территория города федерального значения,,1,,,data-20180110-structure-20150128.csv,2018,9999,,,77,Москва,,,1,192207.0,43190.0,651.0,5
2496,20165,3109,10487,4099,4079,61687,19748,0.32689221391865386,0.050399597970398946,0.1700034042829121,0.06644836027039733,0.06612414285019534,0.32013228070744243,Бескудниковский,45-335-000-000,внутригородская территория города федерального значения муниципальный округ Бескудниковский,внутригородская территория города федерального значения,,1,,,data-20180110-structure-20150128.csv,2018,9999,,,77,Москва,,,1,159783.3,79896.0,621.5,5
2497,20474,4077,10126,5063,4290,70712,26682,0.2895406720217219,0.05765640909605159,0.1432005883018441,0.07160029415092205,0.06066862767281367,0.37733340875664667,Войковский,45-336-000-000,внутригородская территория города федерального значения муниципальный округ Войковский,внутригородская территория города федерального значения,,1,,,data-20180110-structure-20150128.csv,2018,9999,,,77,Москва,,,1,218129.8,72173.0,621.3,5
2498,20043,2872,10596,3949,4113,60924,19351,0.3289836517628521,0.047140699888385526,0.17392160724837502,0.0648184623465301,0.06751034075241284,0.31762523800144443,Восточное Дегунино,45-337-000-000,внутригородская территория города федерального значения муниципальный округ Восточное Дегунино,внутригородская территория города федерального значения,,1,,,data-20180110-structure-20150128.csv,2018,9999,,,77,Москва,,,1,124829.0,101167.0,607.1,5
2499,20179,3323,10024,4294,4192,63229,21217,0.3191415331572538,0.05255499849752487,0.15853484951525407,0.06791187587973872,0.06629869205586045,0.3355580508943681,Головинский,45-338-000-000,внутригородская территория города федерального значения муниципальный округ Головинский,внутригородская территория города федерального значения,,1,,,data-20180110-structure-20150128.csv,2018,9999,,,77,Москва,,,1,151028.1,106612.0,619.4,5
2500,19870,2772,10818,3965,4041,61151,19685,0.32493336167846804,0.04533041160406208,0.17690634658468382,0.06483949567464146,0.06608232081241516,0.32190806364572944,Дмитровский,45-339-000-000,внутригородская территория города федерального значения муниципальный округ Дмитровский,внутригородская территория города федерального значения,,1,,,data-20180110-structure-20150128.csv,2018,9999,,,77,Москва,,,1,129755.4,103496.0,603.1,5
2501,19696,2962,10639,4053,4167,62005,20488,0.3176518022740102,0.04777034110152407,0.17158293685993065,0.06536569631481332,0.06720425772115152,0.3304249657285703,Западное Дегунино,45-340-000-000,внутригородская территория города федерального значения муниципальный округ Западное Дегунино,внутригородская территория города федерального значения,,1,,,data-20180110-structure-20150128.csv,2018,9999,,,77,Москва,,,1,118175.0,84743.0,614.6,5
2502,19648,3317,10264,4200,3946,62587,21212,0.31393100803681273,0.052998226468755495,0.16399571796059884,0.06710658763001902,0.06304823685429882,0.3389202230495151,Коптево,45-341-000-000,внутригородская территория города федерального значения муниципальный округ Коптево,внутригородская территория города федерального значения,,1,,,data-20180110-structure-20150128.csv,2018,9999,,,77,Москва,,,1,190203.9,103676.0,622.4,5
2503,21000,4085,10669,4839,4660,71895,26642,0.2920926350928437,0.056818972112107936,0.14839696780026426,0.067306488629251,0.06481674664441199,0.3705681897211211,Левобережный,45-342-000-000,внутригородская территория города федерального значения муниципальный округ Левобережный,внутригородская территория города федерального значения,,1,,,data-20180110-structure-20150128.csv,2018,9999,,,77,Москва,,,1,137148.0,55420.0,609.0,5
2504,19964,2776,11316,3320,4047,61461,20038,0.3248238720489416,0.04516685377719204,0.18411675696783325,0.05401799515139682,0.06584663445111534,0.3260278876035209,Молжаниновский,45-343-000-000,внутригородская территория города федерального значения муниципальный округ Молжаниновский,внутригородская территория города федерального значения,,1,,,data-20180110-structure-20150128.csv,2018,9999,,,77,Москва,,,1,140431.6,13337.0,558.9,5
2505,19112,3585,10495,5152,4414,66285,23527,0.28833069321867694,0.0540846345326997,0.15833144753715017,0.07772497548464961,0.06659123481934072,0.3549370144074828,Савеловский,45-344-000-000,внутригородская территория города федерального значения муниципальный округ Савеловский,внутригородская территория города федерального значения,,1,,,data-20180110-structure-20150128.csv,2018,9999,,,77,Москва,,,1,215132.7,60149.0,644.9,5
2506,20477,4032,10252,6043,4690,72550,27056,0.28224672639558923,0.05557546519641626,0.1413094417643005,0.08329427980702964,0.06464507236388697,0.3729290144727774,Сокол,45-345-000-000,внутригородская территория города федерального значения муниципальный округ Сокол,внутригородская территория города федерального значения,,1,,,data-20180110-structure-20150128.csv,2018,9999,,,77,Москва,,,1,142955.5,57677.0,633.8,5
2507,19053,3240,9882,4800,4101,63335,22259,0.3008289255545907,0.05115654851188127,0.15602747296123787,0.07578747927686114,0.06475092760716823,0.3514486460882608,Тимирязевский,45-346-000-000,внутригородская территория города федерального значения муниципальный округ Тимирязевский,внутригородская территория города федерального значения,,1,,,data-20180110-structure-20150128.csv,2018,9999,,,77,Москва,,,1,216063.6,82774.0,629.3,5
2508,21010,3614,10919,4706,4489,69490,24752,0.3023456612462225,0.052007483091092245,0.15713052237732048,0.06772197438480357,0.06459922290977119,0.35619513599079006,Ховрино,45-347-000-000,внутригородская территория города федерального значения муниципальный округ Ховрино,внутригородская территория города федерального значения,,1,,,data-20180110-structure-20150128.csv,2018,9999,,,77,Москва,,,1,106351.2,96233.0,610.4,5
2509,21563,4749,11546,6556,5422,83844,34008,0.25718000095415294,0.05664090453699728,0.13770812461237536,0.07819283431134011,0.06466771623491245,0.40561041935022185,Хорошевский,45-348-000-000,внутригородская территория города федерального значения муниципальный округ Хорошевский,внутригородская территория города федерального значения,,1,,,data-20180110-structure-20150128.csv,2018,9999,,,77,Москва,,,1,183231.2,75533.0,631.9,5
2510,19943,3841,10147,5437,4692,68675,24615,0.2903967965052785,0.05593010556971242,0.14775391336002913,0.07917000364033491,0.06832180560611577,0.3584273753185293,Алексеевский,45-349-000-000,внутригородская территория города федерального значения муниципальный округ Алексеевский,внутригородская территория города федерального значения,,1,,,data-20180110-structure-20150128.csv,2018,9999,,,77,Москва,,,1,150849.0,77681.0,635.4,5
2511,20075,2778,9670,3571,3855,57957,18008,0.3463774867574236,0.04793208758217299,0.16684783546422347,0.061614645340511066,0.06651482996014287,0.310713114895526,Алтуфьевский,45-350-000-000,внутригородская территория города федерального значения муниципальный округ Алтуфьевский,внутригородская территория города федерального значения,,1,,,data-20180110-structure-20150128.csv,2018,9999,,,77,Москва,,,1,129178.4,55741.0,618.2,5
2512,19763,3322,10225,4091,3856,62559,21302,0.31590978116657875,0.05310187183298966,0.16344570725235377,0.06539426781118624,0.06163781390367493,0.34051055803321667,Бабушкинский,45-351-000-000,внутригородская территория города федерального значения муниципальный округ Бабушкинский,внутригородская территория города федерального значения,,1,,,data-20180110-structure-20150128.csv,2018,9999,,,77,Москва,,,1,130245.0,88627.0,618.4,5
2513,20215,2786,9512,3495,3503,57724,18213,0.35020095627468645,0.04826415355831197,0.1647841452428799,0.060546739657681384,0.06068533019194789,0.31551867507449244,Бибирево,45-352-000-000,внутригородская территория города федерального значения муниципальный округ Бибирево,внутригородская территория города федерального значения,,1,,,data-20180110-structure-20150128.csv,2018,9999,,,77,Москва,,,1,100618.5,158797.0,600.5,5
2514,19423,3307,9951,4514,3955,63555,22405,0.30560931476673747,0.0520336716230037,0.15657304696719376,0.07102509637322005,0.06222956494374951,0.3525293053260955,Бутырский,45-353-000-000,внутригородская территория города федерального значения муниципальный округ Бутырский,внутригородская территория города федерального значения,,1,,,data-20180110-structure-20150128.csv,2018,9999,,,77,Москва,,,1,205249.2,71703.0,637.1,5
2515,20637,3030,10443,3948,3985,62757,20714,0.3288398106984081,0.04828146660930255,0.16640374778909126,0.06290931688895263,0.0634988925538187,0.33006676546042674,Лианозово,45-354-000-000,внутригородская территория города федерального значения муниципальный округ Лианозово,внутригородская территория города федерального значения,,1,,,data-20180110-structure-20150128.csv,2018,9999,,,77,Москва,,,1,133442.7,84105.0,600.9,5
2516,20904,3226,10770,3962,4321,64441,21258,0.324389751866048,0.050061296379634086,0.1671296224453376,0.061482596483605156,0.06705358389844975,0.3298831489269254,Лосиноостровский,45-355-000-000,внутригородская территория города федерального значения муниципальный округ Лосиноостровский,внутригородская территория города федерального значения,,1,,,data-20180110-structure-20150128.csv,2018,9999,,,77,Москва,,,1,115734.3,83136.0,605.9,5
2517,21812,3938,11410,5093,4780,70958,23925,0.30739310578088447,0.05549761830942247,0.16079934609205446,0.07177485272978382,0.06736379266608417,0.33717128442177063,Марфино,45-356-000-000,внутригородская территория города федерального значения муниципальный округ Марфино,внутригородская территория города федерального значения,,1,,,data-20180110-structure-20150128.csv,2018,9999,,,77,Москва,,,1,140528.6,36742.0,630.5,5
2518,20148,3767,10100,5243,4370,68655,25027,0.29346733668341707,0.05486854562668415,0.14711237346151046,0.07636734396620785,0.06365159128978225,0.3645328089723982,Марьина роща,45-357-000-000,внутригородская территория города федерального значения муниципальный округ Марьина роща,внутригородская территория города федерального значения,,1,,,data-20180110-structure-20150128.csv,2018,9999,,,77,Москва,,,1,184505.8,62191.0,649.1,5
2519,20140,3768,10852,5475,4553,70748,25960,0.2846723582292079,0.05325945609769887,0.1533894951094024,0.07738734663877424,0.0643551761180528,0.3669361678068638,Останкинский,45-358-000-000,внутригородская территория города федерального значения муниципальный округ Останкинский,внутригородская территория города федерального значения,,1,,,data-20180110-structure-20150128.csv,2018,9999,,,77,Москва,,,1,167222.6,64840.0,635.7,5
2520,19539,3086,9933,4202,3861,61053,20432,0.3200334135914697,0.050546246703683684,0.16269470787676282,0.06882544674299379,0.06324013561987125,0.33466004946521877,Отрадное,45-359-000-000,внутригородская территория города федерального значения муниципальный округ Отрадное,внутригородская территория города федерального значения,,1,,,data-20180110-structure-20150128.csv,2018,9999,,,77,Москва,,,1,131674.3,187737.0,620.5,5
2521,19379,3263,10890,4969,4638,67293,24154,0.28797943322485253,0.04848944169527291,0.16182961080647318,0.07384126134962031,0.0689224733627569,0.3589377795610242,Ростокино,45-360-000-000,внутригородская территория города федерального значения муниципальный округ Ростокино,внутригородская территория города федерального значения,,1,,,data-20180110-structure-20150128.csv,2018,9999,,,77,Москва,,,1,152010.4,52115.0,631.2,5
2522,19799,3547,10176,4910,4088,67365,24845,0.2939063311808803,0.05265345505826468,0.15105767089735025,0.07288651376827729,0.06068433162621539,0.3688116974690121,Свиблово,45-361-000-000,внутригородская территория города федерального значения муниципальный округ Свиблово,внутригородская территория города федерального значения,,1,,,data-20180110-structure-20150128.csv,2018,9999,,,77,Москва,,,1,139610.7,60013.0,628.8,5
2523,20348,3117,10441,3917,3660,60960,19477,0.3337926509186352,0.051131889763779526,0.1712762467191601,0.06425524934383202,0.060039370078740155,0.319504593175853,Северное Медведково,45-362-000-000,внутригородская территория города федерального значения муниципальный округ Северное Медведково,внутригородская территория города федерального значения,,1,,,data-20180110-structure-20150128.csv,2018,9999,,,77,Москва,,,1,121827.0,129632.0,606.8,5
2524,19920,2957,11798,4154,4794,65656,22033,0.30339953698062627,0.04503777263311807,0.17969416351894724,0.06326916047276715,0.07301693676130133,0.3355824296332399,Северный,45-363-000-000,внутригородская территория города федерального значения муниципальный округ Северный,внутригородская территория города федерального значения,,1,,,data-20180110-structure-20150128.csv,2018,9999,,,77,Москва,,,1,120516.1,55740.0,580.2,5
2525,20514,3022,10409,4137,4023,63592,21487,0.3225877468864008,0.04752170084287332,0.1636841112089571,0.06505535287457542,0.0632626745502579,0.33788841363693545,Южное Медведково,45-364-000-000,внутригородская территория города федерального значения муниципальный округ Южное Медведково,внутригородская территория города федерального значения,,1,,,data-20180110-structure-20150128.csv,2018,9999,,,77,Москва,,,1,115802.8,88150.0,619.8,5
2526,19863,2571,9574,3925,4200,58719,18586,0.33827210953865017,0.0437848055995504,0.16304773582656382,0.066843781399547,0.07152710366320952,0.3165244639724791,Ярославский,45-365-000-000,внутригородская территория города федерального значения муниципальный округ Ярославский,внутригородская территория города федерального значения,,1,,,data-20180110-structure-20150128.csv,2018,9999,,,77,Москва,,,1,133247.7,98861.0,611.8,5
2527,22066,4777,12692,5845,5859,85577,34338,0.25784965586547787,0.05582107341925985,0.14831087792280637,0.06830106220129241,0.06846465755985838,0.40125267303130513,Куркино,45-366-000-000,внутригородская территория города федерального значения муниципальный округ Куркино,внутригородская территория города федерального значения,,1,,,data-20180110-structure-20150128.csv,2018,9999,,,77,Москва,,,1,125392.2,33298.0,576.9,5
2528,21320,3432,11288,4353,4392,69009,24224,0.3089452100450666,0.049732643568230234,0.16357286730716283,0.06307872886145285,0.06364387253836457,0.35102667767972295,Митино,45-367-000-000,внутригородская территория города федерального значения муниципальный округ Митино,внутригородская территория города федерального значения,,1,,,data-20180110-structure-20150128.csv,2018,9999,,,77,Москва,,,1,122877.5,198194.0,586.1,5
2529,19468,3429,10165,4639,4211,65939,24027,0.29524257268081106,0.05200260847146605,0.1541576305373148,0.07035290192450598,0.06386205432293483,0.36438223206296727,Покровское-Стрешнево,45-368-000-000,внутригородская территория города федерального значения муниципальный округ Покровское-Стрешнево,внутригородская территория города федерального значения,,1,,,data-20180110-structure-20150128.csv,2018,9999,,,77,Москва,,,1,175675.7,67364.0,609.9,5
2530,20200,3132,9782,4298,3842,61553,20299,0.32817246925413873,0.05088297889623576,0.15891995516059332,0.06982600360664792,0.06241775380566341,0.32978083927672086,Северное Тушино,45-369-000-000,внутригородская территория города федерального значения муниципальный округ Северное Тушино,внутригородская территория города федерального значения,,1,,,data-20180110-structure-20150128.csv,2018,9999,,,77,Москва,,,1,127789.4,172055.0,589.1,5
2531,21536,3423,10372,4204,4257,66597,22805,0.32337792993678394,0.05139871165367809,0.15574275117497785,0.06312596663513372,0.06392179827920176,0.34243284232022464,Строгино,45-370-000-000,внутригородская территория города федерального значения муниципальный округ Строгино,внутригородская территория города федерального значения,,1,,,data-20180110-structure-20150128.csv,2018,9999,,,77,Москва,,,1,137223.0,163074.0,592.4,5
2532,21248,4066,10960,5536,5144,74685,27731,0.2845015732744192,0.054441989690031466,0.14674968199772379,0.07412465689228091,0.06887594563834773,0.3713061525071969,Хорошево-Мневники,45-371-000-000,внутригородская территория города федерального значения муниципальный округ Хорошево-Мневники,внутригородская территория города федерального значения,,1,,,data-20180110-structure-20150128.csv,2018,9999,,,77,Москва,,,1,144182.2,182497.0,625.0,5
2533,21303,4056,10720,5615,4748,74326,27884,0.286615719936496,0.054570406049027256,0.14422947555364207,0.07554556951806905,0.0638807415978258,0.3751580873449399,Щукино,45-372-000-000,внутригородская территория города федерального значения муниципальный округ Щукино,внутригородская территория города федерального значения,,1,,,data-20180110-structure-20150128.csv,2018,9999,,,77,Москва,,,1,166965.1,110486.0,617.0,5
2534,20014,3064,9922,4100,3984,61490,20406,0.3254838185070743,0.049829240526914946,0.16135957066189624,0.06667750853797365,0.06479102293055782,0.33185883883558304,Южное Тушино,45-373-000-000,внутригородская территория города федерального значения муниципальный округ Южное Тушино,внутригородская территория города федерального значения,,1,,,data-20180110-structure-20150128.csv,2018,9999,,,77,Москва,,,1,153504.9,112628.0,597.9,5
2535,20280,5219,10389,8565,5890,86978,36635,0.2331624088850054,0.06000367909126446,0.11944399733265883,0.09847317712525007,0.06771827358642415,0.4211984639793971,Арбат,45-374-000-000,внутригородская территория города федерального значения муниципальный округ Арбат,внутригородская территория города федерального значения,,1,,,data-20180110-structure-20150128.csv,2018,9999,,,77,Москва,,,1,247231.3,36246.0,657.6,5
2536,20650,4288,10661,6335,4755,76256,29567,0.2707983634074696,0.056231640788921525,0.1398053923625682,0.08307543013008813,0.062355749055812,0.38773342425514057,Басманный,45-375-000-000,внутригородская территория города федерального значения муниципальный округ Басманный,внутригородская территория города федерального значения,,1,,,data-20180110-structure-20150128.csv,2018,9999,,,77,Москва,,,1,187752.5,111289.0,653.1,5
2537,19069,4005,9768,5989,4192,71595,28572,0.2663454151826245,0.05593966059082338,0.13643410852713178,0.08365109295341853,0.0585515748306446,0.39907814791535723,Замоскворечье,45-376-000-000,внутригородская территория города федерального значения муниципальный округ Замоскворечье,внутригородская территория города федерального значения,,1,,,data-20180110-structure-20150128.csv,2018,9999,,,77,Москва,,,1,224018.5,55293.0,656.4,5
2538,20628,3359,11686,4185,3966,65676,21852,0.31408733784030696,0.05114501492173701,0.1779341007369511,0.06372190754613558,0.06038735611182167,0.33272428284304767,Савелки,45-377-000-000,внутригородская территория города федерального значения муниципальное образование Савелки,внутригородская территория города федерального значения,,1,,,data-20180110-structure-20150128.csv,2018,9999,,,77,Москва,,,1,138589.8,36947.0,519.5,5
2539,19266,3521,9745,5121,4009,67626,25964,0.2848904267589389,0.052065773519060714,0.14410138112560258,0.0757253127495342,0.05928193298435513,0.3839351728625085,Красносельский,45-378-000-000,внутригородская территория города федерального значения муниципальный округ Красносельский,внутригородская территория города федерального значения,,1,,,data-20180110-structure-20150128.csv,2018,9999,,,77,Москва,,,1,,45851.0,656.2,5
2540,20114,4229,9826,6055,4667,72683,27792,0.2767359630174869,0.05818416961325207,0.13518979678879517,0.08330696311379553,0.06421033804328385,0.3823727694233865,Мещанский,45-379-000-000,внутригородская территория города федерального значения муниципальный округ Мещанский,внутригородская территория города федерального значения,,1,,,data-20180110-structure-20150128.csv,2018,9999,,,77,Москва,,,1,191847.6,55635.0,657.1,5
2541,20943,4956,10679,7044,5518,82868,33728,0.2527272288458754,0.05980595646087754,0.12886759665974803,0.08500265482454024,0.0665878264227446,0.40700873678621424,Пресненский,45-380-000-000,внутригородская территория города федерального значения муниципальный округ Пресненский,внутригородская территория города федерального значения,,1,,,data-20180110-structure-20150128.csv,2018,9999,,,77,Москва,,,1,257910.1,127506.0,645.1,5
2542,20399,4007,10532,5607,4510,72598,27543,0.2809857020854569,0.055194357971293975,0.14507286702113006,0.07723353260420397,0.062122923496515055,0.3793906168214,Таганский,45-381-000-000,внутригородская территория города федерального значения муниципальный округ Таганский,внутригородская территория города федерального значения,,1,,,data-20180110-structure-20150128.csv,2018,9999,,,77,Москва,,,1,207264.0,134759.0,652.9,5
2543,19640,4603,9788,7273,4911,79252,33037,0.24781708978953212,0.058080553172159696,0.12350476959571999,0.09177055468631706,0.06196689042547822,0.41686014233079294,Тверской,45-382-000-000,внутригородская территория города федерального значения муниципальный округ Тверской,внутригородская территория города федерального значения,,1,,,data-20180110-structure-20150128.csv,2018,9999,,,77,Москва,,,1,231223.2,75735.0,656.4,5
2544,21741,5703,11314,7811,5829,89485,37087,0.2429569201542158,0.06373135162317707,0.12643459797731463,0.0872883723529083,0.06513940883947031,0.4144493490529139,Хамовники,45-383-000-000,внутригородская территория города федерального значения муниципальный округ Хамовники,внутригородская территория города федерального значения,,1,,,data-20180110-structure-20150128.csv,2018,9999,,,77,Москва,,,1,214306.4,105094.0,645.1,5
2545,21730,4946,11275,7570,5359,86814,35934,0.2503052503052503,0.05697237772709471,0.12987536572442232,0.08719791738659663,0.061729674937222104,0.4139194139194139,Якиманка,45-384-000-000,внутригородская территория города федерального значения муниципальный округ Якиманка,внутригородская территория города федерального значения,,1,,,data-20180110-structure-20150128.csv,2018,9999,,,77,Москва,,,1,289698.4,27022.0,660.0,5
2546,19842,2938,9453,3666,3815,59723,20009,0.33223381276895,0.049193777941496576,0.15828072936724544,0.06138338663496475,0.0638782378648092,0.33503005542253406,Выхино-Жулебино,45-385-000-000,внутригородская территория города федерального значения муниципальный округ Выхино-Жулебино,внутригородская территория города федерального значения,,1,,,data-20180110-structure-20150128.csv,2018,9999,,,77,Москва,,,1,136813.5,241326.0,612.0,5
2547,17731,2215,8464,2608,3690,50299,15591,0.3525119783693513,0.04403666076860375,0.1682737231356488,0.051849937374500485,0.07336129942941212,0.30996640092248356,Капотня,45-386-000-000,внутригородская территория города федерального значения муниципальный округ Капотня,внутригородская территория города федерального значения,,1,,,data-20180110-structure-20150128.csv,2018,9999,,,77,Москва,,,1,167969.9,32161.0,600.5,5
2548,19217,2689,9006,3868,3813,57253,18660,0.3356505335964928,0.046966971163083154,0.15730180077899847,0.06755977852688942,0.06659913017658463,0.32592178575795155,Кузьминки,45-387-000-000,внутригородская территория города федерального значения муниципальный округ Кузьминки,внутригородская территория города федерального значения,,1,,,data-20180110-structure-20150128.csv,2018,9999,,,77,Москва,,,1,115360.6,139880.0,628.8,5
2549,20140,3341,10043,4991,4113,66098,23470,0.3046990831795213,0.05054615873400103,0.15194105721807014,0.07550909255953281,0.06222578595418923,0.35507882235468546,Лефортово,45-388-000-000,внутригородская территория города федерального значения муниципальный округ Лефортово,внутригородская территория города федерального значения,,1,,,data-20180110-structure-20150128.csv,2018,9999,,,77,Москва,,,1,161314.5,109711.0,640.9,5
2550,18651,2564,9309,3696,3969,56694,18505,0.3289766112816171,0.04522524429392881,0.16419726955233357,0.06519208381839348,0.070007408191343,0.326401382862384,Люблино,45-389-000-000,внутригородская территория города федерального значения муниципальный округ Люблино,внутригородская территория города федерального значения,,1,,,data-20180110-structure-20150128.csv,2018,9999,,,77,Москва,,,1,103011.1,184071.0,615.8,5
2551,19883,2918,9878,4067,3905,61062,20411,0.3256198617798303,0.047787494677540863,0.1617700042579673,0.06660443483672333,0.06395139366545478,0.3342668107824834,Марьино,45-390-000-000,внутригородская территория города федерального значения муниципальный округ Марьино,внутригородская территория города федерального значения,,1,,,data-20180110-structure-20150128.csv,2018,9999,,,77,Москва,,,1,113051.7,272278.0,619.6,5
2552,19000,2560,11233,3442,3792,58729,18702,0.3235198964736331,0.04359004920907899,0.19126836826780635,0.05860818335064449,0.06456776039094825,0.3184457423078888,Некрасовка,45-391-000-000,внутригородская территория города федерального значения муниципальный округ Некрасовка,внутригородская территория города федерального значения,,1,,,data-20180110-structure-20150128.csv,2018,9999,,,77,Москва,,,1,161474.2,112860.0,580.9,5
2553,19003,2728,9607,3975,4020,59254,19921,0.3207040874877645,0.04603908596887974,0.16213251426064063,0.06708407871198568,0.06784352111249874,0.3361967124582307,Нижегородский,45-392-000-000,внутригородская территория города федерального значения муниципальный округ Нижегородский,внутригородская территория города федерального значения,,1,,,data-20180110-structure-20150128.csv,2018,9999,,,77,Москва,,,1,234124.8,50637.0,645.1,5
2554,19322,2679,9446,3551,3611,55431,16822,0.3485775107791669,0.04833035665963089,0.17041005935306958,0.06406162616586386,0.06514405296675145,0.3034763940755173,Печатники,45-393-000-000,внутригородская территория города федерального значения муниципальный округ Печатники,внутригородская территория города федерального значения,,1,,,data-20180110-structure-20150128.csv,2018,9999,,,77,Москва,,,1,153895.3,89544.0,634.5,5
2555,20347,3119,10453,4314,4257,64586,22096,0.31503731458830087,0.04829219954788964,0.16184622054315176,0.06679466138172359,0.0659121171770972,0.34211748676183695,Рязанский,45-394-000-000,внутригородская территория города федерального значения муниципальный округ Рязанский,внутригородская территория города федерального значения,,1,,,data-20180110-structure-20150128.csv,2018,9999,,,77,Москва,,,1,120679.8,108657.0,635.9,5
2556,19544,2881,9440,3652,3775,58134,18842,0.3361888051742526,0.049557917913785395,0.16238345890528777,0.06282038050022362,0.06493618192451922,0.3241132555819314,Текстильщики,45-395-000-000,внутригородская территория города федерального значения муниципальный округ Текстильщики,внутригородская территория города федерального значения,,1,,,data-20180110-structure-20150128.csv,2018,9999,,,77,Москва,,,1,156975.9,101550.0,638.3,5
2557,20011,3318,9869,4795,4462,66856,24401,0.29931494555462484,0.049629053488093815,0.14761577120976427,0.07172131147540983,0.0667404571018308,0.36497846117027644,Южнопортовый,45-396-000-000,внутригородская территория города федерального значения муниципальный округ Южнопортовый,внутригородская территория города федерального значения,,1,,,data-20180110-structure-20150128.csv,2018,9999,,,77,Москва,,,1,172426.0,73112.0,650.8,5
2558,21443,4589,11299,6100,4848,77217,28938,0.27769791626196305,0.059429918282243546,0.14632788116606446,0.07899814807620084,0.06278410194646257,0.37476203426706556,Академический,45-397-000-000,внутригородская территория города федерального значения муниципальный округ Академический,внутригородская территория города федерального значения,,1,,,data-20180110-structure-20150128.csv,2018,9999,,,77,Москва,,,1,341422.7,114228.0,647.9,5
2559,22986,5132,10722,6063,4977,81364,31484,0.28250823460006885,0.06307457843763827,0.13177818199695196,0.07451698539894794,0.06116955901873064,0.38695246054766236,Гагаринский,45-398-000-000,внутригородская территория города федерального значения муниципальный округ Гагаринский,внутригородская территория города федерального значения,,1,,,data-20180110-structure-20150128.csv,2018,9999,,,77,Москва,,,1,204188.1,80493.0,649.4,5
2560,19749,3228,9891,4462,4007,62968,21631,0.3136354973955025,0.05126413416338458,0.1570797865582518,0.07086138991233643,0.06363549739550248,0.34352369457502224,Зюзино,45-901-000-000,внутригородская территория города федерального значения муниципальный округ Зюзино,внутригородская территория города федерального значения,,1,,,data-20180110-structure-20150128.csv,2018,9999,,,77,Москва,,,1,126194.2,123288.0,633.1,5
2561,19817,3535,9598,4641,3986,63553,21976,0.31181848221169733,0.05562286595440027,0.15102355514295154,0.07302566361934133,0.06271930514688527,0.34579012792472424,Коньково,45-902-000-000,внутригородская территория города федерального значения муниципальный округ Коньково,внутригородская территория города федерального значения,,1,,,data-20180110-structure-20150128.csv,2018,9999,,,77,Москва,,,1,164088.8,152544.0,623.4,5
2562,20565,3253,9939,4256,4339,63627,21275,0.32321184402847847,0.0511260942681566,0.15620727049837332,0.06688984236251906,0.06819432002137457,0.33437062882109797,Котловка,45-903-000-000,внутригородская территория города федерального значения муниципальный округ Котловка,внутригородская территория города федерального значения,,1,,,data-20180110-structure-20150128.csv,2018,9999,,,77,Москва,,,1,159641.6,65708.0,649.8,5
2563,22568,4924,11625,5843,5010,81169,31199,0.2780371816826621,0.06066355381980806,0.14321970210301962,0.07198561026993064,0.06172307161601104,0.38437088050856855,Ломоносовский,45-904-000-000,внутригородская территория города федерального значения муниципальный округ Ломоносовский,внутригородская территория города федерального значения,,1,,,data-20180110-structure-20150128.csv,2018,9999,,,77,Москва,,,1,164648.3,87044.0,640.9,5
2564,21241,4290,10678,5625,4754,76175,29587,0.27884476534296027,0.05631768953068592,0.14017722349852313,0.07384312438464063,0.06240892681325894,0.3884082704299311,Обручевский,45-905-000-000,внутригородская территория города федерального значения муниципальный округ Обручевский,внутригородская территория города федерального значения,,1,,,data-20180110-structure-20150128.csv,2018,9999,,,77,Москва,,,1,164188.7,87258.0,633.3,5
2565,20617,3288,11105,4652,4377,67934,23895,0.30348573615568053,0.04839991756705037,0.16346748314540582,0.06847822886919658,0.06443018223569935,0.35173845202696735,Северное Бутово,45-906-000-000,внутригородская территория города федерального значения муниципальный округ Северное Бутово,внутригородская территория города федерального значения,,1,,,data-20180110-structure-20150128.csv,2018,9999,,,77,Москва,,,1,140130.2,97516.0,590.3,5
2566,20465,3719,9874,4265,4255,65946,23368,0.3103296636642101,0.05639462590604434,0.14972856579625754,0.06467412731628909,0.06452248809632123,0.3543505292208777,Теплый Стан,45-907-000-000,внутригородская территория города федерального значения муниципальный округ Теплый Стан,внутригородская территория города федерального значения,,1,,,data-20180110-structure-20150128.csv,2018,9999,,,77,Москва,,,1,121234.8,131899.0,604.0,5
2567,20584,3999,10327,5414,4634,71715,26757,0.287025029631179,0.05576239280485254,0.1440005577633689,0.07549327197936276,0.06461688628599317,0.37310186153524366,Черемушки,45-908-000-000,внутригородская территория города федерального значения муниципальный округ Черемушки,внутригородская территория города федерального значения,,1,,,data-20180110-structure-20150128.csv,2018,9999,,,77,Москва,,,1,235335.8,107951.0,640.1,5
2568,20429,2944,11484,4064,4081,65128,22126,0.31367460999877167,0.04520329197887237,0.17632968922736764,0.06240019653605208,0.06266122098022356,0.3397309912787127,Южное Бутово,45-909-000-000,внутригородская территория города федерального значения муниципальный округ Южное Бутово,внутригородская территория города федерального значения,,1,,,data-20180110-structure-20150128.csv,2018,9999,,,77,Москва,,,1,116897.0,211116.0,564.1,5
2569,20293,3185,10302,4052,4079,62719,20808,0.323554265852453,0.050782059662941054,0.1642564454152649,0.06460562190085939,0.06503611345844162,0.33176549371004,Ясенево,45-910-000-000,внутригородская территория города федерального значения муниципальный округ Ясенево,внутригородская территория города федерального значения,,1,,,data-20180110-structure-20150128.csv,2018,9999,,,77,Москва,,,1,148214.9,176505.0,606.6,5
2570,20100,2702,10275,3443,3997,59275,18758,0.3390974272458878,0.045584141712357654,0.17334458034584563,0.058085196119780684,0.06743146351750316,0.3164571910586251,Бирюлево Восточное,45-911-000-000,внутригородская территория города федерального значения муниципальный округ Бирюлево Восточное,внутригородская территория города федерального значения,,1,,,data-20180110-structure-20150128.csv,2018,9999,,,77,Москва,,,1,122129.0,156160.0,604.5,5
2571,18706,2263,9425,3083,3874,52964,15613,0.35318329431311835,0.04272713541273318,0.17795106109810438,0.058209349746997964,0.07314402235480703,0.2947851370742391,Бирюлево Западное,45-912-000-000,внутригородская территория города федерального значения муниципальный округ Бирюлево Западное,внутригородская территория города федерального значения,,1,,,data-20180110-structure-20150128.csv,2018,9999,,,77,Москва,,,1,126319.5,85308.0,604.0,5
2572,20189,2774,9926,3442,3667,59521,19523,0.33919120982510376,0.046605399774869376,0.166764671292485,0.05782832949715227,0.0616085079215739,0.3280018816888157,Братеево,45-913-000-000,внутригородская территория города федерального значения муниципальный округ Братеево,внутригородская территория города федерального значения,,1,,,data-20180110-structure-20150128.csv,2018,9999,,,77,Москва,,,1,108766.1,101271.0,613.7,5
2573,19772,3598,9694,5352,4398,68936,26122,0.2868167575722409,0.05219333874898457,0.14062318672391783,0.07763722873389811,0.06379830567482883,0.37893118254612973,Даниловский,45-914-000-000,внутригородская территория города федерального значения муниципальный округ Даниловский,внутригородская территория города федерального значения,,1,,,data-20180110-structure-20150128.csv,2018,9999,,,77,Москва,,,1,209472.4,104272.0,645.3,5
2574,20490,3771,10053,5318,4545,69208,25031,0.29606403883944055,0.05448792047162178,0.14525777366778408,0.07684082764998267,0.06567159865911455,0.3616778407120564,Донской,45-915-000-000,внутригородская территория города федерального значения муниципальный округ Донской,внутригородская территория города федерального значения,,1,,,data-20180110-structure-20150128.csv,2018,9999,,,77,Москва,,,1,190541.9,51291.0,649.4,5
2575,20440,3155,9734,3694,3849,60155,19283,0.3397888787299476,0.052447843072063835,0.16181531044800931,0.06140802925775081,0.06398470617571274,0.32055523231651567,Зябликово,45-916-000-000,внутригородская территория города федерального значения муниципальный округ Зябликово,внутригородская территория города федерального значения,,1,,,data-20180110-structure-20150128.csv,2018,9999,,,77,Москва,,,1,167071.2,133658.0,614.4,5
2576,20355,3170,10317,4533,4322,64129,21432,0.3174071013114192,0.049431614402220526,0.16087885356079154,0.07068564923825414,0.06739540613451013,0.33420137535280453,Москворечье-Сабурово,45-917-000-000,внутригородская территория города федерального значения муниципальный округ Москворечье-Сабурово,внутригородская территория города федерального значения,,1,,,data-20180110-structure-20150128.csv,2018,9999,,,77,Москва,,,1,138021.5,86969.0,636.1,5
2577,20295,3386,10610,4736,4487,67084,23570,0.30253115496988847,0.0504740325561982,0.1581599189076382,0.07059805616838591,0.06688629181324907,0.35135054558464013,Нагатино-Садовники,45-918-000-000,внутригородская территория города федерального значения муниципальный округ Нагатино-Садовники,внутригородская территория города федерального значения,,1,,,data-20180110-structure-20150128.csv,2018,9999,,,77,Москва,,,1,159567.9,83390.0,637.3,5
2578,20331,3483,10505,4604,4082,65113,22108,0.3122417950332499,0.05349162225669221,0.16133491007940043,0.07070784635940595,0.06269101408320919,0.3395328121880423,Нагатинский затон,45-919-000-000,внутригородская территория города федерального значения муниципальный округ Нагатинский затон,внутригородская территория города федерального значения,,1,,,data-20180110-structure-20150128.csv,2018,9999,,,77,Москва,,,1,130753.7,120779.0,614.6,5
2579,19501,3444,10068,4490,3950,63880,22427,0.305275516593613,0.05391358797745773,0.15760801502817784,0.07028804007514089,0.061834690043832186,0.35108015028177836,Нагорный,45-920-000-000,внутригородская территория города федерального значения муниципальный округ Нагорный,внутригородская территория города федерального значения,,1,,,data-20180110-structure-20150128.csv,2018,9999,,,77,Москва,,,1,219575.6,77073.0,645.1,5
2580,20449,3185,9757,3958,3918,62047,20780,0.32957274324302543,0.05133205473270263,0.157251760762003,0.0637903524747369,0.06314567988782697,0.33490740889970505,Орехово-Борисово Северное,45-921-000-000,внутригородская территория города федерального значения муниципальный округ Орехово-Борисово Северное,внутригородская территория города федерального значения,,1,,,data-20180110-structure-20150128.csv,2018,9999,,,77,Москва,,,1,118742.5,124886.0,613.0,5
2581,20232,3057,10181,3890,4064,62762,21338,0.3223606640961091,0.048707816831840924,0.16221599056754088,0.061980179089257834,0.06475255727988273,0.33998279213536853,Орехово-Борисово Южное,45-922-000-000,внутригородская территория города федерального значения муниципальный округ Орехово-Борисово Южное,внутригородская территория города федерального значения,,1,,,data-20180110-structure-20150128.csv,2018,9999,,,77,Москва,,,1,122290.3,146959.0,604.3,5
2582,20570,2839,9957,3461,3658,57644,17159,0.3568454652695857,0.04925057247935605,0.17273263479286657,0.060040940947887034,0.06345846922489765,0.297671917285407,Царицыно,45-923-000-000,внутригородская территория города федерального значения муниципальный округ Царицыно,внутригородская территория города федерального значения,,1,,,data-20180110-structure-20150128.csv,2018,9999,,,77,Москва,,,1,125095.9,119021.0,623.1,5
2583,20300,3395,10061,4397,3851,64635,22631,0.31407132358629225,0.05252572135839716,0.1556586988473737,0.06802815811866636,0.059580722518759184,0.35013537557051133,Чертаново Северное,45-924-000-000,внутригородская территория города федерального значения муниципальный округ Чертаново Северное,внутригородская территория города федерального значения,,1,,,data-20180110-structure-20150128.csv,2018,9999,,,77,Москва,,,1,164137.5,109640.0,628.1,5
2584,19565,3029,9573,3821,3813,59645,19844,0.32802414284516723,0.05078380417470031,0.16049962276804428,0.06406236901668204,0.06392824209908626,0.3327018190963199,Чертаново Центральное,45-925-000-000,внутригородская территория города федерального значения муниципальный округ Чертаново Центральное,внутригородская территория города федерального значения,,1,,,data-20180110-structure-20150128.csv,2018,9999,,,77,Москва,,,1,125365.5,111983.0,616.5,5
2585,20236,2927,10276,4169,4236,62910,21066,0.32166587188046414,0.04652678429502464,0.1633444603401685,0.0662692735654109,0.06733428707677634,0.33485932284215547,Чертаново Южное,45-926-000-000,внутригородская территория города федерального значения муниципальный округ Чертаново Южное,внутригородская территория города федерального значения,,1,,,data-20180110-structure-20150128.csv,2018,9999,,,77,Москва,,,1,152138.1,156092.0,603.1,5
2586,20954,2971,11344,3612,3702,60877,18294,0.3442022438687846,0.0488033247367643,0.18634295382492566,0.05933275292803522,0.0608111437817238,0.3005075808597664,Старое Крюково,45-927-000-000,внутригородская территория города федерального значения муниципальный округ Старое Крюково,внутригородская территория города федерального значения,,1,,,data-20180110-structure-20150128.csv,2018,9999,,,77,Москва,,,1,160068.6,37824.0,515.5,5
2587,20011,3155,11916,3036,4021,61968,19829,0.322924735347276,0.050913374644978054,0.19229279628195198,0.04899302865995352,0.06488832946036664,0.3199877356054738,Троицк,45-931-000-000,внутригородская территория города федерального значения городской округ Троицк,внутригородская территория города федерального значения,,1,,,data-20180110-structure-20150128.csv,2018,9999,,,77,Москва,,,1,125638.0,71615.0,524.0,5
2588,19285,2511,10422,2967,3538,55774,17051,0.34577043066661883,0.04502097751640549,0.18686126151970453,0.053196830064187614,0.06343457525011655,0.30571592498296696,Щербинка,45-932-000-000,внутригородская территория города федерального значения городской округ Щербинка,внутригородская территория города федерального значения,,1,,,data-20180110-structure-20150128.csv,2018,9999,,,77,Москва,,,1,141844.7,62771.0,560.1,5
2589,20680,3578,13508,5731,5140,76742,28105,0.26947434260248626,0.046623752312944675,0.17601834718928358,0.07467879388079539,0.06697766542440906,0.36622709859008107,Внуковское,45-941-000-000,внутригородская территория города федерального значения поселение Внуковское,внутригородская территория города федерального значения,,1,,,data-20180110-structure-20150128.csv,2018,9999,,,77,Москва,,,1,135886.0,64390.0,562.9,5
2590,19851,2970,11603,3337,4365,63598,21472,0.312132456995503,0.046699581747853706,0.1824428441145948,0.052470203465517784,0.06863423378093651,0.3376206798955942,Воскресенское,45-942-000-000,внутригородская территория города федерального значения поселение Воскресенское,внутригородская территория города федерального значения,,1,,,data-20180110-structure-20150128.csv,2018,9999,,,77,Москва,,,1,110214.4,19919.0,554.9,5
2591,18893,2408,13715,2192,3504,56857,16145,0.33228977962256184,0.04235186520569147,0.24121919904321368,0.038552860685579615,0.06162829554848128,0.2839579998944721,Вороновское,45-943-000-000,внутригородская территория города федерального значения поселение Вороновское,внутригородская территория города федерального значения,,1,,,data-20180110-structure-20150128.csv,2018,9999,,,77,Москва,,,1,119990.0,14565.0,481.7,5
2592,19451,2965,12117,3618,4674,64335,21510,0.3023393176342582,0.04608688894070102,0.1883422709256237,0.056236885054791325,0.07265096759151317,0.3343436698531126,Десеновское,45-944-000-000,внутригородская территория города федерального значения поселение Десеновское,внутригородская территория города федерального значения,,1,,,data-20180110-structure-20150128.csv,2018,9999,,,77,Москва,,,1,111816.1,47195.0,537.4,5
2593,17839,1805,9044,1503,1969,43988,11828,0.40554242066018004,0.04103391834136583,0.20560152768936982,0.03416840956624534,0.04476220787487496,0.268891515867964,Киевский,45-945-000-000,внутригородская территория города федерального значения поселение Киевский,внутригородская территория города федерального значения,,1,,,data-20180110-structure-20150128.csv,2018,9999,,,77,Москва,,,1,109628.8,12040.0,469.7,2
2595,17922,2097,9524,2526,3046,49500,14385,0.3620606060606061,0.04236363636363636,0.1924040404040404,0.05103030303030303,0.06153535353535353,0.2906060606060606,Кокошкино,45-947-000-000,внутригородская территория города федерального значения поселение Кокошкино,внутригородская территория города федерального значения,,1,,,data-20180110-structure-20150128.csv,2018,9999,,,77,Москва,,,1,185658.9,21756.0,525.4,2
2596,18232,2155,12709,1940,3367,54578,16175,0.33405401443805194,0.03948477408479607,0.232859393894976,0.03554545787680018,0.06169152405731247,0.2963648356480633,Краснопахорское,45-948-000-000,внутригородская территория города федерального значения поселение Краснопахорское,внутригородская территория города федерального значения,,1,,,data-20180110-structure-20150128.csv,2018,9999,,,77,Москва,,,1,121098.4,13029.0,512.2,5
2597,18921,2455,11742,2671,3800,56426,16837,0.33532414135327687,0.04350831177116932,0.20809555878495728,0.04733633431396874,0.06734484103073052,0.2983908127458973,Марушкинское,45-949-000-000,внутригородская территория города федерального значения поселение Марушкинское,внутригородская территория города федерального значения,,1,,,data-20180110-structure-20150128.csv,2018,9999,,,77,Москва,,,1,116707.6,16230.0,530.1,5
2598,16616,1970,12134,1538,2812,49059,13989,0.3386942253205324,0.04015573085468518,0.24733484172119286,0.0313500071342669,0.05731873866161153,0.2851464563077111,Михайлово-Ярцевское,45-951-000-000,внутригородская территория города федерального значения поселение Михайлово-Ярцевское,внутригородская территория города федерального значения,,1,,,data-20180110-structure-20150128.csv,2018,9999,,,77,Москва,,,1,107179.7,9107.0,493.3,2
2599,20054,3408,11241,4955,4924,70681,26099,0.2837254707771537,0.04821663530510321,0.15903849690864588,0.07010370538051244,0.06966511509457987,0.3692505765340049,Московский,45-952-000-000,внутригородская территория города федерального значения поселение Московский,внутригородская территория города федерального значения,,1,,,data-20180110-structure-20150128.csv,2018,9999,,,77,Москва,,,1,240641.4,114244.0,582.3,5
2600,17270,2550,9179,3170,4329,55474,18976,0.31131701337563544,0.04596748026102318,0.16546490247683598,0.05714388722644843,0.07803655766665465,0.3420701589934023,Мосрентген,45-953-000-000,"внутригородская территория города федерального значения поселение Мосрентген""""",внутригородская территория города федерального значения,,1,,,data-20180110-structure-20150128.csv,2018,9999,,,77,Москва,,,1,134899.1,21590.0,587.0,5
2601,15820,1894,11711,1620,2771,48344,14528,0.32723812675823266,0.03917756081416515,0.24224309117987755,0.03350984610292901,0.0573183849081582,0.3005129902366374,Новофедоровское,45-954-000-000,внутригородская территория города федерального значения поселение Новофедоровское,внутригородская территория города федерального значения,,1,,,data-20180110-structure-20150128.csv,2018,9999,,,77,Москва,,,1,104248.9,23187.0,472.0,2
2602,20003,3165,14089,3359,4854,68423,22953,0.2923432179237975,0.04625637578007395,0.20591029332242083,0.049091679698347046,0.07094105783143095,0.3354573754439297,Первомайское,45-955-000-000,внутригородская территория города федерального значения поселение Первомайское,внутригородская территория города федерального значения,,1,,,data-20180110-structure-20150128.csv,2018,9999,,,77,Москва,,,1,90102.0,27069.0,514.0,5
2604,18696,2710,11769,3013,4135,60120,19797,0.31097804391217565,0.04507651363938789,0.19575848303393215,0.05011643379906853,0.06877910844976713,0.3292914171656687,Рязановское,45-957-000-000,внутригородская территория города федерального значения поселение Рязановское,внутригородская территория города федерального значения,,1,,,data-20180110-structure-20150128.csv,2018,9999,,,77,Москва,,,1,175654.3,33033.0,544.3,5
2605,20067,3743,12662,4821,4875,72779,26611,0.2757251404938238,0.051429670646752496,0.17397875760865084,0.06624163563665343,0.06698360790887481,0.3656411877052446,Сосенское,45-958-000-000,внутригородская территория города федерального значения поселение Сосенское,внутригородская территория города федерального значения,,1,,,data-20180110-structure-20150128.csv,2018,9999,,,77,Москва,,,1,161868.4,122303.0,579.7,5
2606,18475,2651,12028,3345,4226,59670,18945,0.30961957432545667,0.04442768560415619,0.20157533098709568,0.05605832076420312,0.07082285905815318,0.3174962292609351,Филимонковское,45-959-000-000,внутригородская территория города федерального значения поселение Филимонковское,внутригородская территория города федерального значения,,1,,,data-20180110-structure-20150128.csv,2018,9999,,,77,Москва,,,1,105347.3,17811.0,539.6,5
2607,16890,2219,11676,1702,3067,50346,14792,0.3354784888571088,0.044075000993127555,0.231915147181504,0.03380606205060978,0.06091844436499424,0.29380685655265565,Щаповское,45-961-000-000,внутригородская территория города федерального значения поселение Щаповское,внутригородская территория города федерального значения,,1,,,data-20180110-structure-20150128.csv,2018,9999,,,77,Москва,,,1,100707.3,13360.0,508.4,2
2618,14617,1194,6395,277,1352,30533,6698,0.4787279337110667,0.039105230406445486,0.2094455179641699,0.00907215144270134,0.04427995938820293,0.21936920708741361,Мантуровский,34-520-000-000,Мантуровский муниципальный округ,муниципальный округ,,1,,г Мантурово,data-20240101-structure-20150128.csv,2024,9999,,,44,Костромская область,58.333271,44.761791,2,50475.0,15147.0,335.1,1
2619,17323,1806,8863,1303,2400,43288,11593,0.40018018850489745,0.041720569210866754,0.20474496396229902,0.03010072075401959,0.05544261689151728,0.26781094067639993,Переславль-Залесский,78-705-000-000,городской округ город Переславль-Залесский,городской округ,,1,,г Переславль-Залесский,data-20190619-structure-20150128.csv,2019,9999,union_2,,76,Ярославская область,56.7367178,38.8462714,1,65925.5,54039.0,416.3,2
2620,17972,1644,6869,1554,2435,43851,13377,0.4098424209254065,0.037490593144968186,0.1566440902145903,0.0354381884107546,0.055528950309000936,0.3050557569952795,Соликамский,57-730-000-000,городской округ Соликамский,городской округ,,1,,г Соликамск,data-20190319-structure-20150128.csv,2019,9999,union_3,,59,Пермский край,59.649437,56.779594,1,72739.3,99951.0,285.0,2
2621,17585,1659,6611,1996,2364,43808,13593,0.4014107012417823,0.03786979547114682,0.15090850986121257,0.04556245434623813,0.0539627465303141,0.31028579254930605,Березники,57-708-000-000,городской округ город Березники,городской округ,,1,,г Березники,data-20190319-structure-20150128.csv,2019,9999,union_4,,59,Пермский край,59.4084171,56.8036958,1,89172.5,147365.0,288.1,2
2644,18667,2415,9802,2346,3374,53030,16426,0.35200829719026966,0.04554026023005846,0.18483877050726005,0.044239109937771075,0.06362436356779182,0.30974919856684896,Серпухов,46-770-000-000,городской округ Серпухов,городской округ,,1,,г Серпухов,data-20200110-structure-20150128.csv,2019,9999,union_5,,50,Московская область,54.9155247,37.4195533,1,95253.0,181687.0,445.8,5
2646,18019,2784,9207,2583,3207,51221,15421,0.35178930516780227,0.05435270689756155,0.1797504929618711,0.05042853517112122,0.06261103844126432,0.3010679213603795,Обнинск,29-715-000-000,городской округ город Обнинск,городской округ,,1,,г Обнинск,data-20180110-structure-20150128.csv,2019,9999,transfer_1,,40,Калужская область,55.0951738,36.611913,1,93271.9,132477.0,439.4,5
2647,16325,1975,8676,1503,2444,42109,11186,0.38768434301455745,0.046902087439739726,0.20603671424161105,0.03569308223895129,0.0580398489634045,0.265643924101736,Боровский,29-606-000-000,Боровский муниципальный район,муниципальный район,,1,,г Боровск,data-20180110-structure-20150128.csv,2019,9999,transfer_1,,40,Калужская область,55.2049516,36.48485294979915,1,98046.0,82139.0,438.0,2
2648,18571,2183,10987,2527,3473,53287,15546,0.34850901720870003,0.04096683994219979,0.20618537354326572,0.04742244825191885,0.0651753711036463,0.2917409499502693,Лосино-Петровский,46-742-000-000,городской округ Лосино-Петровский,городской округ,,1,,г Лосино-Петровский,data-20180110-structure-20150128.csv,2019,9999,transfer_2,,50,Московская область,55.8705593,38.2032701,1,78580.1,72040.0,511.2,5
2649,19318,2554,10481,2705,3653,56050,17339,0.34465655664585193,0.0455664585191793,0.18699375557537912,0.048260481712756466,0.06517395182872435,0.3093487957181088,Щёлково,46-788-000-000,городской округ Щёлково,городской округ,,1,,г Щёлково,data-20200110-structure-20150128.csv,2020,9999,,,50,Московская область,55.9206499,37.9915576,1,99529.8,218279.0,534.6,5
2651,19479,3115,11130,3686,4600,62802,20792,0.3101652813604662,0.04960033119964332,0.17722365529760198,0.058692398331263336,0.07324607496576542,0.3310722588452597,Одинцовский,46-755-000-000,городской округ Одинцовский,городской округ,,1,,г Одинцово,data-20200110-structure-20150128.csv,2020,9999,union_7,,50,Московская область,55.678223,37.2668096,1,127207.5,482184.0,549.7,5
2652,18519,2045,9399,2023,2913,50000,15101,0.37038,0.0409,0.18798,0.04046,0.05826,0.30202,Орехово-Зуевский,46-757-000-000,городской округ Орехово-Зуевский,городской округ,,1,,г Орехово-Зуево,data-20200110-structure-20150128.csv,2020,9999,union_8,,50,Московская область,55.8083278,38.9790038,1,84913.1,240323.0,449.8,2
2710,15882,1627,7913,1189,1965,37493,8917,0.423599071826741,0.04339476702317766,0.21105272984290402,0.0317125863494519,0.05240978315952311,0.23783106179820232,Вышневолоцкий,28-714-000-000,городской округ Вышневолоцкий,городской округ,,1,,г Вышний Волочек,data-20200301-structure-20150128.csv,2020,9999,union_9,,69,Тверская область,57.5883648,34.5720732,1,52418.1,63833.0,354.4,2
2808,19081,2359,9624,2327,3091,52386,15904,0.36423853701370595,0.045031115183445956,0.1837132058183484,0.04442026495628603,0.05900431412972932,0.30359256289848435,Коломна,46-738-000-000,городской округ Коломна,городской округ,,1,,г Коломна,data-20220128-structure-20150128.csv,2021,9999,union_12,,50,Московская область,55.0938743,38.7670121,1,88235.0,213701.0,439.2,5
2809,14959,1467,5648,1354,2092,36149,10629,0.41381504329303714,0.040582035464328196,0.1562422197017898,0.037456084538991394,0.05787158704251846,0.294033029959335,Кунгурский,57-530-000-000,муниципальный округ Кунгурский,муниципальный округ,,1,,г Кунгур,data-20220128-structure-20150128.csv,2021,9999,union_14,,59,Пермский край,57.4397771,56.9266073,1,57065.1,103245.0,310.0,2
2813,18776,1801,9895,1533,2259,48267,14003,0.389002838378188,0.03731327822321669,0.20500549029357532,0.031760830381005654,0.046802162968487784,0.2901153997555265,Шатура,46-786-000-000,городской округ Шатура,городской округ,,1,,г Шатура,data-20180129-structure-20150128.csv,2021,9999,union_10,,50,Московская область,55.578403,39.5437584,1,72601.9,101188.0,420.8,2
2814,19182,2677,10626,2941,3843,57368,18099,0.33436759168874636,0.046663645237763215,0.18522521266211128,0.051265513875331195,0.06698856505368847,0.3154894714823595,Пушкинский,46-758-000-000,городской округ Пушкинский,городской округ,,1,,г Пушкино,data-20200401-structure-20150128.csv,2021,9999,union_13,,50,Московская область,56.0104274,37.8461892,1,88257.1,300898.0,521.8,5
2872,24622,1601,8179,1103,1795,52697,15397,0.4672372241304059,0.03038123612349849,0.15520807636108316,0.020930982788394028,0.03406266011347894,0.29217982048313945,Приуральский,71-938-000-000,муниципальный округ Приуральский район,муниципальный округ,,1,,с Аксарка,data-20220128-structure-20150128.csv,2022,9999,transfer_5,,89,Ямало-Ненецкий автономный округ,66.5582332,67.8051987,1,129786.2,10095.0,203.1,4
2876,13665,2259,9099,2341,3086,44708,14258,0.3056499955265277,0.05052786973248636,0.20352062270734544,0.05236199337926098,0.06902567773105485,0.3189138409233247,Кисловодск,07-715-000-000,городской округ город-курорт Кисловодск,городской округ,,1,,г Кисловодск,data-20180110-structure-20150128.csv,2022,9999,transfer_3,,26,Ставропольский край,43.9128743,42.7192186,1,63656.5,133451.0,302.2,5
2879,19887,1975,11682,3049,2265,56113,17255,0.3544098515495518,0.035196834958031116,0.2081870511289719,0.05433678470229715,0.04036497781262809,0.30750449984851996,Губкинский,71-952-000-000,городской округ город Губкинский,городской округ,,1,,г Губкинский,data-20180110-structure-20150128.csv,2022,9999,transfer_6,,89,Ямало-Ненецкий автономный округ,64.4337824,76.4898086,1,157226.9,34958.0,205.0,4
2880,24583,1974,9052,1920,2646,58142,17967,0.4228096728698703,0.0339513604623164,0.1556877988373293,0.03302259984176671,0.04550927040693475,0.30901929758178254,Лабытнанги,71-953-000-000,городской округ город Лабытнанги,городской округ,,1,,г Лабытнанги,data-20180110-structure-20150128.csv,2022,9999,transfer_5,,89,Ямало-Ненецкий автономный округ,66.6888835,66.4347161435694,1,124659.2,31295.0,205.4,4
2881,11337,1829,7766,1388,2586,35611,10705,0.3183566875403667,0.05136053466625481,0.2180786835528348,0.03897672067619556,0.07261801128864677,0.30060936227570134,Предгорный,07-548-000-000,Предгорный муниципальный округ,муниципальный округ,,1,,ст-ца Ессентукская,data-20210118-structure-20150128.csv,2022,9999,transfer_3,,26,Ставропольский край,44.0216516,42.8742331,1,54992.4,109591.0,310.0,2
2882,18422,1706,10281,1947,2084,49325,14885,0.3734820070957932,0.034586923466801825,0.2084338570704511,0.03947288393309681,0.042250380131779015,0.30177394830207804,Пуровский,71-940-000-000,муниципальный округ Пуровский район,муниципальный округ,,1,,г Тарко-Сале,data-20210118-structure-20150128.csv,2022,9999,transfer_6,,89,Ямало-Ненецкий автономный округ,64.9219991,77.779459,1,176767.4,36676.0,200.9,4
2883,17475,1762,9106,1429,2040,42508,10696,0.4110990872306389,0.04145102098428531,0.21421850004704995,0.03361720146795897,0.04799096640632351,0.2516232238637433,Кимрский,28-528-000-000,муниципальный округ Кимрский,муниципальный округ,,1,,г Кимры,data-20221219-structure-20150128.csv,2023,9999,union_15,,69,Тверская область,56.8734395,37.3556968,1,57498.7,51679.0,404.5,2
2884,15341,1657,7870,1076,2024,37678,9710,0.407160677318329,0.043977918148521686,0.20887520569032328,0.02855777907532247,0.053718350230903975,0.2577100695365996,Ржевский,28-548-000-000,муниципальный округ Ржевский,муниципальный округ,,1,,г Ржев,data-20221219-structure-20150128.csv,2023,9999,union_16,,69,Тверская область,56.2565207,34.328649,1,60619.4,63768.0,367.9,2
2885,14503,1335,4931,1169,1919,32841,8984,0.44161261837337473,0.04065040650406504,0.1501476812520934,0.035595749215919126,0.05843305624067477,0.2735604884138729,Кудымкарский,57-528-000-000,муниципальный округ Кудымкарский,муниципальный округ,,1,,г Кудымкар,data-20221219-structure-20150128.csv,2023,9999,union_17,,59,Пермский край,59.014606,54.664135,1,51081.4,50562.0,297.3,2
2886,14304,1133,6174,893,1209,33320,9607,0.42929171668667465,0.03400360144057623,0.18529411764705883,0.026800720288115247,0.03628451380552221,0.2883253301320528,Губахинский,57-516-000-000,муниципальный округ Губахинский,муниципальный округ,,1,,г Губаха,data-20221219-structure-20150128.csv,2023,9999,union_18,,59,Пермский край,58.842407,57.555058,1,69339.0,43671.0,290.7,3
2887,15044,2062,6693,2023,2594,40959,12543,0.3672941233916844,0.05034302595278205,0.16340730974877316,0.04939085426890305,0.06333162430723406,0.3062330623306233,Саратов,63-701-000-000,городской округ город Саратов,городской округ,административный_центр_субъекта,1,,г Саратов,data-20220627-structure-20150128.csv,2023,9999,union_19,,64,Саратовская область,51.530018,46.034683,1,,937364.0,343.3,2
3005,16004,1928,7228,1038,2310,39355,10847,0.40665734976496,0.0489899631558887,0.183661542370728,0.026375301740566636,0.058696480752128063,0.27561936221572864,Арзамас,22-703-000-000,городской округ город Арзамас,городской округ,,1,,г Арзамас,data-20221219-structure-20150128.csv,2023,9999,union_21,,52,Нижегородская область,55.3987879,43.8210933,1,69530.0,144670.0,372.6,2
3007,14735,1452,6633,1059,1734,34633,9020,0.42546126526723066,0.041925331331389135,0.19152253630930038,0.030577772644587532,0.05006785435855975,0.2604452400889325,Прокопьевский,32-522-000-000,Прокопьевский муниципальный округ,муниципальный округ,,3,32-737-000-000,г Прокопьевск,data-20200301-structure-20150128.csv,2023,9999,union_20,,42,Кемеровская область,53.8879117,86.7492072,1,81198.2,43200.0,321.4,2
3009,15647,2014,7741,1584,2515,41567,12066,0.3764284167729208,0.04845189693747444,0.186229460870402,0.038107152308321506,0.060504727307720066,0.29027834580316114,Тамбов,68-701-000-000,городской округ город Тамбов,городской округ,административный_центр_субъекта,2,68-640-000-000;68-540-000-000,г Тамбов,data-20180110-structure-20150128.csv,2023,9999,transfer_8,,68,Тамбовская область,52.73111849999999,41.4341991460869,1,132724.0,288947.0,410.2,2
3011,14955,1644,6223,1398,1802,37819,11797,0.395436156429308,0.043470213384806576,0.16454692085988523,0.03696554641846691,0.04764800761521986,0.3119331552923134,Златоустовский,75-712-000-000,городской округ Златоустовский,городской округ,,1,,г Златоуст,data-20180110-structure-20150128.csv,2023,9999,transfer_9,,74,Челябинская область,55.1674213,59.6792625,1,66626.9,160367.0,307.9,2
3012,12883,1360,5240,518,996,29060,8063,0.443324156916724,0.04679972470750172,0.18031658637302134,0.017825189263592566,0.03427391603578803,0.27746042670337234,Кусинский,75-638-000-000,Кусинский муниципальный район,муниципальный район,,1,,г Куса,data-20180110-structure-20150128.csv,2023,9999,transfer_9,,74,Челябинская область,55.336521,59.445938,1,58394.4,24970.0,307.7,3
3013,19934,2449,11024,2753,3960,57410,17290,0.3472217383731057,0.04265807350635778,0.19202229576728794,0.0479533182372409,0.06897753004703014,0.30116704406897754,Солнечногорск,46-771-000-000,городской округ Солнечногорск,городской округ,,1,,г Солнечногорск,data-20200110-structure-20150128.csv,2023,9999,transfer_7,,50,Московская область,56.1853501,36.9781536,1,47588.8,135509.0,465.6,5
