territory_id,municipal_district_name_short,oktmo,municipal_district_name,municipal_district_type,municipal_district_status,shape,shape_linked_oktmo,municipal_district_center,source_rosstat,year_from,year_to,change_id_from,change_id_to,region_code,region_name,municipal_district_center_lat,municipal_district_center_lon,dictionary_versions,salary,population,market_access
1,Майкоп,79-701-000-000,городской округ город Майкоп,городской округ,административный_центр_субъекта,1,,г Майкоп,data-20180110-structure-20150128.csv,2018,9999,,,1,Республика Адыгея,44.6062079,40.104053,1,57440.5,161898.0,309.6
2,Адыгейск,79-703-000-000,городской округ город Адыгейск,городской округ,,1,,г Адыгейск,data-20180110-structure-20150128.csv,2018,9999,,,1,Республика Адыгея,44.8833775,39.1909625,1,47407.2,15661.0,322.8
3,Гиагинский,79-605-000-000,Гиагинский муниципальный район,муниципальный район,,1,,ст-ца Гиагинская,data-20180110-structure-20150128.csv,2018,9999,,,1,Республика Адыгея,44.8755853,40.0564982,1,54547.7,31872.0,315.2
4,Кошехабльский,79-615-000-000,Кошехабльский муниципальный район,муниципальный район,,1,,аул Кошехабль,data-20180110-structure-20150128.csv,2018,9999,,,1,Республика Адыгея,44.8964998,40.4963631,1,51262.1,30319.0,315.5
5,Красногвардейский,79-618-000-000,Красногвардейский муниципальный район,муниципальный район,,1,,с Красногвардейское,data-20180110-structure-20150128.csv,2018,9999,,,1,Республика Адыгея,45.1443556,39.5861478,1,48849.1,32095.0,320.2
6,Майкопский,79-622-000-000,Майкопский муниципальный район,муниципальный район,,1,,п Тульский,data-20180110-structure-20150128.csv,2018,9999,,,1,Республика Адыгея,44.5093616,40.1762144,1,47965.8,59156.0,308.1
7,Тахтамукайский,79-630-000-000,Тахтамукайский муниципальный район,муниципальный район,,1,,аул Тахтамукай,data-20180110-structure-20150128.csv,2018,9999,,,1,Республика Адыгея,44.9212862,38.994718,1,75708.3,131043.0,324.7
8,Теучежский,79-633-000-000,Теучежский муниципальный район,муниципальный район,,1,,аул Понежукай,data-20180110-structure-20150128.csv,2018,9999,,,1,Республика Адыгея,44.8876896,39.3828521,1,74168.0,22260.0,317.4
9,Шовгеновский,79-640-000-000,Шовгеновский муниципальный район,муниципальный район,,1,,аул Хакуринохабль,data-20180110-structure-20150128.csv,2018,9999,,,1,Республика Адыгея,45.020114,40.2291119,1,42776.6,16287.0,314.3
10,Горно-Алтайск,84-701-000-000,городской округ город Горно-Алтайск,городской округ,административный_центр_субъекта,1,,г Горно-Алтайск,data-20180110-structure-20150128.csv,2018,9999,,,4,Республика Алтай,51.957775,85.963653,1,73499.3,64508.0,213.5
11,Кош-Агачский,84-610-000-000,Кош-Агачский муниципальный район,муниципальный район,,1,,с Кош-Агач,data-20180110-structure-20150128.csv,2018,9999,,,4,Республика Алтай,49.9947055,88.6628218,1,70732.2,18620.0,191.0
12,Майминский,84-615-000-000,Майминский муниципальный район,муниципальный район,,1,,с Майма,data-20180110-structure-20150128.csv,2018,9999,,,4,Республика Алтай,52.004684,85.898743,1,73551.6,30941.0,214.9
13,Онгудайский,84-620-000-000,Онгудайский муниципальный район,муниципальный район,,1,,с Онгудай,data-20180110-structure-20150128.csv,2018,9999,,,4,Республика Алтай,50.7495872,86.1335256,1,46742.2,14025.0,202.6
14,Турочакский,84-625-000-000,Турочакский муниципальный район,муниципальный район,,1,,с Турочак,data-20180110-structure-20150128.csv,2018,9999,,,4,Республика Алтай,52.259956,87.117538,1,57696.8,10794.0,210.9
15,Улаганский,84-630-000-000,Улаганский муниципальный район,муниципальный район,,1,,с Улаган,data-20180110-structure-20150128.csv,2018,9999,,,4,Республика Алтай,50.6317434,87.9561929,1,63315.0,11926.0,192.9
16,Усть-Канский,84-635-000-000,Усть-Канский муниципальный район,муниципальный район,,1,,с Усть-Кан,data-20180110-structure-20150128.csv,2018,9999,,,4,Республика Алтай,50.932003,84.765213,1,45304.0,14207.0,204.7
17,Усть-Коксинский,84-640-000-000,Усть-Коксинский муниципальный район,муниципальный район,,1,,с Усть-Кокса,data-20180110-structure-20150128.csv,2018,9999,,,4,Республика Алтай,50.2695927,85.6155842,1,47699.6,15634.0,198.8
18,Чемальский,84-643-000-000,Чемальский муниципальный район,муниципальный район,,1,,с Чемал,data-20180110-structure-20150128.csv,2018,9999,,,4,Республика Алтай,51.4065933,86.0037576,1,65317.7,10557.0,207.6
19,Чойский,84-645-000-000,Чойский муниципальный район,муниципальный район,,1,,с Чоя,data-20180110-structure-20150128.csv,2018,9999,,,4,Республика Алтай,51.8987536,86.5916701,1,55749.4,7439.0,210.2
20,Шебалинский,84-650-000-000,Шебалинский муниципальный район,муниципальный район,,1,,с Шебалино,data-20180110-structure-20150128.csv,2018,9999,,,4,Республика Алтай,51.2922638,85.6739928,1,50870.5,12114.0,207.8
21,Уфа,80-701-000-000,городской округ город Уфа,городской округ,административный_центр_субъекта,2,80-652-000-000,г Уфа,data-20180110-structure-20150128.csv,2018,9999,,,2,Республика Башкортостан,54.7261409,55.947499,1,87313.0,1186715.0,374.3
22,Агидель,80-703-000-000,городской округ город Агидель,городской округ,,1,,г Агидель,data-20180110-structure-20150128.csv,2018,9999,,,2,Республика Башкортостан,55.899276,53.9374202,1,63802.6,13728.0,319.2
23,Кумертау,80-723-000-000,городской округ город Кумертау,городской округ,,1,,г Кумертау,data-20180110-structure-20150128.csv,2018,9999,,,2,Республика Башкортостан,52.760975,55.796482,1,60446.9,61143.0,306.7
25,Нефтекамск,80-727-000-000,городской округ город Нефтекамск,городской округ,,1,,г Нефтекамск,data-20180110-structure-20150128.csv,2018,9999,,,2,Республика Башкортостан,56.0884031,54.2478094,1,63974.7,144598.0,323.7
26,Октябрьский,80-735-000-000,городской округ город Октябрьский,городской округ,,1,,г Октябрьский,data-20180110-structure-20150128.csv,2018,9999,,,2,Республика Башкортостан,54.4809722,53.4660062,1,68419.2,116427.0,338.4
27,Салават,80-739-000-000,городской округ город Салават,городской округ,,1,,г Салават,data-20180110-structure-20150128.csv,2018,9999,,,2,Республика Башкортостан,53.361687,55.924641,1,73747.8,146633.0,313.8
28,Сибай,80-743-000-000,городской округ город Сибай,городской округ,,1,,г Сибай,data-20180110-structure-20150128.csv,2018,9999,,,2,Республика Башкортостан,52.720425,58.665466,1,56023.4,56470.0,288.3
29,Стерлитамак,80-745-000-000,городской округ город Стерлитамак,городской округ,,2,80-649-000-000,г Стерлитамак,data-20180110-structure-20150128.csv,2018,9999,,,2,Республика Башкортостан,53.632374,55.952259,1,65443.6,280497.0,343.8
30,Абзелиловский,80-601-000-000,Абзелиловский муниципальный район,муниципальный район,,1,,с Аскарово,data-20180110-structure-20150128.csv,2018,9999,,,2,Республика Башкортостан,53.3391062,58.5060548,1,52673.4,43983.0,294.7
31,Альшеевский,80-602-000-000,Альшеевский муниципальный район,муниципальный район,,1,,с Раевский,data-20180110-structure-20150128.csv,2018,9999,,,2,Республика Башкортостан,54.068695,54.941628,1,60609.4,35536.0,324.0
32,Архангельский,80-603-000-000,Архангельский муниципальный район,муниципальный район,,1,,с Архангельское,data-20180110-structure-20150128.csv,2018,9999,,,2,Республика Башкортостан,54.405724,56.784122,1,46871.6,16616.0,316.6
33,Аскинский,80-604-000-000,Аскинский муниципальный район,муниципальный район,,1,,с Аскино,data-20180110-structure-20150128.csv,2018,9999,,,2,Республика Башкортостан,56.0855892,56.5788224,1,47944.1,17418.0,317.4
34,Аургазинский,80-605-000-000,Аургазинский муниципальный район,муниципальный район,,1,,с Толбазы,data-20180110-structure-20150128.csv,2018,9999,,,2,Республика Башкортостан,54.010342,55.886463,1,47303.5,29757.0,322.3
35,Баймакский,80-606-000-000,Баймакский муниципальный район,муниципальный район,,1,,г Баймак,data-20180110-structure-20150128.csv,2018,9999,,,2,Республика Башкортостан,52.597919,58.30756,1,47395.4,53399.0,288.3
36,Бакалинский,80-607-000-000,Бакалинский муниципальный район,муниципальный район,,1,,с Бакалы,data-20180110-structure-20150128.csv,2018,9999,,,2,Республика Башкортостан,55.1811919,53.7990407,1,43414.8,24813.0,333.9
37,Балтачевский,80-608-000-000,Балтачевский муниципальный район,муниципальный район,,1,,с Старобалтачево,data-20180110-structure-20150128.csv,2018,9999,,,2,Республика Башкортостан,56.000443,55.923466,1,45217.8,17837.0,320.2
38,Белебеевский,80-609-000-000,Белебеевский муниципальный район,муниципальный район,,1,,г Белебей,data-20180110-structure-20150128.csv,2018,9999,,,2,Республика Башкортостан,54.106495,54.107811,1,58297.8,94978.0,327.7
39,Белокатайский,80-610-000-000,Белокатайский муниципальный район,муниципальный район,,1,,с Новобелокатай,data-20180110-structure-20150128.csv,2018,9999,,,2,Республика Башкортостан,55.704636,58.961376,1,50585.9,17369.0,307.7
40,Белорецкий,80-611-000-000,Белорецкий муниципальный район,муниципальный район,,1,,г Белорецк,data-20180110-structure-20150128.csv,2018,9999,,,2,Республика Башкортостан,53.9680705,58.4099549,1,57286.0,96915.0,302.2
41,Бижбулякский,80-612-000-000,Бижбулякский муниципальный район,муниципальный район,,1,,с Бижбуляк,data-20180110-structure-20150128.csv,2018,9999,,,2,Республика Башкортостан,53.693443,54.268616,1,50782.7,20951.0,323.0
42,Бирский,80-613-000-000,Бирский муниципальный район,муниципальный район,,1,,г Бирск,data-20180110-structure-20150128.csv,2018,9999,,,2,Республика Башкортостан,55.4206774,55.5407179,1,50586.9,61478.0,327.0
43,Благоварский,80-614-000-000,Благоварский муниципальный район,муниципальный район,,1,,с Языково,data-20180110-structure-20150128.csv,2018,9999,,,2,Республика Башкортостан,54.691818,55.01387,1,57138.2,23850.0,329.2
44,Благовещенский,80-615-000-000,Благовещенский муниципальный район,муниципальный район,,1,,г Благовещенск,data-20180110-structure-20150128.csv,2018,9999,,,2,Республика Башкортостан,55.031143,55.981876,1,75715.0,48718.0,328.0
45,Буздякский,80-617-000-000,Буздякский муниципальный район,муниципальный район,,1,,с Буздяк,data-20180110-structure-20150128.csv,2018,9999,,,2,Республика Башкортостан,54.5696389,54.5323993,1,52308.9,25432.0,331.8
46,Бураевский,80-618-000-000,Бураевский муниципальный район,муниципальный район,,1,,с Бураево,data-20180110-structure-20150128.csv,2018,9999,,,2,Республика Башкортостан,55.836903,55.410423,1,71323.4,20840.0,325.1
47,Бурзянский,80-619-000-000,Бурзянский муниципальный район,муниципальный район,,1,,с Старосубхангулово,data-20180110-structure-20150128.csv,2018,9999,,,2,Республика Башкортостан,53.1028707,57.4444763,1,37911.8,17061.0,295.4
48,Гафурийский,80-621-000-000,Гафурийский муниципальный район,муниципальный район,,1,,с Красноусольский,data-20180110-structure-20150128.csv,2018,9999,,,2,Республика Башкортостан,53.8961616,56.4705604,1,48074.0,29525.0,312.2
49,Давлекановский,80-622-000-000,Давлекановский муниципальный район,муниципальный район,,1,,г Давлеканово,data-20180110-structure-20150128.csv,2018,9999,,,2,Республика Башкортостан,54.2129656,55.0307219,1,49262.3,35565.0,325.1
50,Дуванский,80-623-000-000,Дуванский муниципальный район,муниципальный район,,1,,с Месягутово,data-20180110-structure-20150128.csv,2018,9999,,,2,Республика Башкортостан,55.534695,58.239239,1,51092.4,30750.0,306.3
51,Дюртюлинский,80-624-000-000,Дюртюлинский муниципальный район,муниципальный район,,1,,г Дюртюли,data-20180110-structure-20150128.csv,2018,9999,,,2,Республика Башкортостан,55.490616,54.863895,1,56946.4,59179.0,331.3
52,Ермекеевский,80-625-000-000,Ермекеевский муниципальный район,муниципальный район,,1,,с Ермекеево,data-20180110-structure-20150128.csv,2018,9999,,,2,Республика Башкортостан,54.073929,53.671932,1,56981.8,14369.0,330.3
53,Зианчуринский,80-626-000-000,Зианчуринский муниципальный район,муниципальный район,,1,,с Исянгулово,data-20180110-structure-20150128.csv,2018,9999,,,2,Республика Башкортостан,52.189625,56.582493,1,43741.2,23381.0,296.6
54,Зилаирский,80-627-000-000,Зилаирский муниципальный район,муниципальный район,,1,,с Зилаир,data-20180110-structure-20150128.csv,2018,9999,,,2,Республика Башкортостан,52.233707,57.441547,1,45957.4,14231.0,290.4
55,Иглинский,80-628-000-000,Иглинский муниципальный район,муниципальный район,,1,,с Иглино,data-20180110-structure-20150128.csv,2018,9999,,,2,Республика Башкортостан,54.8340521,56.4165846,1,63419.6,71099.0,328.2
56,Илишевский,80-630-000-000,Илишевский муниципальный район,муниципальный район,,1,,с Верхнеяркеево,data-20180110-structure-20150128.csv,2018,9999,,,2,Республика Башкортостан,55.4451166,54.3153665,1,62935.4,30405.0,332.5
57,Ишимбайский,80-631-000-000,Ишимбайский муниципальный район,муниципальный район,,1,,г Ишимбай,data-20180110-structure-20150128.csv,2018,9999,,,2,Республика Башкортостан,53.4546454,56.0439119,1,62428.7,82948.0,315.0
58,Калтасинский,80-633-000-000,Калтасинский муниципальный район,муниципальный район,,1,,с Калтасы,data-20180110-structure-20150128.csv,2018,9999,,,2,Республика Башкортостан,55.970051,54.7900496,1,66702.3,21101.0,320.4
59,Караидельский,80-634-000-000,Караидельский муниципальный район,муниципальный район,,1,,с Караидель,data-20180110-structure-20150128.csv,2018,9999,,,2,Республика Башкортостан,55.83279,56.913136,1,44545.4,23105.0,315.0
60,Кармаскалинский,80-635-000-000,Кармаскалинский муниципальный район,муниципальный район,,1,,с Кармаскалы,data-20180110-structure-20150128.csv,2018,9999,,,2,Республика Башкортостан,54.367451,56.168819,1,55837.1,51575.0,324.2
61,Кигинский,80-636-000-000,Кигинский муниципальный район,муниципальный район,,1,,с Верхние Киги,data-20180110-structure-20150128.csv,2018,9999,,,2,Республика Башкортостан,55.4059473,58.5993731,1,43959.4,16339.0,310.7
62,Краснокамский,80-637-000-000,Краснокамский муниципальный район,муниципальный район,,1,,с Николо-Березовка,data-20180110-structure-20150128.csv,2018,9999,,,2,Республика Башкортостан,56.1286312,54.1702787,1,64901.0,25332.0,325.6
63,Кугарчинский,80-638-000-000,Кугарчинский муниципальный район,муниципальный район,,1,,с Мраково,data-20180110-structure-20150128.csv,2018,9999,,,2,Республика Башкортостан,52.7154243,56.6223067,1,47305.4,26359.0,301.3
65,Кушнаренковский,80-640-000-000,Кушнаренковский муниципальный район,муниципальный район,,1,,с Кушнаренково,data-20180110-structure-20150128.csv,2018,9999,,,2,Республика Башкортостан,55.107124,55.342201,1,50295.3,26370.0,332.0
66,Мелеузовский,80-641-000-000,Мелеузовский муниципальный район,муниципальный район,,1,,г Мелеуз,data-20180110-structure-20150128.csv,2018,9999,,,2,Республика Башкортостан,52.96328,55.928612,1,54630.9,79609.0,309.6
67,Мечетлинский,80-642-000-000,Мечетлинский муниципальный район,муниципальный район,,1,,с Большеустьикинское,data-20180110-structure-20150128.csv,2018,9999,,,2,Республика Башкортостан,55.95219,58.2687,1,45561.3,21838.0,308.9
68,Мишкинский,80-643-000-000,Мишкинский муниципальный район,муниципальный район,,1,,с Мишкино,data-20180110-structure-20150128.csv,2018,9999,,,2,Республика Башкортостан,55.531227,55.970352,1,45268.6,20716.0,322.6
69,Миякинский,80-644-000-000,Миякинский муниципальный район,муниципальный район,,1,,с Киргиз-Мияки,data-20180110-structure-20150128.csv,2018,9999,,,2,Республика Башкортостан,53.629292,54.800922,1,47598.1,23086.0,319.7
70,Нуримановский,80-645-000-000,Нуримановский муниципальный район,муниципальный район,,1,,с Красная Горка,data-20180110-structure-20150128.csv,2018,9999,,,2,Республика Башкортостан,55.1897234,56.6677432,1,45435.8,19945.0,316.4
71,Салаватский,80-647-000-000,Салаватский муниципальный район,муниципальный район,,1,,с Малояз,data-20180110-structure-20150128.csv,2018,9999,,,2,Республика Башкортостан,55.2034086,58.1536392,1,51691.7,23304.0,311.5
72,Стерлибашевский,80-648-000-000,Стерлибашевский муниципальный район,муниципальный район,,1,,с Стерлибашево,data-20180110-structure-20150128.csv,2018,9999,,,2,Республика Башкортостан,53.438549,55.256725,1,42737.0,16360.0,316.9
73,Стерлитамакский,80-649-000-000,Стерлитамакский муниципальный район,муниципальный район,,3,80-745-000-000,г Стерлитамак,data-20180110-structure-20150128.csv,2018,9999,,,2,Республика Башкортостан,53.632374,55.952259,1,57412.3,47531.0,485.7
74,Татышлинский,80-650-000-000,Татышлинский муниципальный район,муниципальный район,,1,,с Верхние Татышлы,data-20180110-structure-20150128.csv,2018,9999,,,2,Республика Башкортостан,56.2921876,55.8557435,1,72519.4,20679.0,317.6
75,Туймазинский,80-651-000-000,Туймазинский муниципальный район,муниципальный район,,1,,г Туймазы,data-20180110-structure-20150128.csv,2018,9999,,,2,Республика Башкортостан,54.606537,53.6974004,1,61257.3,130733.0,336.0
76,Уфимский,80-652-000-000,Уфимский муниципальный район,муниципальный район,,3,80-701-000-000,г Уфа,data-20180110-structure-20150128.csv,2018,9999,,,2,Республика Башкортостан,54.7261409,55.947499,1,90380.8,117125.0,889.7
77,Учалинский,80-653-000-000,Учалинский муниципальный район,муниципальный район,,1,,г Учалы,data-20180110-structure-20150128.csv,2018,9999,,,2,Республика Башкортостан,54.316597,59.384636,1,81713.4,68451.0,299.6
78,Федоровский,80-654-000-000,Федоровский муниципальный район,муниципальный район,,1,,с Федоровка,data-20180110-structure-20150128.csv,2018,9999,,,2,Республика Башкортостан,53.1771974,55.1864825,1,45108.6,15491.0,313.8
79,Хайбуллинский,80-655-000-000,Хайбуллинский муниципальный район,муниципальный район,,1,,с Акъяр,data-20180110-structure-20150128.csv,2018,9999,,,2,Республика Башкортостан,51.865116,58.220215,1,79129.2,29249.0,283.6
80,Чекмагушевский,80-656-000-000,Чекмагушевский муниципальный район,муниципальный район,,1,,с Чекмагуш,data-20180110-structure-20150128.csv,2018,9999,,,2,Республика Башкортостан,55.1378996,54.6534999,1,54175.5,27671.0,332.7
81,Чишминский,80-657-000-000,Чишминский муниципальный район,муниципальный район,,1,,рп Чишмы,data-20180110-structure-20150128.csv,2018,9999,,,2,Республика Башкортостан,54.58968,55.385605,1,61702.3,50536.0,331.1
82,Шаранский,80-658-000-000,Шаранский муниципальный район,муниципальный район,,1,,с Шаран,data-20180110-structure-20150128.csv,2018,9999,,,2,Республика Башкортостан,54.8182509,54.0016574,1,54072.2,18637.0,332.9
83,Янаульский,80-659-000-000,Янаульский муниципальный район,муниципальный район,,1,,г Янаул,data-20180110-structure-20150128.csv,2018,9999,,,2,Республика Башкортостан,56.2714237,54.9294823,1,62296.6,42391.0,321.6
167,Нальчик,83-701-000-000,городской округ Нальчик,городской округ,административный_центр_субъекта,1,,г Нальчик,data-20180110-structure-20150128.csv,2018,9999,,,7,Кабардино-Балкарская Республика,43.4769604,43.5966578,1,54194.3,245756.0,298.0
168,Баксан,83-703-000-000,городской округ Баксан,городской округ,,2,83-610-000-000,г Баксан,data-20180110-structure-20150128.csv,2018,9999,,,7,Кабардино-Балкарская Республика,43.6820626,43.5344319,1,41355.4,61043.0,337.9
169,Прохладный,83-710-000-000,городской округ Прохладный,городской округ,,2,83-625-000-000,г Прохладный,data-20180110-structure-20150128.csv,2018,9999,,,7,Кабардино-Балкарская Республика,43.7590017,44.0103981,1,44481.9,60023.0,346.2
173,Майский,83-620-000-000,Майский муниципальный район,муниципальный район,,1,,г Майский,data-20180110-structure-20150128.csv,2018,9999,,,7,Кабардино-Балкарская Республика,43.6282481,44.0518741,1,43597.7,37609.0,301.5
181,Городовиковский,85-605-000-000,Городовиковский муниципальный район,муниципальный район,,1,,г Городовиковск,data-20180110-structure-20150128.csv,2018,9999,,,8,Республика Калмыкия,46.082851,41.934269,1,36828.2,13573.0,314.8
184,Лаганский,85-615-000-000,Лаганский муниципальный район,муниципальный район,,1,,г Лагань,data-20180110-structure-20150128.csv,2018,9999,,,8,Республика Калмыкия,45.392059,47.361282,1,39218.1,18650.0,280.8
185,Малодербетовский,85-620-000-000,Малодербетовский муниципальный район,муниципальный район,,1,,с Малые Дербеты,data-20180110-structure-20150128.csv,2018,9999,,,8,Республика Калмыкия,47.9509398,44.6783553,1,37385.0,9256.0,321.1
188,Сарпинский,85-632-000-000,Сарпинский муниципальный район,муниципальный район,,1,,с Садовое,data-20180110-structure-20150128.csv,2018,9999,,,8,Республика Калмыкия,47.7676505,44.5164159,1,43198.5,11466.0,319.0
191,Юстинский,85-646-000-000,Юстинский муниципальный район,муниципальный район,,1,,п Цаган Аман,data-20180110-structure-20150128.csv,2018,9999,,,8,Республика Калмыкия,47.565372,46.724106,1,42368.8,8903.0,298.7
194,Черкесский,91-701-000-000,городской округ Черкесский,городской округ,административный_центр_субъекта,1,,г Черкесск,data-20180110-structure-20150128.csv,2018,9999,,,9,Карачаево-Черкесская Республика,44.2285229,42.048257,1,56717.4,112782.0,306.5
195,Карачаевский,91-705-000-000,городской округ Карачаевский,городской округ,,2,91-615-000-000,г Карачаевск,data-20180110-structure-20150128.csv,2018,9999,,,9,Карачаево-Черкесская Республика,43.7715594,41.911979,1,43034.8,41150.0,311.0
196,Абазинский,91-601-000-000,Абазинский муниципальный район,муниципальный район,,1,,аул Инжич-Чукун,data-20180110-structure-20150128.csv,2018,9999,,,9,Карачаево-Черкесская Республика,44.0524374,41.78537743530578,1,40284.5,18121.0,324.7
198,Зеленчукский,91-610-000-000,Зеленчукский муниципальный район,муниципальный район,,1,,ст-ца Зеленчукская,data-20180110-structure-20150128.csv,2018,9999,,,9,Карачаево-Черкесская Республика,43.8549752,41.5853611,1,49497.5,53555.0,297.8
201,Ногайский,91-623-000-000,Ногайский муниципальный район,муниципальный район,,1,,п Эркен-Шахар,data-20180110-structure-20150128.csv,2018,9999,,,9,Карачаево-Черкесская Республика,44.3768288,41.9579221,1,35727.4,16400.0,304.8
203,Урупский,91-630-000-000,Урупский муниципальный район,муниципальный район,,1,,ст-ца Преградная,data-20180110-structure-20150128.csv,2018,9999,,,9,Карачаево-Черкесская Республика,43.9528755,41.1917906,1,56531.0,24072.0,296.8
204,Усть-Джегутинский,91-635-000-000,Усть-Джегутинский муниципальный район,муниципальный район,,1,,г Усть-Джегута,data-20180110-structure-20150128.csv,2018,9999,,,9,Карачаево-Черкесская Республика,44.0858961,41.9722557,1,53103.8,50870.0,303.9
205,Хабезский,91-640-000-000,Хабезский муниципальный район,муниципальный район,,1,,аул Хабез,data-20180110-structure-20150128.csv,2018,9999,,,9,Карачаево-Черкесская Республика,44.0461094,41.7695948,1,38811.6,31020.0,315.0
206,Петрозаводский,86-701-000-000,городской округ Петрозаводский,городской округ,административный_центр_субъекта,2,86-636-000-000,г Петрозаводск,data-20180110-structure-20150128.csv,2018,9999,,,10,Республика Карелия,61.7900426,34.390007,1,80872.6,235694.0,280.5
207,Костомукшский,86-706-000-000,городской округ Костомукшский,городской округ,,1,,г Костомукша,data-20180110-structure-20150128.csv,2018,9999,,,10,Республика Карелия,64.5873013,30.5969076,1,112900.5,26470.0,238.5
208,Беломорский,86-504-000-000,Беломорский муниципальный округ,муниципальный округ,,1,,г Беломорск,data-20240101-structure-20150128.csv,2024,9999,,,10,Республика Карелия,64.5216684,34.7625835,2,86078.3,12305.0,247.2
209,Калевальский,86-609-000-000,Калевальский муниципальный район,муниципальный район,,1,,пгт Калевала,data-20180110-structure-20150128.csv,2018,9999,,,10,Республика Карелия,65.200096,31.180172,1,70023.1,5888.0,234.5
210,Кемский,86-612-000-000,Кемский муниципальный район,муниципальный район,,1,,г Кемь,data-20180110-structure-20150128.csv,2018,9999,,,10,Республика Карелия,64.9550895,34.5697446,1,99031.2,12493.0,244.4
211,Кондопожский,86-615-000-000,Кондопожский муниципальный район,муниципальный район,,1,,г Кондопога,data-20180110-structure-20150128.csv,2018,9999,,,10,Республика Карелия,62.20929,34.268185,1,72960.2,31368.0,270.4
212,Лахденпохский,86-618-000-000,Лахденпохский муниципальный район,муниципальный район,,1,,г Лахденпохья,data-20180110-structure-20150128.csv,2018,9999,,,10,Республика Карелия,61.5179265,30.2038927,1,69672.6,10502.0,284.3
213,Лоухский,86-621-000-000,Лоухский муниципальный район,муниципальный район,,1,,пгт Лоухи,data-20180110-structure-20150128.csv,2018,9999,,,10,Республика Карелия,66.07512539999999,33.04001857654001,1,98732.7,10092.0,234.7
214,Медвежьегорский,86-624-000-000,Медвежьегорский муниципальный район,муниципальный район,,1,,г Медвежьегорск,data-20180110-structure-20150128.csv,2018,9999,,,10,Республика Карелия,62.915024,34.473339,1,75138.7,23603.0,266.4
215,Муезерский,86-627-000-000,Муезерский муниципальный район,муниципальный район,,1,,пгт Муезерский,data-20180110-structure-20150128.csv,2018,9999,,,10,Республика Карелия,63.9596446,31.9947228,1,58821.0,7695.0,246.8
216,Олонецкий,86-630-000-000,Олонецкий муниципальный район,муниципальный район,,1,,г Олонец,data-20180110-structure-20150128.csv,2018,9999,,,10,Республика Карелия,60.979276,32.9749376,1,60626.4,18460.0,292.1
217,Питкярантский,86-533-000-000,Питкярантский муниципальный округ,муниципальный округ,,1,,г Питкяранта,data-20240101-structure-20150128.csv,2024,9999,,,10,Республика Карелия,61.57460265,31.47962163893381,2,71373.2,14495.0,277.7
218,Прионежский,86-636-000-000,Прионежский муниципальный район,муниципальный район,,3,86-701-000-000,г Петрозаводск,data-20180110-structure-20150128.csv,2018,9999,,,10,Республика Карелия,61.7900426,34.390007,1,83749.8,21969.0,365.8
219,Пряжинский,86-639-000-000,Пряжинский муниципальный район,муниципальный район,,1,,пгт Пряжа,data-20180110-structure-20150128.csv,2018,9999,,,10,Республика Карелия,61.6932537,33.6224108,1,70038.6,12023.0,280.3
220,Пудожский,86-642-000-000,Пудожский муниципальный район,муниципальный район,,1,,г Пудож,data-20180110-structure-20150128.csv,2018,9999,,,10,Республика Карелия,61.808434,36.536045,1,66905.8,13907.0,282.6
221,Сегежский,86-545-000-000,Сегежский муниципальный округ,муниципальный округ,,1,,г Сегежа,data-20240101-structure-20150128.csv,2024,9999,,,10,Республика Карелия,63.7435087,34.3106868,2,79173.2,31219.0,256.2
222,Сортавальский,86-610-000-000,Сортавальский муниципальный район,муниципальный район,,1,,г Сортавала,data-20180110-structure-20150128.csv,2018,9999,,,10,Республика Карелия,61.70274,30.691231,1,69993.1,23603.0,279.6
223,Суоярвский,86-550-000-000,Суоярвский муниципальный округ,муниципальный округ,,1,,г. Суоярви,data-20230208-structure-20150128.csv,2023,9999,,,10,Республика Карелия,62.0820094,32.345856,2,74690.2,12070.0,269.2
224,Сыктывкар,87-701-000-000,городской округ Сыктывкар,городской округ,административный_центр_субъекта,1,,г Сыктывкар,data-20180110-structure-20150128.csv,2018,9999,,,11,Республика Коми,61.6685237,50.8352024,1,81693.1,232811.0,276.0
225,Воркута,87-710-000-000,городской округ Воркута,городской округ,,1,,г Воркута,data-20180110-structure-20150128.csv,2018,9999,,,11,Республика Коми,67.5035662,64.0627028,1,121203.1,67547.0,208.0
226,Вуктыл,87-512-000-000,муниципальный округ Вуктыл,муниципальный округ,,1,,г Вуктыл,data-20240101-structure-20150128.csv,2024,9999,,,11,Республика Коми,63.844337,57.300171,2,111490.6,10125.0,237.3
227,Инта,87-715-000-000,городской округ Инта,городской округ,,1,,г Инта,data-20180110-structure-20150128.csv,2018,9999,,,11,Республика Коми,66.0401498,60.1313631,1,96563.9,20870.0,221.3
228,Усинск,87-523-000-000,муниципальный округ Усинск,муниципальный округ,,1,,г Усинск,data-20240101-structure-20150128.csv,2024,9999,,,11,Республика Коми,65.9944237,57.5570861,2,138116.7,35807.0,222.2
229,Ухта,87-725-000-000,городской округ Ухта,городской округ,,1,,г Ухта,data-20180110-structure-20150128.csv,2018,9999,,,11,Республика Коми,63.5623797,53.6842376,1,,93096.0,251.9
230,Ижемский,87-604-000-000,Ижемский муниципальный район,муниципальный район,,1,,с Ижма,data-20180110-structure-20150128.csv,2018,9999,,,11,Республика Коми,65.0324906,53.97245771017012,1,71478.0,16187.0,235.7
231,Княжпогостский,87-608-000-000,Княжпогостский муниципальный район,муниципальный район,,1,,г Емва,data-20180110-structure-20150128.csv,2018,9999,,,11,Республика Коми,62.5983295,50.8880873,1,83973.8,14981.0,268.0
232,Койгородский,87-612-000-000,Койгородский муниципальный район,муниципальный район,,1,,с Койгородок,data-20180110-structure-20150128.csv,2018,9999,,,11,Республика Коми,60.441257,51.007,1,66260.9,7470.0,278.2
233,Корткеросский,87-616-000-000,Корткеросский муниципальный район,муниципальный район,,1,,с Корткерос,data-20180110-structure-20150128.csv,2018,9999,,,11,Республика Коми,61.8130799,51.5744647,1,59748.5,18232.0,275.1
234,Печора,87-620-000-000,муниципальный район Печора,муниципальный район,,1,,г Печора,data-20180110-structure-20150128.csv,2018,9999,,,11,Республика Коми,65.1142862,57.16074,1,107336.0,42164.0,233.5
235,Прилузский,87-624-000-000,Прилузский муниципальный район,муниципальный район,,1,,с Объячево,data-20180110-structure-20150128.csv,2018,9999,,,11,Республика Коми,60.334034,49.618275,1,66032.3,17018.0,290.9
236,Сосногорск,87-626-000-000,муниципальный район Сосногорск,муниципальный район,,1,,г Сосногорск,data-20180110-structure-20150128.csv,2018,9999,,,11,Республика Коми,63.5895298,53.9305546,1,89784.3,33872.0,251.7
237,Сыктывдинский,87-628-000-000,Сыктывдинский муниципальный район,муниципальный район,,1,,с Выльгорт,data-20180110-structure-20150128.csv,2018,9999,,,11,Республика Коми,61.627003,50.768478,1,69555.4,21442.0,282.2
238,Сысольский,87-632-000-000,Сысольский муниципальный район,муниципальный район,,1,,с Визинга,data-20180110-structure-20150128.csv,2018,9999,,,11,Республика Коми,61.076214,50.084496,1,61634.9,11592.0,284.3
239,Троицко-Печорский,87-636-000-000,Троицко-Печорский муниципальный район,муниципальный район,,1,,пгт Троицко-Печорск,data-20180110-structure-20150128.csv,2018,9999,,,11,Республика Коми,62.714462,56.185379,1,61461.9,9461.0,241.6
240,Удорский,87-640-000-000,Удорский муниципальный район,муниципальный район,,1,,с Кослан,data-20180110-structure-20150128.csv,2018,9999,,,11,Республика Коми,63.456226,48.894211,1,63791.4,12261.0,258.1
241,Усть-Вымский,87-644-000-000,Усть-Вымский муниципальный район,муниципальный район,,1,,с Айкино,data-20180110-structure-20150128.csv,2018,9999,,,11,Республика Коми,62.224483,49.992413,1,72808.3,23548.0,273.9
242,Усть-Куломский,87-648-000-000,Усть-Куломский муниципальный район,муниципальный район,,1,,с Усть-Кулом,data-20180110-structure-20150128.csv,2018,9999,,,11,Республика Коми,61.684792,53.689861,1,61561.6,21766.0,261.2
243,Усть-Цилемский,87-652-000-000,Усть-Цилемский муниципальный район,муниципальный район,,1,,с Усть-Цильма,data-20180110-structure-20150128.csv,2018,9999,,,11,Республика Коми,65.43623545,52.2008925353455,1,68239.7,10360.0,228.3
269,Йошкар-Ола,88-701-000-000,городской округ город Йошкар-Ола,городской округ,административный_центр_субъекта,1,,г Йошкар-Ола,data-20180110-structure-20150128.csv,2018,9999,,,12,Республика Марий Эл,56.6326996,47.8975847,1,72240.8,295711.0,347.3
270,Волжск,88-705-000-000,городской округ город Волжск,городской округ,,2,88-604-000-000,г Волжск,data-20180110-structure-20150128.csv,2018,9999,,,12,Республика Марий Эл,55.8636579,48.3618598,1,72852.5,51634.0,368.8
271,Козьмодемьянск,88-715-000-000,городской округ город Козьмодемьянск,городской округ,,2,88-608-000-000,г Козьмодемьянск,data-20180110-structure-20150128.csv,2018,9999,,,12,Республика Марий Эл,56.3324346,46.5462855,1,62177.5,19054.0,360.8
272,Волжский,88-604-000-000,Волжский муниципальный район,муниципальный район,,3,88-705-000-000,г Волжск,data-20180110-structure-20150128.csv,2018,9999,,,12,Республика Марий Эл,55.8636579,48.3618598,1,50458.9,20454.0,384.7
273,Горномарийский,88-608-000-000,Горномарийский муниципальный район,муниципальный район,,3,88-715-000-000,г Козьмодемьянск,data-20180110-structure-20150128.csv,2018,9999,,,12,Республика Марий Эл,56.3324346,46.5462855,1,34906.1,19578.0,360.6
274,Звениговский,88-612-000-000,Звениговский муниципальный район,муниципальный район,,1,,г Звенигово,data-20180110-structure-20150128.csv,2018,9999,,,12,Республика Марий Эл,55.9718239,48.016105,1,61841.2,38471.0,354.9
275,Килемарский,88-616-000-000,Килемарский муниципальный район,муниципальный район,,1,,пгт Килемары,data-20180110-structure-20150128.csv,2018,9999,,,12,Республика Марий Эл,56.7767366,46.8594894,1,44881.7,11082.0,337.7
276,Куженерский,88-620-000-000,Куженерский муниципальный район,муниципальный район,,1,,пгт Куженер,data-20180110-structure-20150128.csv,2018,9999,,,12,Республика Марий Эл,56.8114328,48.9167614,1,41317.4,11382.0,339.1
277,Мари-Турекский,88-624-000-000,Мари-Турекский муниципальный район,муниципальный район,,1,,пгт Мари-Турек,data-20180110-structure-20150128.csv,2018,9999,,,12,Республика Марий Эл,56.7877954,49.6203566,1,39885.6,17046.0,336.2
278,Медведевский,88-628-000-000,Медведевский муниципальный район,муниципальный район,,1,,пгт Медведево,data-20180110-structure-20150128.csv,2018,9999,,,12,Республика Марий Эл,56.6332426,47.8030237,1,57759.1,67769.0,352.3
279,Моркинский,88-632-000-000,Моркинский муниципальный район,муниципальный район,,1,,пгт Морки,data-20180110-structure-20150128.csv,2018,9999,,,12,Республика Марий Эл,56.4302572,48.9980508,1,45105.3,25758.0,346.2
280,Новоторъяльский,88-636-000-000,Новоторъяльский муниципальный район,муниципальный район,,1,,пгт Новый Торъял,data-20180110-structure-20150128.csv,2018,9999,,,12,Республика Марий Эл,57.0032906,48.7403315,1,42378.1,13402.0,337.4
281,Оршанский,88-640-000-000,Оршанский муниципальный район,муниципальный район,,1,,пгт Оршанка,data-20180110-structure-20150128.csv,2018,9999,,,12,Республика Марий Эл,56.9154239,47.8944568,1,47456.7,12182.0,343.8
282,Параньгинский,88-644-000-000,Параньгинский муниципальный район,муниципальный район,,1,,пгт Параньга,data-20180110-structure-20150128.csv,2018,9999,,,12,Республика Марий Эл,56.7052785,49.3933921,1,41324.6,13008.0,335.3
283,Сернурский,88-648-000-000,Сернурский муниципальный район,муниципальный район,,1,,пгт Сернур,data-20180110-structure-20150128.csv,2018,9999,,,12,Республика Марий Эл,56.9347617,49.1469163,1,51576.7,21264.0,337.2
284,Советский,88-652-000-000,Советский муниципальный район,муниципальный район,,1,,пгт Советский,data-20180110-structure-20150128.csv,2018,9999,,,12,Республика Марий Эл,56.7629821,48.474292,1,47480.4,26112.0,343.1
285,Юринский,88-656-000-000,Юринский муниципальный район,муниципальный район,,1,,пгт Юрино,data-20180110-structure-20150128.csv,2018,9999,,,12,Республика Марий Эл,56.29035,46.291918,1,45485.1,5947.0,333.9
287,Ардатовский,89-603-000-000,Ардатовский муниципальный район,муниципальный район,,1,,г Ардатов,data-20180110-structure-20150128.csv,2018,9999,,,13,Республика Мордовия,54.8443349,46.2393200428824,1,50305.4,23694.0,359.1
288,Атюрьевский,89-605-000-000,Атюрьевский муниципальный район,муниципальный район,,1,,с Атюрьево,data-20180110-structure-20150128.csv,2018,9999,,,13,Республика Мордовия,54.3211519,43.3363522,1,37086.3,9012.0,362.5
289,Атяшевский,89-607-000-000,Атяшевский муниципальный район,муниципальный район,,1,,рп Атяшево,data-20180110-structure-20150128.csv,2018,9999,,,13,Республика Мордовия,54.5791907,46.07576069523395,1,53073.3,17246.0,358.4
290,Большеберезниковский,89-610-000-000,Большеберезниковский муниципальный район,муниципальный район,,1,,с Большие Березники,data-20180110-structure-20150128.csv,2018,9999,,,13,Республика Мордовия,54.171913,45.966282,1,43037.1,11711.0,357.0
292,Дубенский,89-616-000-000,Дубенский муниципальный район,муниципальный район,,1,,с Дубенки,data-20180110-structure-20150128.csv,2018,9999,,,13,Республика Мордовия,54.437653,46.2980698,1,51253.2,11280.0,356.6
293,Ельниковский,89-618-000-000,Ельниковский муниципальный район,муниципальный район,,1,,с Ельники,data-20180110-structure-20150128.csv,2018,9999,,,13,Республика Мордовия,54.620689,43.875977,1,45661.0,9068.0,360.1
294,Зубово-Полянский,89-621-000-000,Зубово-Полянский муниципальный район,муниципальный район,,1,,рп Зубова Поляна,data-20180110-structure-20150128.csv,2018,9999,,,13,Республика Мордовия,54.079964,42.837425,1,40550.3,45470.0,368.6
295,Инсарский,89-624-000-000,Инсарский муниципальный район,муниципальный район,,1,,г Инсар,data-20180110-structure-20150128.csv,2018,9999,,,13,Республика Мордовия,53.867741,44.371407,1,52361.3,11516.0,360.1
296,Ичалковский,89-626-000-000,Ичалковский муниципальный район,муниципальный район,,1,,с Кемля,data-20180110-structure-20150128.csv,2018,9999,,,13,Республика Мордовия,54.694168,45.243855,1,51547.6,16897.0,360.8
297,Кадошкинский,89-628-000-000,Кадошкинский муниципальный район,муниципальный район,,1,,рп Кадошкино,data-20180110-structure-20150128.csv,2018,9999,,,13,Республика Мордовия,54.03075525,44.42132744805929,1,47389.6,6593.0,359.1
298,Ковылкинский,89-629-000-000,Ковылкинский муниципальный район,муниципальный район,,1,,г Ковылкино,data-20180110-structure-20150128.csv,2018,9999,,,13,Республика Мордовия,54.0345571,43.90662617920928,1,49393.3,35879.0,363.6
300,Краснослободский,89-634-000-000,Краснослободский муниципальный район,муниципальный район,,1,,г Краснослободск,data-20180110-structure-20150128.csv,2018,9999,,,13,Республика Мордовия,54.41721065,43.78777038683488,1,46337.1,21456.0,362.2
301,Лямбирский,89-637-000-000,Лямбирский муниципальный район,муниципальный район,,1,,с Лямбирь,data-20180110-structure-20150128.csv,2018,9999,,,13,Республика Мордовия,54.2828455,45.1226407,1,66626.1,33537.0,365.5
302,Ромодановский,89-640-000-000,Ромодановский муниципальный район,муниципальный район,,1,,п Ромоданово,data-20180110-structure-20150128.csv,2018,9999,,,13,Республика Мордовия,54.420921,45.334122,1,54295.6,18857.0,362.0
303,Рузаевский,89-643-000-000,Рузаевский муниципальный район,муниципальный район,,1,,г Рузаевка,data-20180110-structure-20150128.csv,2018,9999,,,13,Республика Мордовия,54.058735,44.954391,1,68748.4,58820.0,364.1
304,Старошайговский,89-646-000-000,Старошайговский муниципальный район,муниципальный район,,1,,с Старое Шайгово,data-20180110-structure-20150128.csv,2018,9999,,,13,Республика Мордовия,54.304256,44.463558,1,45192.2,11300.0,359.4
305,Темниковский,89-649-000-000,Темниковский муниципальный район,муниципальный район,,1,,г Темников,data-20180110-structure-20150128.csv,2018,9999,,,13,Республика Мордовия,54.6342327,43.21511935549957,1,43557.8,12696.0,361.7
306,Теньгушевский,89-651-000-000,Теньгушевский муниципальный район,муниципальный район,,1,,с Теньгушево,data-20180110-structure-20150128.csv,2018,9999,,,13,Республика Мордовия,54.767166,42.714211,1,43659.5,8971.0,368.1
307,Торбеевский,89-654-000-000,Торбеевский муниципальный район,муниципальный район,,1,,рп Торбеево,data-20180110-structure-20150128.csv,2018,9999,,,13,Республика Мордовия,54.074532,43.245144,1,53695.6,18231.0,364.8
308,Чамзинский,89-657-000-000,Чамзинский муниципальный район,муниципальный район,,1,,рп Чамзинка,data-20180110-structure-20150128.csv,2018,9999,,,13,Республика Мордовия,54.407948,45.784023,1,68736.9,28433.0,359.1
309,Якутск,98-701-000-000,городской округ город Якутск,городской округ,административный_центр_субъекта,1,,г Якутск,data-20180110-structure-20150128.csv,2018,9999,,,14,Республика Саха (Якутия),62.0279259,129.740571750415,1,121249.1,367667.0,137.0
312,Алданский,98-603-000-000,Алданский муниципальный район,муниципальный район,,1,,г Алдан,data-20180110-structure-20150128.csv,2018,9999,,,14,Республика Саха (Якутия),58.61558475,125.3960842109866,1,139656.8,38998.0,143.8
314,Амгинский,98-608-000-000,Амгинский муниципальный район,муниципальный район,,1,,с Амга,data-20180110-structure-20150128.csv,2018,9999,,,14,Республика Саха (Якутия),60.894218,131.97998,1,82805.1,16705.0,136.2
316,Булунский,98-612-000-000,Булунский муниципальный район,муниципальный район,,1,,п Тикси,data-20180110-structure-20150128.csv,2018,9999,,,14,Республика Саха (Якутия),71.636604,128.868546,1,146103.6,8126.0,116.9
317,Верхневилюйский,98-614-000-000,Верхневилюйский муниципальный район,муниципальный район,,1,,с Верхневилюйск,data-20180110-structure-20150128.csv,2018,9999,,,14,Республика Саха (Якутия),63.4497609,120.3146678,1,85335.1,20721.0,129.9
318,Верхнеколымский,98-615-000-000,Верхнеколымский муниципальный район,муниципальный район,,1,,п Зырянка,data-20180110-structure-20150128.csv,2018,9999,,,14,Республика Саха (Якутия),65.733597,150.893326,1,119812.6,3687.0,121.8
319,Верхоянский,98-616-000-000,Верхоянский муниципальный район,муниципальный район,,1,,п Батагай,data-20180110-structure-20150128.csv,2018,9999,,,14,Республика Саха (Якутия),67.654907,134.635071,1,125194.5,9998.0,124.4
320,Вилюйский,98-618-000-000,Вилюйский муниципальный район,муниципальный район,,1,,г Вилюйск,data-20180110-structure-20150128.csv,2018,9999,,,14,Республика Саха (Якутия),63.754082,121.626549,1,95056.9,25157.0,130.8
321,Горный,98-620-000-000,Горный муниципальный район,муниципальный район,,1,,с Бердигестях,data-20180110-structure-20150128.csv,2018,9999,,,14,Республика Саха (Якутия),62.098289,126.699837,1,85549.4,11936.0,136.0
323,Кобяйский,98-624-000-000,Кобяйский муниципальный район,муниципальный район,,1,,п Сангар,data-20180110-structure-20150128.csv,2018,9999,,,14,Республика Саха (Якутия),63.923618,127.466759,1,99222.2,11053.0,
324,Нюрбинский,98-626-000-000,Нюрбинский муниципальный район,муниципальный район,,1,,г Нюрба,data-20180110-structure-20150128.csv,2018,9999,,,14,Республика Саха (Якутия),63.286648,118.354149,1,118883.9,22761.0,
325,Ленский,98-627-000-000,Ленский муниципальный район,муниципальный район,,1,,г Ленск,data-20180110-structure-20150128.csv,2018,9999,,,14,Республика Саха (Якутия),60.7145488,114.9172123,1,150610.1,31833.0,151.6
326,Мегино-Кангаласский,98-629-000-000,Мегино-Кангаласский муниципальный район,муниципальный район,,1,,п Нижний Бестях,data-20180110-structure-20150128.csv,2018,9999,,,14,Республика Саха (Якутия),61.957066,129.911346,1,88872.6,32932.0,142.9
327,Мирнинский,98-631-000-000,Мирнинский муниципальный район,муниципальный район,,1,,г Мирный,data-20180110-structure-20150128.csv,2018,9999,,,14,Республика Саха (Якутия),62.541077,113.978584,1,167695.2,71704.0,152.1
329,Намский,98-635-000-000,Намский муниципальный район,муниципальный район,,1,,с Намцы,data-20180110-structure-20150128.csv,2018,9999,,,14,Республика Саха (Якутия),62.718227,129.664246,1,84208.6,25069.0,138.6
330,Нерюнгринский,98-660-000-000,Нерюнгринский муниципальный район,муниципальный район,,1,,г Нерюнгри,data-20180110-structure-20150128.csv,2018,9999,,,14,Республика Саха (Якутия),56.6579435,124.7123042,1,161347.5,68431.0,147.1
331,Нижнеколымский,98-637-000-000,Нижнеколымский муниципальный район,муниципальный район,,1,,п Черский,data-20180110-structure-20150128.csv,2018,9999,,,14,Республика Саха (Якутия),68.7427218,161.3324435184306,1,121451.5,4175.0,113.6
332,Оймяконский,98-639-000-000,Оймяконский муниципальный район,муниципальный район,,1,,п Усть-Нера,data-20180110-structure-20150128.csv,2018,9999,,,14,Республика Саха (Якутия),64.566376,143.237839,1,193572.2,7566.0,127.0
333,Олекминский,98-641-000-000,Олекминский муниципальный район,муниципальный район,,1,,г Олёкминск,data-20180110-structure-20150128.csv,2018,9999,,,14,Республика Саха (Якутия),60.3729364,120.403496,1,136467.8,20525.0,145.2
334,Оленекский,98-642-000-000,Оленекский эвенкийский национальный муниципальный район,муниципальный район,,1,,с Оленёк,data-20180426-structure-20150128.csv,2018,9999,,,14,Республика Саха (Якутия),68.505272,112.450287,1,163066.6,4364.0,140.7
335,Среднеколымский,98-646-000-000,Среднеколымский муниципальный район,муниципальный район,,1,,г Среднеколымск,data-20180110-structure-20150128.csv,2018,9999,,,14,Республика Саха (Якутия),67.455497,153.7071456,1,95283.9,6714.0,119.0
336,Сунтарский,98-648-000-000,Сунтарский муниципальный район,муниципальный район,,1,,с Сунтар,data-20180110-structure-20150128.csv,2018,9999,,,14,Республика Саха (Якутия),62.157455,117.646332,1,83598.4,22228.0,149.5
337,Таттинский,98-604-000-000,Таттинский муниципальный район,муниципальный район,,1,,с Ытык-Кюёль,data-20180110-structure-20150128.csv,2018,9999,,,14,Республика Саха (Якутия),62.360935,133.563309,1,87074.5,16750.0,135.5
338,Томпонский,98-650-000-000,Томпонский муниципальный район,муниципальный район,,1,,п Хандыга,data-20180110-structure-20150128.csv,2018,9999,,,14,Республика Саха (Якутия),62.6477939,135.5750942,1,130182.5,10897.0,133.4
339,Усть-Алданский,98-652-000-000,Усть-Алданский муниципальный район,муниципальный район,,1,,с Борогонцы,data-20180110-structure-20150128.csv,2018,9999,,,14,Республика Саха (Якутия),62.6722619,131.1795031521465,1,82703.3,22012.0,137.4
340,Усть-Майский,98-654-000-000,Усть-Майский муниципальный район,муниципальный район,,1,,п Усть-Мая,data-20180110-structure-20150128.csv,2018,9999,,,14,Республика Саха (Якутия),60.416439,134.536499,1,137080.0,7343.0,133.6
341,Усть-Янский,98-656-000-000,Усть-Янский муниципальный район,муниципальный район,,1,,п Депутатский,data-20180110-structure-20150128.csv,2018,9999,,,14,Республика Саха (Якутия),69.3396494,139.9468635,1,126513.3,6725.0,119.2
342,Хангаласский,98-644-000-000,Хангаласский муниципальный район,муниципальный район,,1,,г Покровск,data-20180110-structure-20150128.csv,2018,9999,,,14,Республика Саха (Якутия),61.48327,129.1540617,1,87875.4,34331.0,138.6
343,Чурапчинский,98-658-000-000,Чурапчинский муниципальный район,муниципальный район,,1,,с Чурапча,data-20180110-structure-20150128.csv,2018,9999,,,14,Республика Саха (Якутия),61.999668,132.425201,1,81064.2,21807.0,136.7
345,Владикавказ,90-701-000-000,городской округ город Владикавказ,городской округ,административный_центр_субъекта,1,,г Владикавказ,data-20180110-structure-20150128.csv,2018,9999,,,15,Республика Северная Осетия — Алания,43.024593,44.68211,1,52729.3,309358.0,291.4
346,Алагирский,90-605-000-000,Алагирский муниципальный район,муниципальный район,,1,,г Алагир,data-20180110-structure-20150128.csv,2018,9999,,,15,Республика Северная Осетия — Алания,43.018619,44.2261205,1,37932.2,38229.0,291.4
347,Ардонский,90-610-000-000,Ардонский муниципальный район,муниципальный район,,1,,г Ардон,data-20180110-structure-20150128.csv,2018,9999,,,15,Республика Северная Осетия — Алания,43.1739502,44.2752375,1,43124.8,31304.0,295.9
348,Дигорский,90-615-000-000,Дигорский муниципальный район,муниципальный район,,1,,г Дигора,data-20180110-structure-20150128.csv,2018,9999,,,15,Республика Северная Осетия — Алания,43.1591223,44.1581267,1,36658.0,18606.0,293.7
349,Ирафский,90-620-000-000,Ирафский муниципальный район,муниципальный район,,1,,с Чикола,data-20180110-structure-20150128.csv,2018,9999,,,15,Республика Северная Осетия — Алания,43.198139,43.923298,1,39217.6,15554.0,293.7
351,Моздокский,90-630-000-000,Моздокский муниципальный район,муниципальный район,,1,,г Моздок,data-20180110-structure-20150128.csv,2018,9999,,,15,Республика Северная Осетия — Алания,43.735584,44.653614,1,53656.7,81941.0,296.8
352,Правобережный,90-635-000-000,Правобережный муниципальный район,муниципальный район,,1,,г Беслан,data-20180110-structure-20150128.csv,2018,9999,,,15,Республика Северная Осетия — Алания,43.1875572,44.5375689,1,43131.1,55643.0,297.3
354,Казань,92-701-000-000,городской округ город Казань,городской округ,административный_центр_субъекта,1,,г Казань,data-20180110-structure-20150128.csv,2018,9999,,,16,Республика Татарстан,55.7823547,49.1242266,1,94672.7,1318604.0,345.0
355,Набережные Челны,92-730-000-000,городской округ город Набережные Челны,городской округ,,2,92-657-000-000,г Набережные Челны,data-20180110-structure-20150128.csv,2018,9999,,,16,Республика Татарстан,55.7419774,52.399207,1,87755.3,544383.0,367.4
356,Агрызский,92-601-000-000,Агрызский муниципальный район,муниципальный район,,1,,г Агрыз,data-20180110-structure-20150128.csv,2018,9999,,,16,Республика Татарстан,56.525516,52.9971643,1,66228.7,34401.0,334.6
357,Азнакаевский,92-602-000-000,Азнакаевский муниципальный район,муниципальный район,,1,,г Азнакаево,data-20180110-structure-20150128.csv,2018,9999,,,16,Республика Татарстан,54.8629555,53.0792275,1,74115.1,57093.0,338.8
358,Аксубаевский,92-604-000-000,Аксубаевский муниципальный район,муниципальный район,,1,,пгт Аксубаево,data-20180110-structure-20150128.csv,2018,9999,,,16,Республика Татарстан,54.846351,50.8055345,1,56984.5,26162.0,342.1
359,Актанышский,92-605-000-000,Актанышский муниципальный район,муниципальный район,,1,,с Актаныш,data-20180110-structure-20150128.csv,2018,9999,,,16,Республика Татарстан,55.7221799,54.0577272,1,62934.9,27287.0,328.5
360,Алексеевский,92-606-000-000,Алексеевский муниципальный район,муниципальный район,,1,,пгт Алексеевское,data-20180110-structure-20150128.csv,2018,9999,,,16,Республика Татарстан,55.3049649,50.1129039,1,78554.5,24626.0,352.3
361,Алькеевский,92-607-000-000,Алькеевский муниципальный район,муниципальный район,,1,,с Базарные Матаки,data-20180110-structure-20150128.csv,2018,9999,,,16,Республика Татарстан,54.9034845,49.9275488,1,57182.1,18063.0,347.1
362,Альметьевский,92-608-000-000,Альметьевский муниципальный район,муниципальный район,,1,,г Альметьевск,data-20180110-structure-20150128.csv,2018,9999,,,16,Республика Татарстан,54.9005008,52.2963777,1,97189.0,212359.0,340.3
363,Апастовский,92-610-000-000,Апастовский муниципальный район,муниципальный район,,1,,пгт Апастово,data-20180110-structure-20150128.csv,2018,9999,,,16,Республика Татарстан,55.2026717,48.5068612,1,54835.7,18676.0,355.8
364,Арский,92-612-000-000,Арский муниципальный район,муниципальный район,,1,,г Арск,data-20180110-structure-20150128.csv,2018,9999,,,16,Республика Татарстан,56.0909916,49.8771828,1,53071.2,49659.0,348.5
365,Атнинский,92-613-000-000,Атнинский муниципальный район,муниципальный район,,1,,с Большая Атня,data-20180110-structure-20150128.csv,2018,9999,,,16,Республика Татарстан,56.2503047,49.4534003,1,53607.9,12245.0,349.2
366,Бавлинский,92-614-000-000,Бавлинский муниципальный район,муниципальный район,,1,,г Бавлы,data-20180110-structure-20150128.csv,2018,9999,,,16,Республика Татарстан,54.4031069,53.2356367,1,72234.0,32239.0,339.6
367,Балтасинский,92-615-000-000,Балтасинский муниципальный район,муниципальный район,,1,,пгт Балтаси,data-20180110-structure-20150128.csv,2018,9999,,,16,Республика Татарстан,56.344623,50.2114172,1,57117.0,32840.0,343.3
368,Бугульминский,92-617-000-000,Бугульминский муниципальный район,муниципальный район,,1,,г Бугульма,data-20180110-structure-20150128.csv,2018,9999,,,16,Республика Татарстан,54.5384152,52.7955953,1,72273.3,99177.0,340.5
369,Буинский,92-618-000-000,Буинский муниципальный район,муниципальный район,,1,,г Буинск,data-20180110-structure-20150128.csv,2018,9999,,,16,Республика Татарстан,54.9723656,48.2926834,1,54996.2,39135.0,356.3
370,Верхнеуслонский,92-620-000-000,Верхнеуслонский муниципальный район,муниципальный район,,1,,с Верхний Услон,data-20180110-structure-20150128.csv,2018,9999,,,16,Республика Татарстан,55.7685496,48.9829213,1,182259.8,17641.0,357.3
371,Высокогорский,92-622-000-000,Высокогорский муниципальный район,муниципальный район,,1,,п ж/д ст Высокая Гора,data-20180110-structure-20150128.csv,2018,9999,,,16,Республика Татарстан,55.9101814,49.3072048,1,73992.4,60647.0,363.4
372,Дрожжановский,92-624-000-000,Дрожжановский муниципальный район,муниципальный район,,1,,с Старое Дрожжаное,data-20180110-structure-20150128.csv,2018,9999,,,16,Республика Татарстан,54.7249827,47.5645397,1,49846.8,20085.0,355.1
373,Елабужский,92-626-000-000,Елабужский муниципальный район,муниципальный район,,1,,г Елабуга,data-20180110-structure-20150128.csv,2018,9999,,,16,Республика Татарстан,55.7577131,52.0539938,1,126084.3,85471.0,344.3
374,Заинский,92-627-000-000,Заинский муниципальный район,муниципальный район,,1,,г Заинск,data-20180110-structure-20150128.csv,2018,9999,,,16,Республика Татарстан,55.2866509,52.0056047,1,69419.4,52217.0,342.9
375,Зеленодольский,92-628-000-000,Зеленодольский муниципальный район,муниципальный район,,1,,г Зеленодольск,data-20180110-structure-20150128.csv,2018,9999,,,16,Республика Татарстан,55.8586627,48.55746590061055,1,65225.1,169798.0,360.6
376,Кайбицкий,92-629-000-000,Кайбицкий муниципальный район,муниципальный район,,1,,с Большие Кайбицы,data-20180110-structure-20150128.csv,2018,9999,,,16,Республика Татарстан,55.4061658,48.19358,1,59305.7,12423.0,358.4
377,Камско-Устьинский,92-630-000-000,Камско-Устьинский муниципальный район,муниципальный район,,1,,пгт Камское Устье,data-20180110-structure-20150128.csv,2018,9999,,,16,Республика Татарстан,55.2015629,49.2680082,1,56603.2,14157.0,347.1
378,Кукморский,92-633-000-000,Кукморский муниципальный район,муниципальный район,,1,,пгт Кукмор,data-20180110-structure-20150128.csv,2018,9999,,,16,Республика Татарстан,56.1865318,50.8972087,1,55589.5,51202.0,339.1
379,Лаишевский,92-634-000-000,Лаишевский муниципальный район,муниципальный район,,1,,г Лаишево,data-20180110-structure-20150128.csv,2018,9999,,,16,Республика Татарстан,55.4051397,49.55569253230886,1,103579.8,71646.0,353.7
380,Лениногорский,92-636-000-000,Лениногорский муниципальный район,муниципальный район,,1,,г Лениногорск,data-20180110-structure-20150128.csv,2018,9999,,,16,Республика Татарстан,54.5994324,52.4469099,1,74421.7,77755.0,339.6
381,Мамадышский,92-638-000-000,Мамадышский муниципальный район,муниципальный район,,1,,г Мамадыш,data-20180110-structure-20150128.csv,2018,9999,,,16,Республика Татарстан,55.7090757,51.4089032,1,65096.3,39698.0,341.7
382,Менделеевский,92-639-000-000,Менделеевский муниципальный район,муниципальный район,,1,,г Менделеевск,data-20180110-structure-20150128.csv,2018,9999,,,16,Республика Татарстан,55.8878706,52.308443,1,86032.8,30286.0,342.9
383,Мензелинский,92-640-000-000,Мензелинский муниципальный район,муниципальный район,,1,,г Мензелинск,data-20180110-structure-20150128.csv,2018,9999,,,16,Республика Татарстан,55.7255585,53.1071815,1,57040.1,26385.0,335.8
384,Муслюмовский,92-642-000-000,Муслюмовский муниципальный район,муниципальный район,,1,,с Муслюмово,data-20180110-structure-20150128.csv,2018,9999,,,16,Республика Татарстан,55.3041209,53.1975331,1,58339.2,18692.0,336.2
385,Нижнекамский,92-644-000-000,Нижнекамский муниципальный район,муниципальный район,,1,,г Нижнекамск,data-20180110-structure-20150128.csv,2018,9999,,,16,Республика Татарстан,55.6412879,51.8160376,1,98467.6,276414.0,339.3
386,Новошешминский,92-645-000-000,Новошешминский муниципальный район,муниципальный район,,1,,с Новошешминск,data-20180110-structure-20150128.csv,2018,9999,,,16,Республика Татарстан,55.0616447,51.224884,1,93598.9,12574.0,344.3
387,Нурлатский,92-646-000-000,Нурлатский муниципальный район,муниципальный район,,1,,г Нурлат,data-20180110-structure-20150128.csv,2018,9999,,,16,Республика Татарстан,54.4297351,50.8019579,1,69712.6,51661.0,342.9
388,Пестречинский,92-648-000-000,Пестречинский муниципальный район,муниципальный район,,1,,с Пестрецы,data-20180110-structure-20150128.csv,2018,9999,,,16,Республика Татарстан,55.7502111,49.6570913,1,65735.3,66372.0,355.1
390,Сабинский,92-652-000-000,Сабинский муниципальный район,муниципальный район,,1,,пгт Богатые Сабы,data-20180110-structure-20150128.csv,2018,9999,,,16,Республика Татарстан,56.0106232,50.4467802,1,61804.9,30381.0,344.3
391,Сармановский,92-653-000-000,Сармановский муниципальный район,муниципальный район,,1,,с Сарманово,data-20180110-structure-20150128.csv,2018,9999,,,16,Республика Татарстан,55.2607513,52.57767738349195,1,65866.4,33666.0,340.5
392,Спасский,92-632-000-000,Спасский муниципальный район,муниципальный район,,1,,г Болгар,data-20180110-structure-20150128.csv,2018,9999,,,16,Республика Татарстан,54.9747437,49.0302075,1,55706.6,18014.0,340.7
393,Тетюшский,92-655-000-000,Тетюшский муниципальный район,муниципальный район,,1,,г Тетюши,data-20180110-structure-20150128.csv,2018,9999,,,16,Республика Татарстан,54.9342754,48.8319574,1,51809.6,19798.0,350.2
395,Тюлячинский,92-656-000-000,Тюлячинский муниципальный район,муниципальный район,,1,,с Тюлячи,data-20180110-structure-20150128.csv,2018,9999,,,16,Республика Татарстан,55.8918846,50.2334985,1,55637.4,13489.0,348.8
396,Черемшанский,92-658-000-000,Черемшанский муниципальный район,муниципальный район,,1,,с Черемшан,data-20180110-structure-20150128.csv,2018,9999,,,16,Республика Татарстан,54.6611013,51.5053223,1,65974.0,17877.0,342.4
397,Чистопольский,92-659-000-000,Чистопольский муниципальный район,муниципальный район,,1,,г Чистополь,data-20180110-structure-20150128.csv,2018,9999,,,16,Республика Татарстан,55.3714831,50.6367311,1,64210.4,73234.0,347.1
398,Ютазинский,92-654-000-000,Ютазинский муниципальный район,муниципальный район,,1,,пгт Уруссу,data-20180110-structure-20150128.csv,2018,9999,,,16,Республика Татарстан,54.5993324,53.4663259,1,59884.9,19452.0,337.9
401,Бай-Тайгинский,93-605-000-000,Бай-Тайгинский муниципальный район,муниципальный район,,1,,с Тээли,data-20180110-structure-20150128.csv,2018,9999,,,17,Республика Тыва,51.0110954,90.2043058,1,46623.0,10431.0,182.5
402,Барун-Хемчикский,93-610-000-000,Барун-Хемчикский муниципальный район,муниципальный район,,1,,с Кызыл-Мажалык,data-20180110-structure-20150128.csv,2018,9999,,,17,Республика Тыва,51.1454611,90.5814803,1,48513.7,11626.0,184.2
403,Дзун-Хемчикский,93-615-000-000,Дзун-Хемчикский муниципальный район,муниципальный район,,1,,г Чадан,data-20180110-structure-20150128.csv,2018,9999,,,17,Республика Тыва,51.2840385,91.5666701,1,51531.3,18916.0,181.6
404,Каа-Хемский,93-620-000-000,Каа-Хемский муниципальный район,муниципальный район,,1,,с Сарыг-Сеп,data-20180110-structure-20150128.csv,2018,9999,,,17,Республика Тыва,51.492626,95.554681,1,59905.0,11974.0,183.0
405,Кызылский,93-622-000-000,Кызылский муниципальный район,муниципальный район,,1,,пгт Каа-Хем,data-20180110-structure-20150128.csv,2018,9999,,,17,Республика Тыва,51.696541,94.563721,1,61583.4,36340.0,187.5
408,Пий-Хемский,93-635-000-000,Пий-Хемский муниципальный район,муниципальный район,,1,,г Туран,data-20180110-structure-20150128.csv,2018,9999,,,17,Республика Тыва,52.1458093,93.9186434,1,62886.8,10364.0,188.7
410,Тандинский,93-640-000-000,Тандинский муниципальный район,муниципальный район,,1,,с Бай-Хаак,data-20180110-structure-20150128.csv,2018,9999,,,17,Республика Тыва,51.1601031,94.4651991,1,55744.8,15098.0,183.5
413,Тоджинский,93-650-000-000,Тоджинский муниципальный район,муниципальный район,,1,,с Тоора-Хем,data-20180110-structure-20150128.csv,2018,9999,,,17,Республика Тыва,52.4679232,96.117896,1,96701.2,6694.0,177.8
414,Улуг-Хемский,93-654-000-000,Улуг-Хемский муниципальный район,муниципальный район,,1,,г Шагонар,data-20180110-structure-20150128.csv,2018,9999,,,17,Республика Тыва,51.538721,92.9194074,1,52073.1,19940.0,182.3
416,Чеди-Хольский,93-657-000-000,Чеди-Хольский муниципальный район,муниципальный район,,1,,с Хову-Аксы,data-20180110-structure-20150128.csv,2018,9999,,,17,Республика Тыва,51.131943,93.715744,1,51951.6,7592.0,182.5
418,Ижевск,94-701-000-000,городской округ город Ижевск,городской округ,административный_центр_субъекта,1,,г Ижевск,data-20180110-structure-20150128.csv,2018,9999,,,18,Удмуртская Республика,56.86051745,53.19773074245531,1,79451.4,618776.0,324.0
419,Воткинск,94-710-000-000,городской округ город Воткинск,городской округ,,2,94-608-000-000;94-508-000-000,г Воткинск,data-20180110-structure-20150128.csv,2018,9999,,,18,Удмуртская Республика,57.03096265,53.95290987149551,1,76115.4,96037.0,338.4
420,Глазов,94-720-000-000,городской округ город Глазов,городской округ,,2,94-610-000-000;94-510-000-000,г Глазов,data-20180110-structure-20150128.csv,2018,9999,,,18,Удмуртская Республика,58.1401196,52.6464388,1,64938.7,85870.0,322.3
421,Можга,94-730-000-000,городской округ город Можга,городской округ,,2,94-635-000-000;94-535-000-000,г Можга,data-20180110-structure-20150128.csv,2018,9999,,,18,Удмуртская Республика,56.44903635,52.21859474400328,1,54035.1,43557.0,345.2
422,Сарапул,94-740-000-000,городской округ город Сарапул,городской округ,,1,,г Сарапул,data-20180110-structure-20150128.csv,2018,9999,,,18,Удмуртская Республика,56.4811552,53.78269270925261,1,73016.4,89442.0,327.0
423,Алнашский,94-502-000-000,муниципальный округ Алнашский район,муниципальный округ,,1,,с Алнаши,data-20220128-structure-20150128.csv,2022,9999,,,18,Удмуртская Республика,56.1848812,52.4755309,1,46374.0,19971.0,337.0
424,Балезинский,94-504-000-000,муниципальный округ Балезинский район,муниципальный округ,,1,,п Балезино,data-20220128-structure-20150128.csv,2022,9999,,,18,Удмуртская Республика,57.9745686,53.0111891,1,49049.5,26866.0,315.7
425,Вавожский,94-506-000-000,муниципальный округ Вавожский район,муниципальный округ,,1,,с Вавож,data-20220128-structure-20150128.csv,2022,9999,,,18,Удмуртская Республика,56.7676129,51.9313766,1,57916.2,13809.0,325.9
428,Граховский,94-512-000-000,муниципальный округ Граховский район,муниципальный округ,,1,,с Грахово,data-20220128-structure-20150128.csv,2022,9999,,,18,Удмуртская Республика,56.0468999,51.9629501,1,47943.0,8624.0,336.5
429,Дебёсский,94-514-000-000,муниципальный округ Дебёсский район,муниципальный округ,,1,,с Дебёсы,data-20220128-structure-20150128.csv,2022,9999,,,18,Удмуртская Республика,57.652351,53.806393,1,51971.3,10744.0,319.7
430,Завьяловский,94-516-000-000,муниципальный округ Завьяловский район,муниципальный округ,,1,,с Завьялово,data-20220128-structure-20150128.csv,2022,9999,,,18,Удмуртская Республика,56.784662,53.3776005,1,60377.9,83460.0,333.6
431,Игринский,94-518-000-000,муниципальный округ Игринский район,муниципальный округ,,1,,п Игра,data-20220128-structure-20150128.csv,2022,9999,,,18,Удмуртская Республика,57.5391501,53.0808519,1,58555.5,32538.0,323.0
432,Камбарский,94-520-000-000,муниципальный округ Камбарский район,муниципальный округ,,1,,г Камбарка,data-20220128-structure-20150128.csv,2022,9999,,,18,Удмуртская Республика,56.2652515,54.1945613,1,54584.1,15570.0,325.6
433,Каракулинский,94-522-000-000,муниципальный округ Каракулинский район,муниципальный округ,,1,,с Каракулино,data-20220128-structure-20150128.csv,2022,9999,,,18,Удмуртская Республика,56.0105232,53.705165,1,60435.8,10095.0,317.6
434,Кезский,94-524-000-000,муниципальный округ Кезский район,муниципальный округ,,1,,п Кез,data-20220128-structure-20150128.csv,2022,9999,,,18,Удмуртская Республика,57.8965573,53.7140134,1,49008.0,17833.0,314.3
435,Кизнерский,94-526-000-000,муниципальный округ Кизнерский район,муниципальный округ,,1,,п Кизнер,data-20220128-structure-20150128.csv,2022,9999,,,18,Удмуртская Республика,56.2850255,51.5192626,1,49308.2,17496.0,334.6
436,Киясовский,94-528-000-000,муниципальный округ Киясовский район,муниципальный округ,,1,,с Киясово,data-20220128-structure-20150128.csv,2022,9999,,,18,Удмуртская Республика,56.3438804,53.1247526,1,48497.2,8518.0,327.3
437,Красногорский,94-530-000-000,муниципальный округ Красногорский район,муниципальный округ,,1,,с Красногорское,data-20220128-structure-20150128.csv,2022,9999,,,18,Удмуртская Республика,57.703725,52.501841,1,48409.2,7480.0,320.2
438,Малопургинский,94-533-000-000,муниципальный округ Малопургинский район,муниципальный округ,,1,,с Малая Пурга,data-20220128-structure-20150128.csv,2022,9999,,,18,Удмуртская Республика,56.5495455,53.0055085,1,51464.0,30993.0,335.1
440,Сарапульский,94-537-000-000,муниципальный округ Сарапульский район,муниципальный округ,,1,,с Сигаево,data-20220128-structure-20150128.csv,2022,9999,,,18,Удмуртская Республика,56.4216058,53.7753696,1,60522.9,23267.0,328.2
441,Селтинский,94-539-000-000,муниципальный округ Селтинский район,муниципальный округ,,1,,с Селты,data-20220128-structure-20150128.csv,2022,9999,,,18,Удмуртская Республика,57.3094964,52.1381468,1,48548.8,10292.0,325.4
442,Сюмсинский,94-541-000-000,муниципальный округ Сюмсинский район,муниципальный округ,,1,,с Сюмси,data-20220128-structure-20150128.csv,2022,9999,,,18,Удмуртская Республика,57.1081378,51.6147316,1,52140.1,9970.0,328.2
443,Увинский,94-544-000-000,муниципальный округ Увинский район,муниципальный округ,,1,,п Ува,data-20220128-structure-20150128.csv,2022,9999,,,18,Удмуртская Республика,56.9826616,52.1884394,1,63935.5,33739.0,327.3
444,Шарканский,94-546-000-000,муниципальный округ Шарканский район,муниципальный округ,,1,,с Шаркан,data-20220128-structure-20150128.csv,2022,9999,,,18,Удмуртская Республика,57.295315,53.869011,1,50340.8,18886.0,320.2
445,Юкаменский,94-548-000-000,муниципальный округ Юкаменский район,муниципальный округ,,1,,с Юкаменское,data-20220128-structure-20150128.csv,2022,9999,,,18,Удмуртская Республика,57.8865761,52.2473098,1,42610.6,7231.0,314.0
446,Якшур-Бодьинский,94-550-000-000,муниципальный округ Якшур-Бодьинский район,муниципальный округ,,1,,с Якшур-Бодья,data-20220128-structure-20150128.csv,2022,9999,,,18,Удмуртская Республика,57.1842484,53.1544847,1,62204.2,19293.0,325.1
447,Ярский,94-552-000-000,муниципальный округ Ярский район,муниципальный округ,,1,,п Яр,data-20220128-structure-20150128.csv,2022,9999,,,18,Удмуртская Республика,58.2442424,52.1079326,1,50798.6,10983.0,311.7
448,Абакан,95-701-000-000,городской округ город Абакан,городской округ,административный_центр_субъекта,1,,г Абакан,data-20180110-structure-20150128.csv,2018,9999,,,19,Республика Хакасия,53.72068,91.4406019,1,79022.0,185804.0,203.1
449,Абаза,95-702-000-000,городской округ город Абаза,городской округ,,1,,г Абаза,data-20180110-structure-20150128.csv,2018,9999,,,19,Республика Хакасия,52.6510546,90.101159,1,60495.4,11962.0,192.7
450,Саяногорск,95-708-000-000,городской округ город Саяногорск,городской округ,,1,,г Саяногорск,data-20180110-structure-20150128.csv,2018,9999,,,19,Республика Хакасия,53.0899015,91.4128377,1,91089.2,55712.0,197.9
451,Сорск,95-709-000-000,городской округ город Сорск,городской округ,,1,,г Сорск,data-20180110-structure-20150128.csv,2018,9999,,,19,Республика Хакасия,54.0016092,90.2525861,1,74830.8,10843.0,198.1
452,Черногорск,95-715-000-000,городской округ город Черногорск,городской округ,,1,,г Черногорск,data-20180110-structure-20150128.csv,2018,9999,,,19,Республика Хакасия,53.828236,91.31321,1,71890.6,77948.0,205.4
453,Алтайский,95-605-000-000,Алтайский муниципальный район,муниципальный район,,1,,с Белый Яр,data-20180110-structure-20150128.csv,2018,9999,,,19,Республика Хакасия,53.596436,91.382362,1,76908.1,24152.0,203.5
455,Бейский,95-612-000-000,Бейский муниципальный район,муниципальный район,,1,,с Бея,data-20180110-structure-20150128.csv,2018,9999,,,19,Республика Хакасия,53.046246,90.921989,1,62690.4,17067.0,197.4
456,Боградский,95-615-000-000,Боградский муниципальный район,муниципальный район,,1,,с Боград,data-20180110-structure-20150128.csv,2018,9999,,,19,Республика Хакасия,54.21806,90.856026,1,48923.9,11030.0,205.0
457,Орджоникидзевский,95-620-000-000,Орджоникидзевский муниципальный район,муниципальный район,,1,,п Копьёво,data-20180110-structure-20150128.csv,2018,9999,,,19,Республика Хакасия,55.03561,89.847221,1,50171.7,9604.0,209.9
458,Таштыпский,95-625-000-000,Таштыпский муниципальный район,муниципальный район,,1,,с Таштып,data-20180110-structure-20150128.csv,2018,9999,,,19,Республика Хакасия,52.7880649,89.595458,1,61405.4,15165.0,194.1
459,Усть-Абаканский,95-630-000-000,Усть-Абаканский муниципальный район,муниципальный район,,1,,рп Усть-Абакан,data-20180110-structure-20150128.csv,2018,9999,,,19,Республика Хакасия,53.8326614,91.3938038,1,60840.7,46354.0,206.4
460,Ширинский,95-635-000-000,Ширинский муниципальный район,муниципальный район,,1,,с Шира,data-20180110-structure-20150128.csv,2018,9999,,,19,Республика Хакасия,54.48764,89.962891,1,62412.6,24253.0,207.1
478,Чебоксары,97-701-000-000,городской округ город Чебоксары,городской округ,административный_центр_субъекта,1,,г Чебоксары,data-20180110-structure-20150128.csv,2018,9999,,,21,Чувашская Республика,56.1307195,47.2449597,1,72298.7,506480.0,356.3
479,Алатырь,97-704-000-000,городской округ город Алатырь,городской округ,,2,97-603-000-000;97-503-000-000,г Алатырь,data-20180110-structure-20150128.csv,2018,9999,,,21,Чувашская Республика,54.84582955,46.5627484284573,1,49270.3,31304.0,365.1
480,Канаш,97-707-000-000,городской округ город Канаш,городской округ,,2,97-616-000-000;97-516-000-000,г Канаш,data-20180110-structure-20150128.csv,2018,9999,,,21,Чувашская Республика,55.5148161,47.49863071889008,1,61592.8,43508.0,383.0
481,Новочебоксарск,97-710-000-000,городской округ город Новочебоксарск,городской округ,,1,,г Новочебоксарск,data-20180110-structure-20150128.csv,2018,9999,,,21,Чувашская Республика,56.1140023,47.4870341,1,60377.1,120767.0,361.7
482,Шумерля,97-713-000-000,городской округ город Шумерля,городской округ,,2,97-650-000-000;97-550-000-000,г Шумерля,data-20180110-structure-20150128.csv,2018,9999,,,21,Чувашская Республика,55.4985162,46.4186725,1,60368.5,26008.0,368.6
484,Аликовский,97-505-000-000,Аликовский муниципальный округ,муниципальный округ,,1,,с Аликово,data-20221219-structure-20150128.csv,2023,9999,,,21,Чувашская Республика,55.7393757,46.7465335,2,45151.6,13550.0,361.5
485,Батыревский,97-507-000-000,Батыревский муниципальный округ,муниципальный округ,,1,,с Батырево,data-20221219-structure-20150128.csv,2023,9999,,,21,Чувашская Республика,55.0681559,47.6042007,2,42382.9,30773.0,358.0
486,Вурнарский,97-510-000-000,Вурнарский муниципальный округ,муниципальный округ,,1,,пгт Вурнары,data-20221219-structure-20150128.csv,2023,9999,,,21,Чувашская Республика,55.4917095,46.9529003,2,54604.9,28415.0,359.4
487,Ибресинский,97-513-000-000,Ибресинский муниципальный округ,муниципальный округ,,1,,пгт Ибреси,data-20221219-structure-20150128.csv,2023,9999,,,21,Чувашская Республика,55.3043004,47.0389112,2,47073.9,19914.0,358.7
489,Козловский,97-519-000-000,Козловский муниципальный округ,муниципальный округ,,1,,г Козловка,data-20221219-structure-20150128.csv,2023,9999,,,21,Чувашская Республика,55.8414764,48.2484231,2,48876.6,14831.0,356.8
490,Комсомольский,97-521-000-000,Комсомольский муниципальный округ,муниципальный округ,,1,,с Комсомольское,data-20221219-structure-20150128.csv,2023,9999,,,21,Чувашская Республика,55.2622657,47.5455999,2,42179.6,20409.0,361.3
491,Красноармейский,97-524-000-000,Красноармейский муниципальный округ,муниципальный округ,,1,,с Красноармейское,data-20220128-structure-20150128.csv,2022,9999,,,21,Чувашская Республика,55.7679252,47.1684942,1,58927.2,12470.0,361.0
492,Красночетайский,97-526-000-000,Красночетайский муниципальный округ,муниципальный округ,,1,,с Красные Четаи,data-20221219-structure-20150128.csv,2023,9999,,,21,Чувашская Республика,55.6988225,46.1593707,2,42630.2,13525.0,358.2
493,Мариинско-Посадский,97-529-000-000,Мариинско-Посадский муниципальный округ,муниципальный округ,,1,,г Мариинский Посад,data-20221219-structure-20150128.csv,2023,9999,,,21,Чувашская Республика,56.1178077,47.7220654,2,45128.6,18507.0,354.7
494,Моргаушский,97-532-000-000,Моргаушский муниципальный округ,муниципальный округ,,1,,с Моргауши,data-20221219-structure-20150128.csv,2023,9999,,,21,Чувашская Республика,55.9642116,46.7687775,2,53654.6,30685.0,358.9
495,Порецкий,97-535-000-000,Порецкий муниципальный округ,муниципальный округ,,1,,с Порецкое,data-20221219-structure-20150128.csv,2023,9999,,,21,Чувашская Республика,55.1989448,46.3261836,2,46956.8,10342.0,360.6
496,Урмарский,97-538-000-000,Урмарский муниципальный округ,муниципальный округ,,1,,пгт Урмары,data-20221219-structure-20150128.csv,2023,9999,,,21,Чувашская Республика,55.6802934,47.9446913,2,41482.4,20067.0,358.0
497,Цивильский,97-541-000-000,Цивильский муниципальный округ,муниципальный округ,,1,,г Цивильск,data-20221219-structure-20150128.csv,2023,9999,,,21,Чувашская Республика,55.8661072,47.473703,2,51148.0,31134.0,362.7
498,Чебоксарский,97-544-000-000,Чебоксарский муниципальный округ,муниципальный округ,,1,,пгт Кугеси,data-20221219-structure-20150128.csv,2023,9999,,,21,Чувашская Республика,56.0315502,47.2987956,2,55148.3,61487.0,366.7
499,Шемуршинский,97-547-000-000,Шемуршинский муниципальный округ,муниципальный округ,,1,,с Шемурша,data-20221219-structure-20150128.csv,2023,9999,,,21,Чувашская Республика,54.8854761,47.51651,2,40106.1,11365.0,356.8
501,Ядринский,97-553-000-000,Ядринский муниципальный округ,муниципальный округ,,1,,г Ядрин,data-20221219-structure-20150128.csv,2023,9999,,,21,Чувашская Республика,55.9407976,46.2006586,2,55961.7,22282.0,361.5
502,Яльчикский,97-555-000-000,Яльчикский муниципальный округ,муниципальный округ,,1,,с Яльчики,data-20221219-structure-20150128.csv,2023,9999,,,21,Чувашская Республика,55.1628658,48.003334,2,41548.4,14957.0,355.1
503,Янтиковский,97-558-000-000,Янтиковский муниципальный округ,муниципальный округ,,1,,с Янтиково,data-20221219-structure-20150128.csv,2023,9999,,,21,Чувашская Республика,55.5163733,47.7805881,2,43802.8,12065.0,357.7
504,Барнаул,01-701-000-000,городской округ город Барнаул,городской округ,административный_центр_субъекта,1,,г Барнаул,data-20180110-structure-20150128.csv,2018,9999,,,22,Алтайский край,53.3475493,83.7788448,1,69580.5,687601.0,224.8
505,Алейск,01-703-000-000,городской округ город Алейск,городской округ,,2,01-601-000-000,г Алейск,data-20180110-structure-20150128.csv,2018,9999,,,22,Алтайский край,52.4970352,82.7732311,1,58039.4,24604.0,230.0
506,Белокуриха,01-704-000-000,городской округ город Белокуриха,городской округ,,1,,г Белокуриха,data-20180110-structure-20150128.csv,2018,9999,,,22,Алтайский край,51.9994856,84.9860861,1,63592.4,14879.0,216.1
507,Бийск,01-705-000-000,городской округ город Бийск,городской округ,,2,01-604-000-000,г Бийск,data-20180110-structure-20150128.csv,2018,9999,,,22,Алтайский край,52.5394905,85.2148673,1,63225.9,188780.0,230.7
508,Заринск,01-706-000-000,городской округ город Заринск,городской округ,,2,01-613-000-000,г Заринск,data-20180110-structure-20150128.csv,2018,9999,,,22,Алтайский край,53.707915,84.9348606,1,64679.3,40255.0,231.2
509,Новоалтайск,01-713-000-000,городской округ город Новоалтайск,городской округ,,2,01-632-000-000,г Новоалтайск,data-20180110-structure-20150128.csv,2018,9999,,,22,Алтайский край,53.393341,83.939407,1,69360.9,73511.0,263.0
510,Рубцовск,01-716-000-000,городской округ город Рубцовск,городской округ,,2,01-638-000-000,г Рубцовск,data-20180110-structure-20150128.csv,2018,9999,,,22,Алтайский край,51.5276264,81.2176174,1,52545.2,123379.0,226.4
511,Славгород,01-539-000-000,муниципальный округ город Славгород,муниципальный округ,,1,,г Славгород,data-20221219-structure-20150128.csv,2023,9999,,,22,Алтайский край,52.9968921,78.6485041,2,46914.9,36769.0,228.3
512,Яровое,01-730-000-000,городской округ город Яровое,городской округ,,1,,г Яровое,data-20180110-structure-20150128.csv,2018,9999,,,22,Алтайский край,52.919704,78.563568,1,46916.8,16528.0,227.9
515,Алтайский,01-602-000-000,Алтайский муниципальный район,муниципальный район,,1,,с Алтайское,data-20180110-structure-20150128.csv,2018,9999,,,22,Алтайский край,51.945145,85.336746,1,44459.5,26284.0,214.4
516,Баевский,01-603-000-000,Баевский муниципальный район,муниципальный район,,1,,с Баево,data-20180110-structure-20150128.csv,2018,9999,,,22,Алтайский край,53.2685571,80.77923,1,44787.8,7821.0,226.9
517,Бийский,01-604-000-000,Бийский муниципальный район,муниципальный район,,3,01-705-000-000,г Бийск,data-20180110-structure-20150128.csv,2018,9999,,,22,Алтайский край,52.5394905,85.2148673,1,48559.1,31583.0,287.4
518,Благовещенский,01-605-000-000,Благовещенский муниципальный район,муниципальный район,,1,,рп Благовещенка,data-20180110-structure-20150128.csv,2018,9999,,,22,Алтайский край,52.830602,79.8705683,1,49998.5,25464.0,224.3
519,Бурлинский,01-606-000-000,Бурлинский муниципальный район,муниципальный район,,1,,с Бурла,data-20180110-structure-20150128.csv,2018,9999,,,22,Алтайский край,53.3364288,78.3306842,1,43452.0,7601.0,229.5
520,Быстроистокский,01-607-000-000,Быстроистокский муниципальный район,муниципальный район,,1,,с Быстрый Исток,data-20180110-structure-20150128.csv,2018,9999,,,22,Алтайский край,52.3742191,84.3931658,1,43273.5,7120.0,214.2
521,Волчихинский,01-608-000-000,Волчихинский муниципальный район,муниципальный район,,1,,с Волчиха,data-20180110-structure-20150128.csv,2018,9999,,,22,Алтайский край,52.0173355,80.3650849,1,43276.0,14744.0,220.1
522,Егорьевский,01-609-000-000,Егорьевский муниципальный район,муниципальный район,,1,,с Новоегорьевское,data-20180110-structure-20150128.csv,2018,9999,,,22,Алтайский край,51.75893,80.892517,1,41455.6,10678.0,219.1
523,Ельцовский,01-610-000-000,Ельцовский муниципальный район,муниципальный район,,1,,с Ельцовка,data-20180110-structure-20150128.csv,2018,9999,,,22,Алтайский край,53.2819421,86.2044919,1,39602.1,4672.0,220.1
524,Завьяловский,01-611-000-000,Завьяловский муниципальный район,муниципальный район,,1,,с Завьялово,data-20180110-structure-20150128.csv,2018,9999,,,22,Алтайский край,52.8386675,80.91978,1,46074.8,15469.0,224.1
525,Залесовский,01-512-000-000,Залесовский муниципальный округ,муниципальный округ,,1,,с Залесово,data-20220128-structure-20150128.csv,2022,9999,,,22,Алтайский край,53.9933512,84.7466139,1,43197.6,11281.0,229.3
527,Змеиногорский,01-614-000-000,Змеиногорский муниципальный район,муниципальный район,,1,,г Змеиногорск,data-20180110-structure-20150128.csv,2018,9999,,,22,Алтайский край,51.1544658,82.1979928,1,73635.2,15905.0,213.9
528,Калманский,01-615-000-000,Калманский муниципальный район,муниципальный район,,1,,с Калманка,data-20180110-structure-20150128.csv,2018,9999,,,22,Алтайский край,52.8982394,83.5438135,1,53572.0,11641.0,226.2
529,Каменский,01-616-000-000,Каменский муниципальный район,муниципальный район,,1,,г Камень-на-Оби,data-20180110-structure-20150128.csv,2018,9999,,,22,Алтайский край,53.79023085,81.31597534099072,1,46107.0,39949.0,229.8
530,Ключевский,01-617-000-000,Ключевский муниципальный район,муниципальный район,,1,,с Ключи,data-20180110-structure-20150128.csv,2018,9999,,,22,Алтайский край,52.2530605,79.1678164,1,41934.2,12366.0,223.1
531,Косихинский,01-618-000-000,Косихинский муниципальный район,муниципальный район,,1,,с Косиха,data-20180110-structure-20150128.csv,2018,9999,,,22,Алтайский край,53.3619517,84.5795068,1,43084.0,13314.0,226.9
532,Красногорский,01-619-000-000,Красногорский муниципальный район,муниципальный район,,1,,с Красногорское,data-20180110-structure-20150128.csv,2018,9999,,,22,Алтайский край,52.296341,86.195274,1,40918.0,12685.0,214.4
533,Краснощёковский,01-620-000-000,Краснощёковский муниципальный район,муниципальный район,,1,,с Краснощёково,data-20180110-structure-20150128.csv,2018,9999,,,22,Алтайский край,51.669357,82.730652,1,55883.9,13623.0,214.4
534,Крутихинский,01-621-000-000,Крутихинский муниципальный район,муниципальный район,,1,,с Крутиха,data-20180110-structure-20150128.csv,2018,9999,,,22,Алтайский край,53.9619568,81.2143794,1,40265.3,7856.0,231.9
535,Кулундинский,01-622-000-000,Кулундинский муниципальный район,муниципальный район,,1,,с Кулунда,data-20180110-structure-20150128.csv,2018,9999,,,22,Алтайский край,52.566559,78.935448,1,53891.7,20371.0,225.3
536,Курьинский,01-623-000-000,Курьинский муниципальный район,муниципальный район,,1,,с Курья,data-20180110-structure-20150128.csv,2018,9999,,,22,Алтайский край,51.6002902,82.2887814,1,48314.4,8051.0,215.6
537,Кытмановский,01-624-000-000,Кытмановский муниципальный район,муниципальный район,,1,,с Кытманово,data-20180110-structure-20150128.csv,2018,9999,,,22,Алтайский край,53.4636969,85.4502753,1,47256.4,9548.0,223.8
538,Локтевский,01-625-000-000,Локтевский муниципальный район,муниципальный район,,1,,г Горняк,data-20180110-structure-20150128.csv,2018,9999,,,22,Алтайский край,51.0004641,81.4638583,1,45626.7,19183.0,213.0
539,Мамонтовский,01-626-000-000,Мамонтовский муниципальный район,муниципальный район,,1,,с Мамонтово,data-20180110-structure-20150128.csv,2018,9999,,,22,Алтайский край,52.7067003,81.6312908,1,44020.8,17582.0,223.6
540,Михайловский,01-627-000-000,Михайловский муниципальный район,муниципальный район,,1,,с Михайловское,data-20180110-structure-20150128.csv,2018,9999,,,22,Алтайский край,51.8212486,79.7193176,1,44209.9,16349.0,220.1
541,Новичихинский,01-628-000-000,Новичихинский муниципальный район,муниципальный район,,1,,с Новичиха,data-20180110-structure-20150128.csv,2018,9999,,,22,Алтайский край,52.2103282,81.3940414,1,46496.5,7406.0,219.1
542,Зональный,01-629-000-000,Зональный муниципальный район,муниципальный район,,1,,с Зональное,data-20180110-structure-20150128.csv,2018,9999,,,22,Алтайский край,52.6639985,84.9347359,1,52802.0,16341.0,222.9
543,Павловский,01-630-000-000,Павловский муниципальный район,муниципальный район,,1,,с Павловск,data-20180110-structure-20150128.csv,2018,9999,,,22,Алтайский край,53.3133356,82.9899119,1,59704.3,38447.0,228.6
544,Панкрушихинский,01-631-000-000,Панкрушихинский муниципальный район,муниципальный район,,1,,с Панкрушиха,data-20180110-structure-20150128.csv,2018,9999,,,22,Алтайский край,53.83286,80.3443,1,48668.0,9099.0,230.2
545,Первомайский,01-632-000-000,Первомайский муниципальный район,муниципальный район,,3,01-713-000-000,г Новоалтайск,data-20180110-structure-20150128.csv,2018,9999,,,22,Алтайский край,53.393341,83.939407,1,48236.7,53359.0,273.7
546,Петропавловский,01-633-000-000,Петропавловский муниципальный район,муниципальный район,,1,,с Петропавловское,data-20180110-structure-20150128.csv,2018,9999,,,22,Алтайский край,52.069763,84.108116,1,52754.2,10214.0,214.6
547,Поспелихинский,01-634-000-000,Поспелихинский муниципальный район,муниципальный район,,1,,с Поспелиха,data-20180110-structure-20150128.csv,2018,9999,,,22,Алтайский край,51.9707861,81.7339244,1,47652.8,19439.0,218.4
548,Ребрихинский,01-635-000-000,Ребрихинский муниципальный район,муниципальный район,,1,,с Ребриха,data-20180110-structure-20150128.csv,2018,9999,,,22,Алтайский край,53.0752803,82.338217,1,42923.1,18726.0,224.6
549,Родинский,01-636-000-000,Родинский муниципальный район,муниципальный район,,1,,с Родино,data-20180110-structure-20150128.csv,2018,9999,,,22,Алтайский край,52.496135,80.2104298,1,45228.2,14369.0,224.3
550,Романовский,01-637-000-000,Романовский муниципальный район,муниципальный район,,1,,с Романово,data-20180110-structure-20150128.csv,2018,9999,,,22,Алтайский край,52.6187229,81.226359,1,45475.4,10594.0,223.6
552,Смоленский,01-640-000-000,Смоленский муниципальный район,муниципальный район,,1,,с Смоленское,data-20180110-structure-20150128.csv,2018,9999,,,22,Алтайский край,52.305302,85.079384,1,49164.1,20153.0,219.6
553,Суетский,01-541-000-000,муниципальный округ Суетский район,муниципальный округ,,1,,с Верх-Суетка,data-20221219-structure-20150128.csv,2023,9999,,,22,Алтайский край,53.3027185,80.0450874,2,56623.9,3264.0,227.2
554,Советский,01-642-000-000,Советский муниципальный район,муниципальный район,,1,,с Советское,data-20180110-structure-20150128.csv,2018,9999,,,22,Алтайский край,52.282604,85.409721,1,52884.7,13572.0,217.7
555,Солонешенский,01-643-000-000,Солонешенский муниципальный район,муниципальный район,,1,,с Солонешное,data-20180110-structure-20150128.csv,2018,9999,,,22,Алтайский край,51.655628,84.318352,1,39451.3,7152.0,211.1
556,Солтонский,01-644-000-000,Солтонский муниципальный район,муниципальный район,,1,,с Солтон,data-20180110-structure-20150128.csv,2018,9999,,,22,Алтайский край,52.8365518,86.4756389,1,39208.8,6045.0,212.8
557,Шелаболихинский,01-645-000-000,Шелаболихинский муниципальный район,муниципальный район,,1,,с Шелаболиха,data-20180110-structure-20150128.csv,2018,9999,,,22,Алтайский край,53.4174823,82.5971994,1,46182.8,10246.0,226.9
558,Табунский,01-646-000-000,Табунский муниципальный район,муниципальный район,,1,,с Табуны,data-20180110-structure-20150128.csv,2018,9999,,,22,Алтайский край,52.7747185,78.7904097,1,42544.1,7060.0,226.9
559,Тальменский,01-647-000-000,Тальменский муниципальный район,муниципальный район,,1,,рп Тальменка,data-20180110-structure-20150128.csv,2018,9999,,,22,Алтайский край,53.8176306,83.562011,1,51789.1,42346.0,234.5
560,Тогульский,01-648-000-000,Тогульский муниципальный район,муниципальный район,,1,,с Тогул,data-20180110-structure-20150128.csv,2018,9999,,,22,Алтайский край,53.4658177,85.9136273,1,47637.9,6187.0,221.3
561,Топчихинский,01-649-000-000,Топчихинский муниципальный район,муниципальный район,,1,,с Топчиха,data-20180110-structure-20150128.csv,2018,9999,,,22,Алтайский край,52.8175669,83.115343,1,49388.8,18142.0,222.7
562,Третьяковский,01-650-000-000,Третьяковский муниципальный район,муниципальный район,,1,,с Староалейское,data-20180110-structure-20150128.csv,2018,9999,,,22,Алтайский край,51.006229,81.999641,1,43012.0,10094.0,212.5
563,Троицкий,01-651-000-000,Троицкий муниципальный район,муниципальный район,,1,,с Троицкое,data-20180110-structure-20150128.csv,2018,9999,,,22,Алтайский край,52.981388,84.677628,1,46816.2,17787.0,225.7
564,Тюменцевский,01-652-000-000,Тюменцевский муниципальный район,муниципальный район,,1,,с Тюменцево,data-20180110-structure-20150128.csv,2018,9999,,,22,Алтайский край,53.3189514,81.4979587,1,40369.9,10801.0,226.4
565,Угловский,01-653-000-000,Угловский муниципальный район,муниципальный район,,1,,с Угловское,data-20180110-structure-20150128.csv,2018,9999,,,22,Алтайский край,51.3608091,80.1883865,1,42524.8,8700.0,217.2
566,Усть-Калманский,01-654-000-000,Усть-Калманский муниципальный район,муниципальный район,,1,,с Усть-Калманка,data-20180110-structure-20150128.csv,2018,9999,,,22,Алтайский край,52.1171375,83.3047794,1,46420.4,10802.0,218.2
567,Усть-Пристанский,01-655-000-000,Усть-Пристанский муниципальный район,муниципальный район,,1,,с Усть-Чарышская Пристань,data-20180110-structure-20150128.csv,2018,9999,,,22,Алтайский край,52.3912939,83.668251,1,40322.3,9078.0,218.7
568,Хабарский,01-656-000-000,Хабарский муниципальный район,муниципальный район,,1,,с Хабары,data-20180110-structure-20150128.csv,2018,9999,,,22,Алтайский край,53.6236801,79.5404777,1,44449.2,12199.0,230.2
569,Целинный,01-657-000-000,Целинный муниципальный район,муниципальный район,,1,,с Целинное,data-20180110-structure-20150128.csv,2018,9999,,,22,Алтайский край,53.0806917,85.6647246,1,53093.3,12857.0,221.7
570,Чарышский,01-558-000-000,муниципальный округ Чарышский район,муниципальный округ,,1,,с Чарышское,data-20221219-structure-20150128.csv,2023,9999,,,22,Алтайский край,51.4008481,83.556989,2,38052.2,9268.0,210.9
571,Шипуновский,01-659-000-000,Шипуновский муниципальный район,муниципальный район,,1,,с Шипуново,data-20180110-structure-20150128.csv,2018,9999,,,22,Алтайский край,52.218868,82.261627,1,45316.7,24128.0,218.9
572,Немецкий,01-660-000-000,Немецкий национальный муниципальный район,муниципальный район,,1,,с Гальбштадт,data-20180110-structure-20150128.csv,2018,9999,,,22,Алтайский край,53.2265802,78.9865883,1,45594.7,14809.0,227.6
574,Петровск-Забайкальский,76-715-000-000,городской округ город Петровск-Забайкальский,городской округ,,2,76-636-000-000,г Петровск-Забайкальский,data-20180110-structure-20150128.csv,2018,9999,,,75,Забайкальский край,51.28062685,108.8386403192038,1,60368.9,14473.0,172.4
578,Балейский,76-606-000-000,Балейский муниципальный район,муниципальный район,,1,,г Балей,data-20180110-structure-20150128.csv,2018,9999,,,75,Забайкальский край,51.578789,116.646042,1,82657.8,15274.0,156.3
579,Борзинский,76-609-000-000,Борзинский муниципальный район,муниципальный район,,1,,г Борзя,data-20180110-structure-20150128.csv,2018,9999,,,75,Забайкальский край,50.3851808,116.5330685,1,75712.2,43803.0,154.9
580,Газимуро-Заводский,76-510-000-000,Газимуро-Заводский муниципальный округ,муниципальный округ,,1,,с Газимурский Завод,data-20240101-structure-20150128.csv,2024,9999,,,75,Забайкальский край,51.5511167,118.3349104,2,136668.3,7885.0,153.2
581,Забайкальский,76-612-000-000,Забайкальский муниципальный район,муниципальный район,,1,,пгт Забайкальск,data-20180110-structure-20150128.csv,2018,9999,,,75,Забайкальский край,49.644653,117.329025,1,93748.4,19300.0,152.8
582,Каларский,76-515-000-000,Каларский муниципальный округ,муниципальный округ,,1,,пгт Новая Чара,data-20210401-structure-20150128.csv,2021,9999,,,75,Забайкальский край,56.797935,118.2732323,1,191191.8,7207.0,157.0
583,Калганский,76-518-000-000,Калганский муниципальный округ,муниципальный округ,,1,,с Калга,data-20240101-structure-20150128.csv,2024,9999,,,75,Забайкальский край,50.92355,118.899208,2,115097.7,5488.0,151.1
584,Карымский,76-620-000-000,Карымский муниципальный район,муниципальный район,,1,,пгт Карымское,data-20180110-structure-20150128.csv,2018,9999,,,75,Забайкальский край,51.623402,114.34063,1,79219.7,33483.0,161.0
585,Краснокаменск и Краснокаменский,76-621-000-000,муниципальный район Город Краснокаменск и Краснокаменский район,муниципальный район,,1,,г Краснокаменск,data-20180110-structure-20150128.csv,2018,9999,,,75,Забайкальский край,50.096992,118.041344,1,77474.7,55782.0,151.8
586,Красночикойский,76-622-000-000,Красночикойский муниципальный район,муниципальный район,,1,,с Красный Чикой,data-20180110-structure-20150128.csv,2018,9999,,,75,Забайкальский край,50.364742,108.75798,1,72216.5,15817.0,165.1
587,Кыринский,76-624-000-000,Кыринский муниципальный район,муниципальный район,,1,,с Кыра,data-20180110-structure-20150128.csv,2018,9999,,,75,Забайкальский край,49.578625,111.971039,1,82082.5,9949.0,153.0
588,Могочинский,76-526-000-000,Могочинский муниципальный округ,муниципальный округ,,1,,г Могоча,data-20240101-structure-20150128.csv,2024,9999,,,75,Забайкальский край,53.7362642,119.7624853,2,114246.8,20767.0,152.1
589,Нерчинский,76-628-000-000,Нерчинский муниципальный район,муниципальный район,,1,,г Нерчинск,data-20180110-structure-20150128.csv,2018,9999,,,75,Забайкальский край,51.97694,116.588341,1,67910.7,26450.0,157.7
591,Оловяннинский,76-632-000-000,Оловяннинский муниципальный район,муниципальный район,,1,,пгт Оловянная,data-20180110-structure-20150128.csv,2018,9999,,,75,Забайкальский край,50.943687,115.586937,1,72903.8,29773.0,157.3
592,Ононский,76-534-000-000,Ононский муниципальный округ,муниципальный округ,,1,,с Нижний Цасучей,data-20240101-structure-20150128.csv,2024,9999,,,75,Забайкальский край,50.510593,115.118385,2,50639.5,8214.0,157.5
593,Петровск-Забайкальский,76-636-000-000,Петровск-Забайкальский муниципальный район,муниципальный район,,3,76-715-000-000,г Петровск-Забайкальский,data-20180110-structure-20150128.csv,2018,9999,,,75,Забайкальский край,51.28062685,108.8386403192038,1,76863.8,14576.0,172.4
594,Приаргунский,76-538-000-000,Приаргунский муниципальный округ,муниципальный округ,,1,,пгт Приаргунск,data-20210401-structure-20150128.csv,2021,9999,,,75,Забайкальский край,50.365902,119.090134,1,61588.3,15082.0,150.9
595,Сретенский,76-640-000-000,Сретенский муниципальный район,муниципальный район,,1,,г Сретенск,data-20180110-structure-20150128.csv,2018,9999,,,75,Забайкальский край,52.243191,117.695541,1,94046.2,17869.0,155.4
598,Улётовский,76-646-000-000,Улётовский муниципальный район,муниципальный район,,1,,с Улёты,data-20180110-structure-20150128.csv,2018,9999,,,75,Забайкальский край,51.35854,112.485115,1,64435.7,16787.0,162.2
599,Хилокский,76-647-000-000,Хилокский муниципальный район,муниципальный район,,1,,г Хилок,data-20180110-structure-20150128.csv,2018,9999,,,75,Забайкальский край,51.3628436,110.4579749,1,79406.6,24713.0,165.1
600,Чернышевский,76-648-000-000,Чернышевский муниципальный район,муниципальный район,,1,,пгт Чернышевск,data-20180110-structure-20150128.csv,2018,9999,,,75,Забайкальский край,52.514069,117.01371,1,97270.4,29154.0,156.6
601,Читинский,76-650-000-000,Читинский муниципальный район,муниципальный район,,3,76-701-000-000,г Чита,data-20180110-structure-20150128.csv,2018,9999,,,75,Забайкальский край,52.033409,113.500893,1,64652.2,71661.0,279.8
602,Шелопугинский,76-652-000-000,Шелопугинский муниципальный район,муниципальный район,,1,,с Шелопугино,data-20180110-structure-20150128.csv,2018,9999,,,75,Забайкальский край,51.649864,117.564728,1,61345.5,5546.0,155.4
603,Шилкинский,76-654-000-000,Шилкинский муниципальный район,муниципальный район,,1,,г Шилка,data-20180110-structure-20150128.csv,2018,9999,,,75,Забайкальский край,51.851639,116.025894,1,74550.7,35034.0,158.4
604,Агинское,76-702-000-000,городской округ поселок Агинское,городской округ,,2,76-602-000-000,пгт Агинское,data-20180110-structure-20150128.csv,2018,9999,,,75,Забайкальский край,51.1057609,114.5408006,1,63486.7,16649.0,167.4
605,Агинский,76-602-000-000,Агинский муниципальный район,муниципальный район,,3,76-702-000-000,пгт Агинское,data-20180110-structure-20150128.csv,2018,9999,,,75,Забайкальский край,51.1057609,114.5408006,1,49514.6,15564.0,167.9
606,Дульдургинский,76-611-000-000,Дульдургинский муниципальный район,муниципальный район,,1,,с Дульдурга,data-20180110-structure-20150128.csv,2018,9999,,,75,Забайкальский край,50.7391314,113.3924757,1,62244.6,13633.0,158.4
607,Могойтуйский,76-625-000-000,Могойтуйский муниципальный район,муниципальный район,,1,,пгт Могойтуй,data-20180110-structure-20150128.csv,2018,9999,,,75,Забайкальский край,51.2831177,114.9299468,1,56189.5,22380.0,159.1
608,Петропавловск-Камчатский,30-701-000-000,городской округ Петропавловск-Камчатский,городской округ,административный_центр_субъекта,1,,г Петропавловск-Камчатский,data-20180110-structure-20150128.csv,2018,9999,,,41,Камчатский край,53.0199838,158.6471356,1,203876.7,163152.0,157.3
612,Елизовский,30-607-000-000,Елизовский муниципальный район,муниципальный район,,1,,г Елизово,data-20180110-structure-20150128.csv,2018,9999,,,41,Камчатский край,53.1864972,158.3836712,1,,59889.0,142.1
613,Мильковский,30-510-000-000,Мильковский муниципальный округ,муниципальный округ,,1,,с Мильково,data-20240101-structure-20150128.csv,2024,9999,,,41,Камчатский край,54.690411,158.609879,2,101695.1,8727.0,129.9
614,Соболевский,30-613-000-000,Соболевский муниципальный район,муниципальный район,,1,,с Соболево,data-20180110-structure-20150128.csv,2018,9999,,,41,Камчатский край,54.2976842,155.9424213,1,234953.9,1979.0,128.0
615,Усть-Большерецкий,30-616-000-000,Усть-Большерецкий муниципальный район,муниципальный район,,1,,с Усть-Большерецк,data-20180110-structure-20150128.csv,2018,9999,,,41,Камчатский край,52.8250585,156.2804925,1,160217.1,6069.0,131.8
616,Усть-Камчатский,30-619-000-000,Усть-Камчатский муниципальный район,муниципальный район,,1,,п Усть-Камчатск,data-20180110-structure-20150128.csv,2018,9999,,,41,Камчатский край,56.2400377,162.5369568,1,108107.0,8450.0,123.7
618,Карагинский,30-824-000-000,Карагинский муниципальный район,муниципальный район,,1,,п Оссора,data-20180110-structure-20150128.csv,2018,9999,,,41,Камчатский край,59.247414,163.069931,1,,3457.0,
619,Олюторский,30-827-000-000,Олюторский муниципальный район,муниципальный район,,1,,с Тиличики,data-20180110-structure-20150128.csv,2018,9999,,,41,Камчатский край,60.429134,166.057053,1,,3523.0,
621,Тигильский,30-832-000-000,Тигильский муниципальный район,муниципальный район,,1,,с Тигиль,data-20180110-structure-20150128.csv,2018,9999,,,41,Камчатский край,57.650604,158.8234989,1,115673.1,3662.0,123.5
666,Красноярск,04-701-000-000,городской округ город Красноярск,городской округ,административный_центр_субъекта,1,,г Красноярск,data-20180110-structure-20150128.csv,2018,9999,,,24,Красноярский край,56.0091173,92.872586,1,98129.1,1206237.0,203.8
667,Ачинск,04-703-000-000,городской округ город Ачинск,городской округ,,2,04-603-000-000,г Ачинск,data-20180110-structure-20150128.csv,2018,9999,,,24,Красноярский край,56.2694846,90.4953964,1,77971.8,101043.0,222.9
668,Боготол,04-706-000-000,городской округ город Боготол,городской округ,,2,04-608-000-000,г Боготол,data-20180110-structure-20150128.csv,2018,9999,,,24,Красноярский край,56.211464,89.531639,1,76854.3,17509.0,220.1
669,Бородино,04-707-000-000,городской округ город Бородино,городской округ,,1,,г Бородино,data-20180110-structure-20150128.csv,2018,9999,,,24,Красноярский край,55.9,94.89365,1,76667.8,14967.0,205.9
670,Дивногорск,04-709-000-000,городской округ город Дивногорск,городской округ,,1,,г Дивногорск,data-20180110-structure-20150128.csv,2018,9999,,,24,Красноярский край,55.959644,92.37542,1,80847.9,31561.0,216.8
671,Енисейск,04-712-000-000,городской округ город Енисейск,городской округ,,2,04-615-000-000,г Енисейск,data-20180110-structure-20150128.csv,2018,9999,,,24,Красноярский край,58.4532212,92.1748169,1,71515.6,17843.0,196.5
674,Канск,04-720-000-000,городской округ город Канск,городской округ,,2,04-621-000-000,г Канск,data-20180110-structure-20150128.csv,2018,9999,,,24,Красноярский край,56.205997,95.706787,1,63207.1,85587.0,209.9
675,Лесосибирск,04-722-000-000,городской округ город Лесосибирск,городской округ,,1,,г Лесосибирск,data-20180110-structure-20150128.csv,2018,9999,,,24,Красноярский край,58.2165271,92.5078354,1,75147.0,58714.0,194.6
676,Минусинск,04-723-000-000,городской округ город Минусинск,городской округ,,2,04-633-000-000,г Минусинск,data-20180110-structure-20150128.csv,2018,9999,,,24,Красноярский край,53.6862056,91.6567752,1,66414.1,71318.0,213.9
677,Назарово,04-726-000-000,городской округ город Назарово,городской округ,,2,04-637-000-000,г Назарово,data-20180110-structure-20150128.csv,2018,9999,,,24,Красноярский край,56.011593,90.418503,1,69653.0,44261.0,223.1
678,Норильск,04-729-000-000,городской округ город Норильск,городской округ,,1,,г Норильск,data-20180110-structure-20150128.csv,2018,9999,,,24,Красноярский край,69.3444054,88.2096151,1,182860.4,177427.0,
679,Сосновоборск,04-733-000-000,городской округ город Сосновоборск,городской округ,,1,,г Сосновоборск,data-20180110-structure-20150128.csv,2018,9999,,,24,Красноярский край,56.121494,93.33873,1,74461.4,40913.0,216.8
680,Шарыпово,04-740-000-000,городской округ город Шарыпово,городской округ,,2,04-658-000-000;04-558-000-000,г Шарыпово,data-20180110-structure-20150128.csv,2018,9999,,,24,Красноярский край,55.5329127,89.1864204,1,53945.3,40739.0,220.3
683,Абанский,04-601-000-000,Абанский муниципальный район,муниципальный район,,1,,п Абан,data-20180110-structure-20150128.csv,2018,9999,,,24,Красноярский край,56.67667,96.067764,1,57179.1,17763.0,198.1
685,Балахтинский,04-604-000-000,Балахтинский муниципальный район,муниципальный район,,1,,рп Балахта,data-20180110-structure-20150128.csv,2018,9999,,,24,Красноярский край,55.383221,91.615273,1,65358.9,17854.0,209.0
686,Березовский,04-605-000-000,Березовский муниципальный район,муниципальный район,,1,,рп Березовка,data-20180110-structure-20150128.csv,2018,9999,,,24,Красноярский край,56.038422,93.133194,1,74424.1,40429.0,222.9
687,Бирилюсский,04-606-000-000,Бирилюсский муниципальный район,муниципальный район,,1,,с Новобирилюссы,data-20180110-structure-20150128.csv,2018,9999,,,24,Красноярский край,56.95171,90.685806,1,59903.0,7924.0,209.2
689,Богучанский,04-609-000-000,Богучанский муниципальный район,муниципальный район,,1,,с Богучаны,data-20180110-structure-20150128.csv,2018,9999,,,24,Красноярский край,58.382816,97.461578,1,86545.7,42225.0,186.1
690,Большемуртинский,04-610-000-000,Большемуртинский муниципальный район,муниципальный район,,1,,рп Большая Мурта,data-20180110-structure-20150128.csv,2018,9999,,,24,Красноярский край,56.909847,93.138016,1,62263.9,13529.0,206.6
691,Большеулуйский,04-611-000-000,Большеулуйский муниципальный район,муниципальный район,,1,,с Большой Улуй,data-20180110-structure-20150128.csv,2018,9999,,,24,Красноярский край,56.656811,90.57975,1,108725.7,6681.0,212.3
692,Дзержинский,04-613-000-000,Дзержинский муниципальный район,муниципальный район,,1,,с Дзержинское,data-20180110-structure-20150128.csv,2018,9999,,,24,Красноярский край,56.838005,95.22139,1,57387.7,11389.0,196.7
693,Емельяновский,04-614-000-000,Емельяновский муниципальный район,муниципальный район,,1,,рп Емельяново,data-20180110-structure-20150128.csv,2018,9999,,,24,Красноярский край,56.167255,92.688454,1,93491.1,55572.0,221.7
694,Енисейский,04-615-000-000,Енисейский муниципальный район,муниципальный район,,3,04-712-000-000,г Енисейск,data-20180110-structure-20150128.csv,2018,9999,,,24,Красноярский край,58.4532212,92.1748169,1,79274.1,21238.0,195.7
695,Ермаковский,04-616-000-000,Ермаковский муниципальный район,муниципальный район,,1,,с Ермаковское,data-20180110-structure-20150128.csv,2018,9999,,,24,Красноярский край,53.278046,92.396088,1,57832.4,17423.0,197.6
696,Идринский,04-617-000-000,Идринский муниципальный район,муниципальный район,,1,,с Идринское,data-20180110-structure-20150128.csv,2018,9999,,,24,Красноярский край,54.370876,92.133156,1,56047.9,10295.0,197.2
697,Иланский,04-618-000-000,Иланский муниципальный район,муниципальный район,,1,,г Иланский,data-20180110-structure-20150128.csv,2018,9999,,,24,Красноярский край,56.23806,96.06694,1,78793.0,22528.0,200.5
698,Ирбейский,04-619-000-000,Ирбейский муниципальный район,муниципальный район,,1,,с Ирбейское,data-20180110-structure-20150128.csv,2018,9999,,,24,Красноярский край,55.644501,95.456528,1,75513.9,12610.0,202.6
699,Казачинский,04-620-000-000,Казачинский муниципальный район,муниципальный район,,1,,с Казачинское,data-20180110-structure-20150128.csv,2018,9999,,,24,Красноярский край,57.694408,93.281029,1,57344.0,8558.0,199.8
701,Каратузский,04-622-000-000,Каратузский муниципальный район,муниципальный район,,1,,с Каратузское,data-20180110-structure-20150128.csv,2018,9999,,,24,Красноярский край,53.600666,92.868996,1,60723.7,13157.0,197.2
702,Кежемский,04-624-000-000,Кежемский муниципальный район,муниципальный район,,1,,г Кодинск,data-20180110-structure-20150128.csv,2018,9999,,,24,Красноярский край,58.6027015,99.1887515,1,96691.5,16559.0,183.0
703,Козульский,04-626-000-000,Козульский муниципальный район,муниципальный район,,1,,рп Козулька,data-20180110-structure-20150128.csv,2018,9999,,,24,Красноярский край,56.165138,91.391975,1,66336.4,11808.0,214.6
704,Краснотуранский,04-628-000-000,Краснотуранский муниципальный район,муниципальный район,,1,,с Краснотуранск,data-20180110-structure-20150128.csv,2018,9999,,,24,Красноярский край,54.316296,91.567825,1,52475.8,12848.0,196.5
705,Курагинский,04-630-000-000,Курагинский муниципальный район,муниципальный район,,1,,рп Курагино,data-20180110-structure-20150128.csv,2018,9999,,,24,Красноярский край,53.888092,92.680222,1,61814.0,39269.0,198.6
706,Манский,04-631-000-000,Манский муниципальный район,муниципальный район,,1,,с Шалинское,data-20180110-structure-20150128.csv,2018,9999,,,24,Красноярский край,55.719715,93.764816,1,56676.4,13436.0,209.7
708,Мотыгинский,04-635-000-000,Мотыгинский муниципальный район,муниципальный район,,1,,рп Мотыгино,data-20180110-structure-20150128.csv,2018,9999,,,24,Красноярский край,58.184208,94.694298,1,100468.3,12009.0,178.0
710,Нижнеингашский,04-639-000-000,Нижнеингашский муниципальный район,муниципальный район,,1,,рп Нижний Ингаш,data-20180110-structure-20150128.csv,2018,9999,,,24,Красноярский край,56.203602,96.544518,1,59387.1,23480.0,199.1
711,Новоселовский,04-641-000-000,Новоселовский муниципальный район,муниципальный район,,1,,с Новоселово,data-20180110-structure-20150128.csv,2018,9999,,,24,Красноярский край,55.005177,90.967201,1,58707.4,10619.0,209.2
712,Партизанский,04-643-000-000,Партизанский муниципальный район,муниципальный район,,1,,с Партизанское,data-20180110-structure-20150128.csv,2018,9999,,,24,Красноярский край,55.499271,94.393066,1,65385.3,7989.0,204.7
713,Пировский,04-545-000-000,Пировский муниципальный округ,муниципальный округ,,1,,с Пировское,data-20210118-structure-20150128.csv,2020,9999,,,24,Красноярский край,57.624046,92.272644,1,58840.6,5747.0,196.5
714,Рыбинский,04-647-000-000,Рыбинский муниципальный район,муниципальный район,,1,,г Заозерный,data-20180110-structure-20150128.csv,2018,9999,,,24,Красноярский край,55.965401,94.708107,1,71689.9,29400.0,206.4
715,Саянский,04-648-000-000,Саянский муниципальный район,муниципальный район,,1,,с Агинское,data-20180110-structure-20150128.csv,2018,9999,,,24,Красноярский край,55.258972,94.906372,1,56506.0,9056.0,201.4
716,Северо-Енисейский,04-649-000-000,Северо-Енисейский муниципальный район,муниципальный район,,1,,рп Северо-Енисейский,data-20180110-structure-20150128.csv,2018,9999,,,24,Красноярский край,60.374702,93.032997,1,154150.8,8308.0,181.6
717,Сухобузимский,04-651-000-000,Сухобузимский муниципальный район,муниципальный район,,1,,с Сухобузимское,data-20180110-structure-20150128.csv,2018,9999,,,24,Красноярский край,56.499875,93.2785676,1,59181.9,18911.0,210.6
718,Таймырский Долгано-Ненецкий,04-653-000-000,Таймырский Долгано-Ненецкий муниципальный район,муниципальный район,,1,,г Дудинка,data-20180110-structure-20150128.csv,2018,9999,,,24,Красноярский край,69.4038179,86.17219,1,162835.1,29609.0,
719,Тасеевский,04-652-000-000,Тасеевский муниципальный район,муниципальный район,,1,,с Тасеево,data-20180110-structure-20150128.csv,2018,9999,,,24,Красноярский край,57.216042,94.898598,1,56323.3,9952.0,193.9
720,Туруханский,04-654-000-000,Туруханский муниципальный район,муниципальный район,,1,,с Туруханск,data-20180110-structure-20150128.csv,2018,9999,,,24,Красноярский край,65.7934285,87.9589375,1,152563.2,12684.0,
721,Тюхтетский,04-555-000-000,Тюхтетский муниципальный округ,муниципальный округ,,1,,с Тюхтет,data-20210118-structure-20150128.csv,2021,9999,,,24,Красноярский край,56.539837,89.311485,1,58910.8,7536.0,213.2
722,Ужурский,04-656-000-000,Ужурский муниципальный район,муниципальный район,,1,,г Ужур,data-20180110-structure-20150128.csv,2018,9999,,,24,Красноярский край,55.3197221,89.8424197,1,68907.9,27453.0,212.3
723,Уярский,04-657-000-000,Уярский муниципальный район,муниципальный район,,1,,г Уяр,data-20180110-structure-20150128.csv,2018,9999,,,24,Красноярский край,55.809986,94.327774,1,63090.6,17912.0,207.6
725,Шушенский,04-659-000-000,Шушенский муниципальный район,муниципальный район,,1,,рп Шушенское,data-20180110-structure-20150128.csv,2018,9999,,,24,Красноярский край,53.32782,91.945374,1,58071.5,30274.0,199.1
726,Эвенкийский,04-650-000-000,Эвенкийский муниципальный район,муниципальный район,,1,,п Тура,data-20180110-structure-20150128.csv,2018,9999,,,24,Красноярский край,64.2741955,100.2169635,1,133246.0,13258.0,
727,Пермский,57-701-000-000,городской округ Пермский,городской округ,административный_центр_субъекта,2,57-646-000-000;57-546-000-000,г Пермь,data-20180110-structure-20150128.csv,2018,9999,,,59,Пермский край,58.014965,56.246723,1,88118.2,1026912.0,350.9
731,Лысьвенский,57-726-000-000,городской округ Лысьвенский,городской округ,,1,,г Лысьва,data-20180110-structure-20150128.csv,2018,9999,,,59,Пермский край,58.105056,57.8028461,1,59536.1,61124.0,299.9
734,Александровский,57-502-000-000,муниципальный округ Александровский,муниципальный округ,,1,,г Александровск,data-20200401-structure-20150128.csv,2020,9999,,,59,Пермский край,59.1593861,57.5861232,1,58279.0,22642.0,286.7
735,Бардымский,57-503-000-000,муниципальный округ Бардымский,муниципальный округ,,1,,с Барда,data-20210118-structure-20150128.csv,2021,9999,,,59,Пермский край,56.930187,55.586967,1,64471.0,26262.0,314.5
736,Березовский,57-506-000-000,муниципальный округ Березовский,муниципальный округ,,1,,с Березовка,data-20200401-structure-20150128.csv,2020,9999,,,59,Пермский край,57.6026326,57.333067,1,59871.3,13486.0,305.8
737,Большесосновский,57-508-000-000,муниципальный округ Большесосновский,муниципальный округ,,1,,с Большая Соснова,data-20220128-structure-20150128.csv,2022,9999,,,59,Пермский край,57.671268,54.602867,1,52881.4,11730.0,317.8
738,Верещагинский,57-712-000-000,городской округ Верещагинский,городской округ,,1,,г Верещагино,data-20191224-structure-20150128.csv,2020,9999,,,59,Пермский край,58.072099,54.6674784,1,51615.6,38931.0,311.9
739,Горнозаводский,57-714-000-000,городской округ Горнозаводский,городской округ,,1,,г Горнозаводск,data-20190319-structure-20150128.csv,2019,9999,,,59,Пермский край,58.374001,58.325058,1,67217.5,21697.0,297.8
741,Добрянский,57-718-000-000,городской округ Добрянский,городской округ,,1,,г Добрянка,data-20191224-structure-20150128.csv,2020,9999,,,59,Пермский край,58.4624764,56.4007589,1,81849.5,47730.0,304.4
742,Еловский,57-518-000-000,муниципальный округ Еловский,муниципальный округ,,1,,с Елово,data-20210118-structure-20150128.csv,2021,9999,,,59,Пермский край,57.04635035,54.92345971818599,1,48798.7,8527.0,312.2
743,Ильинский,57-759-000-000,городской округ Ильинский,городской округ,,1,,п Ильинский,data-20191224-structure-20150128.csv,2020,9999,,,59,Пермский край,58.56762465,55.69450970007735,1,51646.9,17130.0,305.1
744,Карагайский,57-522-000-000,муниципальный округ Карагайский,муниципальный округ,,1,,с Карагай,data-20210225-structure-20150128.csv,2021,9999,,,59,Пермский край,58.265579,54.927208,1,49766.6,19967.0,311.0
745,Кизел,57-719-000-000,городской округ город Кизел,городской округ,,1,,г Кизел,data-20190319-structure-20150128.csv,2019,9999,,,59,Пермский край,59.049252,57.6535,1,50204.2,17213.0,288.1
746,Кишертский,57-524-000-000,муниципальный округ Кишертский,муниципальный округ,,1,,с Усть-Кишерть,data-20210225-structure-20150128.csv,2021,9999,,,59,Пермский край,57.3599717,57.2471775,1,52600.8,10872.0,308.9
747,Красновишерский,57-760-000-000,городской округ Красновишерский,городской округ,,1,,г Красновишерск,data-20191224-structure-20150128.csv,2020,9999,,,59,Пермский край,60.4017837,57.0767045,1,52325.2,17217.0,273.0
748,Краснокамский,57-720-000-000,городской округ Краснокамский,городской округ,,1,,г Краснокамск,data-20190319-structure-20150128.csv,2019,9999,,,59,Пермский край,58.0812613,55.7586943,1,73277.6,66475.0,318.3
749,Куединский,57-529-000-000,муниципальный округ Куединский,муниципальный округ,,1,,п Куеда,data-20210201-structure-20150128.csv,2021,9999,,,59,Пермский край,56.433506,55.590763,1,51245.8,22949.0,318.5
751,Нытвенский,57-727-000-000,городской округ Нытвенский,городской округ,,1,,г Нытва,data-20191224-structure-20150128.csv,2020,9999,,,59,Пермский край,57.943423,55.3316349,1,59224.5,37780.0,315.9
752,Октябрьский,57-761-000-000,городской округ Октябрьский,городской округ,,1,,рп Октябрьский,data-20191224-structure-20150128.csv,2020,9999,,,59,Пермский край,56.5143078,57.2035567,1,60795.1,23944.0,313.1
753,Ординский,57-538-000-000,муниципальный округ Ординский,муниципальный округ,,1,,с Орда,data-20200401-structure-20150128.csv,2020,9999,,,59,Пермский край,57.19532845000001,56.90325538019961,1,53812.9,13958.0,311.7
754,Осинский,57-728-000-000,городской округ Осинский,городской округ,,1,,г Оса,data-20191224-structure-20150128.csv,2020,9999,,,59,Пермский край,57.2829207,55.4602059,1,67450.8,26196.0,309.6
755,Оханский,57-729-000-000,городской округ Оханский,городской округ,,1,,г Оханск,data-20190319-structure-20150128.csv,2019,9999,,,59,Пермский край,57.721785,55.3859893,1,47448.6,14030.0,311.0
756,Очерский,57-762-000-000,городской округ Очерский,городской округ,,1,,г Очер,data-20191224-structure-20150128.csv,2020,9999,,,59,Пермский край,57.8836175,54.715823,1,59360.1,22301.0,316.9
757,Пермский,57-546-000-000,муниципальный округ Пермский,муниципальный округ,,3,57-701-000-000,г Пермь,data-20221219-structure-20150128.csv,2023,9999,,,59,Пермский край,58.014965,56.246723,2,72918.6,128718.0,686.4
758,Сивинский,57-548-000-000,муниципальный округ Сивинский,муниципальный округ,,1,,с Сива,data-20210118-structure-20150128.csv,2021,9999,,,59,Пермский край,58.4277655,54.205753,1,49361.4,11869.0,309.1
760,Суксунский,57-731-000-000,городской округ Суксунский,городской округ,,1,,рп Суксун,data-20191224-structure-20150128.csv,2020,9999,,,59,Пермский край,57.1463922,57.3951339,1,67480.1,18094.0,309.1
761,Уинский,57-552-000-000,муниципальный округ Уинский,муниципальный округ,,1,,с Уинское,data-20200401-structure-20150128.csv,2020,9999,,,59,Пермский край,56.87829735,56.56837437378221,1,52556.1,9728.0,310.3
763,Чайковский,57-735-000-000,городской округ Чайковский,городской округ,,1,,г Чайковский,data-20190319-structure-20150128.csv,2019,9999,,,59,Пермский край,56.7787468,54.1500704,1,70557.7,93785.0,322.1
764,Частинский,57-555-000-000,муниципальный округ Частинский,муниципальный округ,,1,,с Частые,data-20210118-structure-20150128.csv,2021,9999,,,59,Пермский край,57.29295159999999,54.96425968947727,1,58265.8,11783.0,311.5
765,Чердынский,57-756-000-000,городской округ Чердынский,городской округ,,1,,г Чердынь,data-20191224-structure-20150128.csv,2020,9999,,,59,Пермский край,60.4046807,56.4752752,1,48749.8,14730.0,273.4
766,Чернушинский,57-757-000-000,городской округ Чернушинский,городской округ,,1,,г Чернушка,data-20191224-structure-20150128.csv,2020,9999,,,59,Пермский край,56.5152817,56.0765041,1,74102.2,50392.0,314.5
767,Чусовской,57-758-000-000,городской округ Чусовской,городской округ,,1,,г Чусовой,data-20191224-structure-20150128.csv,2020,9999,,,59,Пермский край,58.282055,57.821075,1,62029.9,63686.0,301.1
769,Гайнский,57-513-000-000,муниципальный округ Гайнский,муниципальный округ,,1,,п Гайны,data-20200401-structure-20150128.csv,2020,9999,,,59,Пермский край,60.304131,54.327332,1,61144.0,11679.0,279.3
770,Косинский,57-525-000-000,муниципальный округ Косинский,муниципальный округ,,1,,с Коса,data-20200401-structure-20150128.csv,2020,9999,,,59,Пермский край,59.944386,54.989826,1,58600.5,5543.0,281.2
771,Кочевский,57-526-000-000,муниципальный округ Кочевский,муниципальный округ,,1,,с Кочево,data-20200401-structure-20150128.csv,2020,9999,,,59,Пермский край,59.60936735,54.32639043781445,1,64669.4,9259.0,287.8
773,Юрлинский,57-559-000-000,муниципальный округ Юрлинский,муниципальный округ,,1,,с Юрла,data-20200401-structure-20150128.csv,2020,9999,,,59,Пермский край,59.3286875,54.3246555,1,45241.8,8439.0,291.4
774,Юсьвинский,57-560-000-000,муниципальный округ Юсьвинский,муниципальный округ,,1,,с Юсьва,data-20200401-structure-20150128.csv,2020,9999,,,59,Пермский край,58.964665,54.9605745,1,49483.7,16182.0,296.1
775,Владивостокский,05-701-000-000,городской округ Владивостокский,городской округ,административный_центр_субъекта,1,,г Владивосток,data-20180110-structure-20150128.csv,2018,9999,,,25,Приморский край,43.1150678,131.8855768,1,115583.5,622782.0,140.3
776,Арсеньевский,05-703-000-000,городской округ Арсеньевский,городской округ,,1,,г Арсеньев,data-20180110-structure-20150128.csv,2018,9999,,,25,Приморский край,44.1644451,133.2704255,1,95125.1,47015.0,137.2
777,Артемовский,05-705-000-000,городской округ Артемовский,городской округ,,1,,г Артем,data-20180110-structure-20150128.csv,2018,9999,,,25,Приморский край,43.3570377,132.1853629,1,89562.8,117762.0,142.1
778,Большой Камень,05-706-000-000,городской округ Большой Камень,городской округ,,1,,г Большой Камень,data-20180110-structure-20150128.csv,2018,9999,,,25,Приморский край,43.1121194,132.3509104,1,122281.3,42502.0,138.4
779,Дальнегорский,05-707-000-000,городской округ Дальнегорский,городской округ,,1,,г Дальнегорск,data-20180110-structure-20150128.csv,2018,9999,,,25,Приморский край,44.559457,135.5759241,1,73819.2,38543.0,132.5
780,Дальнереченский,05-708-000-000,городской округ Дальнереченский,городской округ,,2,05-607-000-000,г Дальнереченск,data-20180110-structure-20150128.csv,2018,9999,,,25,Приморский край,45.9337195,133.7349056,1,81576.1,24564.0,140.7
781,Лесозаводский,05-711-000-000,городской округ Лесозаводский,городской округ,,1,,г Лесозаводск,data-20180110-structure-20150128.csv,2018,9999,,,25,Приморский край,45.4653394,133.4047457,1,84726.6,39685.0,138.1
782,Находкинский,05-714-000-000,городской округ Находкинский,городской округ,,1,,г Находка,data-20180110-structure-20150128.csv,2018,9999,,,25,Приморский край,42.8246489,132.8926,1,105573.6,135345.0,134.8
783,Партизанский,05-717-000-000,городской округ Партизанский,городской округ,,1,,г Партизанск,data-20180110-structure-20150128.csv,2018,9999,,,25,Приморский край,43.1406647,133.1433137,1,87831.8,39132.0,136.0
784,Спасск-Дальний,05-720-000-000,городской округ Спасск-Дальний,городской округ,,2,05-637-000-000,г Спасск-Дальний,data-20180110-structure-20150128.csv,2018,9999,,,25,Приморский край,44.5980135,132.815701,1,68238.9,34822.0,148.1
785,Уссурийский,05-723-000-000,городской округ Уссурийский,городской округ,,1,,г Уссурийск,data-20180110-structure-20150128.csv,2018,9999,,,25,Приморский край,43.7972447,131.9520752,1,80481.1,205435.0,139.3
787,Анучинский,05-502-000-000,Анучинский муниципальный округ,муниципальный округ,,1,,с Анучино,data-20200301-structure-20150128.csv,2020,9999,,,25,Приморский край,43.9656156,133.0606584,1,76451.1,12237.0,137.9
788,Дальнереченский,05-607-000-000,Дальнереченский муниципальный район,муниципальный район,,3,05-708-000-000,г Дальнереченск,data-20180110-structure-20150128.csv,2018,9999,,,25,Приморский край,45.9337195,133.7349056,1,62363.5,7793.0,145.2
789,Кавалеровский,05-510-000-000,Кавалеровский муниципальный округ,муниципальный округ,,1,,пгт Кавалерово,data-20221219-structure-20150128.csv,2023,9999,,,25,Приморский край,44.2673637,135.0554977,2,72875.1,20727.0,133.9
790,Кировский,05-612-000-000,Кировский муниципальный район,муниципальный район,,1,,пгт Кировский,data-20180110-structure-20150128.csv,2018,9999,,,25,Приморский край,45.0897627,133.5062027,1,64993.2,17312.0,138.6
791,Красноармейский,05-514-000-000,Красноармейский муниципальный округ,муниципальный округ,,1,,с Новопокровка,data-20240101-structure-20150128.csv,2024,9999,,,25,Приморский край,45.8518226,134.5005526,2,83864.8,13859.0,137.2
792,Лазовский,05-517-000-000,Лазовский муниципальный округ,муниципальный округ,,1,,с Лазо,data-20210118-structure-20150128.csv,2021,9999,,,25,Приморский край,43.384794,133.9054043,1,94966.2,11848.0,133.2
793,Михайловский,05-620-000-000,Михайловский муниципальный район,муниципальный район,,1,,с Михайловка,data-20180110-structure-20150128.csv,2018,9999,,,25,Приморский край,43.9370245,132.0033145,1,76951.3,28474.0,141.9
794,Надеждинский,05-623-000-000,Надеждинский муниципальный район,муниципальный район,,1,,с Вольно-Надеждинское,data-20180110-structure-20150128.csv,2018,9999,,,25,Приморский край,43.3709905,131.9933355,1,86783.2,41960.0,144.7
795,Октябрьский,05-526-000-000,Октябрьский муниципальный округ,муниципальный округ,,1,,с Покровка,data-20210118-structure-20150128.csv,2021,9999,,,25,Приморский край,43.9524657,131.6329635,1,68005.0,22743.0,139.8
796,Ольгинский,05-528-000-000,Ольгинский муниципальный округ,муниципальный округ,,1,,пгт Ольга,data-20221219-structure-20150128.csv,2023,9999,,,25,Приморский край,43.7461009,135.2901676,2,81391.7,7209.0,132.7
797,Партизанский,05-530-000-000,Партизанский муниципальный округ,муниципальный округ,,1,,с Владимиро-Александровское,data-20240101-structure-20150128.csv,2024,9999,,,25,Приморский край,42.8922366,133.0782462,2,69296.5,29888.0,136.0
798,Пограничный,05-532-000-000,Пограничный муниципальный округ,муниципальный округ,,1,,пгт Пограничный,data-20200301-structure-20150128.csv,2020,9999,,,25,Приморский край,44.4031151,131.382506,1,71071.9,18096.0,137.0
799,Пожарский,05-534-000-000,Пожарский муниципальный округ,муниципальный округ,,1,,пгт Лучегорск,data-20221219-structure-20150128.csv,2023,9999,,,25,Приморский край,46.4443195,134.3006729,2,99163.1,24093.0,139.3
800,Спасский,05-637-000-000,Спасский муниципальный район,муниципальный район,,3,05-720-000-000,г Спасск-Дальний,data-20180110-structure-20150128.csv,2018,9999,,,25,Приморский край,44.5980135,132.815701,1,74247.4,19870.0,155.4
801,Тернейский,05-540-000-000,Тернейский муниципальный округ,муниципальный округ,,1,,пгт Терней,data-20210118-structure-20150128.csv,2021,9999,,,25,Приморский край,45.0504046,136.6137293,1,77899.6,9728.0,132.0
802,Ханкайский,05-546-000-000,Ханкайский муниципальный округ,муниципальный округ,,1,,с Камень-Рыболов,data-20210118-structure-20150128.csv,2021,9999,,,25,Приморский край,44.7421984,132.0467903,1,73387.7,17049.0,137.4
803,Хасанский,05-548-000-000,Хасанский муниципальный округ,муниципальный округ,,1,,пгт Славянка,data-20221219-structure-20150128.csv,2023,9999,,,25,Приморский край,42.8606833,131.3924115,2,81322.3,24400.0,135.1
804,Хорольский,05-550-000-000,Хорольский муниципальный округ,муниципальный округ,,1,,с Хороль,data-20210118-structure-20150128.csv,2021,9999,,,25,Приморский край,44.4252585,132.0816616,1,68059.6,24478.0,139.1
805,Черниговский,05-553-000-000,Черниговский муниципальный округ,муниципальный округ,,1,,с Черниговка,data-20240101-structure-20150128.csv,2024,9999,,,25,Приморский край,44.3591368,132.4941354,2,75280.0,25893.0,139.3
806,Чугуевский,05-555-000-000,Чугуевский муниципальный округ,муниципальный округ,,1,,с Чугуевка,data-20200301-structure-20150128.csv,2020,9999,,,25,Приморский край,44.1686667,133.8729678,1,64568.9,21090.0,135.8
807,Шкотовский,05-557-000-000,Шкотовский муниципальный округ,муниципальный округ,,1,,пгт Смоляниново,data-20240101-structure-20150128.csv,2024,9999,,,25,Приморский край,43.2874945,132.4563758,2,115314.5,21051.0,140.5
808,Яковлевский,05-559-000-000,Яковлевский муниципальный округ,муниципальный округ,,1,,с Яковлевка,data-20240101-structure-20150128.csv,2024,9999,,,25,Приморский край,44.4262999,133.4742211,2,67064.5,11970.0,137.4
809,Ставрополь,07-701-000-000,городской округ город Ставрополь,городской округ,административный_центр_субъекта,1,,г Ставрополь,data-20180110-structure-20150128.csv,2018,9999,,,26,Ставропольский край,45.0433245,41.9690934,1,73824.2,557402.0,310.0
810,Благодарненский,07-510-000-000,Благодарненский муниципальный округ,муниципальный округ,,1,,г Благодарный,data-20240101-structure-20150128.csv,2024,9999,,,26,Ставропольский край,45.1006298,43.4372187,2,,57014.0,304.8
811,Георгиевский,07-515-000-000,Георгиевский муниципальный округ,муниципальный округ,,1,,г Георгиевск,data-20240101-structure-20150128.csv,2024,9999,,,26,Ставропольский край,44.1478944,43.4741718,2,,157898.0,306.3
812,Ессентуки,07-710-000-000,городской округ город-курорт Ессентуки,городской округ,,1,,г Ессентуки,data-20180110-structure-20150128.csv,2018,9999,,,26,Ставропольский край,44.0470042,42.8576575,1,64029.5,123138.0,310.3
813,Железноводск,07-712-000-000,городской округ город-курорт Железноводск,городской округ,,1,,г Железноводск,data-20180110-structure-20150128.csv,2018,9999,,,26,Ставропольский край,44.1424034,43.0090751,1,59471.7,50082.0,309.6
814,Изобильненский,07-520-000-000,Изобильненский муниципальный округ,муниципальный округ,,1,,г Изобильный,data-20240101-structure-20150128.csv,2024,9999,,,26,Ставропольский край,45.3740796,41.7121154,2,,104095.0,313.6
815,Ипатовский,07-522-000-000,Ипатовский муниципальный округ,муниципальный округ,,1,,г Ипатово,data-20240101-structure-20150128.csv,2024,9999,,,26,Ставропольский край,45.719723,42.916286,2,,56684.0,309.1
817,Кировский,07-525-000-000,Кировский муниципальный округ,муниципальный округ,,1,,г Новопавловск,data-20240101-structure-20150128.csv,2024,9999,,,26,Ставропольский край,43.961891,43.6311,2,,66369.0,304.8
818,Лермонтов,07-718-000-000,городской округ город Лермонтов,городской округ,,1,,г Лермонтов,data-20180110-structure-20150128.csv,2018,9999,,,26,Ставропольский край,44.1050468,42.9731466,1,63479.7,24717.0,309.6
819,Минераловодский,07-539-000-000,Минераловодский муниципальный округ,муниципальный округ,,1,,г Минеральные Воды,data-20240101-structure-20150128.csv,2024,9999,,,26,Ставропольский край,44.2107377,43.134969,2,,130865.0,309.1
820,Невинномысск,07-724-000-000,городской округ город Невинномысск,городской округ,,1,,г Невинномысск,data-20180110-structure-20150128.csv,2018,9999,,,26,Ставропольский край,44.6245814,41.9475941,1,74252.0,114556.0,312.6
821,Нефтекумский,07-541-000-000,Нефтекумский муниципальный округ,муниципальный округ,,1,,г Нефтекумск,data-20240101-structure-20150128.csv,2024,9999,,,26,Ставропольский край,44.752205,44.985077,2,,59801.0,296.3
822,Новоалександровский,07-543-000-000,Новоалександровский муниципальный округ,муниципальный округ,,1,,г Новоалександровск,data-20240101-structure-20150128.csv,2024,9999,,,26,Ставропольский край,45.4952532,41.2198866,2,,62246.0,317.6
823,Петровский,07-546-000-000,Петровский муниципальный округ,муниципальный округ,,1,,г Светлоград,data-20240101-structure-20150128.csv,2024,9999,,,26,Ставропольский край,45.3406133,42.8459286,2,,68240.0,308.9
824,Пятигорск,07-727-000-000,городской округ город-курорт Пятигорск,городской округ,,1,,г Пятигорск,data-20180110-structure-20150128.csv,2018,9999,,,26,Ставропольский край,44.039775,43.0706669,1,64260.2,211692.0,308.1
825,Советский,07-550-000-000,Советский муниципальный округ,муниципальный округ,,1,,г Зеленокумск,data-20240101-structure-20150128.csv,2024,9999,,,26,Ставропольский край,44.403175,43.884163,2,,57692.0,303.2
826,Александровский,07-502-000-000,Александровский муниципальный округ,муниципальный округ,,1,,с Александровское,data-20210118-structure-20150128.csv,2021,9999,,,26,Ставропольский край,44.7124773,43.0005,1,44256.8,46217.0,308.1
827,Андроповский,07-503-000-000,Андроповский муниципальный округ,муниципальный округ,,1,,с Курсавка,data-20210118-structure-20150128.csv,2021,9999,,,26,Ставропольский край,44.4616429,42.5082311,1,47160.6,33305.0,309.1
828,Апанасенковский,07-505-000-000,Апанасенковский муниципальный округ,муниципальный округ,,1,,с Дивное,data-20210118-structure-20150128.csv,2021,9999,,,26,Ставропольский край,45.910305,43.341801,1,42531.2,29279.0,309.3
829,Арзгирский,07-507-000-000,Арзгирский муниципальный округ,муниципальный округ,,1,,с Арзгир,data-20210118-structure-20150128.csv,2021,9999,,,26,Ставропольский край,45.369194,44.212685,1,43853.2,22666.0,303.9
830,Будённовский,07-512-000-000,Будённовский муниципальный округ,муниципальный округ,,1,,г Будённовск,data-20210118-structure-20150128.csv,2021,9999,,,26,Ставропольский край,44.780533,44.163357,1,54769.5,106466.0,302.0
831,Грачёвский,07-517-000-000,Грачёвский муниципальный округ,муниципальный округ,,1,,с Грачёвка,data-20210118-structure-20150128.csv,2021,9999,,,26,Ставропольский край,45.2028215,42.3990568,1,50188.1,37958.0,313.3
832,Кочубеевский,07-528-000-000,Кочубеевский муниципальный округ,муниципальный округ,,1,,с Кочубеевское,data-20210118-structure-20150128.csv,2021,9999,,,26,Ставропольский край,44.6867318,41.825956,1,53915.3,77707.0,313.6
833,Красногвардейский,07-530-000-000,Красногвардейский муниципальный округ,муниципальный округ,,1,,с Красногвардейское,data-20210118-structure-20150128.csv,2021,9999,,,26,Ставропольский край,45.840508,41.514591,1,58768.1,35678.0,317.4
834,Курский,07-533-000-000,Курский муниципальный округ,муниципальный округ,,1,,ст-ца Курская,data-20210118-structure-20150128.csv,2021,9999,,,26,Ставропольский край,44.0431414,44.4625266,1,46725.1,52260.0,298.5
835,Левокумский,07-536-000-000,Левокумский муниципальный округ,муниципальный округ,,1,,с Левокумское,data-20210118-structure-20150128.csv,2021,9999,,,26,Ставропольский край,44.822536,44.660427,1,46735.3,34715.0,299.9
836,Новоселицкий,07-544-000-000,Новоселицкий муниципальный округ,муниципальный округ,,1,,с Новоселицкое,data-20210118-structure-20150128.csv,2021,9999,,,26,Ставропольский край,44.7564658,43.434083,1,45695.6,24490.0,305.5
838,Степновский,07-552-000-000,Степновский муниципальный округ,муниципальный округ,,1,,с Степное,data-20210118-structure-20150128.csv,2021,9999,,,26,Ставропольский край,44.2688631,44.5944095,1,45790.3,20369.0,295.6
839,Труновский,07-554-000-000,Труновский муниципальный округ,муниципальный округ,,1,,с Донское,data-20210118-structure-20150128.csv,2021,9999,,,26,Ставропольский край,45.4548156,41.9756382,1,52560.6,32211.0,315.9
840,Туркменский,07-556-000-000,Туркменский муниципальный округ,муниципальный округ,,1,,с Летняя Ставка,data-20210118-structure-20150128.csv,2021,9999,,,26,Ставропольский край,45.426357,43.44257,1,43555.6,22025.0,304.6
841,Шпаковский,07-558-000-000,Шпаковский муниципальный округ,муниципальный округ,,1,,г Михайловск,data-20210118-structure-20150128.csv,2021,9999,,,26,Ставропольский край,45.1324913,42.0263304,1,59169.7,165229.0,316.6
842,Хабаровск,08-701-000-000,городской округ город Хабаровск,городской округ,административный_центр_субъекта,2,08-655-000-000,г Хабаровск,data-20180110-structure-20150128.csv,2018,9999,,,27,Хабаровский край,48.4812568,135.0762968,1,106096.5,615570.0,173.3
843,Комсомольск-на-Амуре,08-709-000-000,городской округ город Комсомольск-на-Амуре,городской округ,,2,08-620-000-000,г Комсомольск-на-Амуре,data-20180110-structure-20150128.csv,2018,9999,,,27,Хабаровский край,50.5497277,137.0099189,1,97973.0,235488.0,141.7
844,Амурский,08-603-000-000,Амурский муниципальный район,муниципальный район,,1,,г Амурск,data-20180110-structure-20150128.csv,2018,9999,,,27,Хабаровский край,50.2265588,136.9100919,1,93168.1,55970.0,136.5
846,Бикинский,08-609-000-000,Бикинский муниципальный район,муниципальный район,,1,,г Бикин,data-20180110-structure-20150128.csv,2018,9999,,,27,Хабаровский край,46.819363,134.254822,1,71458.5,21147.0,139.8
847,Ванинский,08-612-000-000,Ванинский муниципальный район,муниципальный район,,1,,рп Ванино,data-20180110-structure-20150128.csv,2018,9999,,,27,Хабаровский край,49.090481,140.260864,1,115596.0,33535.0,135.5
848,Верхнебуреинский,08-614-000-000,Верхнебуреинский муниципальный район,муниципальный район,,1,,рп Чегдомын,data-20180110-structure-20150128.csv,2018,9999,,,27,Хабаровский край,51.134487,133.035553,1,131180.9,24441.0,138.1
849,Вяземский,08-617-000-000,Вяземский муниципальный район,муниципальный район,,1,,г Вяземский,data-20180110-structure-20150128.csv,2018,9999,,,27,Хабаровский край,47.533455,134.757874,1,60401.3,19202.0,141.7
851,Лазо,08-624-000-000,муниципальный район имени Лазо,муниципальный район,,1,,рп Переяславка,data-20180110-structure-20150128.csv,2018,9999,,,27,Хабаровский край,47.968636,135.054947,1,62910.4,37861.0,143.8
852,Нанайский,08-628-000-000,Нанайский муниципальный район,муниципальный район,,1,,с Троицкое,data-20180110-structure-20150128.csv,2018,9999,,,27,Хабаровский край,49.4412636,136.5486873372029,1,98058.1,13922.0,139.3
853,Николаевский,08-631-000-000,Николаевский муниципальный район,муниципальный район,,1,,г Николаевск-на-Амуре,data-20180110-structure-20150128.csv,2018,9999,,,27,Хабаровский край,53.138729,140.72493,1,111410.9,23555.0,127.7
854,Охотский,08-534-000-000,Охотский муниципальный округ,муниципальный округ,,1,,рп Охотск,data-20240101-structure-20150128.csv,2024,9999,,,27,Хабаровский край,59.3619947,143.2146511,2,128142.3,6326.0,
855,Полины Осипенко,08-637-000-000,муниципальный район имени Полины Осипенко,муниципальный район,,1,,с им Полины Осипенко,data-20180110-structure-20150128.csv,2018,9999,,,27,Хабаровский край,52.422848,136.48938,1,158798.8,3532.0,134.4
856,Советско-Гаванский,08-642-000-000,Советско-Гаванский муниципальный район,муниципальный район,,1,,г Советская Гавань,data-20180110-structure-20150128.csv,2018,9999,,,27,Хабаровский край,48.9663026,140.284958,1,94696.8,36352.0,133.9
857,Солнечный,08-644-000-000,Солнечный муниципальный район,муниципальный район,,1,,рп Солнечный,data-20180110-structure-20150128.csv,2018,9999,,,27,Хабаровский край,50.723808,136.64006,1,93058.4,26843.0,137.7
859,Ульчский,08-650-000-000,Ульчский муниципальный район,муниципальный район,,1,,с Богородское,data-20180110-structure-20150128.csv,2018,9999,,,27,Хабаровский край,52.3825564,140.4500273781285,1,83409.1,13977.0,129.6
860,Хабаровский,08-655-000-000,Хабаровский муниципальный район,муниципальный район,,3,08-701-000-000,г Хабаровск,data-20180110-structure-20150128.csv,2018,9999,,,27,Хабаровский край,48.4812568,135.0762968,1,82059.1,82380.0,399.3
870,Архаринский,10-505-000-000,Архаринский муниципальный округ,муниципальный округ,,1,,рп (пгт) Архара,data-20221219-structure-20150128.csv,2023,9999,,,28,Амурская область,49.4224283,130.0858308,2,86158.0,12372.0,144.0
871,Белогорский,10-508-000-000,Белогорский муниципальный округ,муниципальный округ,,3,10-710-000-000,г Белогорск,data-20210118-structure-20150128.csv,2021,9999,,,28,Амурская область,50.921326,128.47287,1,66226.2,17004.0,175.9
872,Благовещенский,10-511-000-000,Благовещенский муниципальный округ,муниципальный округ,,3,10-701-000-000,г Благовещенск,data-20221219-structure-20150128.csv,2023,9999,,,28,Амурская область,50.2600417,127.5337378,2,77201.6,35810.0,236.1
873,Бурейский,10-515-000-000,Бурейский муниципальный округ,муниципальный округ,,1,,рп (пгт) Новобурейский,data-20220128-structure-20150128.csv,2021,9999,,,28,Амурская область,49.7939604,129.8734105,1,95304.5,16565.0,144.7
874,Завитинский,10-521-000-000,Завитинский муниципальный округ,муниципальный округ,,1,,г Завитинск,data-20220128-structure-20150128.csv,2021,9999,,,28,Амурская область,50.111154,129.4402341,1,71923.9,11590.0,145.2
875,Зейский,10-525-000-000,Зейский муниципальный округ,муниципальный округ,,3,10-712-000-000,г Зея,data-20240101-structure-20150128.csv,2024,9999,,,28,Амурская область,53.7403584,127.2716246,2,126833.2,11287.0,149.5
876,Ивановский,10-528-000-000,Ивановский муниципальный округ,муниципальный округ,,1,,с Ивановка,data-20220128-structure-20150128.csv,2021,9999,,,28,Амурская область,50.358143,128.003128,1,63576.6,20785.0,146.4
877,Константиновский,10-630-000-000,Константиновский муниципальный район,муниципальный район,,1,,с Константиновка,data-20180110-structure-20150128.csv,2018,9999,,,28,Амурская область,49.6180004,127.9852534,1,68337.8,10666.0,144.0
878,Магдагачинский,10-631-000-000,Магдагачинский муниципальный район,муниципальный район,,1,,рп (пгт) Магдагачи,data-20180110-structure-20150128.csv,2018,9999,,,28,Амурская область,53.4509086,125.8035421,1,119224.4,16478.0,148.3
879,Мазановский,10-632-000-000,Мазановский муниципальный район,муниципальный район,,1,,с Новокиевский Увал,data-20180110-structure-20150128.csv,2018,9999,,,28,Амурская область,51.6624387,128.920503,1,65854.3,9173.0,145.7
880,Михайловский,10-635-000-000,Михайловский муниципальный район,муниципальный район,,1,,с Поярково,data-20180110-structure-20150128.csv,2018,9999,,,28,Амурская область,49.621155,128.65097,1,70692.2,12248.0,144.0
881,Октябрьский,10-638-000-000,Октябрьский муниципальный район,муниципальный район,,1,,с Екатеринославка,data-20180110-structure-20150128.csv,2018,9999,,,28,Амурская область,50.371284,129.107193,1,74927.2,18390.0,145.9
882,Ромненский,10-540-000-000,Ромненский муниципальный округ,муниципальный округ,,1,,с Ромны,data-20210118-structure-20150128.csv,2021,9999,,,28,Амурская область,50.718391,129.290924,1,60963.8,7209.0,145.7
883,Свободненский,10-642-000-000,Свободненский муниципальный район,муниципальный район,,3,10-730-000-000,г Свободный,data-20180110-structure-20150128.csv,2018,9999,,,28,Амурская область,51.377354,128.13475,1,227512.1,11318.0,165.1
884,Селемджинский,10-645-000-000,Селемджинский муниципальный район,муниципальный район,,1,,рп (пгт) Экимчан,data-20180110-structure-20150128.csv,2018,9999,,,28,Амурская область,53.068481,132.940369,1,129060.5,7107.0,138.1
885,Серышевский,10-547-000-000,Серышевский муниципальный округ,муниципальный округ,,1,,рп (пгт) Серышево,data-20221219-structure-20150128.csv,2023,9999,,,28,Амурская область,51.091206,128.38092,2,64016.9,20859.0,147.1
886,Сковородинский,10-549-000-000,Сковородинский муниципальный округ,муниципальный округ,,1,,г Сковородино,data-20221219-structure-20150128.csv,2023,9999,,,28,Амурская область,53.9862567,123.9373454,2,107406.7,19790.0,149.2
888,Тындинский,10-554-000-000,Тындинский муниципальный округ,муниципальный округ,,3,10-732-000-000,г Тында,data-20220128-structure-20150128.csv,2021,9999,,,28,Амурская область,55.149694,124.7375884,1,142195.3,13370.0,158.4
889,Шимановский,10-555-000-000,Шимановский муниципальный округ,муниципальный округ,,3,10-740-000-000,г Шимановск,data-20221219-structure-20150128.csv,2023,9999,,,28,Амурская область,51.9987022,127.6719156,2,123760.6,5003.0,152.5
890,Архангельск,11-701-000-000,городской округ город Архангельск,городской округ,административный_центр_субъекта,2,11-652-000-000;11-552-000-000,г Архангельск,data-20180110-structure-20150128.csv,2018,9999,,,29,Архангельская область,64.543022,40.537121,1,91197.6,301376.0,261.4
891,Коряжма,11-708-000-000,городской округ город Коряжма,городской округ,,1,,г Коряжма,data-20180110-structure-20150128.csv,2018,9999,,,29,Архангельская область,61.3152522,47.1607291,1,73622.2,33663.0,287.4
892,Котлас,11-710-000-000,городской округ Котлас,городской округ,,2,11-627-000-000;11-527-000-000,г Котлас,data-20180110-structure-20150128.csv,2018,9999,,,29,Архангельская область,61.252151,46.647629,1,78418.5,66838.0,296.1
895,Новодвинск,11-715-000-000,городской округ город Новодвинск,городской округ,,1,,г Новодвинск,data-20180110-structure-20150128.csv,2018,9999,,,29,Архангельская область,64.419212,40.793793,1,80850.2,32639.0,260.0
896,Северодвинск,11-730-000-000,городской округ Северодвинск,городской округ,,1,,г Северодвинск,data-20180110-structure-20150128.csv,2018,9999,,,29,Архангельская область,64.563385,39.823769,1,92164.9,156310.0,253.6
897,Вельский,11-605-000-000,Вельский муниципальный район,муниципальный район,,1,,г Вельск,data-20180110-structure-20150128.csv,2018,9999,,,29,Архангельская область,61.0756446,42.0979582,1,71844.4,44862.0,299.2
898,Верхнетоемский,11-508-000-000,Верхнетоемский муниципальный округ,муниципальный округ,,1,,с Верхняя Тойма,data-20220128-structure-20150128.csv,2022,9999,,,29,Архангельская область,62.2353641,45.0007897,1,65286.4,10925.0,276.0
899,Вилегодский,11-511-000-000,муниципальный округ Вилегодский,муниципальный округ,,1,,с Ильинско-Подомское,data-20210225-structure-20150128.csv,2021,9999,,,29,Архангельская область,61.115704,47.97831,1,63714.0,8586.0,284.8
900,Виноградовский,11-514-000-000,Виноградовский муниципальный округ,муниципальный округ,,1,,п Березник,data-20220128-structure-20150128.csv,2022,9999,,,29,Архангельская область,62.855541,42.710133,1,64888.9,12371.0,276.5
901,Каргопольский,11-518-000-000,муниципальный округ Каргопольский,муниципальный округ,,1,,г Каргополь,data-20210118-structure-20150128.csv,2021,9999,,,29,Архангельская область,61.509121,38.940796,1,59758.9,14660.0,287.1
902,Коношский,11-622-000-000,Коношский муниципальный район,муниципальный район,,1,,рп Коноша,data-20180110-structure-20150128.csv,2018,9999,,,29,Архангельская область,60.973812,40.25671,1,73751.9,17807.0,297.0
903,Котласский,11-527-000-000,Котласский муниципальный округ,муниципальный округ,,3,11-710-000-000,г Котлас,data-20221219-structure-20150128.csv,2023,9999,,,29,Архангельская область,61.252151,46.647629,2,94195.2,17119.0,314.5
904,Красноборский,11-530-000-000,Красноборский муниципальный округ,муниципальный округ,,1,,с Красноборск,data-20240101-structure-20150128.csv,2024,9999,,,29,Архангельская область,61.556374,45.934135,2,66348.3,10008.0,284.5
905,Ленский,11-635-000-000,Ленский муниципальный район,муниципальный район,,1,,с Яренск,data-20180110-structure-20150128.csv,2018,9999,,,29,Архангельская область,62.172482,49.088966,1,87595.2,9646.0,274.4
907,Мезенский,11-542-000-000,Мезенский муниципальный округ,муниципальный округ,,1,,г Мезень,data-20221219-structure-20150128.csv,2023,9999,,,29,Архангельская область,65.843956,44.244141,2,106476.5,7098.0,240.9
908,Няндомский,11-544-000-000,Няндомский муниципальный округ,муниципальный округ,,1,,г Няндома,data-20221219-structure-20150128.csv,2023,9999,,,29,Архангельская область,61.6612985,40.1970404,2,80817.5,22613.0,287.6
909,Онежский,11-646-000-000,Онежский муниципальный район,муниципальный район,,1,,г Онега,data-20180110-structure-20150128.csv,2018,9999,,,29,Архангельская область,63.911644,38.094822,1,73165.6,23456.0,250.5
911,Плесецкий,11-550-000-000,Плесецкий муниципальный округ,муниципальный округ,,1,,рп Плесецк,data-20220128-structure-20150128.csv,2022,9999,,,29,Архангельская область,62.709524,40.2843885,1,70221.1,33077.0,270.1
912,Приморский,11-552-000-000,Приморский муниципальный округ,муниципальный округ,,3,11-701-000-000,г Архангельск,data-20240101-structure-20150128.csv,2024,9999,,,29,Архангельская область,64.543022,40.537121,2,86680.3,28908.0,325.4
913,Устьянский,11-554-000-000,Устьянский муниципальный округ,муниципальный округ,,1,,рп Октябрьский,data-20230126-structure-20150128.csv,2023,9999,,,29,Архангельская область,61.090485,43.171482,2,75235.7,23280.0,293.7
914,Холмогорский,11-556-000-000,Холмогорский муниципальный округ,муниципальный округ,,1,,с Холмогоры,data-20221219-structure-20150128.csv,2023,9999,,,29,Архангельская область,64.2270008,41.6512435,2,71012.4,17957.0,261.9
915,Шенкурский,11-558-000-000,Шенкурский муниципальный округ,муниципальный округ,,1,,г Шенкурск,data-20221219-structure-20150128.csv,2023,9999,,,29,Архангельская область,62.1059279,42.9076435,2,60597.0,10436.0,283.4
916,Нарьян-Мар,11-851-000-000,городской округ город Нарьян-Мар,городской округ,административный_центр_субъекта,1,,г Нарьян-Мар,data-20180110-structure-20150128.csv,2018,9999,,,83,Ненецкий автономный округ,67.6380175,53.0071044,1,113701.9,24266.0,209.7
917,Заполярный,11-811-000-000,муниципальный район Заполярный район,муниципальный район,,1,,рп Искателей,data-20180110-structure-20150128.csv,2018,9999,,,83,Ненецкий автономный округ,67.676239,53.129215,1,158968.4,17958.0,210.2
918,Астрахань,12-701-000-000,городской округ город Астрахань,городской округ,административный_центр_субъекта,1,,г Астрахань,data-20180110-structure-20150128.csv,2018,9999,,,30,Астраханская область,46.3498308,48.0326203,1,66194.2,465524.0,285.7
920,Ахтубинский,12-605-000-000,Ахтубинский муниципальный район,муниципальный район,,1,,г Ахтубинск,data-20180110-structure-20150128.csv,2018,9999,,,30,Астраханская область,48.2848132,46.1643706,1,54862.5,57030.0,306.0
922,Енотаевский,12-615-000-000,Енотаевский муниципальный район,муниципальный район,,1,,с Енотаевка,data-20180110-structure-20150128.csv,2018,9999,,,30,Астраханская область,47.2443998,47.0354919,1,69842.0,25039.0,293.7
923,Икрянинский,12-620-000-000,Икрянинский муниципальный район,муниципальный район,,1,,с Икряное,data-20180110-structure-20150128.csv,2018,9999,,,30,Астраханская область,46.0979213,47.7362688,1,40442.6,47744.0,288.3
924,Камызякский,12-625-000-000,Камызякский муниципальный район,муниципальный район,,1,,г Камызяк,data-20180110-structure-20150128.csv,2018,9999,,,30,Астраханская область,46.120527,48.0815617,1,39760.6,46892.0,286.7
925,Красноярский,12-630-000-000,Красноярский муниципальный район,муниципальный район,,1,,с Красный Яр,data-20180110-structure-20150128.csv,2018,9999,,,30,Астраханская область,46.5329449,48.3526951,1,109649.2,35860.0,287.8
926,Лиманский,12-635-000-000,Лиманский муниципальный район,муниципальный район,,1,,рп Лиман,data-20180110-structure-20150128.csv,2018,9999,,,30,Астраханская область,45.7835085,47.2255472,1,49802.5,27717.0,284.5
927,Наримановский,12-640-000-000,Наримановский муниципальный район,муниципальный район,,1,,г Нариманов,data-20180110-structure-20150128.csv,2018,9999,,,30,Астраханская область,46.6798783,47.86102647452168,1,78100.7,47528.0,290.7
928,Приволжский,12-642-000-000,Приволжский муниципальный район,муниципальный район,,1,,с Началово,data-20180110-structure-20150128.csv,2018,9999,,,30,Астраханская область,46.3387984,48.194564,1,50571.5,66669.0,291.9
929,Харабалинский,12-645-000-000,Харабалинский муниципальный район,муниципальный район,,1,,г Харабали,data-20180110-structure-20150128.csv,2018,9999,,,30,Астраханская область,47.4083742,47.2538899,1,51867.3,39434.0,291.1
930,Черноярский,12-650-000-000,Черноярский муниципальный район,муниципальный район,,1,,с Черный Яр,data-20180110-structure-20150128.csv,2018,9999,,,30,Астраханская область,48.061531,46.113724,1,51028.8,19298.0,306.0
986,Владимир,17-701-000-000,городской округ город Владимир,городской округ,административный_центр_субъекта,1,,г Владимир,data-20180110-structure-20150128.csv,2018,9999,,,33,Владимирская область,56.1288899,40.4075203,1,73898.5,346685.0,408.0
987,Гусь-Хрустальный,17-720-000-000,городской округ город Гусь-Хрустальный,городской округ,,2,17-620-000-000,г Гусь-Хрустальный,data-20180110-structure-20150128.csv,2018,9999,,,33,Владимирская область,55.6149968,40.6708665,1,62463.2,51182.0,424.6
988,Ковров,17-725-000-000,городской округ город Ковров,городской округ,,2,17-635-000-000,г Ковров,data-20180110-structure-20150128.csv,2018,9999,,,33,Владимирская область,56.374603,41.311676,1,72958.9,128879.0,409.7
989,Муром,17-735-000-000,городской округ округ Муром,городской округ,,2,17-644-000-000,г Муром,data-20180110-structure-20150128.csv,2018,9999,,,33,Владимирская область,55.5738,42.0447,1,66886.9,112091.0,394.3
991,Александровский,17-605-000-000,Александровский муниципальный район,муниципальный район,,1,,г Александров,data-20180110-structure-20150128.csv,2018,9999,,,33,Владимирская область,56.39211265,38.71124026724134,1,63364.6,102657.0,426.7
992,Вязниковский,17-610-000-000,Вязниковский муниципальный район,муниципальный район,,1,,г Вязники,data-20180110-structure-20150128.csv,2018,9999,,,33,Владимирская область,56.2469403,42.1585948,1,49634.9,66875.0,386.8
993,Гороховецкий,17-615-000-000,Гороховецкий муниципальный район,муниципальный район,,1,,г Гороховец,data-20180110-structure-20150128.csv,2018,9999,,,33,Владимирская область,56.20657,42.679035,1,62567.8,19901.0,383.7
994,Гусь-Хрустальный,17-620-000-000,Гусь-Хрустальный муниципальный район,муниципальный район,,3,17-720-000-000,г Гусь-Хрустальный,data-20180110-structure-20150128.csv,2018,9999,,,33,Владимирская область,55.6149968,40.6708665,1,56544.8,38749.0,434.9
995,Камешковский,17-625-000-000,Камешковский муниципальный район,муниципальный район,,1,,г Камешково,data-20180110-structure-20150128.csv,2018,9999,,,33,Владимирская область,56.3462575,40.997098,1,65450.0,30466.0,396.5
996,Киржачский,17-630-000-000,Киржачский муниципальный район,муниципальный район,,1,,г Киржач,data-20180110-structure-20150128.csv,2018,9999,,,33,Владимирская область,56.1592229,38.8721255,1,77759.5,37950.0,441.6
998,Кольчугинский,17-640-000-000,Кольчугинский муниципальный район,муниципальный район,,1,,г Кольчугино,data-20180110-structure-20150128.csv,2018,9999,,,33,Владимирская область,56.2939784,39.3759931,1,65080.0,47188.0,421.3
999,Меленковский,17-642-000-000,Меленковский муниципальный район,муниципальный район,,1,,г Меленки,data-20180110-structure-20150128.csv,2018,9999,,,33,Владимирская область,55.3368374,41.6314063,1,50159.1,31240.0,381.6
1001,Петушинский,17-646-000-000,Петушинский муниципальный район,муниципальный район,,1,,г Петушки,data-20180110-structure-20150128.csv,2018,9999,,,33,Владимирская область,55.92980185,39.4508310119064,1,78611.2,58074.0,433.1
1002,Селивановский,17-648-000-000,Селивановский муниципальный район,муниципальный район,,1,,п Красная Горбатка,data-20180110-structure-20150128.csv,2018,9999,,,33,Владимирская область,55.8651703,41.7662028,1,52714.3,16758.0,385.4
1003,Собинский,17-650-000-000,Собинский муниципальный район,муниципальный район,,1,,г Собинка,data-20180110-structure-20150128.csv,2018,9999,,,33,Владимирская область,55.9903976,40.0150802,1,68552.5,48500.0,416.3
1004,Судогодский,17-652-000-000,Судогодский муниципальный район,муниципальный район,,1,,г Судогда,data-20180110-structure-20150128.csv,2018,9999,,,33,Владимирская область,55.95650075,40.87630713906415,1,53831.4,34005.0,401.2
1005,Суздальский,17-654-000-000,Суздальский муниципальный район,муниципальный район,,1,,г Суздаль,data-20180110-structure-20150128.csv,2018,9999,,,33,Владимирская область,56.4193908,40.4487893,1,63652.3,46532.0,399.1
1006,Юрьев-Польский,17-656-000-000,Юрьев-Польский муниципальный район,муниципальный район,,1,,г Юрьев-Польский,data-20180110-structure-20150128.csv,2018,9999,,,33,Владимирская область,56.4971948,39.67864,1,58722.3,30784.0,408.7
1007,Волгоград,18-701-000-000,городской округ город-герой Волгоград,городской округ,административный_центр_субъекта,1,,г Волгоград,data-20180110-structure-20150128.csv,2018,9999,,,34,Волгоградская область,48.6484138,44.3849755901299,1,68989.9,1018898.0,325.6
1008,Волжский,18-710-000-000,городской округ город Волжский,городской округ,,1,,г Волжский,data-20180110-structure-20150128.csv,2018,9999,,,34,Волгоградская область,48.7862021,44.7519454,1,67975.6,315220.0,332.9
1009,Камышин,18-715-000-000,городской округ город Камышин,городской округ,,2,18-618-000-000,г Камышин,data-20180110-structure-20150128.csv,2018,9999,,,34,Волгоградская область,50.0808422,45.4048003,1,50409.5,105187.0,350.9
1010,Михайловка,18-720-000-000,городской округ город Михайловка,городской округ,,1,,г Михайловка,data-20180110-structure-20150128.csv,2018,9999,,,34,Волгоградская область,50.0797109,43.2342365,1,51608.4,82402.0,336.7
1011,Урюпинск,18-725-000-000,городской округ город Урюпинск,городской округ,,2,18-654-000-000,г Урюпинск,data-20180110-structure-20150128.csv,2018,9999,,,34,Волгоградская область,50.7970972,42.0051866,1,47746.3,35085.0,363.9
1012,Фролово,18-728-000-000,городской округ город Фролово,городской округ,,2,18-656-000-000,г Фролово,data-20180110-structure-20150128.csv,2018,9999,,,34,Волгоградская область,49.7645711,43.6539516,1,52506.0,34173.0,339.8
1013,Алексеевский,18-602-000-000,Алексеевский муниципальный район,муниципальный район,,1,,ст-ца Алексеевская,data-20180110-structure-20150128.csv,2018,9999,,,34,Волгоградская область,50.2909025,42.1849358,1,56323.5,14771.0,337.0
1014,Быковский,18-604-000-000,Быковский муниципальный район,муниципальный район,,1,,рп Быково,data-20180110-structure-20150128.csv,2018,9999,,,34,Волгоградская область,49.7665,45.3831,1,47241.5,24854.0,312.2
1015,Городищенский,18-605-000-000,Городищенский муниципальный район,муниципальный район,,1,,рп Городище,data-20180110-structure-20150128.csv,2018,9999,,,34,Волгоградская область,48.810127,44.476082,1,64417.6,59927.0,345.2
1016,Даниловский,18-606-000-000,Даниловский муниципальный район,муниципальный район,,1,,рп Даниловка,data-20180110-structure-20150128.csv,2018,9999,,,34,Волгоградская область,50.3519626,44.1205144,1,46810.3,12175.0,330.6
1017,Дубовский,18-608-000-000,Дубовский муниципальный район,муниципальный район,,1,,г Дубовка,data-20180110-structure-20150128.csv,2018,9999,,,34,Волгоградская область,49.06052,44.830776,1,59846.7,28637.0,331.8
1018,Еланский,18-610-000-000,Еланский муниципальный район,муниципальный район,,1,,рп Елань,data-20180110-structure-20150128.csv,2018,9999,,,34,Волгоградская область,50.946434,43.743038,1,53337.8,27976.0,337.2
1019,Жирновский,18-612-000-000,Жирновский муниципальный район,муниципальный район,,1,,г Жирновск,data-20180110-structure-20150128.csv,2018,9999,,,34,Волгоградская область,50.978779,44.778908,1,51685.6,35986.0,333.4
1020,Иловлинский,18-614-000-000,Иловлинский муниципальный район,муниципальный район,,1,,рп Иловля,data-20180110-structure-20150128.csv,2018,9999,,,34,Волгоградская область,49.306286,43.979027,1,55517.8,30650.0,332.5
1021,Калачевский,18-616-000-000,Калачевский муниципальный район,муниципальный район,,1,,г Калач-на-Дону,data-20180110-structure-20150128.csv,2018,9999,,,34,Волгоградская область,48.6818764,43.5379998,1,50032.6,50507.0,325.9
1023,Киквидзенский,18-620-000-000,Киквидзенский муниципальный район,муниципальный район,,1,,ст-ца Преображенская,data-20180110-structure-20150128.csv,2018,9999,,,34,Волгоградская область,50.741516,43.056446,1,44522.5,14536.0,337.9
1024,Клетский,18-622-000-000,Клетский муниципальный район,муниципальный район,,1,,ст-ца Клетская,data-20180110-structure-20150128.csv,2018,9999,,,34,Волгоградская область,49.311558,43.059322,1,48814.3,15893.0,325.1
1025,Котельниковский,18-624-000-000,Котельниковский муниципальный район,муниципальный район,,1,,г Котельниково,data-20180110-structure-20150128.csv,2018,9999,,,34,Волгоградская область,47.6332274,43.14109,1,91629.7,36842.0,314.3
1026,Котовский,18-626-000-000,Котовский муниципальный район,муниципальный район,,1,,г Котово,data-20180110-structure-20150128.csv,2018,9999,,,34,Волгоградская область,50.322208,44.801643,1,57339.3,28608.0,328.0
1027,Кумылженский,18-646-000-000,Кумылженский муниципальный район,муниципальный район,,1,,ст-ца Кумылженская,data-20180110-structure-20150128.csv,2018,9999,,,34,Волгоградская область,49.8800246,42.5912737,1,46230.3,17511.0,330.1
1028,Ленинский,18-630-000-000,Ленинский муниципальный район,муниципальный район,,1,,г Ленинск,data-20180110-structure-20150128.csv,2018,9999,,,34,Волгоградская область,48.7102843,45.20405224111999,1,42144.1,27111.0,325.1
1029,Нехаевский,18-634-000-000,Нехаевский муниципальный район,муниципальный район,,1,,ст-ца Нехаевская,data-20180110-structure-20150128.csv,2018,9999,,,34,Волгоградская область,50.408291,41.752254,1,46399.0,12813.0,337.4
1030,Николаевский,18-636-000-000,Николаевский муниципальный район,муниципальный район,,1,,г Николаевск,data-20180110-structure-20150128.csv,2018,9999,,,34,Волгоградская область,50.02859125000001,45.46389913481958,1,48588.8,28193.0,310.3
1031,Новоаннинский,18-638-000-000,Новоаннинский муниципальный район,муниципальный район,,1,,г Новоаннинский,data-20180110-structure-20150128.csv,2018,9999,,,34,Волгоградская область,50.529675,42.667362,1,48591.7,31431.0,342.1
1032,Новониколаевский,18-640-000-000,Новониколаевский муниципальный район,муниципальный район,,1,,рп Новониколаевский,data-20180110-structure-20150128.csv,2018,9999,,,34,Волгоградская область,50.97493,42.366272,1,48614.9,19463.0,347.8
1033,Октябрьский,18-642-000-000,Октябрьский муниципальный район,муниципальный район,,1,,рп Октябрьский,data-20180110-structure-20150128.csv,2018,9999,,,34,Волгоградская область,47.968594,43.653126,1,51795.1,20005.0,315.5
1034,Ольховский,18-643-000-000,Ольховский муниципальный район,муниципальный район,,1,,с Ольховка,data-20180110-structure-20150128.csv,2018,9999,,,34,Волгоградская область,49.852688,44.562557,1,57618.6,15780.0,330.1
1035,Палласовский,18-645-000-000,Палласовский муниципальный район,муниципальный район,,1,,г Палласовка,data-20180110-structure-20150128.csv,2018,9999,,,34,Волгоградская область,50.04529814999999,46.89316089497515,1,45990.7,37911.0,314.0
1036,Руднянский,18-647-000-000,Руднянский муниципальный район,муниципальный район,,1,,рп Рудня,data-20180110-structure-20150128.csv,2018,9999,,,34,Волгоградская область,50.796791,44.556606,1,45232.0,14070.0,332.2
1037,Светлоярский,18-649-000-000,Светлоярский муниципальный район,муниципальный район,,1,,рп Светлый Яр,data-20180110-structure-20150128.csv,2018,9999,,,34,Волгоградская область,48.477432,44.785168,1,60865.2,33189.0,321.6
1038,Серафимовичский,18-650-000-000,Серафимовичский муниципальный район,муниципальный район,,1,,г Серафимович,data-20180110-structure-20150128.csv,2018,9999,,,34,Волгоградская область,49.580608,42.730164,1,47142.2,21811.0,328.9
1039,Среднеахтубинский,18-651-000-000,Среднеахтубинский муниципальный район,муниципальный район,,1,,рп Средняя Ахтуба,data-20180110-structure-20150128.csv,2018,9999,,,34,Волгоградская область,48.7128782,44.86866064696045,1,63569.6,61526.0,336.5
1040,Старополтавский,18-652-000-000,Старополтавский муниципальный район,муниципальный район,,1,,с Старая Полтавка,data-20180110-structure-20150128.csv,2018,9999,,,34,Волгоградская область,50.475101,46.480801,1,45600.5,16630.0,320.7
1041,Суровикинский,18-653-000-000,Суровикинский муниципальный район,муниципальный район,,1,,г Суровикино,data-20180110-structure-20150128.csv,2018,9999,,,34,Волгоградская область,48.605141,42.844147,1,41045.0,33010.0,325.1
1044,Чернышковский,18-658-000-000,Чернышковский муниципальный район,муниципальный район,,1,,рп Чернышковский,data-20180110-structure-20150128.csv,2018,9999,,,34,Волгоградская область,48.422199,42.225616,1,47213.5,12986.0,323.5
1047,Бабаевский,19-505-000-000,Бабаевский муниципальный округ,муниципальный округ,,1,,г Бабаево,data-20221219-structure-20150128.csv,2023,9999,,,35,Вологодская область,59.3887129,35.9499951,2,72929.0,18827.0,320.2
1048,Бабушкинский,19-508-000-000,Бабушкинский муниципальный округ,муниципальный округ,,1,,с им Бабушкина,data-20221219-structure-20150128.csv,2023,9999,,,35,Вологодская область,59.7567364,43.1335636,2,54216.2,9515.0,308.4
1049,Белозерский,19-510-000-000,Белозерский муниципальный округ,муниципальный округ,,1,,г Белозерск,data-20221219-structure-20150128.csv,2023,9999,,,35,Вологодская область,60.03199,37.7842189,2,58608.9,13265.0,308.9
1051,Великоустюгский,19-514-000-000,Великоустюгский муниципальный округ,муниципальный округ,,1,,г Великий Устюг,data-20230112-structure-20150128.csv,2023,9999,,,35,Вологодская область,60.7612852,46.3014666,2,55556.5,49167.0,297.3
1052,Верховажский,19-516-000-000,Верховажский муниципальный округ,муниципальный округ,,1,,с Верховажье,data-20221219-structure-20150128.csv,2023,9999,,,35,Вологодская область,60.7451617,42.047316,2,50373.1,12428.0,304.6
1053,Вожегодский,19-518-000-000,Вожегодский муниципальный округ,муниципальный округ,,1,,рп Вожега,data-20221219-structure-20150128.csv,2023,9999,,,35,Вологодская область,60.4736301,40.2121613,2,61437.4,13654.0,303.4
1054,Вологодский,19-520-000-000,Вологодский муниципальный округ,муниципальный округ,,3,19-701-000-000,г Вологда,data-20230126-structure-20150128.csv,2023,9999,,,35,Вологодская область,59.2189391,39.8933913,2,62777.5,52112.0,468.2
1055,Вытегорский,19-622-000-000,Вытегорский муниципальный район,муниципальный район,,1,,г Вытегра,data-20180110-structure-20150128.csv,2018,9999,,,35,Вологодская область,61.006498,36.4514921,1,70995.3,21919.0,295.6
1056,Грязовецкий,19-524-000-000,Грязовецкий муниципальный округ,муниципальный округ,,1,,г Грязовец,data-20221219-structure-20150128.csv,2023,9999,,,35,Вологодская область,58.8841692,40.2515006,2,70749.0,31660.0,344.7
1057,Кадуйский,19-526-000-000,Кадуйский муниципальный округ,муниципальный округ,,1,,рп Кадуй,data-20221219-structure-20150128.csv,2023,9999,,,35,Вологодская область,59.199219,37.148609,2,72910.8,16433.0,323.0
1058,Кирилловский,19-528-000-000,Кирилловский муниципальный округ,муниципальный округ,,1,,г Кириллов,data-20240101-structure-20150128.csv,2024,9999,,,35,Вологодская область,59.8590575,38.3758696,2,55213.1,14038.0,315.9
1059,Кичменгско-Городецкий,19-530-000-000,Кичменгско-Городецкий муниципальный округ,муниципальный округ,,1,,с Кичменгский Городок,data-20221219-structure-20150128.csv,2023,9999,,,35,Вологодская область,59.9923379,45.8055674,2,47517.9,14278.0,305.5
1060,Междуреченский,19-532-000-000,Междуреченский муниципальный округ,муниципальный округ,,1,,с Шуйское,data-20221219-structure-20150128.csv,2023,9999,,,35,Вологодская область,59.3746522,41.0282183,2,51162.5,4834.0,326.1
1061,Никольский,19-534-000-000,Никольский муниципальный округ,муниципальный округ,,1,,г Никольск,data-20240101-structure-20150128.csv,2024,9999,,,35,Вологодская область,59.5304186,45.4585029,2,48311.4,18641.0,311.0
1062,Нюксенский,19-536-000-000,Нюксенский муниципальный округ,муниципальный округ,,1,,с Нюксеница,data-20221219-structure-20150128.csv,2023,9999,,,35,Вологодская область,60.419796,44.254551,2,71691.6,8427.0,301.3
1063,Сокольский,19-538-000-000,Сокольский муниципальный округ,муниципальный округ,,1,,г Сокол,data-20221219-structure-20150128.csv,2023,9999,,,35,Вологодская область,59.462799,40.112858,2,60325.8,44621.0,329.2
1064,Сямженский,19-540-000-000,Сямженский муниципальный округ,муниципальный округ,,1,,с Сямжа,data-20221219-structure-20150128.csv,2023,9999,,,35,Вологодская область,60.021656,41.060516,2,58762.2,8005.0,314.8
1065,Тарногский,19-542-000-000,Тарногский муниципальный округ,муниципальный округ,,1,,с Тарногский Городок,data-20221219-structure-20150128.csv,2023,9999,,,35,Вологодская область,60.50661565,43.56205408043196,2,53705.2,10381.0,298.2
1066,Тотемский,19-546-000-000,Тотемский муниципальный округ,муниципальный округ,,1,,г Тотьма,data-20221219-structure-20150128.csv,2023,9999,,,35,Вологодская область,59.9736254,42.7587335,2,62840.2,21923.0,311.0
1067,Усть-Кубинский,19-548-000-000,Усть-Кубинский муниципальный округ,муниципальный округ,,1,,с Устье,data-20221219-structure-20150128.csv,2023,9999,,,35,Вологодская область,59.631699,39.726299,2,52990.2,7282.0,321.6
1068,Устюженский,19-550-000-000,Устюженский муниципальный округ,муниципальный округ,,1,,г Устюжна,data-20230208-structure-20150128.csv,2023,9999,,,35,Вологодская область,58.8428204,36.4296982,2,51007.9,15130.0,334.4
1069,Харовский,19-552-000-000,Харовский муниципальный округ,муниципальный округ,,1,,г Харовск,data-20221219-structure-20150128.csv,2023,9999,,,35,Вологодская область,59.9533237,40.2068249,2,56509.7,12814.0,314.5
1070,Чагодощенский,19-554-000-000,Чагодощенский муниципальный округ,муниципальный округ,,1,,рп Чагода,data-20221219-structure-20150128.csv,2023,9999,,,35,Вологодская область,59.16383,35.329369,2,65786.9,10919.0,321.8
1071,Череповецкий,19-656-000-000,Череповецкий муниципальный район,муниципальный район,,3,19-730-000-000,г Череповец,data-20180110-structure-20150128.csv,2018,9999,,,35,Вологодская область,59.128696,37.916389,1,77639.9,39202.0,448.4
1072,Шекснинский,19-658-000-000,Шекснинский муниципальный район,муниципальный район,,1,,рп Шексна,data-20180110-structure-20150128.csv,2018,9999,,,35,Вологодская область,59.2069457,38.5009851,1,64438.2,28758.0,325.4
1107,Иваново,24-701-000-000,городской округ Иваново,городской округ,административный_центр_субъекта,2,24-607-000-000,г Иваново,data-20180110-structure-20150128.csv,2018,9999,,,37,Ивановская область,56.9984452,40.9737394,1,60499.5,358437.0,405.9
1108,Вичуга,24-703-000-000,городской округ Вичуга,городской округ,,2,24-601-000-000,г Вичуга,data-20180110-structure-20150128.csv,2018,9999,,,37,Ивановская область,57.2200735,41.9239228,1,38989.2,29623.0,380.9
1109,Кинешма,24-705-000-000,городской округ Кинешма,городской округ,,2,24-611-000-000,г Кинешма,data-20180110-structure-20150128.csv,2018,9999,,,37,Ивановская область,57.4426901,42.1687834,1,45411.7,74804.0,367.7
1110,Кохма,24-706-000-000,городской округ Кохма,городской округ,,1,,г Кохма,data-20180110-structure-20150128.csv,2018,9999,,,37,Ивановская область,56.9315448,41.0939402,1,48308.4,30181.0,384.9
1111,Тейково,24-707-000-000,городской округ Тейково,городской округ,,2,24-629-000-000,г Тейково,data-20180110-structure-20150128.csv,2018,9999,,,37,Ивановская область,56.8554753,40.5405863,1,43157.2,30506.0,394.6
1112,Шуя,24-711-000-000,городской округ Шуя,городской округ,,2,24-633-000-000,г Шуя,data-20180110-structure-20150128.csv,2018,9999,,,37,Ивановская область,56.8558465,41.3838496,1,53084.6,53312.0,396.5
1113,Вичугский,24-601-000-000,Вичугский муниципальный район,муниципальный район,,3,24-703-000-000,г Вичуга,data-20180110-structure-20150128.csv,2018,9999,,,37,Ивановская область,57.2200735,41.9239228,1,39526.4,15732.0,392.4
1115,Гаврилово-Посадский,24-603-000-000,Гаврилово-Посадский муниципальный район,муниципальный район,,1,,г Гаврилов Посад,data-20180110-structure-20150128.csv,2018,9999,,,37,Ивановская область,56.5585501,40.1205669,1,47938.5,11865.0,396.7
1116,Заволжский,24-605-000-000,Заволжский муниципальный район,муниципальный район,,1,,г Заволжск,data-20180110-structure-20150128.csv,2018,9999,,,37,Ивановская область,57.47784385,42.14006934304795,1,41322.1,12153.0,357.7
1117,Ивановский,24-607-000-000,Ивановский муниципальный район,муниципальный район,,3,24-701-000-000,г Иваново,data-20180110-structure-20150128.csv,2018,9999,,,37,Ивановская область,56.9984452,40.9737394,1,62846.8,40478.0,622.7
1118,Ильинский,24-609-000-000,Ильинский муниципальный район,муниципальный район,,1,,п Ильинское-Хованское,data-20180110-structure-20150128.csv,2018,9999,,,37,Ивановская область,56.9713637,39.7714702,1,42474.4,7336.0,388.7
1119,Кинешемский,24-611-000-000,Кинешемский муниципальный район,муниципальный район,,3,24-705-000-000,г Кинешма,data-20180110-structure-20150128.csv,2018,9999,,,37,Ивановская область,57.4426901,42.1687834,1,43331.1,17408.0,395.3
1120,Комсомольский,24-613-000-000,Комсомольский муниципальный район,муниципальный район,,1,,г Комсомольск,data-20180110-structure-20150128.csv,2018,9999,,,37,Ивановская область,57.027321,40.377602,1,55184.8,19537.0,380.4
1121,Лежневский,24-614-000-000,Лежневский муниципальный район,муниципальный район,,1,,п Лежнево,data-20180110-structure-20150128.csv,2018,9999,,,37,Ивановская область,56.775677,40.887329,1,58888.5,14905.0,387.0
1122,Лухский,24-615-000-000,Лухский муниципальный район,муниципальный район,,1,,п Лух,data-20180110-structure-20150128.csv,2018,9999,,,37,Ивановская область,57.007736,42.252235,1,40833.5,7399.0,364.3
1123,Палехский,24-617-000-000,Палехский муниципальный район,муниципальный район,,1,,п Палех,data-20180110-structure-20150128.csv,2018,9999,,,37,Ивановская область,56.8023842,41.8539925,1,48758.0,8518.0,373.3
1124,Пестяковский,24-619-000-000,Пестяковский муниципальный район,муниципальный район,,1,,п Пестяки,data-20180110-structure-20150128.csv,2018,9999,,,37,Ивановская область,56.7087539,42.6705083,1,42939.3,4744.0,366.2
1125,Приволжский,24-620-000-000,Приволжский муниципальный район,муниципальный район,,1,,г Приволжск,data-20180110-structure-20150128.csv,2018,9999,,,37,Ивановская область,57.380333,41.281178,1,49070.0,21589.0,370.2
1126,Пучежский,24-621-000-000,Пучежский муниципальный район,муниципальный район,,1,,г Пучеж,data-20180110-structure-20150128.csv,2018,9999,,,37,Ивановская область,56.9820977,43.168062,1,42853.9,10538.0,358.4
1127,Родниковский,24-623-000-000,Родниковский муниципальный район,муниципальный район,,1,,г Родники,data-20180110-structure-20150128.csv,2018,9999,,,37,Ивановская область,57.105225,41.72839,1,44956.0,29807.0,371.4
1128,Савинский,24-625-000-000,Савинский муниципальный район,муниципальный район,,1,,п Савино,data-20180110-structure-20150128.csv,2018,9999,,,37,Ивановская область,56.5907172,41.2151323,1,44763.1,9719.0,377.6
1129,Тейковский,24-629-000-000,Тейковский муниципальный район,муниципальный район,,3,24-707-000-000,г Тейково,data-20180110-structure-20150128.csv,2018,9999,,,37,Ивановская область,56.8554753,40.5405863,1,41697.3,9988.0,408.5
1130,Фурмановский,24-631-000-000,Фурмановский муниципальный район,муниципальный район,,1,,г Фурманов,data-20180110-structure-20150128.csv,2018,9999,,,37,Ивановская область,57.248756,41.10923,1,55508.6,33630.0,374.0
1131,Шуйский,24-633-000-000,Шуйский муниципальный район,муниципальный район,,3,24-711-000-000,г Шуя,data-20180110-structure-20150128.csv,2018,9999,,,37,Ивановская область,56.8558465,41.3838496,1,42714.8,19184.0,425.0
1132,Южский,24-635-000-000,Южский муниципальный район,муниципальный район,,1,,г Южа,data-20180110-structure-20150128.csv,2018,9999,,,37,Ивановская область,56.5840428,42.0109249,1,46097.5,19100.0,373.1
1133,Юрьевецкий,24-637-000-000,Юрьевецкий муниципальный район,муниципальный район,,1,,г Юрьевец,data-20180110-structure-20150128.csv,2018,9999,,,37,Ивановская область,57.30654364999999,43.10327169573893,1,39515.0,11464.0,351.4
1134,Иркутск,25-701-000-000,городской округ город Иркутск,городской округ,административный_центр_субъекта,2,25-612-000-000,г Иркутск,data-20180110-structure-20150128.csv,2018,9999,,,38,Иркутская область,52.2891225,104.279829,1,100088.5,606369.0,232.6
1135,Ангарский,25-703-000-000,городской округ Ангарский,городской округ,,1,,г Ангарск,data-20220425-structure-20150128.csv,2018,9999,,,38,Иркутская область,52.5443167,103.8882138,1,81000.1,217365.0,186.3
1136,Братск,25-714-000-000,городской округ город Братск,городской округ,,2,25-604-000-000,г Братск,data-20180110-structure-20150128.csv,2018,9999,,,38,Иркутская область,56.1517085,101.6334907,1,92229.0,220097.0,201.9
1137,Зима,25-720-000-000,городской округ Зима,городской округ,,1,,г Зима,data-20180110-structure-20150128.csv,2018,9999,,,38,Иркутская область,53.9211241,102.0491543,1,78591.9,29877.0,191.0
1138,Саянск,25-726-000-000,городской округ город Саянск,городской округ,,1,,г Саянск,data-20180110-structure-20150128.csv,2018,9999,,,38,Иркутская область,54.1123301,102.1785158,1,68906.5,35724.0,185.8
1139,Тулун,25-732-000-000,городской округ город Тулун,городской округ,,2,25-638-000-000,г Тулун,data-20180110-structure-20150128.csv,2018,9999,,,38,Иркутская область,54.562096,100.579216,1,66572.9,37583.0,194.3
1140,Усолье-Сибирское,25-736-000-000,городской округ город Усолье-Сибирское,городской округ,,1,,г Усолье-Сибирское,data-20180110-structure-20150128.csv,2018,9999,,,38,Иркутская область,52.7512013,103.6621625,1,65751.7,72594.0,187.5
1141,Усть-Илимск,25-738-000-000,городской округ город Усть-Илимск,городской округ,,2,25-642-000-000,г Усть-Илимск,data-20180110-structure-20150128.csv,2018,9999,,,38,Иркутская область,57.959473,102.734192,1,87337.6,77762.0,180.4
1142,Черемхово,25-745-000-000,городской округ город Черемхово,городской округ,,2,25-648-000-000,г Черемхово,data-20221219-structure-20150128.csv,2018,9999,,,38,Иркутская область,53.148434,103.070145,1,69323.6,53160.0,192.7
1143,Свирск,25-746-000-000,городской округ город Свирск,городской округ,,1,,г Свирск,data-20220425-structure-20150128.csv,2018,9999,,,38,Иркутская область,53.066269,103.342331,1,62609.4,15270.0,185.8
1144,Балаганский,25-601-000-000,Балаганский муниципальный район,муниципальный район,,1,,рп Балаганск,data-20180110-structure-20150128.csv,2018,9999,,,38,Иркутская область,54.006798,103.054024,1,62240.4,8577.0,183.2
1146,Братский,25-604-000-000,Братский муниципальный район,муниципальный район,,3,25-714-000-000,г Братск,data-20180110-structure-20150128.csv,2018,9999,,,38,Иркутская область,56.1517085,101.6334907,1,87830.9,47236.0,264.0
1147,Жигаловский,25-606-000-000,Жигаловский муниципальный район,муниципальный район,,1,,рп Жигалово,data-20180110-structure-20150128.csv,2018,9999,,,38,Иркутская область,54.812668,105.15229,1,126671.1,9747.0,169.1
1148,Заларинский,25-608-000-000,Заларинский муниципальный район,муниципальный район,,1,,рп Залари,data-20180110-structure-20150128.csv,2018,9999,,,38,Иркутская область,53.566238,102.515991,1,63924.6,26236.0,185.6
1149,Зиминский,25-610-000-000,Зиминский муниципальный район,муниципальный район,,1,,г Зима,data-20180110-structure-20150128.csv,2018,9999,,,38,Иркутская область,53.9211241,102.0491543,1,61874.5,12070.0,198.8
1150,Иркутский,25-612-000-000,Иркутский муниципальный район,муниципальный район,,3,25-701-000-000,г Иркутск,data-20180110-structure-20150128.csv,2018,9999,,,38,Иркутская область,52.2891225,104.279829,1,65699.5,167989.0,372.4
1151,Казачинско-Ленский,25-614-000-000,Казачинско-Ленский муниципальный район,муниципальный район,,1,,с Казачинское,data-20180110-structure-20150128.csv,2018,9999,,,38,Иркутская область,56.271587,107.567009,1,121226.2,14910.0,172.1
1152,Катангский,25-616-000-000,Катангский муниципальный район,муниципальный район,,1,,с Ербогачён,data-20180110-structure-20150128.csv,2018,9999,,,38,Иркутская область,61.275021,108.009712,1,153356.8,3016.0,158.7
1153,Качугский,25-618-000-000,Качугский муниципальный район,муниципальный район,,1,,рп Качуг,data-20180110-structure-20150128.csv,2018,9999,,,38,Иркутская область,53.960819,105.885147,1,62604.1,15044.0,172.8
1154,Киренский,25-620-000-000,Киренский муниципальный район,муниципальный район,,1,,г Киренск,data-20180110-structure-20150128.csv,2018,9999,,,38,Иркутская область,57.776356,108.116295,1,117123.7,15936.0,169.3
1155,Куйтунский,25-622-000-000,Куйтунский муниципальный район,муниципальный район,,1,,рп Куйтун,data-20180110-structure-20150128.csv,2018,9999,,,38,Иркутская область,54.344154,101.506195,1,60342.8,26931.0,186.8
1157,Нижнеилимский,25-626-000-000,Нижнеилимский муниципальный район,муниципальный район,,1,,г Железногорск-Илимский,data-20180110-structure-20150128.csv,2018,9999,,,38,Иркутская область,56.577915,104.12294,1,92977.7,41873.0,178.5
1158,Нижнеудинский,25-628-000-000,Нижнеудинский муниципальный район,муниципальный район,,1,,г Нижнеудинск,data-20180110-structure-20150128.csv,2018,9999,,,38,Иркутская область,54.9084881,99.0302862,1,73923.1,51698.0,190.1
1159,Ольхонский,25-630-000-000,Ольхонский муниципальный район,муниципальный район,,1,,с Еланцы,data-20180110-structure-20150128.csv,2018,9999,,,38,Иркутская область,52.799557,106.404564,1,61544.3,10483.0,174.5
1160,Слюдянский,25-634-000-000,Слюдянский муниципальный район,муниципальный район,,1,,г Слюдянка,data-20180110-structure-20150128.csv,2018,9999,,,38,Иркутская область,51.656769,103.719292,1,74683.2,38424.0,180.9
1161,Тайшетский,25-636-000-000,Тайшетский муниципальный район,муниципальный район,,1,,г Тайшет,data-20180110-structure-20150128.csv,2018,9999,,,38,Иркутская область,55.9385304,98.0196711,1,86393.9,69773.0,194.6
1163,Усольский,25-640-000-000,Усольский муниципальный район,муниципальный район,,1,,рп Белореченский,data-20180110-structure-20150128.csv,2018,9999,,,38,Иркутская область,52.8142174,103.52552,1,83332.4,47850.0,187.0
1164,Усть-Илимский,25-642-000-000,Усть-Илимский муниципальный район,муниципальный район,,3,25-738-000-000,г Усть-Илимск,data-20180110-structure-20150128.csv,2018,9999,,,38,Иркутская область,57.959473,102.734192,1,112935.1,12734.0,200.0
1165,Усть-Кутский,25-644-000-000,Усть-Кутский муниципальный район,муниципальный район,,1,,г Усть-Кут,data-20180110-structure-20150128.csv,2018,9999,,,38,Иркутская область,56.7810026,105.7460255,1,134257.8,41633.0,175.7
1166,Усть-Удинский,25-646-000-000,Усть-Удинский муниципальный район,муниципальный район,,1,,рп Усть-Уда,data-20180110-structure-20150128.csv,2018,9999,,,38,Иркутская область,54.1691395,103.0319541036817,1,58666.6,13291.0,171.0
1167,Черемховский,25-648-000-000,Черемховский муниципальный район,муниципальный район,,3,25-745-000-000,г Черемхово,data-20180110-structure-20150128.csv,2018,9999,,,38,Иркутская область,53.148434,103.070145,1,63332.0,28180.0,199.3
1168,Чунский,25-650-000-000,Чунский муниципальный район,муниципальный район,,1,,рп Чунский,data-20180110-structure-20150128.csv,2018,9999,,,38,Иркутская область,56.091248,99.633705,1,63915.8,26448.0,190.6
1169,Шелеховский,25-655-000-000,Шелеховский муниципальный район,муниципальный район,,1,,г Шелехов,data-20180110-structure-20150128.csv,2018,9999,,,38,Иркутская область,52.2097478,104.097683,1,88482.8,63683.0,191.3
1170,Аларский,25-605-000-000,Аларский муниципальный район,муниципальный район,,1,,п Кутулик,data-20180110-structure-20150128.csv,2018,9999,,,38,Иркутская область,53.3494147,102.7949052,1,61995.6,22320.0,186.1
1171,Баяндаевский,25-607-000-000,Баяндаевский муниципальный район,муниципальный район,,1,,с Баяндай,data-20180110-structure-20150128.csv,2018,9999,,,38,Иркутская область,53.067226,105.517876,1,63986.9,11534.0,178.0
1172,Боханский,25-609-000-000,Боханский муниципальный район,муниципальный район,,1,,п Бохан,data-20180110-structure-20150128.csv,2018,9999,,,38,Иркутская область,53.153561,103.766212,1,60665.0,25159.0,178.7
1173,Нукутский,25-629-000-000,Нукутский муниципальный район,муниципальный район,,1,,п Новонукутский,data-20180110-structure-20150128.csv,2018,9999,,,38,Иркутская область,53.700245,102.711548,1,62010.3,14902.0,185.1
1174,Осинский,25-631-000-000,Осинский муниципальный район,муниципальный район,,1,,с Оса,data-20180110-structure-20150128.csv,2018,9999,,,38,Иркутская область,53.388348,103.877457,1,61815.9,20704.0,177.3
1175,Эхирит-Булагатский,25-657-000-000,Эхирит-Булагатский муниципальный район,муниципальный район,,1,,п Усть-Ордынский,data-20180110-structure-20150128.csv,2018,9999,,,38,Иркутская область,52.8052218,104.7534712,1,59167.2,29626.0,182.1
1176,Калининград,27-701-000-000,городской округ город Калининград,городской округ,административный_центр_субъекта,1,,г Калининград,data-20180110-structure-20150128.csv,2018,9999,,,39,Калининградская область,54.710128,20.5105838,1,80295.6,489584.0,327.3
1178,Мамоновский,27-712-000-000,городской округ Мамоновский,городской округ,,1,,г Мамоново,data-20180110-structure-20150128.csv,2018,9999,,,39,Калининградская область,54.4636264,19.9414303,1,56117.9,8458.0,312.2
1179,Пионерский,27-717-000-000,городской округ Пионерский,городской округ,,1,,г Пионерский,data-20180110-structure-20150128.csv,2018,9999,,,39,Калининградская область,54.948227,20.22591,1,71932.3,12928.0,332.0
1180,Светловский,27-725-000-000,городской округ Светловский,городской округ,,1,,г Светлый,data-20180110-structure-20150128.csv,2018,9999,,,39,Калининградская область,54.673355,20.131153,1,105631.8,27486.0,341.9
1181,Советский,27-730-000-000,городской округ Советский,городской округ,,1,,г Советск,data-20180110-structure-20150128.csv,2018,9999,,,39,Калининградская область,55.0809688,21.8882673,1,61178.7,38474.0,293.7
1184,Балтийский,27-705-000-000,городской округ Балтийский,городской округ,,1,,г Балтийск,data-20190319-structure-20150128.csv,2019,9999,,,39,Калининградская область,54.6437214,19.8941584,1,49215.8,29289.0,391.0
1185,Гвардейский,27-506-000-000,муниципальный округ Гвардейский,муниципальный округ,,1,,г Гвардейск,data-20220128-structure-20150128.csv,2021,9999,,,39,Калининградская область,54.6478265,21.0719431,1,56213.3,28931.0,315.0
1186,Гурьевский,27-507-000-000,муниципальный округ Гурьевский,муниципальный округ,,1,,г Гурьевск,data-20220128-structure-20150128.csv,2021,9999,,,39,Калининградская область,54.7745571,20.6037041,1,77261.7,110395.0,331.3
1187,Гусевский,27-709-000-000,городской округ Гусевский,городской округ,,1,,г Гусев,data-20180110-structure-20150128.csv,2018,9999,,,39,Калининградская область,54.5921685,22.2014752,1,53619.0,37472.0,292.6
1188,Зеленоградский,27-510-000-000,муниципальный округ Зеленоградский,муниципальный округ,,1,,г Зеленоградск,data-20220128-structure-20150128.csv,2021,9999,,,39,Калининградская область,54.9600365,20.4750188,1,74304.6,39588.0,325.1
1189,Краснознаменский,27-513-000-000,муниципальный округ Краснознаменский,муниципальный округ,,1,,г Краснознаменск,data-20220128-structure-20150128.csv,2021,9999,,,39,Калининградская область,54.9415225,22.4912976,1,55329.1,10823.0,286.7
1190,Светлогорский,27-734-000-000,городской округ Светлогорский,городской округ,,1,,г Светлогорск,data-20190419-structure-20150128.csv,2019,9999,,,39,Калининградская область,54.9417552,20.1550863,1,66207.1,21165.0,332.7
1191,Неманский,27-514-000-000,муниципальный округ Неманский,муниципальный округ,,1,,г Неман,data-20220128-structure-20150128.csv,2021,9999,,,39,Калининградская область,55.0359656,22.0293578,1,60846.2,15267.0,292.6
1192,Нестеровский,27-515-000-000,муниципальный округ Нестеровский,муниципальный округ,,1,,г Нестеров,data-20220128-structure-20150128.csv,2021,9999,,,39,Калининградская область,54.6325455,22.5710998,1,61643.1,11632.0,287.6
1193,Озерский,27-516-000-000,муниципальный округ Озерский,муниципальный округ,,1,,г Озерск,data-20220128-structure-20150128.csv,2021,9999,,,39,Калининградская область,54.408741,22.014359,1,56999.8,12553.0,291.6
1194,Полесский,27-518-000-000,муниципальный округ Полесский,муниципальный округ,,1,,г Полесск,data-20220128-structure-20150128.csv,2021,9999,,,39,Калининградская область,54.8627556,21.1098591,1,60342.0,17007.0,312.9
1195,Правдинский,27-519-000-000,муниципальный округ Правдинский,муниципальный округ,,1,,г Правдинск,data-20220128-structure-20150128.csv,2021,9999,,,39,Калининградская область,54.447144,21.01399,1,72264.6,18045.0,309.3
1196,Славский,27-527-000-000,муниципальный округ Славский,муниципальный округ,,1,,г Славск,data-20220128-structure-20150128.csv,2021,9999,,,39,Калининградская область,55.04549,21.679073,1,46801.7,15573.0,294.7
1197,Черняховский,27-539-000-000,муниципальный округ Черняховский,муниципальный округ,,1,,г Черняховск,data-20220128-structure-20150128.csv,2021,9999,,,39,Калининградская область,54.635533,21.8099822,1,62572.9,45312.0,299.2
1198,Калуга,29-701-000-000,городской округ город Калуга,городской округ,административный_центр_субъекта,1,,г Калуга,data-20180110-structure-20150128.csv,2018,9999,,,40,Калужская область,54.5101087,36.2598115,1,79422.4,351103.0,399.5
1200,Бабынинский,29-602-000-000,Бабынинский муниципальный район,муниципальный район,,1,,п Бабынино,data-20180110-structure-20150128.csv,2018,9999,,,40,Калужская область,54.3910744,35.7400192,1,68312.5,20665.0,389.8
1201,Барятинский,29-604-000-000,Барятинский муниципальный район,муниципальный район,,1,,с Барятино,data-20180110-structure-20150128.csv,2018,9999,,,40,Калужская область,54.3102823,34.5190756,1,59608.3,5446.0,360.3
1203,Дзержинский,29-608-000-000,Дзержинский муниципальный район,муниципальный район,,1,,г Кондрово,data-20180110-structure-20150128.csv,2018,9999,,,40,Калужская область,54.8069199,35.9301213,1,68888.7,56426.0,399.3
1204,Думиничский,29-610-000-000,Думиничский муниципальный район,муниципальный район,,1,,п Думиничи,data-20180110-structure-20150128.csv,2018,9999,,,40,Калужская область,53.933388,35.105518000000004,1,42288.3,13284.0,366.0
1205,Жиздринский,29-612-000-000,Жиздринский муниципальный район,муниципальный район,,1,,г Жиздра,data-20180110-structure-20150128.csv,2018,9999,,,40,Калужская область,53.7485337,34.7353545,1,44104.3,9807.0,360.6
1206,Жуковский,29-613-000-000,Жуковский муниципальный район,муниципальный район,,1,,г Жуков,data-20180110-structure-20150128.csv,2018,9999,,,40,Калужская область,55.0338,36.7489,1,83534.0,60240.0,435.2
1207,Кировский,29-614-000-000,Кировский муниципальный район,муниципальный район,административный_центр_субъекта,1,,г Киров,data-20180110-structure-20150128.csv,2018,9999,,,40,Калужская область,54.0742905,34.3025979,1,56599.0,37540.0,351.8
1208,Износковский,29-615-000-000,Износковский муниципальный район,муниципальный район,,1,,с Износки,data-20180110-structure-20150128.csv,2018,9999,,,40,Калужская область,54.9911,35.3064,1,68389.6,6363.0,382.8
1209,Козельский,29-616-000-000,Козельский муниципальный район,муниципальный район,,1,,г Козельск,data-20180110-structure-20150128.csv,2018,9999,,,40,Калужская область,54.03832175,35.78290647818667,1,56722.2,38129.0,377.6
1210,Куйбышевский,29-618-000-000,Куйбышевский муниципальный район,муниципальный район,,1,,п Бетлица,data-20180110-structure-20150128.csv,2018,9999,,,40,Калужская область,54.0140623,33.9446908,1,56391.3,7291.0,345.0
1211,Людиновский,29-620-000-000,Людиновский муниципальный район,муниципальный район,,1,,г Людиново,data-20180110-structure-20150128.csv,2018,9999,,,40,Калужская область,53.8454692,34.43152145267353,1,61454.2,38134.0,354.9
1212,Малоярославецкий,29-623-000-000,Малоярославецкий муниципальный район,муниципальный район,,1,,г Малоярославец,data-20180110-structure-20150128.csv,2018,9999,,,40,Калужская область,55.012181,36.4590246,1,77128.2,69194.0,430.5
1213,Медынский,29-625-000-000,Медынский муниципальный район,муниципальный район,,1,,г Медынь,data-20180110-structure-20150128.csv,2018,9999,,,40,Калужская область,54.969,35.857,1,49871.7,12187.0,407.3
1214,Мещовский,29-627-000-000,Мещовский муниципальный район,муниципальный район,,1,,г Мещовск,data-20180110-structure-20150128.csv,2018,9999,,,40,Калужская область,54.3207145,35.2796334,1,48563.5,11280.0,376.4
1215,Мосальский,29-629-000-000,Мосальский муниципальный район,муниципальный район,,1,,г Мосальск,data-20180110-structure-20150128.csv,2018,9999,,,40,Калужская область,54.4872876,34.9789866,1,49701.5,9032.0,371.4
1217,Спас-Деменский,29-634-000-000,Спас-Деменский муниципальный район,муниципальный район,,1,,г Спас-Деменск,data-20180110-structure-20150128.csv,2018,9999,,,40,Калужская область,54.412586,34.0309659,1,48916.0,7334.0,349.0
1218,Сухиничский,29-636-000-000,Сухиничский муниципальный район,муниципальный район,,1,,г Сухиничи,data-20180110-structure-20150128.csv,2018,9999,,,40,Калужская область,54.096976,35.35334952467876,1,50460.2,22227.0,374.0
1219,Тарусский,29-638-000-000,Тарусский муниципальный район,муниципальный район,,1,,г Таруса,data-20180110-structure-20150128.csv,2018,9999,,,40,Калужская область,54.7293536,37.1815538,1,65384.6,16375.0,425.3
1220,Ульяновский,29-642-000-000,Ульяновский муниципальный район,муниципальный район,,1,,с Ульяново,data-20180110-structure-20150128.csv,2018,9999,,,40,Калужская область,53.723654,35.5298461,1,56053.3,6942.0,361.5
1221,Ферзиковский,29-644-000-000,Ферзиковский муниципальный район,муниципальный район,,1,,п Ферзиково,data-20180110-structure-20150128.csv,2018,9999,,,40,Калужская область,54.51565365,36.76025305349451,1,72028.2,18112.0,403.5
1222,Хвастовичский,29-646-000-000,Хвастовичский муниципальный район,муниципальный район,,1,,с Хвастовичи,data-20180110-structure-20150128.csv,2018,9999,,,40,Калужская область,53.465855,35.089252,1,48986.0,9685.0,355.4
1223,Юхновский,29-650-000-000,Юхновский муниципальный район,муниципальный район,,1,,г Юхнов,data-20180110-structure-20150128.csv,2018,9999,,,40,Калужская область,54.7415766,35.2264393,1,48955.6,12596.0,373.6
1224,Кемеровский,32-701-000-000,городской округ Кемеровский,городской округ,административный_центр_субъекта,2,32-607-000-000;32-507-000-000,г Кемерово,data-20180110-structure-20150128.csv,2018,9999,,,42,Кемеровская область,55.3550907,86.0871213,1,89253.4,544600.0,246.0
1225,Анжеро-Судженский,32-704-000-000,городской округ Анжеро-Судженский,городской округ,,1,,г Анжеро-Судженск,data-20180110-structure-20150128.csv,2018,9999,,,42,Кемеровская область,56.077808,86.019356,1,64151.9,69293.0,227.6
1226,Беловский,32-707-000-000,городской округ Беловский,городской округ,,1,,г Белово,data-20180110-structure-20150128.csv,2018,9999,,,42,Кемеровская область,54.419323,86.303429,1,84372.8,119175.0,231.9
1227,Березовский,32-710-000-000,городской округ Березовский,городской округ,,1,,г Березовский,data-20180110-structure-20150128.csv,2018,9999,,,42,Кемеровская область,55.6696946,86.275154,1,71731.8,45757.0,231.2
1228,Калтанский,32-715-000-000,городской округ Калтанский,городской округ,,1,,г Калтан,data-20180110-structure-20150128.csv,2018,9999,,,42,Кемеровская область,53.519459,87.286179,1,84563.5,29026.0,224.3
1229,Киселевский,32-716-000-000,городской округ Киселевский,городской округ,,1,,г Киселевск,data-20180110-structure-20150128.csv,2018,9999,,,42,Кемеровская область,54.0049872,86.6354771,1,78066.9,85300.0,229.8
1230,Ленинск-Кузнецкий,32-719-000-000,городской округ Ленинск-Кузнецкий,городской округ,,2,32-613-000-000;32-513-000-000,г Ленинск-Кузнецкий,data-20180110-structure-20150128.csv,2018,9999,,,42,Кемеровская область,54.665443,86.166115,1,79631.2,90570.0,243.2
1231,Междуреченский,32-725-000-000,городской округ Междуреченский,городской округ,,1,,г Междуреченск,data-20180110-structure-20150128.csv,2018,9999,,,42,Кемеровская область,53.6863763,88.0703443,1,89519.3,96216.0,217.7
1232,Мысковский,32-728-000-000,городской округ Мысковский,городской округ,,1,,г Мыски,data-20180110-structure-20150128.csv,2018,9999,,,42,Кемеровская область,53.71386,87.800316,1,81434.6,41229.0,221.7
1233,Новокузнецкий,32-731-000-000,городской округ Новокузнецкий,городской округ,,2,32-619-000-000;32-519-000-000,г Новокузнецк,data-20180110-structure-20150128.csv,2018,9999,,,42,Кемеровская область,53.7575903,87.1358494,1,86188.6,531186.0,246.0
1234,Осинниковский,32-734-000-000,городской округ Осинниковский,городской округ,,1,,г Осинники,data-20180110-structure-20150128.csv,2018,9999,,,42,Кемеровская область,53.606995,87.332893,1,73232.1,43655.0,225.3
1235,Полысаевский,32-732-000-000,городской округ Полысаевский,городской округ,,1,,г Полысаево,data-20180110-structure-20150128.csv,2018,9999,,,42,Кемеровская область,54.603142,86.276024,1,84713.4,27901.0,235.4
1236,Прокопьевский,32-737-000-000,городской округ Прокопьевский,городской округ,,2,32-622-000-000;32-522-000-000,г Прокопьевск,data-20180110-structure-20150128.csv,2018,9999,,,42,Кемеровская область,53.8879117,86.7492072,1,66883.2,172618.0,251.2
1237,Тайгинский,32-740-000-000,городской округ Тайгинский,городской округ,,1,,г Тайга,data-20180110-structure-20150128.csv,2018,9999,,,42,Кемеровская область,56.065071,85.631325,1,75820.2,23065.0,229.8
1238,Юргинский,32-749-000-000,городской округ Юргинский,городской округ,,2,32-640-000-000;32-540-000-000,г Юрга,data-20180110-structure-20150128.csv,2018,9999,,,42,Кемеровская область,55.7136,84.934799,1,56879.1,78009.0,248.2
1240,Беловский,32-501-000-000,Беловский муниципальный округ,муниципальный округ,,1,,с Вишневка,data-20220128-structure-20150128.csv,2022,9999,,,42,Кемеровская область,54.412445,86.399742,1,91675.7,24823.0,234.5
1241,Гурьевский,32-502-000-000,Гурьевский муниципальный округ,муниципальный округ,,1,,г Гурьевск,data-20200301-structure-20150128.csv,2020,9999,,,42,Кемеровская область,54.284954,85.931091,1,71207.1,36402.0,230.9
1242,Ижморский,32-504-000-000,Ижморский муниципальный округ,муниципальный округ,,1,,пгт Ижморский,data-20200301-structure-20150128.csv,2020,9999,,,42,Кемеровская область,56.192169,86.637169,1,56215.2,9689.0,225.5
1243,Кемеровский,32-507-000-000,Кемеровский муниципальный округ,муниципальный округ,,3,32-701-000-000,г Кемерово,data-20200301-structure-20150128.csv,2020,9999,,,42,Кемеровская область,55.3550907,86.0871213,1,89228.0,45263.0,448.4
1244,Крапивинский,32-510-000-000,Крапивинский муниципальный округ,муниципальный округ,,1,,пгт Крапивинский,data-20200301-structure-20150128.csv,2020,9999,,,42,Кемеровская область,55.003925,86.805855,1,54839.7,21713.0,228.6
1246,Мариинский,32-516-000-000,Мариинский муниципальный округ,муниципальный округ,,1,,г Мариинск,data-20220128-structure-20150128.csv,2022,9999,,,42,Кемеровская область,56.206299,87.751259,1,53482.0,50597.0,221.7
1249,Промышленновский,32-525-000-000,Промышленновский муниципальный округ,муниципальный округ,,1,,пгт Промышленная,data-20200301-structure-20150128.csv,2020,9999,,,42,Кемеровская область,54.918655,85.6380293,1,59965.6,45477.0,234.9
1250,Таштагольский,32-627-000-000,Таштагольский муниципальный район,муниципальный район,,1,,г Таштагол,data-20180110-structure-20150128.csv,2018,9999,,,42,Кемеровская область,52.7594694,87.8484499,1,73007.0,48876.0,211.8
1251,Тисульский,32-528-000-000,Тисульский муниципальный округ,муниципальный округ,,1,,пгт Тисуль,data-20210225-structure-20150128.csv,2021,9999,,,42,Кемеровская область,55.763851,88.3130216,1,67008.1,17957.0,218.7
1252,Топкинский,32-531-000-000,Топкинский муниципальный округ,муниципальный округ,,1,,г Топки,data-20200301-structure-20150128.csv,2020,9999,,,42,Кемеровская область,55.2751962,85.6228741,1,68169.5,40525.0,234.7
1253,Тяжинский,32-534-000-000,Тяжинский муниципальный округ,муниципальный округ,,1,,пгт Тяжинский,data-20200301-structure-20150128.csv,2020,9999,,,42,Кемеровская область,56.1139351,88.5171814,1,51882.0,18381.0,219.4
1254,Чебулинский,32-537-000-000,Чебулинский муниципальный округ,муниципальный округ,,1,,пгт Верх-Чебула,data-20200301-structure-20150128.csv,2020,9999,,,42,Кемеровская область,56.0330343,87.6220223,1,54074.7,12997.0,223.4
1256,Яйский,32-543-000-000,Яйский муниципальный округ,муниципальный округ,,1,,пгт Яя,data-20200301-structure-20150128.csv,2020,9999,,,42,Кемеровская область,56.2020084,86.4485361,1,59594.2,15502.0,226.4
1257,Яшкинский,32-546-000-000,Яшкинский муниципальный округ,муниципальный округ,,1,,пгт Яшкино,data-20200301-structure-20150128.csv,2020,9999,,,42,Кемеровская область,55.8717888,85.4380316,1,66871.0,26089.0,232.3
1258,Киров,33-701-000-000,городской округ город Киров,городской округ,административный_центр_субъекта,1,,г Киров,data-20180110-structure-20150128.csv,2018,9999,,,43,Кировская область,58.6035661,49.6666241,1,71313.0,500457.0,315.7
1259,Вятские Поляны,33-704-000-000,городской округ город Вятские Поляны,городской округ,,2,33-610-000-000,г Вятские Поляны,data-20180110-structure-20150128.csv,2018,9999,,,43,Кировская область,56.2229946,51.0749038,1,51795.0,28922.0,355.1
1260,Кирово-Чепецк,33-707-000-000,городской округ город Кирово-Чепецк,городской округ,,2,33-618-000-000,г Кирово-Чепецк,data-20180110-structure-20150128.csv,2018,9999,,,43,Кировская область,58.555069,50.0313048,1,66540.6,64571.0,328.0
1261,Котельнич,33-710-000-000,городской округ город Котельнич,городской округ,,2,33-619-000-000,г Котельнич,data-20180110-structure-20150128.csv,2018,9999,,,43,Кировская область,58.3057312,48.32643959050836,1,47149.4,19454.0,333.4
1262,Слободской,33-713-000-000,городской округ город Слободской,городской округ,,2,33-635-000-000,г Слободской,data-20180110-structure-20150128.csv,2018,9999,,,43,Кировская область,58.7277816,50.1771234,1,54829.1,28479.0,341.0
1264,Арбажский,33-502-000-000,муниципальный округ Арбажский,муниципальный округ,,1,,пгт Арбаж,data-20210118-structure-20150128.csv,2021,9999,,,43,Кировская область,57.6793484,48.3035946,1,43781.2,4257.0,325.6
1265,Афанасьевский,33-503-000-000,муниципальный округ Афанасьевский,муниципальный округ,,1,,пгт Афанасьево,data-20221219-structure-20150128.csv,2023,9999,,,43,Кировская область,58.865421,53.26273,2,41260.4,10517.0,306.0
1266,Белохолуницкий,33-605-000-000,Белохолуницкий муниципальный район,муниципальный район,,1,,г Белая Холуница,data-20180110-structure-20150128.csv,2018,9999,,,43,Кировская область,58.8432546,50.8528865,1,44284.2,15062.0,311.7
1267,Богородский,33-506-000-000,муниципальный округ Богородский,муниципальный округ,,1,,пгт Богородское,data-20210118-structure-20150128.csv,2021,9999,,,43,Кировская область,57.8316459,50.7512195,1,52350.7,3151.0,314.8
1268,Верхнекамский,33-507-000-000,муниципальный округ Верхнекамский,муниципальный округ,,1,,г Кирс,data-20220128-structure-20150128.csv,2022,9999,,,43,Кировская область,59.3398971,52.2418232,1,47299.7,19600.0,300.8
1269,Верхошижемский,33-608-000-000,Верхошижемский муниципальный район,муниципальный район,,1,,пгт Верхошижемье,data-20180110-structure-20150128.csv,2018,9999,,,43,Кировская область,58.0140582,49.1040391,1,48704.7,6778.0,322.6
1270,Вятскополянский,33-610-000-000,Вятскополянский муниципальный район,муниципальный район,,3,33-704-000-000,г Вятские Поляны,data-20180110-structure-20150128.csv,2018,9999,,,43,Кировская область,56.2229946,51.0749038,1,42873.6,22503.0,360.1
1271,Даровской,33-612-000-000,Даровской муниципальный район,муниципальный район,,1,,пгт Даровской,data-20180110-structure-20150128.csv,2018,9999,,,43,Кировская область,58.7705606,47.9584366,1,43238.2,8117.0,314.5
1272,Зуевский,33-614-000-000,Зуевский муниципальный район,муниципальный район,,1,,г Зуевка,data-20180110-structure-20150128.csv,2018,9999,,,43,Кировская область,58.4060241,51.1388605,1,52984.0,16435.0,312.4
1273,Кикнурский,33-516-000-000,муниципальный округ Кикнурский,муниципальный округ,,1,,пгт Кикнур,data-20210118-structure-20150128.csv,2021,9999,,,43,Кировская область,57.3049331,47.2089404,1,38942.9,6384.0,336.0
1274,Кильмезский,33-617-000-000,Кильмезский муниципальный район,муниципальный район,,1,,пгт Кильмезь,data-20180110-structure-20150128.csv,2018,9999,,,43,Кировская область,56.9449015,51.0613993,1,42344.0,9573.0,330.8
1275,Кирово-Чепецкий,33-618-000-000,Кирово-Чепецкий муниципальный район,муниципальный район,,3,33-707-000-000,г Кирово-Чепецк,data-20180110-structure-20150128.csv,2018,9999,,,43,Кировская область,58.555069,50.0313048,1,57342.1,19898.0,352.3
1276,Котельничский,33-619-000-000,Котельничский муниципальный район,муниципальный район,,3,33-710-000-000,г Котельнич,data-20180110-structure-20150128.csv,2018,9999,,,43,Кировская область,58.3057312,48.32643959050836,1,46001.0,9945.0,341.0
1277,Куменский,33-620-000-000,Куменский муниципальный район,муниципальный район,,1,,пгт Кумены,data-20180110-structure-20150128.csv,2018,9999,,,43,Кировская область,58.1100761,49.9173135,1,57854.2,14038.0,318.3
1278,Лебяжский,33-521-000-000,муниципальный округ Лебяжский,муниципальный округ,,1,,пгт Лебяжье,data-20220128-structure-20150128.csv,2022,9999,,,43,Кировская область,57.4095434,49.5276891,1,40689.3,5283.0,326.6
1279,Лузский,33-522-000-000,муниципальный округ Лузский,муниципальный округ,,1,,г Луза,data-20220128-structure-20150128.csv,2022,9999,,,43,Кировская область,60.6306233,47.2549261,1,45723.0,12427.0,294.2
1280,Малмыжский,33-623-000-000,Малмыжский муниципальный район,муниципальный район,,1,,г Малмыж,data-20180110-structure-20150128.csv,2018,9999,,,43,Кировская область,56.5206314,50.6775905,1,44116.7,19801.0,338.8
1281,Мурашинский,33-524-000-000,муниципальный округ Мурашинский,муниципальный округ,,1,,г Мураши,data-20220128-structure-20150128.csv,2022,9999,,,43,Кировская область,59.3951018,48.9644445,1,65023.4,8746.0,305.8
1282,Нагорский,33-625-000-000,Нагорский муниципальный район,муниципальный район,,1,,пгт Нагорск,data-20180110-structure-20150128.csv,2018,9999,,,43,Кировская область,59.3159141,50.8017309,1,44270.2,6225.0,301.8
1284,Нолинский,33-627-000-000,Нолинский муниципальный район,муниципальный район,,1,,г Нолинск,data-20180110-structure-20150128.csv,2018,9999,,,43,Кировская область,57.5599476,49.93850528482464,1,43969.9,15213.0,321.8
1285,Омутнинский,33-628-000-000,Омутнинский муниципальный район,муниципальный район,,1,,г Омутнинск,data-20180110-structure-20150128.csv,2018,9999,,,43,Кировская область,58.668304,52.17625,1,55132.6,33193.0,305.3
1286,Опаринский,33-529-000-000,муниципальный округ Опаринский,муниципальный округ,,1,,пгт Опарино,data-20220128-structure-20150128.csv,2022,9999,,,43,Кировская область,59.8516589,48.2777768,1,46554.0,6571.0,298.9
1287,Оричевский,33-630-000-000,Оричевский муниципальный район,муниципальный район,,1,,пгт Оричи,data-20180110-structure-20150128.csv,2018,9999,,,43,Кировская область,58.4013081,49.0564965,1,50711.2,24539.0,318.1
1288,Орловский,33-645-000-000,Орловский муниципальный район,муниципальный район,,1,,г Орлов,data-20180110-structure-20150128.csv,2018,9999,,,43,Кировская область,58.5363174,48.8850765,1,49280.8,9136.0,321.6
1289,Пижанский,33-531-000-000,муниципальный округ Пижанский,муниципальный округ,,1,,пгт Пижанка,data-20220128-structure-20150128.csv,2022,9999,,,43,Кировская область,57.460224,48.533832,1,45963.3,7903.0,331.8
1290,Подосиновский,33-632-000-000,Подосиновский муниципальный район,муниципальный район,,1,,пгт Подосиновец,data-20180110-structure-20150128.csv,2018,9999,,,43,Кировская область,60.279064,47.06477,1,47295.1,11195.0,300.4
1291,Санчурский,33-533-000-000,муниципальный округ Санчурский,муниципальный округ,,1,,пгт Санчурск,data-20210118-structure-20150128.csv,2021,9999,,,43,Кировская область,56.9404036,47.2526947,1,39558.7,6900.0,338.4
1292,Свечинский,33-534-000-000,муниципальный округ Свечинский,муниципальный округ,,1,,пгт Свеча,data-20210118-structure-20150128.csv,2021,9999,,,43,Кировская область,58.277,47.512543,1,44029.9,5744.0,324.4
1293,Слободской,33-635-000-000,Слободской муниципальный район,муниципальный район,,3,33-713-000-000,г Слободской,data-20180110-structure-20150128.csv,2018,9999,,,43,Кировская область,58.7277816,50.1771234,1,51617.9,32057.0,338.4
1294,Советский,33-636-000-000,Советский муниципальный район,муниципальный район,,1,,г Советск,data-20180110-structure-20150128.csv,2018,9999,,,43,Кировская область,57.5914193,48.95836130705428,1,48817.2,21424.0,328.7
1295,Сунский,33-637-000-000,Сунский муниципальный район,муниципальный район,,1,,пгт Суна,data-20180110-structure-20150128.csv,2018,9999,,,43,Кировская область,57.8335115,50.0589449,1,50882.6,4826.0,318.8
1296,Тужинский,33-638-000-000,Тужинский муниципальный район,муниципальный район,,1,,пгт Тужа,data-20180110-structure-20150128.csv,2018,9999,,,43,Кировская область,57.6053835,47.9373723,1,39954.9,5475.0,330.8
1297,Унинский,33-540-000-000,муниципальный округ Унинский,муниципальный округ,,1,,пгт Уни,data-20220128-structure-20150128.csv,2022,9999,,,43,Кировская область,57.7543697,51.4895258,1,44072.1,5751.0,311.9
1298,Уржумский,33-641-000-000,Уржумский муниципальный район,муниципальный район,,1,,г Уржум,data-20180110-structure-20150128.csv,2018,9999,,,43,Кировская область,57.1101118,50.0003067,1,46534.2,19396.0,330.8
1299,Фаленский,33-543-000-000,муниципальный округ Фаленский,муниципальный округ,,1,,пгт Фаленки,data-20210118-structure-20150128.csv,2021,9999,,,43,Кировская область,58.3553667,51.5965834,1,44839.4,7168.0,311.2
1300,Шабалинский,33-647-000-000,Шабалинский муниципальный район,муниципальный район,,1,,пгт Ленинское,data-20180110-structure-20150128.csv,2018,9999,,,43,Кировская область,58.3163535,47.0858159,1,44357.5,7140.0,324.7
1301,Юрьянский,33-649-000-000,Юрьянский муниципальный район,муниципальный район,,1,,пгт Юрья,data-20180110-structure-20150128.csv,2018,9999,,,43,Кировская область,59.0422736,49.2802038,1,61840.7,15836.0,313.3
1302,Яранский,33-650-000-000,Яранский муниципальный район,муниципальный район,,1,,г Яранск,data-20180110-structure-20150128.csv,2018,9999,,,43,Кировская область,57.3042882,47.8855774,1,44396.5,19268.0,337.7
1303,Кострома,34-701-000-000,городской округ город Кострома,городской округ,административный_центр_субъекта,2,34-614-000-000,г Кострома,data-20180110-structure-20150128.csv,2018,9999,,,44,Костромская область,57.7679158,40.9269141,1,67574.4,265761.0,383.2
1304,Буй,34-705-000-000,городской округ город Буй,городской округ,,2,34-604-000-000,г Буй,data-20180110-structure-20150128.csv,2018,9999,,,44,Костромская область,58.4816821,41.532956,1,63047.3,19938.0,351.1
1305,Волгореченск,34-706-000-000,городской округ город Волгореченск,городской округ,,1,,г Волгореченск,data-20180110-structure-20150128.csv,2018,9999,,,44,Костромская область,57.44224775,41.15947358625323,1,72931.3,14030.0,367.9
1306,Галич,34-708-000-000,городской округ город Галич,городской округ,,2,34-608-000-000,г Галич,data-20180110-structure-20150128.csv,2018,9999,,,44,Костромская область,58.381382,42.347916,1,53922.7,12488.0,347.6
1308,Шарья,34-730-000-000,городской округ город Шарья,городской округ,,2,34-648-000-000,г Шарья,data-20180110-structure-20150128.csv,2018,9999,,,44,Костромская область,58.36974795,45.51729631871895,1,55333.6,30008.0,337.0
1309,Антроповский,34-602-000-000,Антроповский муниципальный район,муниципальный район,,1,,п Антропово,data-20180110-structure-20150128.csv,2018,9999,,,44,Костромская область,58.3976,43.005,1,43449.9,4987.0,341.2
1310,Буйский,34-604-000-000,Буйский муниципальный район,муниципальный район,,3,34-705-000-000,г Буй,data-20180110-structure-20150128.csv,2018,9999,,,44,Костромская область,58.4816821,41.532956,1,40017.6,8634.0,358.2
1311,Вохомский,34-606-000-000,Вохомский муниципальный район,муниципальный район,,1,,п Вохма,data-20180110-structure-20150128.csv,2018,9999,,,44,Костромская область,58.9306116,46.7588656,1,42235.8,6543.0,313.1
1312,Галичский,34-608-000-000,Галичский муниципальный район,муниципальный район,,3,34-708-000-000,г Галич,data-20180110-structure-20150128.csv,2018,9999,,,44,Костромская область,58.381382,42.347916,1,62147.2,6258.0,351.8
1313,Кадыйский,34-610-000-000,Кадыйский муниципальный район,муниципальный район,,1,,пгт Кадый,data-20180110-structure-20150128.csv,2018,9999,,,44,Костромская область,57.784485,43.189411,1,40498.1,5744.0,345.9
1314,Кологривский,34-512-000-000,Кологривский муниципальный округ,муниципальный округ,,1,,г Кологрив,data-20220128-structure-20150128.csv,2022,9999,,,44,Костромская область,58.825497,44.311275,1,38820.9,3925.0,320.7
1315,Костромской,34-614-000-000,Костромской муниципальный район,муниципальный район,,3,34-701-000-000,г Кострома,data-20180110-structure-20150128.csv,2018,9999,,,44,Костромская область,57.7679158,40.9269141,1,51506.7,40577.0,491.9
1316,Красносельский,34-616-000-000,Красносельский муниципальный район,муниципальный район,,1,,пгт Красное-на-Волге,data-20180110-structure-20150128.csv,2018,9999,,,44,Костромская область,57.509319,41.237621,1,77237.1,16012.0,358.7
1317,Макарьевский,34-618-000-000,Макарьевский муниципальный район,муниципальный район,,1,,г Макарьев,data-20180110-structure-20150128.csv,2018,9999,,,44,Костромская область,57.880402,43.80724,1,40165.1,9933.0,343.1
1319,Межевской,34-522-000-000,Межевской муниципальный округ,муниципальный округ,,1,,с Георгиевское,data-20220128-structure-20150128.csv,2022,9999,,,44,Костромская область,58.7303454,45.0299127,1,43755.6,2703.0,326.6
1320,Нейский,34-524-000-000,Нейский муниципальный округ,муниципальный округ,,1,,г Нея,data-20220128-structure-20150128.csv,2022,9999,,,44,Костромская область,58.2940908,43.8609201,1,47761.7,9904.0,337.9
1321,Нерехта и Нерехтский,34-626-000-000,муниципальный район город Нерехта и Нерехтский район,муниципальный район,,1,,г Нерехта,data-20180110-structure-20150128.csv,2018,9999,,,44,Костромская область,57.460655,40.573799,1,57044.8,27921.0,371.4
1322,Октябрьский,34-628-000-000,Октябрьский муниципальный район,муниципальный район,,1,,с Боговарово,data-20180110-structure-20150128.csv,2018,9999,,,44,Костромская область,58.9755482,47.0195907,1,43080.4,3257.0,311.0
1323,Островский,34-530-000-000,Островский муниципальный округ,муниципальный округ,,1,,п Островское,data-20240101-structure-20150128.csv,2024,9999,,,44,Костромская область,57.80144,42.19736,2,43225.9,8787.0,353.7
1324,Павинский,34-532-000-000,Павинский муниципальный округ,муниципальный округ,,1,,с Павино,data-20240101-structure-20150128.csv,2024,9999,,,44,Костромская область,59.1213617,46.1917504,2,40332.4,2935.0,315.9
1325,Парфеньевский,34-534-000-000,Парфеньевский муниципальный округ,муниципальный округ,,1,,с Парфеньево,data-20220128-structure-20150128.csv,2022,9999,,,44,Костромская область,58.4799889,43.4086182,1,41821.5,4283.0,336.2
1326,Поназыревский,34-536-000-000,Поназыревский муниципальный округ,муниципальный округ,,1,,пгт Поназырево,data-20221219-structure-20150128.csv,2023,9999,,,44,Костромская область,58.358154,46.317429,2,41439.4,4593.0,326.6
1327,Пыщугский,34-538-000-000,Пыщугский муниципальный округ,муниципальный округ,,1,,с Пыщуг,data-20221219-structure-20150128.csv,2023,9999,,,44,Костромская область,59.0104505,45.6111145,2,43290.7,3269.0,321.8
1328,Солигаличский,34-540-000-000,Солигаличский муниципальный округ,муниципальный округ,,1,,г Солигалич,data-20240101-structure-20150128.csv,2024,9999,,,44,Костромская область,59.0777693,42.2861828,2,48518.8,7528.0,324.7
1329,Судиславский,34-642-000-000,Судиславский муниципальный район,муниципальный район,,1,,пгт Судиславль,data-20180110-structure-20150128.csv,2018,9999,,,44,Костромская область,57.881283,41.712421,1,52917.0,10748.0,356.1
1330,Сусанинский,34-644-000-000,Сусанинский муниципальный район,муниципальный район,,1,,пгт Сусанино,data-20180110-structure-20150128.csv,2018,9999,,,44,Костромская область,58.147578,41.5851443,1,46712.5,5566.0,352.1
1331,Чухломский,34-646-000-000,Чухломский муниципальный район,муниципальный район,,1,,г Чухлома,data-20180110-structure-20150128.csv,2018,9999,,,44,Костромская область,58.7560222,42.68065,1,39180.1,7653.0,334.1
1333,Курган,37-701-000-000,городской округ город Курган,городской округ,административный_центр_субъекта,1,,г Курган,data-20180110-structure-20150128.csv,2018,9999,,,45,Курганская область,55.4409357,65.3421169,1,75790.7,302354.0,278.2
1334,Шадринск,37-705-000-000,городской округ город Шадринск,городской округ,,2,37-638-000-000;37-538-000-000,г Шадринск,data-20180110-structure-20150128.csv,2018,9999,,,45,Курганская область,56.087364,63.629482,1,64595.2,67884.0,300.4
1335,Альменевский,37-502-000-000,Альменевский муниципальный округ,муниципальный округ,,1,,с Альменево,data-20220128-structure-20150128.csv,2022,9999,,,45,Курганская область,54.942505,63.578785,1,45029.1,7380.0,282.9
1336,Белозерский,37-504-000-000,Белозерский муниципальный округ,муниципальный округ,,1,,с Белозерское,data-20221219-structure-20150128.csv,2023,9999,,,45,Курганская область,55.823845,65.588783,2,46685.9,12696.0,277.7
1337,Варгашинский,37-506-000-000,Варгашинский муниципальный округ,муниципальный округ,,1,,рп Варгаши,data-20240101-structure-20150128.csv,2024,9999,,,45,Курганская область,55.37204,65.8081,2,55881.0,15485.0,277.4
1338,Далматовский,37-508-000-000,Далматовский муниципальный округ,муниципальный округ,,1,,г Далматово,data-20240101-structure-20150128.csv,2024,9999,,,45,Курганская область,56.258656,62.939163,2,58179.8,22136.0,292.3
1339,Звериноголовский,37-509-000-000,Звериноголовский муниципальный округ,муниципальный округ,,1,,с Звериноголовское,data-20221219-structure-20150128.csv,2023,9999,,,45,Курганская область,54.459023,64.856514,2,43140.4,6573.0,270.8
1340,Каргапольский,37-510-000-000,Каргапольский муниципальный округ,муниципальный округ,,1,,рп Каргаполье,data-20221219-structure-20150128.csv,2023,9999,,,45,Курганская область,55.952408,64.434021,2,51130.4,25283.0,282.9
1341,Катайский,37-512-000-000,Катайский муниципальный округ,муниципальный округ,,1,,г Катайск,data-20240101-structure-20150128.csv,2024,9999,,,45,Курганская область,56.2834992,62.5836525,2,51186.3,18565.0,295.9
1343,Куртамышский,37-516-000-000,Куртамышский муниципальный округ,муниципальный округ,,1,,г Куртамыш,data-20220128-structure-20150128.csv,2022,9999,,,45,Курганская область,54.9095859,64.4283925,1,48743.6,24231.0,277.4
1344,Лебяжьевский,37-518-000-000,Лебяжьевский муниципальный округ,муниципальный округ,,1,,рп Лебяжье,data-20220128-structure-20150128.csv,2022,9999,,,45,Курганская область,55.273006,66.502243,1,47412.1,10941.0,271.3
1345,Макушинский,37-520-000-000,муниципальный округ Макушинский,муниципальный округ,,1,,г Макушино,data-20210225-structure-20150128.csv,2021,9999,,,45,Курганская область,55.208321,67.252739,1,54038.3,11993.0,267.8
1346,Мишкинский,37-522-000-000,Мишкинский муниципальный округ,муниципальный округ,,1,,рп Мишкино,data-20221219-structure-20150128.csv,2023,9999,,,45,Курганская область,55.3373017,63.9143594,2,49546.9,12441.0,286.2
1347,Мокроусовский,37-524-000-000,Мокроусовский муниципальный округ,муниципальный округ,,1,,с Мокроусово,data-20221219-structure-20150128.csv,2023,9999,,,45,Курганская область,55.808598,66.770607,2,45432.5,8983.0,269.7
1348,Петуховский,37-526-000-000,Петуховский муниципальный округ,муниципальный округ,,1,,г Петухово,data-20220128-structure-20150128.csv,2022,9999,,,45,Курганская область,55.065,67.88736,1,48003.8,13666.0,263.5
1349,Половинский,37-528-000-000,Половинский муниципальный округ,муниципальный округ,,1,,с Половинное,data-20221219-structure-20150128.csv,2023,9999,,,45,Курганская область,54.789661,65.987595,2,45206.2,7740.0,268.5
1350,Притобольный,37-530-000-000,Притобольный муниципальный округ,муниципальный округ,,1,,с Глядянское,data-20240101-structure-20150128.csv,2024,9999,,,45,Курганская область,54.907539,65.088203,2,49686.9,9619.0,272.5
1351,Сафакулевский,37-532-000-000,Сафакулевский муниципальный округ,муниципальный округ,,1,,с Сафакулево,data-20221219-structure-20150128.csv,2023,9999,,,45,Курганская область,54.988411,62.54039,2,44629.8,10385.0,291.4
1352,Целинный,37-534-000-000,Целинный муниципальный округ,муниципальный округ,,1,,с Целинное,data-20220128-structure-20150128.csv,2022,9999,,,45,Курганская область,54.50412,63.664242,1,43999.1,11754.0,279.8
1353,Частоозерский,37-536-000-000,Частоозерский муниципальный округ,муниципальный округ,,1,,с Частоозерье,data-20221219-structure-20150128.csv,2023,9999,,,45,Курганская область,55.568256,67.909462,2,45036.5,4540.0,264.2
1355,Шатровский,37-540-000-000,Шатровский муниципальный округ,муниципальный округ,,1,,с Шатрово,data-20220128-structure-20150128.csv,2022,9999,,,45,Курганская область,56.519569,64.634209,1,43750.6,13663.0,279.3
1356,Шумихинский,37-542-000-000,муниципальный округ Шумихинский,муниципальный округ,,1,,г Шумиха,data-20210225-structure-20150128.csv,2021,9999,,,45,Курганская область,55.228207,63.282501,1,53181.2,23519.0,289.5
1357,Щучанский,37-544-000-000,Щучанский муниципальный округ,муниципальный округ,,1,,г Щучье,data-20221219-structure-20150128.csv,2023,9999,,,45,Курганская область,55.208908,62.747772,2,55419.1,15866.0,294.0
1358,Юргамышский,37-546-000-000,Юргамышский муниципальный округ,муниципальный округ,,1,,рп Юргамыш,data-20221219-structure-20150128.csv,2023,9999,,,45,Курганская область,55.374958,64.455788,2,60492.6,15694.0,283.1
1392,Бокситогорский,41-603-000-000,Бокситогорский муниципальный район,муниципальный район,,1,,г Бокситогорск,data-20180110-structure-20150128.csv,2018,9999,,,47,Ленинградская область,59.4729021,33.8489952,1,75396.5,50855.0,318.3
1393,Волосовский,41-606-000-000,Волосовский муниципальный район,муниципальный район,,1,,г Волосово,data-20180110-structure-20150128.csv,2018,9999,,,47,Ленинградская область,59.44439375,29.49251575862619,1,68765.7,50257.0,327.0
1394,Волховский,41-609-000-000,Волховский муниципальный район,муниципальный район,,1,,г Волхов,data-20180110-structure-20150128.csv,2018,9999,,,47,Ленинградская область,59.9275868,32.3276803,1,77006.3,78679.0,319.5
1395,Всеволожский,41-612-000-000,Всеволожский муниципальный район,муниципальный район,,1,,г Всеволожск,data-20180110-structure-20150128.csv,2018,9999,,,47,Ленинградская область,60.0425967,30.58180461128939,1,99062.8,571142.0,360.1
1396,Выборгский,41-615-000-000,Выборгский муниципальный район,муниципальный район,,1,,г Выборг,data-20180110-structure-20150128.csv,2018,9999,,,47,Ленинградская область,60.7326723,28.74469092882248,1,91584.5,194689.0,297.8
1397,Гатчинский,41-618-000-000,Гатчинский муниципальный район,муниципальный район,административный_центр_субъекта,1,,г Гатчина,data-20180110-structure-20150128.csv,2018,9999,,,47,Ленинградская область,59.5706273,30.1305083,1,82586.4,261522.0,346.2
1398,Кингисеппский,41-621-000-000,Кингисеппский муниципальный район,муниципальный район,,1,,г Кингисепп,data-20180110-structure-20150128.csv,2018,9999,,,47,Ленинградская область,59.3743982,28.5981591,1,123058.2,83361.0,323.7
1399,Киришский,41-624-000-000,Киришский муниципальный район,муниципальный район,,1,,г Кириши,data-20180110-structure-20150128.csv,2018,9999,,,47,Ленинградская область,59.450325,32.010578,1,85514.2,58942.0,319.7
1400,Кировский,41-625-000-000,Кировский муниципальный район,муниципальный район,,1,,г Кировск,data-20180110-structure-20150128.csv,2018,9999,,,47,Ленинградская область,59.8813954,30.9855331,1,86859.3,108186.0,347.8
1401,Лодейнопольский,41-627-000-000,Лодейнопольский муниципальный район,муниципальный район,,1,,г Лодейное Поле,data-20180110-structure-20150128.csv,2018,9999,,,47,Ленинградская область,60.7339323,33.5457731,1,59047.6,27168.0,300.6
1402,Ломоносовский,41-630-000-000,Ломоносовский муниципальный район,муниципальный район,,3,40-372-000-000,г Ломоносов,data-20180110-structure-20150128.csv,2018,9999,,,47,Ленинградская область,59.91032,29.776194,1,115167.4,90576.0,349.0
1403,Лужский,41-633-000-000,Лужский муниципальный район,муниципальный район,,1,,г Луга,data-20180110-structure-20150128.csv,2018,9999,,,47,Ленинградская область,58.735699,29.8475013,1,70100.0,74392.0,321.6
1404,Подпорожский,41-636-000-000,Подпорожский муниципальный район,муниципальный район,,1,,г Подпорожье,data-20180110-structure-20150128.csv,2018,9999,,,47,Ленинградская область,60.914291,34.162354,1,61376.2,25067.0,295.9
1405,Приозерский,41-639-000-000,Приозерский муниципальный район,муниципальный район,,1,,г Приозерск,data-20180110-structure-20150128.csv,2018,9999,,,47,Ленинградская область,61.0385285,30.1248482,1,70647.0,56730.0,297.5
1406,Сланцевский,41-642-000-000,Сланцевский муниципальный район,муниципальный район,,1,,г Сланцы,data-20180110-structure-20150128.csv,2018,9999,,,47,Ленинградская область,59.11726,28.086979,1,77914.9,44406.0,308.4
1407,Тихвинский,41-645-000-000,Тихвинский муниципальный район,муниципальный район,,1,,г Тихвин,data-20180110-structure-20150128.csv,2018,9999,,,47,Ленинградская область,59.644323,33.5418624,1,82246.9,65782.0,318.3
1408,Тосненский,41-648-000-000,Тосненский муниципальный район,муниципальный район,,1,,г Тосно,data-20180110-structure-20150128.csv,2018,9999,,,47,Ленинградская область,59.5412777,30.8773645,1,81263.9,130546.0,343.6
1409,Сосновоборский,41-754-000-000,городской округ Сосновоборский,городской округ,,1,,г Сосновый Бор,data-20180110-structure-20150128.csv,2018,9999,,,47,Ленинградская область,59.8968655,29.0765628,1,120590.6,63462.0,320.4
1410,Липецк,42-701-000-000,городской округ город Липецк,городской округ,административный_центр_субъекта,2,42-640-000-000,г Липецк,data-20180110-structure-20150128.csv,2018,9999,,,48,Липецкая область,52.6041877,39.5936899,1,80260.6,485260.0,399.3
1411,Елец,42-715-000-000,городской округ город Елец,городской округ,,2,42-621-000-000,г Елец,data-20180110-structure-20150128.csv,2018,9999,,,48,Липецкая область,52.6219865,38.5003298,1,60220.9,94902.0,392.0
1412,Воловский,42-603-000-000,Воловский муниципальный район,муниципальный район,,1,,с Волово,data-20180110-structure-20150128.csv,2018,9999,,,48,Липецкая область,52.0283838,37.8790391,1,,12286.0,355.6
1413,Грязинский,42-606-000-000,Грязинский муниципальный район,муниципальный район,,1,,г Грязи,data-20180110-structure-20150128.csv,2018,9999,,,48,Липецкая область,52.48744725,39.93593469574095,1,77641.9,77383.0,372.6
1414,Данковский,42-609-000-000,Данковский муниципальный район,муниципальный район,,1,,г Данков,data-20180110-structure-20150128.csv,2018,9999,,,48,Липецкая область,53.2533095,39.1591798,1,59157.2,31514.0,378.7
1415,Добринский,42-612-000-000,Добринский муниципальный район,муниципальный район,,1,,п Добринка,data-20180110-structure-20150128.csv,2018,9999,,,48,Липецкая область,52.1658357,40.4772102,1,65120.6,32283.0,362.7
1416,Добровский,42-615-000-000,Добровский муниципальный район,муниципальный район,,1,,с Доброе,data-20180110-structure-20150128.csv,2018,9999,,,48,Липецкая область,52.8613369,39.8102066,1,,26993.0,375.7
1417,Долгоруковский,42-618-000-000,Долгоруковский муниципальный район,муниципальный район,,1,,с Долгоруково,data-20180110-structure-20150128.csv,2018,9999,,,48,Липецкая область,52.3243879,38.3495961,1,56006.8,15713.0,365.5
1419,Задонский,42-624-000-000,Задонский муниципальный район,муниципальный район,,1,,г Задонск,data-20180110-structure-20150128.csv,2018,9999,,,48,Липецкая область,52.387798,38.92672,1,71890.0,33205.0,373.6
1420,Измалковский,42-627-000-000,Измалковский муниципальный район,муниципальный район,,1,,с Измалково,data-20180110-structure-20150128.csv,2018,9999,,,48,Липецкая область,52.6931659,37.9693559,1,,14799.0,367.9
1421,Краснинский,42-630-000-000,Краснинский муниципальный район,муниципальный район,,1,,с Красное,data-20180110-structure-20150128.csv,2018,9999,,,48,Липецкая область,52.863953,38.783821,1,67414.5,13181.0,371.9
1422,Лебедянский,42-633-000-000,Лебедянский муниципальный район,муниципальный район,,1,,г Лебедянь,data-20180110-structure-20150128.csv,2018,9999,,,48,Липецкая область,53.0126146,39.127593,1,65478.8,38865.0,375.4
1423,Лев-Толстовский,42-636-000-000,Лев-Толстовский муниципальный район,муниципальный район,,1,,п Лев Толстой,data-20180110-structure-20150128.csv,2018,9999,,,48,Липецкая область,53.212541,39.4477568,1,62104.5,16181.0,375.0
1425,Становлянский,42-642-000-000,Становлянский муниципальный район,муниципальный район,,1,,с Становое,data-20180110-structure-20150128.csv,2018,9999,,,48,Липецкая область,52.7632714,38.3639594,1,,16521.0,374.5
1426,Тербунский,42-645-000-000,Тербунский муниципальный район,муниципальный район,,1,,с Тербуны,data-20180110-structure-20150128.csv,2018,9999,,,48,Липецкая область,52.146828,38.278389,1,62431.8,20466.0,363.9
1427,Усманский,42-648-000-000,Усманский муниципальный район,муниципальный район,,1,,г Усмань,data-20180110-structure-20150128.csv,2018,9999,,,48,Липецкая область,52.0506929,39.7399996,1,53900.6,49178.0,367.2
1428,Хлевенский,42-652-000-000,Хлевенский муниципальный район,муниципальный район,,1,,с Хлевное,data-20180110-structure-20150128.csv,2018,9999,,,48,Липецкая область,52.197231,39.086029,1,59234.2,18262.0,372.4
1429,Чаплыгинский,42-656-000-000,Чаплыгинский муниципальный район,муниципальный район,,1,,г Чаплыгин,data-20180110-structure-20150128.csv,2018,9999,,,48,Липецкая область,53.243015,39.966801,1,59232.0,29850.0,378.5
1430,Магадан,44-701-000-000,городской округ город Магадан,городской округ,административный_центр_субъекта,1,,г Магадан,data-20180110-structure-20150128.csv,2018,9999,,,49,Магаданская область,59.5604768,150.7988617,1,155268.7,94768.0,119.2
1431,Ольский,44-502-000-000,муниципальный округ Ольский,муниципальный округ,,1,,пгт Ола,data-20230126-structure-20150128.csv,2023,9999,,,49,Магаданская область,59.5780981,151.2990699,2,116776.1,8658.0,120.2
1438,Ягоднинский,44-522-000-000,муниципальный округ Ягоднинский,муниципальный округ,,1,,пгт Ягодное,data-20230126-structure-20150128.csv,2023,9999,,,49,Магаданская область,62.5216788,149.6253322,2,167101.4,5934.0,122.8
1439,Балашиха,46-704-000-000,городской округ Балашиха,городской округ,,1,,г Балашиха,data-20180110-structure-20150128.csv,2018,9999,,,50,Московская область,55.7997662,37.9373707,1,102186.6,554248.0,565.5
1440,Бронницы,46-705-000-000,городской округ Бронницы,городской округ,,1,,г Бронницы,data-20180110-structure-20150128.csv,2018,9999,,,50,Московская область,55.42009275,38.27196953296119,1,79343.4,20981.0,489.7
1443,Дзержинский,46-711-000-000,городской округ Дзержинский,городской округ,,1,,г Дзержинский,data-20180110-structure-20150128.csv,2018,9999,,,50,Московская область,55.6309186,37.8496653,1,108785.2,57434.0,586.8
1444,Долгопрудный,46-716-000-000,городской округ Долгопрудный,городской округ,,1,,г Долгопрудный,data-20180110-structure-20150128.csv,2018,9999,,,50,Московская область,55.9341491,37.5142417,1,140511.0,119089.0,569.8
1445,Домодедово,46-709-000-000,городской округ Домодедово,городской округ,,1,,г Домодедово,data-20180110-structure-20150128.csv,2018,9999,,,50,Московская область,55.4368213,37.7680693,1,116808.3,226573.0,524.2
1446,Дубна,46-718-000-000,городской округ Дубна,городской округ,,1,,г Дубна,data-20180110-structure-20150128.csv,2018,9999,,,50,Московская область,56.7362705,37.1623696,1,119658.1,74032.0,413.2
1447,Егорьевск,46-722-000-000,городской округ Егорьевск,городской округ,,1,,г Егорьевск,data-20180110-structure-20150128.csv,2018,9999,,,50,Московская область,55.3829765,39.0356223,1,82618.9,111759.0,440.1
1448,Жуковский,46-725-000-000,городской округ Жуковский,городской округ,,1,,г Жуковский,data-20180110-structure-20150128.csv,2018,9999,,,50,Московская область,55.5972801,38.1199863,1,116756.8,110083.0,523.0
1449,Зарайск,46-729-000-000,городской округ Зарайск,городской округ,,1,,г Зарайск,data-20180110-structure-20150128.csv,2018,9999,,,50,Московская область,54.7585694,38.8818137,1,65077.5,36618.0,417.5
1453,Истра,46-733-000-000,городской округ Истра,городской округ,,1,,г Истра,data-20180129-structure-20150128.csv,2018,9999,,,50,Московская область,55.9145993,36.8595482,1,111672.8,171213.0,477.7
1454,Кашира,46-735-000-000,городской округ Кашира,городской округ,,1,,г Кашира,data-20180110-structure-20150128.csv,2018,9999,,,50,Московская область,54.837449,38.1505119,1,85341.4,65747.0,436.1
1456,Королёв,46-734-000-000,городской округ Королёв,городской округ,,1,,г Королёв,data-20180110-structure-20150128.csv,2018,9999,,,50,Московская область,55.9190049,37.8150443,1,117436.2,226007.0,561.7
1457,Котельники,46-739-000-000,городской округ Котельники,городской округ,,1,,г Котельники,data-20180110-structure-20150128.csv,2018,9999,,,50,Московская область,55.661668,37.8673073,1,118773.0,72311.0,601.4
1459,Красногорск,46-744-000-000,городской округ Красногорск,городской округ,,1,,г Красногорск,data-20180110-structure-20150128.csv,2018,9999,,,50,Московская область,55.8217545,37.3400897,1,137301.9,335991.0,568.1
1461,Лобня,46-740-000-000,городской округ Лобня,городской округ,,1,,г Лобня,data-20180110-structure-20150128.csv,2018,9999,,,50,Московская область,56.03377690000001,37.46122371880293,1,161420.5,81143.0,521.6
1463,Луховицы,46-747-000-000,городской округ Луховицы,городской округ,,1,,г Луховицы,data-20180110-structure-20150128.csv,2018,9999,,,50,Московская область,54.9655573,39.0277188,1,92259.2,61079.0,429.3
1464,Лыткарино,46-741-000-000,городской округ Лыткарино,городской округ,,1,,г Лыткарино,data-20180110-structure-20150128.csv,2018,9999,,,50,Московская область,55.5822477,37.9080217,1,111222.9,66526.0,538.1
1465,Люберцы,46-748-000-000,городской округ Люберцы,городской округ,,1,,г Люберцы,data-20180110-structure-20150128.csv,2018,9999,,,50,Московская область,55.6783142,37.89377,1,112072.0,364888.0,587.7
1467,Мытищи,46-746-000-000,городской округ Мытищи,городской округ,,1,,г Мытищи,data-20180110-structure-20150128.csv,2018,9999,,,50,Московская область,55.9094928,37.7339358,1,110614.2,309564.0,572.6
1468,Наро-Фоминский,46-750-000-000,городской округ Наро-Фоминский,городской округ,,1,,г Наро-Фоминск,data-20180129-structure-20150128.csv,2018,9999,,,50,Московская область,55.3842784,36.723507,1,89700.3,198501.0,462.8
1472,Подольск,46-760-000-000,городской округ Подольск,городской округ,,1,,г Подольск,data-20180110-structure-20150128.csv,2018,9999,,,50,Московская область,55.4308841,37.5453056,1,172415.1,350634.0,527.3
1473,Протвино,46-767-000-000,городской округ Протвино,городской округ,,1,,г Протвино,data-20180110-structure-20150128.csv,2018,9999,,,50,Московская область,54.8707703,37.2188629,1,91076.8,37221.0,436.6
1474,Пущино,46-762-000-000,городской округ Пущино,городской округ,,1,,г Пущино,data-20180110-structure-20150128.csv,2018,9999,,,50,Московская область,54.8347213,37.6139685,1,86843.1,19342.0,432.8
1475,Реутов,46-764-000-000,городской округ Реутов,городской округ,,1,,г Реутов,data-20180110-structure-20150128.csv,2018,9999,,,50,Московская область,55.7622453,37.856555,1,107100.5,112070.0,609.0
1477,Рузский,46-766-000-000,городской округ Рузский,городской округ,,1,,г Руза,data-20180110-structure-20150128.csv,2018,9999,,,50,Московская область,55.6998907,36.1946992,1,91991.8,79874.0,431.9
1478,Серебряные Пруды,46-772-000-000,городской округ Серебряные Пруды,городской округ,,1,,рп Серебряные Пруды,data-20180110-structure-20150128.csv,2018,9999,,,50,Московская область,54.4679803,38.7223679,1,70705.8,23278.0,412.3
1480,Ступино,46-776-000-000,городской округ Ступино,городской округ,,1,,г Ступино,data-20180129-structure-20150128.csv,2018,9999,,,50,Московская область,54.886598,38.0772589,1,102284.6,118129.0,441.1
1481,Фрязино,46-780-000-000,городской округ Фрязино,городской округ,,1,,г Фрязино,data-20180110-structure-20150128.csv,2018,9999,,,50,Московская область,55.954618,38.0567691,1,123955.5,58677.0,522.8
1483,Черноголовка,46-781-000-000,городской округ Черноголовка,городской округ,,1,,г Черноголовка,data-20180110-structure-20150128.csv,2018,9999,,,50,Московская область,56.0061165,38.3835224,1,142578.8,21254.0,483.8
1484,Чехов,46-784-000-000,городской округ Чехов,городской округ,,1,,г Чехов,data-20180129-structure-20150128.csv,2018,9999,,,50,Московская область,55.1426603,37.4545328,1,92079.7,146643.0,469.7
1486,Шаховская,46-787-000-000,городской округ Шаховская,городской округ,,1,,рп Шаховская,data-20180110-structure-20150128.csv,2018,9999,,,50,Московская область,56.031464,35.5102036,1,71927.4,29743.0,402.6
1488,Электросталь,46-790-000-000,городской округ Электросталь,городской округ,,1,,г Электросталь,data-20180110-structure-20150128.csv,2018,9999,,,50,Московская область,55.7903785,38.4405711,1,174519.6,150729.0,492.6
1489,Волоколамский,46-708-000-000,городской округ Волоколамский,городской округ,,1,,г Волоколамск,data-20200401-structure-20150128.csv,2020,9999,,,50,Московская область,56.0360129,35.9583358,1,77087.1,64721.0,417.7
1490,Воскресенск,46-710-000-000,городской округ Воскресенск,городской округ,,1,,г Воскресенск,data-20200401-structure-20150128.csv,2020,9999,,,50,Московская область,55.322518,38.6816824,1,89073.4,160755.0,451.2
1491,Дмитровский,46-715-000-000,городской округ Дмитровский,городской округ,,1,,г Дмитров,data-20190319-structure-20150128.csv,2019,9999,,,50,Московская область,56.3450695,37.5200723,1,89670.2,163081.0,458.3
1492,Клин,46-737-000-000,городской округ Клин,городской округ,,1,,г Клин,data-20180824-structure-20150128.csv,2019,9999,,,50,Московская область,56.3355601,36.7351318,1,82878.8,148545.0,440.6
1493,Ленинский,46-707-000-000,городской округ Ленинский,городской округ,,1,,г Видное,data-20210118-structure-20150128.csv,2021,9999,,,50,Московская область,55.5571496,37.7087142,1,118959.9,327211.0,565.5
1494,Лотошино,46-752-000-000,городской округ Лотошино,городской округ,,1,,рп Лотошино,data-20200401-structure-20150128.csv,2020,9999,,,50,Московская область,56.228891,35.6399029,1,61386.3,21886.0,399.8
1495,Можайский,46-745-000-000,городской округ Можайский,городской округ,,1,,г Можайск,data-20190319-structure-20150128.csv,2019,9999,,,50,Московская область,55.5095679,35.986899,1,71940.1,92529.0,425.5
1496,Богородский,46-751-000-000,городской округ Богородский,городской округ,,1,,г Ногинск,data-20190319-structure-20150128.csv,2019,9999,,,50,Московская область,55.8553511,38.4411898,1,106506.2,220062.0,494.0
1500,Раменский,46-768-000-000,городской округ Раменский,городской округ,,1,,г Раменское,data-20200401-structure-20150128.csv,2020,9999,,,50,Московская область,55.5709361,38.2282099,1,97837.0,338109.0,498.5
1501,Сергиево-Посадский,46-728-000-000,городской округ Сергиево-Посадский,городской округ,,1,,г Сергиев Посад,data-20200401-structure-20150128.csv,2020,9999,,,50,Московская область,56.3153284,38.1359898,1,90162.6,207827.0,460.2
1504,Талдомский,46-778-000-000,городской округ Талдомский,городской округ,,1,,г Талдом,data-20190319-structure-20150128.csv,2019,9999,,,50,Московская область,56.730941,37.528016,1,86441.7,64165.0,418.2
1506,Мурманск,47-701-000-000,городской округ город Мурманск,городской округ,административный_центр_субъекта,1,,г Мурманск,data-20180110-structure-20150128.csv,2018,9999,,,51,Мурманская область,68.970665,33.07497,1,125235.4,266681.0,214.9
1507,Апатиты,47-519-000-000,муниципальный округ город Апатиты,муниципальный округ,,1,,г Апатиты,data-20220128-structure-20150128.csv,2021,9999,,,51,Мурманская область,67.568626,33.404392,1,100902.6,48277.0,221.7
1508,Кировск,47-522-000-000,муниципальный округ город Кировск,муниципальный округ,,1,,г Кировск,data-20220128-structure-20150128.csv,2021,9999,,,51,Мурманская область,67.6151331,33.6637527,1,155467.1,25984.0,221.3
1509,Мончегорск,47-524-000-000,муниципальный округ город Мончегорск,муниципальный округ,,1,,г Мончегорск,data-20220128-structure-20150128.csv,2021,9999,,,51,Мурманская область,67.939903,32.931679,1,110712.0,41427.0,222.0
1510,Оленегорск,47-526-000-000,муниципальный округ город Оленегорск,муниципальный округ,,1,,г Оленегорск,data-20220128-structure-20150128.csv,2021,9999,,,51,Мурманская область,68.140732,33.282597,1,100016.8,27867.0,220.8
1511,Полярные Зори,47-528-000-000,муниципальный округ город Полярные Зори,муниципальный округ,,1,,г Полярные Зори,data-20220128-structure-20150128.csv,2021,9999,,,51,Мурманская область,67.3659225,32.5010277,1,142415.5,15634.0,226.0
1512,Ковдорский,47-517-000-000,Ковдорский муниципальный округ,муниципальный округ,,1,,г Ковдор,data-20220128-structure-20150128.csv,2021,9999,,,51,Мурманская область,67.563049,30.474108,1,118867.3,16803.0,218.9
1518,Кандалакшский,47-608-000-000,Кандалакшский муниципальный район,муниципальный район,,1,,г Кандалакша,data-20180110-structure-20150128.csv,2018,9999,,,51,Мурманская область,67.1507901,32.4082716,1,93922.5,39330.0,226.7
1519,Кольский,47-605-000-000,Кольский муниципальный район,муниципальный район,,1,,г Кола,data-20180110-structure-20150128.csv,2018,9999,,,51,Мурманская область,68.880638,33.019726,1,138007.3,33201.0,220.1
1520,Ловозерский,47-610-000-000,Ловозерский муниципальный район,муниципальный район,,1,,с Ловозеро,data-20180110-structure-20150128.csv,2018,9999,,,51,Мурманская область,68.0058828,35.0172148,1,86372.9,8770.0,216.5
1521,Печенгский,47-515-000-000,Печенгский муниципальный округ,муниципальный округ,,1,,пгт Никель,data-20210118-structure-20150128.csv,2021,9999,,,51,Мурманская область,69.4062217,30.2114216,1,106442.9,29632.0,207.1
1522,Терский,47-620-000-000,Терский муниципальный район,муниципальный район,,1,,пгт Умба,data-20180110-structure-20150128.csv,2018,9999,,,51,Мурманская область,66.6780339,34.3376019,1,85974.2,4698.0,220.3
1523,Нижний Новгород,22-701-000-000,городской округ город Нижний Новгород,городской округ,административный_центр_субъекта,1,,г Нижний Новгород,data-20180110-structure-20150128.csv,2018,9999,,,52,Нижегородская область,56.3264816,44.0051395,1,91812.7,1228702.0,367.7
1525,Бор,22-712-000-000,городской округ город Бор,городской округ,,1,,г Бор,data-20180110-structure-20150128.csv,2018,9999,,,52,Нижегородская область,56.3598289,44.0542641,1,70599.6,117552.0,381.3
1526,Выкса,22-715-000-000,городской округ город Выкса,городской округ,,1,,г Выкса,data-20180110-structure-20150128.csv,2018,9999,,,52,Нижегородская область,55.318774,42.1800408,1,91080.7,72393.0,374.7
1527,Дзержинск,22-721-000-000,городской округ город Дзержинск,городской округ,,1,,г Дзержинск,data-20180110-structure-20150128.csv,2018,9999,,,52,Нижегородская область,56.2382157,43.4617405,1,81689.3,225251.0,380.2
1528,Кулебаки,22-727-000-000,городской округ город Кулебаки,городской округ,,1,,г Кулебаки,data-20180110-structure-20150128.csv,2018,9999,,,52,Нижегородская область,55.429287,42.511879,1,69693.7,45056.0,375.0
1529,Навашинский,22-730-000-000,городской округ Навашинский,городской округ,,1,,г Навашино,data-20180110-structure-20150128.csv,2018,9999,,,52,Нижегородская область,55.544071,42.188671,1,63569.1,20671.0,383.2
1530,Перевозский,22-739-000-000,городской округ Перевозский,городской округ,,1,,г Перевоз,data-20180110-structure-20150128.csv,2018,9999,,,52,Нижегородская область,55.596546,44.544846,1,51293.7,16026.0,369.5
1532,Семеновский,22-737-000-000,городской округ Семеновский,городской округ,,1,,г Семенов,data-20180110-structure-20150128.csv,2018,9999,,,52,Нижегородская область,56.788342,44.49155,1,52030.2,45405.0,361.5
1533,Шахунья,22-758-000-000,городской округ город Шахунья,городской округ,,1,,г Шахунья,data-20180110-structure-20150128.csv,2018,9999,,,52,Нижегородская область,57.6730182,46.6152378,1,50743.1,28511.0,337.0
1534,Первомайск,22-734-000-000,городской округ город Первомайск,городской округ,,1,,г Первомайск,data-20180110-structure-20150128.csv,2018,9999,,,52,Нижегородская область,54.8666491,43.8054106,1,63925.0,17117.0,364.6
1535,Сокольский,22-749-000-000,городской округ Сокольский,городской округ,,1,,рп Сокольское,data-20180110-structure-20150128.csv,2018,9999,,,52,Нижегородская область,57.143093,43.16357,1,55072.0,10807.0,345.2
1536,Чкаловск,22-755-000-000,городской округ город Чкаловск,городской округ,,1,,г Чкаловск,data-20180110-structure-20150128.csv,2018,9999,,,52,Нижегородская область,56.764915,43.243324,1,51333.1,19063.0,364.3
1537,Ардатовский,22-502-000-000,Ардатовский муниципальный округ,муниципальный округ,,1,,рп Ардатов,data-20221219-structure-20150128.csv,2023,9999,,,52,Нижегородская область,55.2410408,43.0968037,2,51079.9,22161.0,373.3
1539,Балахнинский,22-505-000-000,Балахнинский муниципальный округ,муниципальный округ,,1,,г Балахна,data-20210201-structure-20150128.csv,2021,9999,,,52,Нижегородская область,56.4870505,43.6039553,1,64085.0,72219.0,378.5
1540,Богородский,22-507-000-000,Богородский муниципальный округ,муниципальный округ,,1,,г Богородск,data-20210201-structure-20150128.csv,2021,9999,,,52,Нижегородская область,56.103416,43.516819,1,54887.8,57639.0,379.5
1541,Большеболдинский,22-509-000-000,Большеболдинский муниципальный округ,муниципальный округ,,1,,с Большое Болдино,data-20221219-structure-20150128.csv,2023,9999,,,52,Нижегородская область,55.000713,45.310505,2,52302.9,10172.0,361.0
1542,Большемурашкинский,22-510-000-000,Большемурашкинский муниципальный округ,муниципальный округ,,1,,рп Большое Мурашкино,data-20221219-structure-20150128.csv,2023,9999,,,52,Нижегородская область,55.7837504,44.7763185,2,54463.0,10258.0,369.3
1543,Бутурлинский,22-512-000-000,Бутурлинский муниципальный округ,муниципальный округ,,1,,рп Бутурлино,data-20210201-structure-20150128.csv,2021,9999,,,52,Нижегородская область,55.568863,44.891453,1,50073.9,12910.0,367.2
1544,Вадский,22-514-000-000,Вадский муниципальный округ,муниципальный округ,,1,,с Вад,data-20210201-structure-20150128.csv,2021,9999,,,52,Нижегородская область,55.5313789,44.2092517,1,60421.0,13290.0,371.7
1545,Варнавинский,22-515-000-000,Варнавинский муниципальный округ,муниципальный округ,,1,,рп Варнавино,data-20221219-structure-20150128.csv,2023,9999,,,52,Нижегородская область,57.396695,45.0849216,2,42530.2,9653.0,340.0
1546,Вачский,22-517-000-000,Вачский муниципальный округ,муниципальный округ,,1,,рп Вача,data-20221219-structure-20150128.csv,2023,9999,,,52,Нижегородская область,55.801029,42.772099,2,47172.5,16730.0,376.4
1547,Ветлужский,22-518-000-000,Ветлужский муниципальный округ,муниципальный округ,,1,,г Ветлуга,data-20221219-structure-20150128.csv,2023,9999,,,52,Нижегородская область,57.85287,45.7757157,2,43677.4,12521.0,335.3
1548,Вознесенский,22-519-000-000,Вознесенский муниципальный округ,муниципальный округ,,1,,рп Вознесенское,data-20221219-structure-20150128.csv,2023,9999,,,52,Нижегородская область,54.8906328,42.7598373,2,46674.6,14309.0,370.2
1549,Володарский,22-520-000-000,Володарский муниципальный округ,муниципальный округ,,1,,г Володарск,data-20221219-structure-20150128.csv,2023,9999,,,52,Нижегородская область,56.224304,43.182655,2,65717.5,47925.0,381.6
1550,Воротынский,22-719-000-000,городской округ Воротынский,городской округ,,1,,рп Воротынец,data-20200110-structure-20150128.csv,2020,9999,,,52,Нижегородская область,56.0604696,45.862528,1,52483.8,13399.0,363.4
1551,Воскресенский,22-522-000-000,Воскресенский муниципальный округ,муниципальный округ,,1,,рп Воскресенское,data-20221219-structure-20150128.csv,2023,9999,,,52,Нижегородская область,56.8383333,45.4330556,2,47142.8,16072.0,349.7
1552,Гагинский,22-526-000-000,Гагинский муниципальный округ,муниципальный округ,,1,,с Гагино,data-20221219-structure-20150128.csv,2023,9999,,,52,Нижегородская область,55.2314867,45.0280811,2,47769.7,9681.0,363.6
1553,Городецкий,22-528-000-000,Городецкий муниципальный округ,муниципальный округ,,1,,г Городец,data-20221219-structure-20150128.csv,2023,9999,,,52,Нижегородская область,56.647141,43.476002,2,62205.1,80149.0,366.9
1554,Дальнеконстантиновский,22-530-000-000,Дальнеконстантиновский муниципальный округ,муниципальный округ,,1,,рп Дальнее Константиново,data-20221219-structure-20150128.csv,2023,9999,,,52,Нижегородская область,55.80777,44.094025,2,54917.0,20224.0,371.9
1555,Дивеевский,22-532-000-000,Дивеевский муниципальный округ,муниципальный округ,,1,,с Дивеево,data-20210201-structure-20150128.csv,2021,9999,,,52,Нижегородская область,55.041687,43.245518,1,50658.3,14998.0,371.0
1556,Княгининский,22-533-000-000,Княгининский муниципальный округ,муниципальный округ,,1,,г Княгинино,data-20221219-structure-20150128.csv,2023,9999,,,52,Нижегородская область,55.821281,45.031601,2,59292.5,10775.0,366.7
1557,Ковернинский,22-534-000-000,Ковернинский муниципальный округ,муниципальный округ,,1,,рп Ковернино,data-20210201-structure-20150128.csv,2021,9999,,,52,Нижегородская область,57.12611,43.816387,1,50912.6,17091.0,350.9
1558,Краснобаковский,22-535-000-000,Краснобаковский муниципальный округ,муниципальный округ,,1,,рп Красные Баки,data-20221219-structure-20150128.csv,2023,9999,,,52,Нижегородская область,57.1268348,45.1664096,2,46131.5,18535.0,347.8
1559,Краснооктябрьский,22-536-000-000,Краснооктябрьский муниципальный округ,муниципальный округ,,1,,с Уразовка,data-20221219-structure-20150128.csv,2023,9999,,,52,Нижегородская область,55.399989,45.6168658,2,41238.2,8617.0,364.1
1560,Кстовский,22-537-000-000,Кстовский муниципальный округ,муниципальный округ,,1,,г Кстово,data-20221219-structure-20150128.csv,2022,9999,,,52,Нижегородская область,56.149551,44.198032,1,84669.9,121424.0,381.1
1561,Лукояновский,22-539-000-000,Лукояновский муниципальный округ,муниципальный округ,,1,,г Лукоянов,data-20221219-structure-20150128.csv,2023,9999,,,52,Нижегородская область,55.034821,44.492725,2,44283.8,25751.0,366.9
1562,Лысковский,22-540-000-000,Лысковский муниципальный округ,муниципальный округ,,1,,г Лысково,data-20210201-structure-20150128.csv,2021,9999,,,52,Нижегородская область,56.027885,45.038315,1,50198.4,34099.0,367.7
1563,Павловский,22-542-000-000,Павловский муниципальный округ,муниципальный округ,,1,,г Павлово,data-20210201-structure-20150128.csv,2021,9999,,,52,Нижегородская область,55.965137,43.071114,1,80613.9,91822.0,378.5
1564,Пильнинский,22-545-000-000,Пильнинский муниципальный округ,муниципальный округ,,1,,рп Пильна,data-20221219-structure-20150128.csv,2023,9999,,,52,Нижегородская область,55.5522547,45.9207853,2,49832.0,18104.0,361.3
1565,Починковский,22-546-000-000,Починковский муниципальный округ,муниципальный округ,,1,,с Починки,data-20210201-structure-20150128.csv,2021,9999,,,52,Нижегородская область,54.6974517,44.8612893,1,51450.7,25420.0,362.2
1566,Сергачский,22-548-000-000,Сергачский муниципальный округ,муниципальный округ,,1,,г Сергач,data-20221219-structure-20150128.csv,2023,9999,,,52,Нижегородская область,55.532822,45.4616976,2,56148.0,26797.0,364.1
1567,Сеченовский,22-549-000-000,Сеченовский муниципальный округ,муниципальный округ,,1,,с Сеченово,data-20221219-structure-20150128.csv,2023,9999,,,52,Нижегородская область,55.2257213,45.8937291,2,52087.9,13501.0,362.5
1568,Сосновский,22-550-000-000,Сосновский муниципальный округ,муниципальный округ,,1,,рп Сосновское,data-20221219-structure-20150128.csv,2023,9999,,,52,Нижегородская область,55.8050772,43.1669499,2,56960.6,16175.0,375.7
1569,Спасский,22-551-000-000,Спасский муниципальный округ,муниципальный округ,,1,,с Спасское,data-20221219-structure-20150128.csv,2023,9999,,,52,Нижегородская область,55.8579699,45.6954529,2,44624.7,9400.0,362.2
1570,Тонкинский,22-552-000-000,Тонкинский муниципальный округ,муниципальный округ,,1,,рп Тонкино,data-20221219-structure-20150128.csv,2023,9999,,,52,Нижегородская область,57.372272,46.458287,2,43416.7,7029.0,338.4
1571,Тоншаевский,22-553-000-000,Тоншаевский муниципальный округ,муниципальный округ,,1,,рп Тоншаево,data-20210201-structure-20150128.csv,2021,9999,,,52,Нижегородская область,57.732841,47.011944,1,43387.0,14347.0,330.8
1572,Уренский,22-554-000-000,Уренский муниципальный округ,муниципальный округ,,1,,г Урень,data-20210201-structure-20150128.csv,2021,9999,,,52,Нижегородская область,57.4614974,45.7878911,1,49860.5,27897.0,341.7
1573,Шарангский,22-556-000-000,Шарангский муниципальный округ,муниципальный округ,,1,,рп Шаранга,data-20221219-structure-20150128.csv,2023,9999,,,52,Нижегородская область,57.1773441,46.5445937,2,44175.6,11304.0,337.0
1574,Шатковский,22-557-000-000,Шатковский муниципальный округ,муниципальный округ,,1,,рп Шатки,data-20221219-structure-20150128.csv,2023,9999,,,52,Нижегородская область,55.188023,44.127811,2,48417.6,22629.0,369.3
1575,Великий Новгород,49-701-000-000,городской округ Великий Новгород,городской округ,административный_центр_субъекта,2,49-625-000-000,г Великий Новгород,data-20180110-structure-20150128.csv,2018,9999,,,53,Новгородская область,58.5609587,31.2809005856491,1,75444.3,222340.0,358.7
1577,Боровичский,49-606-000-000,Боровичский муниципальный район,муниципальный район,,1,,г Боровичи,data-20180110-structure-20150128.csv,2018,9999,,,53,Новгородская область,58.389009,33.9068275,1,59524.5,60283.0,333.2
1578,Валдайский,49-608-000-000,Валдайский муниципальный район,муниципальный район,,1,,г Валдай,data-20180110-structure-20150128.csv,2018,9999,,,53,Новгородская область,57.9791414,33.2537994,1,59422.2,21712.0,339.1
1579,Волотовский,49-510-000-000,муниципальный округ Волотовский,муниципальный округ,,1,,п Волот,data-20210118-structure-20150128.csv,2021,9999,,,53,Новгородская область,57.9301007,30.7090808,1,47694.2,4071.0,312.2
1580,Демянский,49-512-000-000,муниципальный округ Демянский,муниципальный округ,,1,,рп Демянск,data-20240101-structure-20150128.csv,2024,9999,,,53,Новгородская область,57.6423554,32.4646788,2,47131.2,9515.0,324.7
1581,Крестецкий,49-514-000-000,муниципальный округ Крестецкий,муниципальный округ,,1,,рп Крестцы,data-20240101-structure-20150128.csv,2024,9999,,,53,Новгородская область,58.247665,32.522858,2,70229.5,11189.0,333.4
1582,Любытинский,49-616-000-000,Любытинский муниципальный район,муниципальный район,,1,,рп Любытино,data-20180110-structure-20150128.csv,2018,9999,,,53,Новгородская область,58.8142322,33.3976972,1,56204.7,7088.0,326.1
1583,Маловишерский,49-620-000-000,Маловишерский муниципальный район,муниципальный район,,1,,г Малая Вишера,data-20180110-structure-20150128.csv,2018,9999,,,53,Новгородская область,58.844215,32.218636,1,59223.2,13111.0,322.8
1584,Марёвский,49-523-000-000,муниципальный округ Марёвский,муниципальный округ,,1,,с Марёво,data-20210118-structure-20150128.csv,2021,9999,,,53,Новгородская область,57.315285,32.082283,1,43342.5,3202.0,322.3
1585,Мошенской,49-524-000-000,муниципальный округ Мошенской,муниципальный округ,,1,,с Мошенское,data-20240101-structure-20150128.csv,2024,9999,,,53,Новгородская область,58.512428,34.5849085,2,42513.7,5580.0,327.7
1586,Новгородский,49-625-000-000,Новгородский муниципальный район,муниципальный район,,3,49-701-000-000,г Великий Новгород,data-20180110-structure-20150128.csv,2018,9999,,,53,Новгородская область,58.5609587,31.2809005856491,1,66606.7,64120.0,442.3
1587,Окуловский,49-628-000-000,Окуловский муниципальный район,муниципальный район,,1,,г Окуловка,data-20180110-structure-20150128.csv,2018,9999,,,53,Новгородская область,58.3740782,33.3009383,1,63637.5,18071.0,335.3
1588,Парфинский,49-630-000-000,Парфинский муниципальный район,муниципальный район,,1,,рп Парфино,data-20180110-structure-20150128.csv,2018,9999,,,53,Новгородская область,57.9713226,31.649848,1,46930.1,11516.0,318.5
1589,Пестовский,49-532-000-000,муниципальный округ Пестовский,муниципальный округ,,1,,г Пестово,data-20240101-structure-20150128.csv,2024,9999,,,53,Новгородская область,58.5981825,35.81432054429986,2,52642.3,18158.0,336.5
1590,Поддорский,49-634-000-000,Поддорский муниципальный район,муниципальный район,,1,,с Поддорье,data-20180110-structure-20150128.csv,2018,9999,,,53,Новгородская область,57.470387,31.111748,1,43933.7,3220.0,313.6
1591,Солецкий,49-538-000-000,муниципальный округ Солецкий,муниципальный округ,,1,,г Сольцы,data-20210118-structure-20150128.csv,2021,9999,,,53,Новгородская область,58.119003,30.309679,1,45516.0,10758.0,313.8
1592,Старорусский,49-639-000-000,Старорусский муниципальный район,муниципальный район,,1,,г Старая Русса,data-20180110-structure-20150128.csv,2018,9999,,,53,Новгородская область,57.9898923,31.3634905,1,53512.4,37508.0,316.6
1593,Хвойнинский,49-545-000-000,муниципальный округ Хвойнинский,муниципальный округ,,1,,рп Хвойная,data-20210201-structure-20150128.csv,2021,9999,,,53,Новгородская область,58.8960621,34.5121844,1,58128.9,13129.0,322.1
1594,Холмский,49-647-000-000,Холмский муниципальный район,муниципальный район,,1,,г Холм,data-20180110-structure-20150128.csv,2018,9999,,,53,Новгородская область,57.15407424999999,31.17085196949452,1,54421.9,4643.0,316.9
1595,Чудовский,49-650-000-000,Чудовский муниципальный район,муниципальный район,,1,,г Чудово,data-20180110-structure-20150128.csv,2018,9999,,,53,Новгородская область,59.1240916,31.68621497690631,1,69403.2,18345.0,330.1
1596,Шимский,49-655-000-000,Шимский муниципальный район,муниципальный район,,1,,рп Шимск,data-20180110-structure-20150128.csv,2018,9999,,,53,Новгородская область,58.2117,30.724808,1,55998.5,9113.0,318.8
1597,Новосибирск,50-701-000-000,городской округ город Новосибирск,городской округ,административный_центр_субъекта,2,50-640-000-000,г Новосибирск,data-20180110-structure-20150128.csv,2018,9999,,,54,Новосибирская область,54.96781445,82.95159894278376,1,93057.4,1633851.0,308.6
1598,Бердск,50-708-000-000,городской округ город Бердск,городской округ,,1,,г Бердск,data-20180110-structure-20150128.csv,2018,9999,,,54,Новосибирская область,54.7437662,83.06268907860164,1,69072.2,102760.0,248.2
1599,Искитим,50-712-000-000,городской округ город Искитим,городской округ,,2,50-615-000-000,г Искитим,data-20180110-structure-20150128.csv,2018,9999,,,54,Новосибирская область,54.61506035,83.29727586648599,1,79607.3,56654.0,268.9
1600,Обь,50-717-000-000,городской округ город Обь,городской округ,,1,,г Обь,data-20180110-structure-20150128.csv,2018,9999,,,54,Новосибирская область,54.9951335,82.6933946,1,105108.0,31050.0,256.9
1601,Кольцово,50-740-000-000,городской округ рабочий поселок Кольцово,городской округ,,1,,рп Кольцово,data-20180110-structure-20150128.csv,2018,9999,,,54,Новосибирская область,54.9367736,83.187139,1,133492.6,20883.0,255.0
1602,Баганский,50-603-000-000,Баганский муниципальный район,муниципальный район,,1,,с Баган,data-20180110-structure-20150128.csv,2018,9999,,,54,Новосибирская область,54.0968728,77.6718776,1,50910.5,13948.0,233.1
1603,Барабинский,50-604-000-000,Барабинский муниципальный район,муниципальный район,,1,,г Барабинск,data-20180110-structure-20150128.csv,2018,9999,,,54,Новосибирская область,55.3567611,78.350348,1,64127.6,38628.0,237.5
1604,Болотнинский,50-606-000-000,Болотнинский муниципальный район,муниципальный район,,1,,г Болотное,data-20180110-structure-20150128.csv,2018,9999,,,54,Новосибирская область,55.6715707,84.388557,1,58805.6,25205.0,236.6
1605,Венгеровский,50-608-000-000,Венгеровский муниципальный район,муниципальный район,,1,,с Венгерово,data-20180110-structure-20150128.csv,2018,9999,,,54,Новосибирская область,55.681034,76.739029,1,53200.8,14721.0,238.0
1606,Доволенский,50-610-000-000,Доволенский муниципальный район,муниципальный район,,1,,с Довольное,data-20180110-structure-20150128.csv,2018,9999,,,54,Новосибирская область,54.495785,79.667091,1,49189.5,12663.0,232.3
1607,Здвинский,50-613-000-000,Здвинский муниципальный район,муниципальный район,,1,,с Здвинск,data-20180110-structure-20150128.csv,2018,9999,,,54,Новосибирская область,54.703968,78.667595,1,53417.2,11725.0,233.1
1608,Искитимский,50-615-000-000,Искитимский муниципальный район,муниципальный район,,3,50-712-000-000,г Искитим,data-20180110-structure-20150128.csv,2018,9999,,,54,Новосибирская область,54.61506035,83.29727586648599,1,80035.3,58382.0,268.2
1609,Карасукский,50-617-000-000,Карасукский муниципальный район,муниципальный район,,1,,г Карасук,data-20180110-structure-20150128.csv,2018,9999,,,54,Новосибирская область,53.73447,78.032372,1,60587.6,38279.0,231.9
1610,Каргатский,50-619-000-000,Каргатский муниципальный район,муниципальный район,,1,,г Каргат,data-20180110-structure-20150128.csv,2018,9999,,,54,Новосибирская область,55.1929899,80.2828252,1,54652.1,14001.0,236.8
1611,Колыванский,50-621-000-000,Колыванский муниципальный район,муниципальный район,,1,,рп Колывань,data-20180110-structure-20150128.csv,2018,9999,,,54,Новосибирская область,55.3068791,82.7433464,1,58265.0,24293.0,244.2
1612,Коченевский,50-623-000-000,Коченевский муниципальный район,муниципальный район,,1,,рп Коченево,data-20180110-structure-20150128.csv,2018,9999,,,54,Новосибирская область,55.021442,82.207718,1,64857.8,45219.0,237.5
1613,Кочковский,50-625-000-000,Кочковский муниципальный район,муниципальный район,,1,,с Кочки,data-20180110-structure-20150128.csv,2018,9999,,,54,Новосибирская область,54.334766,80.487846,1,54664.4,11493.0,232.6
1614,Краснозерский,50-627-000-000,Краснозерский муниципальный район,муниципальный район,,1,,рп Краснозерское,data-20180110-structure-20150128.csv,2018,9999,,,54,Новосибирская область,53.984768,79.228577,1,57316.9,27453.0,231.4
1615,Куйбышевский,50-630-000-000,Куйбышевский муниципальный район,муниципальный район,,1,,г Куйбышев,data-20180110-structure-20150128.csv,2018,9999,,,54,Новосибирская область,55.4454258,78.3222294,1,61548.0,53654.0,236.4
1616,Купинский,50-632-000-000,Купинский муниципальный район,муниципальный район,,1,,г Купино,data-20180110-structure-20150128.csv,2018,9999,,,54,Новосибирская область,54.364929,77.30854,1,55122.5,25382.0,234.0
1617,Кыштовский,50-634-000-000,Кыштовский муниципальный район,муниципальный район,,1,,с Кыштовка,data-20180110-structure-20150128.csv,2018,9999,,,54,Новосибирская область,56.55957,76.624588,1,53398.3,8984.0,231.4
1618,Маслянинский,50-636-000-000,Маслянинский муниципальный район,муниципальный район,,1,,рп Маслянино,data-20180110-structure-20150128.csv,2018,9999,,,54,Новосибирская область,54.345501,84.21067,1,68730.7,23528.0,233.3
1619,Мошковский,50-638-000-000,Мошковский муниципальный район,муниципальный район,,1,,рп Мошково,data-20180110-structure-20150128.csv,2018,9999,,,54,Новосибирская область,55.304806,83.611855,1,66260.1,40479.0,241.8
1620,Новосибирский,50-640-000-000,Новосибирский муниципальный район,муниципальный район,,3,50-701-000-000,г Новосибирск,data-20180110-structure-20150128.csv,2018,9999,,,54,Новосибирская область,54.96781445,82.95159894278376,1,87765.6,170131.0,1000.0
1621,Ордынский,50-642-000-000,Ордынский муниципальный район,муниципальный район,,1,,рп Ордынское,data-20180110-structure-20150128.csv,2018,9999,,,54,Новосибирская область,54.366676,81.904022,1,57913.4,33623.0,237.1
1622,Северный,50-644-000-000,Северный муниципальный район,муниципальный район,,1,,с Северное,data-20180110-structure-20150128.csv,2018,9999,,,54,Новосибирская область,56.3500996,78.3649455,1,51040.3,7319.0,230.5
1623,Сузунский,50-648-000-000,Сузунский муниципальный район,муниципальный район,,1,,рп Сузун,data-20180110-structure-20150128.csv,2018,9999,,,54,Новосибирская область,53.783924,82.316231,1,51598.6,31042.0,226.2
1624,Татарский,50-650-000-000,Татарский муниципальный район,муниципальный район,,1,,г Татарск,data-20180110-structure-20150128.csv,2018,9999,,,54,Новосибирская область,55.216961,75.962196,1,57371.0,36645.0,241.1
1625,Тогучинский,50-652-000-000,Тогучинский муниципальный район,муниципальный район,,1,,г Тогучин,data-20180110-structure-20150128.csv,2018,9999,,,54,Новосибирская область,55.23769,84.402458,1,58383.3,53463.0,237.3
1626,Убинский,50-654-000-000,Убинский муниципальный район,муниципальный район,,1,,с Убинское,data-20180110-structure-20150128.csv,2018,9999,,,54,Новосибирская область,55.306721,79.679375,1,50754.2,11277.0,236.6
1627,Усть-Таркский,50-655-000-000,Усть-Таркский муниципальный район,муниципальный район,,1,,с Усть-Тарка,data-20180110-structure-20150128.csv,2018,9999,,,54,Новосибирская область,55.563934,75.706017,1,50752.6,10681.0,240.4
1628,Чановский,50-656-000-000,Чановский муниципальный район,муниципальный район,,1,,рп Чаны,data-20180110-structure-20150128.csv,2018,9999,,,54,Новосибирская область,55.308064,76.759605,1,60120.9,20323.0,239.7
1629,Черепановский,50-657-000-000,Черепановский муниципальный район,муниципальный район,,1,,г Черепаново,data-20180110-structure-20150128.csv,2018,9999,,,54,Новосибирская область,54.226101,83.370468,1,60695.9,49025.0,237.3
1630,Чистоозерный,50-658-000-000,Чистоозерный муниципальный район,муниципальный район,,1,,рп Чистоозерное,data-20180110-structure-20150128.csv,2018,9999,,,54,Новосибирская область,54.712204,76.582344,1,50424.7,13809.0,236.8
1631,Чулымский,50-659-000-000,Чулымский муниципальный район,муниципальный район,,1,,г Чулым,data-20180110-structure-20150128.csv,2018,9999,,,54,Новосибирская область,55.09,80.970459,1,59934.0,18959.0,237.5
1632,Омск,52-701-000-000,городской округ город Омск,городской округ,административный_центр_субъекта,1,,г Омск,data-20180110-structure-20150128.csv,2018,9999,,,55,Омская область,54.991375,73.371529,1,77427.2,1104485.0,242.0
1633,Азовский немецкий,52-601-000-000,Азовский немецкий национальный муниципальный район,муниципальный район,,1,,с Азово,data-20180110-structure-20150128.csv,2018,9999,,,55,Омская область,54.70385,73.026871,1,50337.3,25339.0,250.8
1634,Большереченский,52-603-000-000,Большереченский муниципальный район,муниципальный район,,1,,рп Большеречье,data-20180110-structure-20150128.csv,2018,9999,,,55,Омская область,56.094585,74.639519,1,45128.4,21499.0,238.5
1635,Большеуковский,52-606-000-000,Большеуковский муниципальный район,муниципальный район,,1,,с Большие Уки,data-20180110-structure-20150128.csv,2018,9999,,,55,Омская область,56.949043,72.625717,1,44267.3,5838.0,240.1
1636,Горьковский,52-609-000-000,Горьковский муниципальный район,муниципальный район,,1,,рп Горьковское,data-20180110-structure-20150128.csv,2018,9999,,,55,Омская область,55.371033,74.362556,1,43825.7,18069.0,244.6
1637,Знаменский,52-612-000-000,Знаменский муниципальный район,муниципальный район,,1,,с Знаменское,data-20180110-structure-20150128.csv,2018,9999,,,55,Омская область,57.127403,73.821983,1,42358.2,9777.0,237.1
1638,Исилькульский,52-615-000-000,Исилькульский муниципальный район,муниципальный район,,1,,г Исилькуль,data-20180110-structure-20150128.csv,2018,9999,,,55,Омская область,54.904892,71.259987,1,46016.7,35262.0,249.1
1639,Калачинский,52-618-000-000,Калачинский муниципальный район,муниципальный район,,1,,г Калачинск,data-20180110-structure-20150128.csv,2018,9999,,,55,Омская область,55.049091,74.582428,1,52071.7,35486.0,246.8
1640,Колосовский,52-621-000-000,Колосовский муниципальный район,муниципальный район,,1,,с Колосовка,data-20180110-structure-20150128.csv,2018,9999,,,55,Омская область,56.467625,73.606575,1,43047.7,8763.0,242.0
1641,Кормиловский,52-623-000-000,Кормиловский муниципальный район,муниципальный район,,1,,рп Кормиловка,data-20180110-structure-20150128.csv,2018,9999,,,55,Омская область,55.002613,74.092224,1,53569.9,23179.0,251.5
1642,Крутинский,52-626-000-000,Крутинский муниципальный район,муниципальный район,,1,,рп Крутинка,data-20180110-structure-20150128.csv,2018,9999,,,55,Омская область,56.006351,71.511307,1,46049.3,12735.0,253.1
1643,Любинский,52-629-000-000,Любинский муниципальный район,муниципальный район,,1,,рп Любинский,data-20180110-structure-20150128.csv,2018,9999,,,55,Омская область,55.156715,72.699005,1,50588.3,38168.0,251.5
1644,Марьяновский,52-630-000-000,Марьяновский муниципальный район,муниципальный район,,1,,рп Марьяновка,data-20180110-structure-20150128.csv,2018,9999,,,55,Омская область,54.960659,72.637947,1,50511.5,25313.0,251.7
1645,Москаленский,52-632-000-000,Москаленский муниципальный район,муниципальный район,,1,,рп Москаленки,data-20180110-structure-20150128.csv,2018,9999,,,55,Омская область,54.939468,71.92588,1,48378.3,26392.0,249.1
1646,Муромцевский,52-634-000-000,Муромцевский муниципальный район,муниципальный район,,1,,рп Муромцево,data-20180110-structure-20150128.csv,2018,9999,,,55,Омская область,56.369392,75.237198,1,42808.4,16992.0,234.2
1647,Называевский,52-636-000-000,Называевский муниципальный район,муниципальный район,,1,,г Называевск,data-20180110-structure-20150128.csv,2018,9999,,,55,Омская область,55.564896,71.349365,1,46477.2,17786.0,251.9
1648,Нижнеомский,52-639-000-000,Нижнеомский муниципальный район,муниципальный район,,1,,с Нижняя Омка,data-20180110-structure-20150128.csv,2018,9999,,,55,Омская область,55.43359,74.938004,1,43901.7,12230.0,243.4
1649,Нововаршавский,52-641-000-000,Нововаршавский муниципальный район,муниципальный район,,1,,рп Нововаршавка,data-20180110-structure-20150128.csv,2018,9999,,,55,Омская область,54.170616,74.696037,1,50341.4,20369.0,236.4
1650,Одесский,52-642-000-000,Одесский муниципальный район,муниципальный район,,1,,с Одесское,data-20180110-structure-20150128.csv,2018,9999,,,55,Омская область,54.20969,72.965538,1,47241.1,15856.0,242.7
1651,Оконешниковский,52-643-000-000,Оконешниковский муниципальный район,муниципальный район,,1,,рп Оконешниково,data-20180110-structure-20150128.csv,2018,9999,,,55,Омская область,54.8373364,75.0727251,1,45186.1,11776.0,242.7
1652,Омский,52-644-000-000,Омский муниципальный район,муниципальный район,,1,,п Ростовка,data-20180110-structure-20150128.csv,2018,9999,,,55,Омская область,55.019558,73.580765,1,55625.4,100576.0,260.0
1653,Павлоградский,52-646-000-000,Павлоградский муниципальный район,муниципальный район,,1,,рп Павлоградка,data-20180110-structure-20150128.csv,2018,9999,,,55,Омская область,54.205006,73.556488,1,48039.5,17473.0,242.5
1654,Полтавский,52-648-000-000,Полтавский муниципальный район,муниципальный район,,1,,рп Полтавка,data-20180110-structure-20150128.csv,2018,9999,,,55,Омская область,54.3642388,71.7609168,1,47737.2,18147.0,245.8
1655,Русско-Полянский,52-650-000-000,Русско-Полянский муниципальный район,муниципальный район,,1,,рп Русская Поляна,data-20180110-structure-20150128.csv,2018,9999,,,55,Омская область,53.780357,73.882103,1,44913.0,15619.0,236.1
1656,Саргатский,52-651-000-000,Саргатский муниципальный район,муниципальный район,,1,,рп Саргатское,data-20180110-structure-20150128.csv,2018,9999,,,55,Омская область,55.603386,73.490257,1,44770.5,15815.0,247.5
1657,Седельниковский,52-652-000-000,Седельниковский муниципальный район,муниципальный район,,1,,с Седельниково,data-20180110-structure-20150128.csv,2018,9999,,,55,Омская область,56.945618,75.306061,1,43667.2,8137.0,235.7
1658,Таврический,52-653-000-000,Таврический муниципальный район,муниципальный район,,1,,рп Таврическое,data-20180110-structure-20150128.csv,2018,9999,,,55,Омская область,54.586674,73.637436,1,47839.0,33312.0,247.9
1659,Тарский,52-654-000-000,Тарский муниципальный район,муниципальный район,,1,,г Тара,data-20180110-structure-20150128.csv,2018,9999,,,55,Омская область,56.8757689,74.4196755,1,49200.2,39838.0,237.3
1660,Тевризский,52-655-000-000,Тевризский муниципальный район,муниципальный район,,1,,рп Тевриз,data-20180110-structure-20150128.csv,2018,9999,,,55,Омская область,57.513668,72.398911,1,45468.8,11958.0,240.9
1661,Тюкалинский,52-656-000-000,Тюкалинский муниципальный район,муниципальный район,,1,,г Тюкалинск,data-20180110-structure-20150128.csv,2018,9999,,,55,Омская область,55.870556,72.196617,1,46387.1,19114.0,252.2
1662,Усть-Ишимский,52-657-000-000,Усть-Ишимский муниципальный район,муниципальный район,,1,,с Усть-Ишим,data-20180110-structure-20150128.csv,2018,9999,,,55,Омская область,57.693462,71.169968,1,44483.8,9157.0,244.2
1663,Черлакский,52-658-000-000,Черлакский муниципальный район,муниципальный район,,1,,рп Черлак,data-20180110-structure-20150128.csv,2018,9999,,,55,Омская область,54.154067,74.7974987,1,44547.8,24866.0,238.5
1664,Шербакульский,52-659-000-000,Шербакульский муниципальный район,муниципальный район,,1,,рп Шербакуль,data-20180110-structure-20150128.csv,2018,9999,,,55,Омская область,54.631046,72.392822,1,45717.9,18767.0,246.0
1665,Оренбург,53-701-000-000,городской округ город Оренбург,городской округ,административный_центр_субъекта,2,53-634-000-000,г Оренбург,data-20180110-structure-20150128.csv,2018,9999,,,56,Оренбургская область,51.7671248,55.0978517,1,77401.4,550344.0,345.2
1666,Абдулинский,53-704-000-000,городской округ Абдулинский,городской округ,,1,,г Абдулино,data-20180110-structure-20150128.csv,2018,9999,,,56,Оренбургская область,53.6828,53.655701,1,63306.4,23381.0,326.1
1667,Бугуруслан,53-708-000-000,городской округ город Бугуруслан,городской округ,,2,53-611-000-000,г Бугуруслан,data-20230228-structure-20150128.csv,2018,9999,,,56,Оренбургская область,53.6527806,52.4340458,1,59751.9,42519.0,342.9
1668,Бузулук,53-712-000-000,городской округ город Бузулук,городской округ,,2,53-612-000-000,г Бузулук,data-20230228-structure-20150128.csv,2018,9999,,,56,Оренбургская область,52.7586837,52.28831670221607,1,79778.4,88339.0,341.7
1669,Гайский,53-713-000-000,городской округ Гайский,городской округ,,1,,г Гай,data-20180110-structure-20150128.csv,2018,9999,,,56,Оренбургская область,51.471443,58.440517,1,83424.5,39040.0,280.8
1670,Кувандыкский,53-714-000-000,городской округ Кувандыкский,городской округ,,1,,г Кувандык,data-20180110-structure-20150128.csv,2018,9999,,,56,Оренбургская область,51.478756,57.350796,1,51752.6,40357.0,286.4
1671,Медногорск,53-715-000-000,городской округ город Медногорск,городской округ,,1,,г Медногорск,data-20180110-structure-20150128.csv,2018,9999,,,56,Оренбургская область,51.4049435,57.5803138,1,64872.6,24149.0,285.7
1672,Новотроицк,53-720-000-000,городской округ город Новотроицк,городской округ,,1,,г Новотроицк,data-20180110-structure-20150128.csv,2018,9999,,,56,Оренбургская область,51.196369,58.298527,1,74255.2,79410.0,280.8
1673,Орск,53-723-000-000,городской округ город Орск,городской округ,,1,,г Орск,data-20180110-structure-20150128.csv,2018,9999,,,56,Оренбургская область,51.2305015,58.4738015,1,74043.2,190318.0,278.6
1674,Соль-Илецкий,53-725-000-000,городской округ Соль-Илецкий,городской округ,,1,,г Соль-Илецк,data-20180110-structure-20150128.csv,2018,9999,,,56,Оренбургская область,51.161289,54.996372,1,50777.4,45181.0,291.6
1675,Сорочинский,53-727-000-000,городской округ Сорочинский,городской округ,,1,,г Сорочинск,data-20180110-structure-20150128.csv,2018,9999,,,56,Оренбургская область,52.426971,53.154175,1,48696.2,39845.0,313.8
1676,Ясненский,53-732-000-000,городской округ Ясненский,городской округ,,1,,г Ясный,data-20180110-structure-20150128.csv,2018,9999,,,56,Оренбургская область,51.036957,59.873268,1,64263.7,17793.0,268.7
1678,Адамовский,53-604-000-000,Адамовский муниципальный район,муниципальный район,,1,,п Адамовка,data-20180110-structure-20150128.csv,2018,9999,,,56,Оренбургская область,51.520966,59.940235,1,43601.6,18976.0,270.6
1679,Акбулакский,53-605-000-000,Акбулакский муниципальный район,муниципальный район,,1,,п Акбулак,data-20180110-structure-20150128.csv,2018,9999,,,56,Оренбургская область,51.006439,55.62648,1,41483.2,19016.0,285.5
1680,Александровский,53-606-000-000,Александровский муниципальный район,муниципальный район,,1,,с Александровка,data-20180110-structure-20150128.csv,2018,9999,,,56,Оренбургская область,52.680561,54.413418,1,53187.5,12753.0,310.5
1681,Асекеевский,53-607-000-000,Асекеевский муниципальный район,муниципальный район,,1,,с Асекеево,data-20180110-structure-20150128.csv,2018,9999,,,56,Оренбургская область,53.580097,52.82431,1,50076.5,15753.0,327.3
1682,Беляевский,53-610-000-000,Беляевский муниципальный район,муниципальный район,,1,,с Беляевка,data-20180110-structure-20150128.csv,2018,9999,,,56,Оренбургская область,51.398891,56.409542,1,50165.4,13156.0,290.4
1683,Бугурусланский,53-611-000-000,Бугурусланский муниципальный район,муниципальный район,,3,53-708-000-000,г Бугуруслан,data-20230228-structure-20150128.csv,2018,9999,,,56,Оренбургская область,53.6527806,52.4340458,1,53931.6,16252.0,358.9
1685,Грачёвский,53-615-000-000,Грачёвский муниципальный район,муниципальный район,,1,,с Грачёвка,data-20180110-structure-20150128.csv,2018,9999,,,56,Оренбургская область,52.919601,52.879501,1,53369.0,10558.0,318.8
1686,Домбаровский,53-617-000-000,Домбаровский муниципальный район,муниципальный район,,1,,п Домбаровский,data-20180110-structure-20150128.csv,2018,9999,,,56,Оренбургская область,50.760067,59.536777,1,54897.1,11105.0,267.5
1687,Илекский,53-619-000-000,Илекский муниципальный район,муниципальный район,,1,,с Илек,data-20180110-structure-20150128.csv,2018,9999,,,56,Оренбургская область,51.527264,53.383327,1,47564.7,25229.0,299.6
1688,Кваркенский,53-622-000-000,Кваркенский муниципальный район,муниципальный район,,1,,с Кваркено,data-20180110-structure-20150128.csv,2018,9999,,,56,Оренбургская область,52.084141,59.722305,1,53385.3,14438.0,270.6
1689,Красногвардейский,53-623-000-000,Красногвардейский муниципальный район,муниципальный район,,1,,с Плешаново,data-20180110-structure-20150128.csv,2018,9999,,,56,Оренбургская область,52.8480171,53.4871553,1,45739.4,16960.0,313.8
1690,Курманаевский,53-625-000-000,Курманаевский муниципальный район,муниципальный район,,1,,с Курманаевка,data-20180110-structure-20150128.csv,2018,9999,,,56,Оренбургская область,52.506886,52.067692,1,51089.2,14152.0,317.4
1691,Матвеевский,53-627-000-000,Матвеевский муниципальный район,муниципальный район,,1,,с Матвеевка,data-20180110-structure-20150128.csv,2018,9999,,,56,Оренбургская область,53.511856,53.482029,1,50219.0,8826.0,323.5
1692,Новоорский,53-630-000-000,Новоорский муниципальный район,муниципальный район,,1,,п Новоорск,data-20180110-structure-20150128.csv,2018,9999,,,56,Оренбургская область,51.3812897,58.9857207,1,65573.1,23447.0,276.3
1693,Новосергиевский,53-631-000-000,Новосергиевский муниципальный район,муниципальный район,,1,,п Новосергиевка,data-20180110-structure-20150128.csv,2018,9999,,,56,Оренбургская область,52.081001,53.653702,1,55143.1,28827.0,309.3
1694,Октябрьский,53-633-000-000,Октябрьский муниципальный район,муниципальный район,,1,,с Октябрьское,data-20180110-structure-20150128.csv,2018,9999,,,56,Оренбургская область,52.345226,55.507576,1,53243.7,17079.0,305.5
1696,Первомайский,53-636-000-000,Первомайский муниципальный район,муниципальный район,,1,,п Первомайский,data-20180110-structure-20150128.csv,2018,9999,,,56,Оренбургская область,51.902344,51.639091,1,53986.9,20575.0,308.4
1697,Переволоцкий,53-637-000-000,Переволоцкий муниципальный район,муниципальный район,,1,,п Переволоцкий,data-20180110-structure-20150128.csv,2018,9999,,,56,Оренбургская область,51.8749502,54.2080495,1,54376.2,20288.0,305.3
1698,Пономарёвский,53-638-000-000,Пономарёвский муниципальный район,муниципальный район,,1,,с Пономарёвка,data-20180110-structure-20150128.csv,2018,9999,,,56,Оренбургская область,53.314846,54.121265,1,43159.2,12885.0,320.9
1699,Сакмарский,53-640-000-000,Сакмарский муниципальный район,муниципальный район,,1,,с Сакмара,data-20180110-structure-20150128.csv,2018,9999,,,56,Оренбургская область,51.9846,55.333401,1,54767.9,29252.0,304.6
1700,Саракташский,53-641-000-000,Саракташский муниципальный район,муниципальный район,,1,,п Саракташ,data-20180110-structure-20150128.csv,2018,9999,,,56,Оренбургская область,51.7833,56.3591,1,51540.8,39786.0,295.2
1701,Светлинский,53-642-000-000,Светлинский муниципальный район,муниципальный район,,1,,п Светлый,data-20180110-structure-20150128.csv,2018,9999,,,56,Оренбургская область,50.820313,60.850288,1,45985.6,9689.0,260.2
1702,Северный,53-643-000-000,Северный муниципальный район,муниципальный район,,1,,с Северное,data-20180110-structure-20150128.csv,2018,9999,,,56,Оренбургская область,54.091789,52.541626,1,60306.4,10754.0,337.2
1703,Ташлинский,53-651-000-000,Ташлинский муниципальный район,муниципальный район,,1,,с Ташла,data-20180110-structure-20150128.csv,2018,9999,,,56,Оренбургская область,51.7696795,52.7403401,1,57467.1,19856.0,304.1
1704,Тоцкий,53-652-000-000,Тоцкий муниципальный район,муниципальный район,,1,,с Тоцкое,data-20180110-structure-20150128.csv,2018,9999,,,56,Оренбургская область,52.530071,52.748413,1,46971.3,30816.0,316.2
1705,Тюльганский,53-653-000-000,Тюльганский муниципальный район,муниципальный район,,1,,п Тюльган,data-20180110-structure-20150128.csv,2018,9999,,,56,Оренбургская область,52.342068,56.161255,1,42087.2,17089.0,300.8
1706,Шарлыкский,53-656-000-000,Шарлыкский муниципальный район,муниципальный район,,1,,с Шарлык,data-20180110-structure-20150128.csv,2018,9999,,,56,Оренбургская область,52.9276338,54.7455627,1,46125.0,14855.0,314.5
1707,Орёл,54-701-000-000,городской округ город Орёл,городской округ,административный_центр_субъекта,2,54-647-000-000;54-501-000-000,г Орёл,data-20180110-structure-20150128.csv,2018,9999,,,57,Орловская область,52.96801714999999,36.09949941816104,1,61277.0,292406.0,408.0
1708,Ливны,54-705-000-000,городской округ город Ливны,городской округ,,2,54-629-000-000,г Ливны,data-20180110-structure-20150128.csv,2018,9999,,,57,Орловская область,52.42861105,37.60360592292363,1,51959.9,42694.0,379.0
1709,Мценск,54-710-000-000,городской округ город Мценск,городской округ,,2,54-636-000-000,г Мценск,data-20180110-structure-20150128.csv,2018,9999,,,57,Орловская область,53.28197315,36.56915665105407,1,53229.6,35554.0,381.1
1710,Болховский,54-604-000-000,Болховский муниципальный район,муниципальный район,,1,,г Болхов,data-20180110-structure-20150128.csv,2018,9999,,,57,Орловская область,53.448994,36.002232,1,45166.3,14977.0,364.3
1711,Верховский,54-608-000-000,Верховский муниципальный район,муниципальный район,,1,,пгт Верховье,data-20180110-structure-20150128.csv,2018,9999,,,57,Орловская область,52.810467,37.239925,1,52594.0,14493.0,361.7
1712,Глазуновский,54-610-000-000,Глазуновский муниципальный район,муниципальный район,,1,,пгт Глазуновка,data-20180110-structure-20150128.csv,2018,9999,,,57,Орловская область,52.499466,36.322838,1,49502.0,10168.0,354.0
1714,Должанский,54-615-000-000,Должанский муниципальный район,муниципальный район,,1,,пгт Долгое,data-20180110-structure-20150128.csv,2018,9999,,,57,Орловская область,52.0552637,37.5295749,1,50892.8,8587.0,348.5
1715,Залегощенский,54-618-000-000,Залегощенский муниципальный район,муниципальный район,,1,,пгт Залегощь,data-20180110-structure-20150128.csv,2018,9999,,,57,Орловская область,52.90242,36.893154,1,48806.0,11724.0,361.0
1717,Колпнянский,54-623-000-000,Колпнянский муниципальный район,муниципальный район,,1,,пгт Колпна,data-20180110-structure-20150128.csv,2018,9999,,,57,Орловская область,52.222736,37.028606,1,69003.6,12286.0,350.9
1718,Краснозоренский,54-624-000-000,Краснозоренский муниципальный район,муниципальный район,,1,,п Красная Заря,data-20180110-structure-20150128.csv,2018,9999,,,57,Орловская область,52.780712,37.690243,1,50320.2,5084.0,362.0
1719,Кромской,54-625-000-000,Кромской муниципальный район,муниципальный район,,1,,пгт Кромы,data-20180110-structure-20150128.csv,2018,9999,,,57,Орловская область,52.688126,35.768337,1,54417.4,20537.0,354.9
1722,Малоархангельский,54-632-000-000,Малоархангельский муниципальный район,муниципальный район,,1,,г Малоархангельск,data-20180110-structure-20150128.csv,2018,9999,,,57,Орловская область,52.399578,36.504021,1,46776.8,9312.0,352.5
1724,Новодеревеньковский,54-639-000-000,Новодеревеньковский муниципальный район,муниципальный район,,1,,пгт Хомутово,data-20180110-structure-20150128.csv,2018,9999,,,57,Орловская область,52.854115,37.446629,1,51968.3,9028.0,361.7
1725,Новосильский,54-643-000-000,Новосильский муниципальный район,муниципальный район,,1,,г Новосиль,data-20180110-structure-20150128.csv,2018,9999,,,57,Орловская область,52.972939,37.041908,1,50855.7,6534.0,362.7
1726,Орловский,54-501-000-000,муниципальный округ Орловский,муниципальный округ,,3,54-701-000-000,г Орёл,data-20220328-structure-20150128.csv,2022,9999,,,57,Орловская область,52.96801714999999,36.09949941816104,1,65790.7,69588.0,566.7
1727,Покровский,54-650-000-000,Покровский муниципальный район,муниципальный район,,1,,пгт Покровское,data-20180110-structure-20150128.csv,2018,9999,,,57,Орловская область,52.607849,36.866261,1,53224.9,11873.0,356.6
1728,Свердловский,54-652-000-000,Свердловский муниципальный район,муниципальный район,,1,,пгт Змиёвка,data-20180110-structure-20150128.csv,2018,9999,,,57,Орловская область,52.672192,36.380112,1,49255.1,13337.0,357.7
1730,Троснянский,54-654-000-000,Троснянский муниципальный район,муниципальный район,,1,,с Тросна,data-20180110-structure-20150128.csv,2018,9999,,,57,Орловская область,52.448105,35.780979,1,54617.8,7678.0,351.6
1731,Урицкий,54-655-000-000,Урицкий муниципальный район,муниципальный район,,1,,пгт Нарышкино,data-20180110-structure-20150128.csv,2018,9999,,,57,Орловская область,52.97002115,35.71989336815815,1,43893.7,17284.0,356.3
1732,Хотынецкий,54-657-000-000,Хотынецкий муниципальный район,муниципальный район,,1,,пгт Хотынец,data-20180110-structure-20150128.csv,2018,9999,,,57,Орловская область,53.12459645,35.40448606686389,1,53718.3,7819.0,351.8
1733,Шаблыкинский,54-659-000-000,Шаблыкинский муниципальный район,муниципальный район,,1,,пгт Шаблыкино,data-20180110-structure-20150128.csv,2018,9999,,,57,Орловская область,52.853958,35.195244,1,60459.7,5835.0,345.5
1737,Башмаковский,56-603-000-000,Башмаковский муниципальный район,муниципальный район,,1,,рп Башмаково,data-20180110-structure-20150128.csv,2018,9999,,,58,Пензенская область,53.2122204,43.0360244,1,60294.0,19102.0,358.0
1738,Бековский,56-609-000-000,Бековский муниципальный район,муниципальный район,,1,,рп Беково,data-20180110-structure-20150128.csv,2018,9999,,,58,Пензенская область,52.4581207,43.7039446,1,48089.9,13474.0,354.0
1739,Белинский,56-612-000-000,Белинский муниципальный район,муниципальный район,,1,,г Белинский,data-20180110-structure-20150128.csv,2018,9999,,,58,Пензенская область,52.9669338,43.4130625,1,46192.3,23699.0,359.4
1740,Бессоновский,56-613-000-000,Бессоновский муниципальный район,муниципальный район,,1,,с Бессоновка,data-20180110-structure-20150128.csv,2018,9999,,,58,Пензенская область,53.309643,45.041382,1,62408.5,44901.0,365.5
1741,Вадинский,56-615-000-000,Вадинский муниципальный район,муниципальный район,,1,,с Вадинск,data-20180110-structure-20150128.csv,2018,9999,,,58,Пензенская область,53.689247,43.044308,1,47719.8,7153.0,362.7
1742,Городищенский,56-618-000-000,Городищенский муниципальный район,муниципальный район,,1,,г Городище,data-20180110-structure-20150128.csv,2018,9999,,,58,Пензенская область,53.273724,45.702282,1,47836.2,45419.0,358.0
1743,Земетчинский,56-623-000-000,Земетчинский муниципальный район,муниципальный район,,1,,рп Земетчино,data-20180110-structure-20150128.csv,2018,9999,,,58,Пензенская область,53.4947753,42.618641,1,51322.9,18592.0,358.9
1744,Иссинский,56-626-000-000,Иссинский муниципальный район,муниципальный район,,1,,рп Исса,data-20180110-structure-20150128.csv,2018,9999,,,58,Пензенская область,53.865589,44.839645,1,48212.4,8268.0,362.2
1745,Каменский,56-629-000-000,Каменский муниципальный район,муниципальный район,,1,,г Каменка,data-20180110-structure-20150128.csv,2018,9999,,,58,Пензенская область,53.1850012,44.0529066,1,55626.9,48394.0,361.0
1746,Камешкирский,56-631-000-000,Камешкирский муниципальный район,муниципальный район,,1,,с Русский Камешкир,data-20180110-structure-20150128.csv,2018,9999,,,58,Пензенская область,52.862823,46.091095,1,42526.4,9895.0,351.6
1747,Колышлейский,56-633-000-000,Колышлейский муниципальный район,муниципальный район,,1,,рп Колышлей,data-20180110-structure-20150128.csv,2018,9999,,,58,Пензенская область,52.702633,44.535477,1,48162.6,20513.0,356.6
1749,Лопатинский,56-642-000-000,Лопатинский муниципальный район,муниципальный район,,1,,с Лопатино,data-20180110-structure-20150128.csv,2018,9999,,,58,Пензенская область,52.614059,45.810112,1,47132.3,11327.0,350.4
1750,Лунинский,56-643-000-000,Лунинский муниципальный район,муниципальный район,,1,,рп Лунино,data-20180110-structure-20150128.csv,2018,9999,,,58,Пензенская область,53.588295,45.222881,1,45966.3,15623.0,358.2
1751,Малосердобинский,56-644-000-000,Малосердобинский муниципальный район,муниципальный район,,1,,с Малая Сердоба,data-20180110-structure-20150128.csv,2018,9999,,,58,Пензенская область,52.46751,44.957035,1,40943.8,7959.0,352.1
1752,Мокшанский,56-645-000-000,Мокшанский муниципальный район,муниципальный район,,1,,рп Мокшан,data-20180110-structure-20150128.csv,2018,9999,,,58,Пензенская область,53.439527,44.6059867,1,50058.6,23532.0,365.1
1753,Наровчатский,56-647-000-000,Наровчатский муниципальный район,муниципальный район,,1,,с Наровчат,data-20180110-structure-20150128.csv,2018,9999,,,58,Пензенская область,53.879417,43.699471,1,48008.3,9756.0,364.3
1754,Неверкинский,56-649-000-000,Неверкинский муниципальный район,муниципальный район,,1,,с Неверкино,data-20180110-structure-20150128.csv,2018,9999,,,58,Пензенская область,52.79063,46.738441,1,39738.6,13081.0,347.6
1755,Нижнеломовский,56-651-000-000,Нижнеломовский муниципальный район,муниципальный район,,1,,г Нижний Ломов,data-20180110-structure-20150128.csv,2018,9999,,,58,Пензенская область,53.529991,43.673626,1,65412.3,35595.0,363.9
1756,Никольский,56-653-000-000,Никольский муниципальный район,муниципальный район,,1,,г Никольск,data-20180110-structure-20150128.csv,2018,9999,,,58,Пензенская область,53.714596,46.085175,1,51354.5,27530.0,352.1
1757,Пачелмский,56-654-000-000,Пачелмский муниципальный район,муниципальный район,,1,,рп Пачелма,data-20180110-structure-20150128.csv,2018,9999,,,58,Пензенская область,53.3320723,43.3199188,1,47733.8,12972.0,359.6
1758,Пензенский,56-655-000-000,Пензенский муниципальный район,муниципальный район,,1,,с Кондоль,data-20180110-structure-20150128.csv,2018,9999,,,58,Пензенская область,52.824474,45.049759,1,58702.9,66409.0,356.8
1759,Сердобский,56-656-000-000,Сердобский муниципальный район,муниципальный район,,1,,г Сердобск,data-20180110-structure-20150128.csv,2018,9999,,,58,Пензенская область,52.4559067,44.2029162,1,47333.5,44283.0,352.8
1760,Сосновоборский,56-657-000-000,Сосновоборский муниципальный район,муниципальный район,,1,,рп Сосновоборск,data-20180110-structure-20150128.csv,2018,9999,,,58,Пензенская область,53.294201,46.245583,1,38565.0,13512.0,350.4
1761,Спасский,56-606-000-000,Спасский муниципальный район,муниципальный район,,1,,г Спасск,data-20180110-structure-20150128.csv,2018,9999,,,58,Пензенская область,53.92689525,43.19261628955434,1,50927.0,10833.0,365.8
1762,Тамалинский,56-658-000-000,Тамалинский муниципальный район,муниципальный район,,1,,рп Тамала,data-20180110-structure-20150128.csv,2018,9999,,,58,Пензенская область,52.539822,43.255024,1,48864.2,12659.0,356.6
1764,Псков,58-701-000-000,городской округ город Псков,городской округ,административный_центр_субъекта,2,58-649-000-000,г Псков,data-20180110-structure-20150128.csv,2018,9999,,,60,Псковская область,57.8173923,28.3343465,1,63953.7,187129.0,324.2
1765,Великие Луки,58-710-000-000,городской округ город Великие Луки,городской округ,,2,58-606-000-000,г Великие Луки,data-20180110-structure-20150128.csv,2018,9999,,,60,Псковская область,56.342361,30.527922,1,62918.6,85442.0,328.2
1766,Бежаницкий,58-604-000-000,Бежаницкий муниципальный район,муниципальный район,,1,,рп Бежаницы,data-20180110-structure-20150128.csv,2018,9999,,,60,Псковская область,56.9738846,29.8845309,1,47785.3,9802.0,309.1
1768,Гдовский,58-608-000-000,Гдовский муниципальный район,муниципальный район,,1,,г Гдов,data-20180110-structure-20150128.csv,2018,9999,,,60,Псковская область,58.743066,27.8156854,1,43483.6,8544.0,299.6
1769,Дедовичский,58-610-000-000,Дедовичский муниципальный район,муниципальный район,,1,,рп Дедовичи,data-20180110-structure-20150128.csv,2018,9999,,,60,Псковская область,57.551205,29.945297,1,50884.3,11451.0,303.9
1770,Дновский,58-612-000-000,Дновский муниципальный район,муниципальный район,,1,,г Дно,data-20180110-structure-20150128.csv,2018,9999,,,60,Псковская область,57.8288277,29.9611357,1,62309.5,10547.0,305.8
1771,Красногородский,58-514-000-000,муниципальный округ Красногородский,муниципальный округ,,1,,рп Красногородск,data-20240101-structure-20150128.csv,2024,9999,,,60,Псковская область,56.830654,28.284595,2,38848.7,6202.0,299.4
1773,Локнянский,58-518-000-000,муниципальный округ Локнянский,муниципальный округ,,1,,рп Локня,data-20240101-structure-20150128.csv,2024,9999,,,60,Псковская область,56.824783,30.144482,2,41230.4,7535.0,311.7
1774,Невельский,58-520-000-000,муниципальный округ Невельский,муниципальный округ,,1,,г Невель,data-20240101-structure-20150128.csv,2024,9999,,,60,Псковская область,56.017616,29.917128,2,48842.2,20417.0,311.5
1775,Новоржевский,58-523-000-000,муниципальный округ Новоржевский,муниципальный округ,,1,,г Новоржев,data-20240101-structure-20150128.csv,2024,9999,,,60,Псковская область,57.031181,29.332918,2,38828.1,7682.0,303.4
1776,Новосокольнический,58-626-000-000,Новосокольнический муниципальный район,муниципальный район,,1,,г Новосокольники,data-20180110-structure-20150128.csv,2018,9999,,,60,Псковская область,56.34245945,30.15707084017992,1,52751.2,11427.0,316.2
1777,Опочецкий,58-529-000-000,муниципальный округ Опочецкий,муниципальный округ,,1,,г Опочка,data-20240101-structure-20150128.csv,2024,9999,,,60,Псковская область,56.71167,28.656818,2,42888.8,14690.0,303.2
1778,Островский,58-633-000-000,Островский муниципальный район,муниципальный район,,1,,г Остров,data-20180110-structure-20150128.csv,2018,9999,,,60,Псковская область,57.3414472,28.33858206894103,1,46005.5,26618.0,299.4
1780,Печорский,58-540-000-000,муниципальный округ Печорский,муниципальный округ,,1,,г Печоры,data-20240101-structure-20150128.csv,2024,9999,,,60,Псковская область,57.813305,27.608185,2,53153.1,18184.0,291.9
1781,Плюсский,58-643-000-000,Плюсский муниципальный район,муниципальный район,,1,,рп Плюсса,data-20180110-structure-20150128.csv,2018,9999,,,60,Псковская область,58.420612,29.3706,1,55319.8,6131.0,307.4
1782,Порховский,58-647-000-000,Порховский муниципальный район,муниципальный район,,1,,г Порхов,data-20180110-structure-20150128.csv,2018,9999,,,60,Псковская область,57.7680489,29.55114188079801,1,45317.9,14635.0,305.1
1783,Псковский,58-649-000-000,Псковский муниципальный район,муниципальный район,,3,58-701-000-000,г Псков,data-20180110-structure-20150128.csv,2018,9999,,,60,Псковская область,57.8173923,28.3343465,1,53166.2,44749.0,414.2
1784,Пустошкинский,58-650-000-000,Пустошкинский муниципальный район,муниципальный район,,1,,г Пустошка,data-20180110-structure-20150128.csv,2018,9999,,,60,Псковская область,56.33481725,29.37414069021668,1,43254.7,7174.0,309.3
1785,Пушкиногорский,58-651-000-000,Пушкиногорский муниципальный район,муниципальный район,,1,,рп Пушкинские Горы,data-20180110-structure-20150128.csv,2018,9999,,,60,Псковская область,57.018421,28.917532,1,48343.6,7103.0,300.6
1786,Пыталовский,58-553-000-000,муниципальный округ Пыталовский,муниципальный округ,,1,,г Пыталово,data-20240101-structure-20150128.csv,2024,9999,,,60,Псковская область,57.062908,27.921061,2,50507.8,9542.0,296.1
1787,Себежский,58-654-000-000,Себежский муниципальный район,муниципальный район,,1,,г Себеж,data-20180110-structure-20150128.csv,2018,9999,,,60,Псковская область,56.2774187,28.4848862,1,51684.5,18348.0,301.3
1788,Струго-Красненский,58-556-000-000,муниципальный округ Струго-Красненский,муниципальный округ,,1,,рп Струги Красные,data-20240101-structure-20150128.csv,2024,9999,,,60,Псковская область,58.2693219,29.1115963,2,42718.1,9467.0,306.3
1845,Рязань,61-701-000-000,городской округ город Рязань,городской округ,административный_центр_субъекта,1,,г Рязань,data-20180110-structure-20150128.csv,2018,9999,,,62,Рязанская область,54.6275359,39.7401716,1,76626.7,520509.0,432.8
1846,Касимов,61-705-000-000,городской округ город Касимов,городской округ,,2,61-608-000-000,г Касимов,data-20180110-structure-20150128.csv,2018,9999,,,62,Рязанская область,54.939178,41.4065368680201,1,53175.7,27537.0,403.5
1848,Скопин,61-715-000-000,городской округ город Скопин,городской округ,,2,61-644-000-000,г Скопин,data-20180110-structure-20150128.csv,2018,9999,,,62,Рязанская область,53.823524,39.549274,1,48624.8,25424.0,407.3
1849,Ермишинский,61-602-000-000,Ермишинский муниципальный район,муниципальный район,,1,,рп Ермишь,data-20180110-structure-20150128.csv,2018,9999,,,62,Рязанская область,54.7677911,42.2760267,1,51294.0,6377.0,370.0
1850,Захаровский,61-604-000-000,Захаровский муниципальный район,муниципальный район,,1,,с Захарово,data-20180110-structure-20150128.csv,2018,9999,,,62,Рязанская область,54.370804,39.281532,1,54583.2,7676.0,400.5
1851,Кадомский,61-606-000-000,Кадомский муниципальный район,муниципальный район,,1,,рп Кадом,data-20180110-structure-20150128.csv,2018,9999,,,62,Рязанская область,54.5591315,42.4683026,1,39054.4,7264.0,366.2
1852,Касимовский,61-608-000-000,Касимовский муниципальный район,муниципальный район,,3,61-705-000-000,г Касимов,data-20180110-structure-20150128.csv,2018,9999,,,62,Рязанская область,54.939178,41.4065368680201,1,59914.2,26914.0,404.0
1853,Клепиковский,61-610-000-000,Клепиковский муниципальный район,муниципальный район,,1,,г Спас-Клепики,data-20180110-structure-20150128.csv,2018,9999,,,62,Рязанская область,55.130867,40.176037,1,48522.7,20755.0,404.3
1854,Кораблинский,61-612-000-000,Кораблинский муниципальный район,муниципальный район,,1,,г Кораблино,data-20180110-structure-20150128.csv,2018,9999,,,62,Рязанская область,53.9268971,40.034462,1,51736.8,21723.0,387.0
1855,Милославский,61-615-000-000,Милославский муниципальный район,муниципальный район,,1,,рп Милославское,data-20180110-structure-20150128.csv,2018,9999,,,62,Рязанская область,53.579839,39.445062,1,44905.1,10602.0,383.2
1856,Михайловский,61-617-000-000,Михайловский муниципальный район,муниципальный район,,1,,г Михайлов,data-20180110-structure-20150128.csv,2018,9999,,,62,Рязанская область,54.2443989,39.0473579,1,62990.2,31192.0,403.3
1857,Александро-Невский,61-620-000-000,Александро-Невский муниципальный район,муниципальный район,,1,,рп Александро-Невский,data-20180110-structure-20150128.csv,2018,9999,,,62,Рязанская область,53.47530065,40.20570951195819,1,50280.9,10428.0,382.5
1858,Пителинский,61-623-000-000,Пителинский муниципальный район,муниципальный район,,1,,рп Пителино,data-20180110-structure-20150128.csv,2018,9999,,,62,Рязанская область,54.575684,41.814919,1,53249.3,4600.0,376.6
1859,Пронский,61-625-000-000,Пронский муниципальный район,муниципальный район,,1,,рп Пронск,data-20180110-structure-20150128.csv,2018,9999,,,62,Рязанская область,54.121353,39.605293,1,55214.5,29852.0,392.2
1860,Путятинский,61-526-000-000,Путятинский муниципальный округ,муниципальный округ,,1,,с Путятино,data-20240101-structure-20150128.csv,2024,9999,,,62,Рязанская область,54.160557,41.121109,2,61460.5,6799.0,383.5
1861,Рыбновский,61-627-000-000,Рыбновский муниципальный район,муниципальный район,,1,,г Рыбное,data-20180110-structure-20150128.csv,2018,9999,,,62,Рязанская область,54.7268415,39.5088612,1,78058.0,38941.0,416.1
1862,Ряжский,61-530-000-000,Ряжский муниципальный округ,муниципальный округ,,1,,г Ряжск,data-20240101-structure-20150128.csv,2024,9999,,,62,Рязанская область,53.708878,40.062984,2,50378.2,26812.0,386.8
1863,Рязанский,61-634-000-000,Рязанский муниципальный район,муниципальный район,,1,,г Рязань,data-20180110-structure-20150128.csv,2018,9999,,,62,Рязанская область,54.6275359,39.7401716,1,70812.7,63439.0,648.6
1864,Сапожковский,61-637-000-000,Сапожковский муниципальный район,муниципальный район,,1,,рп Сапожок,data-20180110-structure-20150128.csv,2018,9999,,,62,Рязанская область,53.943381,40.6826073,1,51195.7,8943.0,379.2
1865,Сараевский,61-640-000-000,Сараевский муниципальный район,муниципальный район,,1,,рп Сараи,data-20180110-structure-20150128.csv,2018,9999,,,62,Рязанская область,53.7212373,40.9967135,1,54025.9,14373.0,373.3
1868,Спасский,61-646-000-000,Спасский муниципальный район,муниципальный район,,1,,г Спасск-Рязанский,data-20180110-structure-20150128.csv,2018,9999,,,62,Рязанская область,54.4078801,40.380539,1,48599.1,24415.0,389.1
1869,Старожиловский,61-648-000-000,Старожиловский муниципальный район,муниципальный район,,1,,рп Старожилово,data-20180110-structure-20150128.csv,2018,9999,,,62,Рязанская область,54.228333,39.911388,1,56687.0,15533.0,394.6
1870,Ухоловский,61-650-000-000,Ухоловский муниципальный район,муниципальный район,,1,,рп Ухолово,data-20180110-structure-20150128.csv,2018,9999,,,62,Рязанская область,53.791138,40.488274,1,43937.7,8122.0,382.5
1871,Чучковский,61-653-000-000,Чучковский муниципальный район,муниципальный район,,1,,рп Чучково,data-20180110-structure-20150128.csv,2018,9999,,,62,Рязанская область,54.2685218,41.4479928,1,46846.4,6634.0,371.2
1872,Шацкий,61-656-000-000,Шацкий муниципальный район,муниципальный район,,1,,г Шацк,data-20180110-structure-20150128.csv,2018,9999,,,62,Рязанская область,54.028687,41.712601,1,48959.6,20266.0,379.7
1873,Шиловский,61-658-000-000,Шиловский муниципальный район,муниципальный район,,1,,рп Шилово,data-20180110-structure-20150128.csv,2018,9999,,,62,Рязанская область,54.3226555,40.8874676,1,52689.0,34446.0,385.4
1874,Самара,36-701-000-000,городской округ Самара,городской округ,административный_центр_субъекта,2,36-614-000-000,г Самара,data-20180110-structure-20150128.csv,2018,9999,,,63,Самарская область,53.2194648,50.2039316,1,81323.7,1159044.0,384.7
1875,Жигулевск,36-704-000-000,городской округ Жигулевск,городской округ,,1,,г Жигулевск,data-20180110-structure-20150128.csv,2018,9999,,,63,Самарская область,53.4005122,49.4955657,1,64428.7,52171.0,351.4
1876,Кинель,36-708-000-000,городской округ Кинель,городской округ,,2,36-618-000-000,г Кинель,data-20180110-structure-20150128.csv,2018,9999,,,63,Самарская область,53.219738,50.633228,1,61842.5,57721.0,362.7
1877,Новокуйбышевск,36-713-000-000,городской округ Новокуйбышевск,городской округ,,1,,г Новокуйбышевск,data-20180110-structure-20150128.csv,2018,9999,,,63,Самарская область,53.099243,49.948364,1,70807.1,98550.0,348.1
1878,Октябрьск,36-718-000-000,городской округ Октябрьск,городской округ,,1,,г Октябрьск,data-20180110-structure-20150128.csv,2018,9999,,,63,Самарская область,53.18055005,48.74651999302929,1,63239.0,19887.0,350.6
1879,Отрадный,36-724-000-000,городской округ Отрадный,городской округ,,1,,г Отрадный,data-20180110-structure-20150128.csv,2018,9999,,,63,Самарская область,53.376175,51.348053,1,76578.3,46480.0,338.8
1880,Похвистнево,36-727-000-000,городской округ Похвистнево,городской округ,,2,36-634-000-000,г Похвистнево,data-20180110-structure-20150128.csv,2018,9999,,,63,Самарская область,53.646797,52.123344,1,55675.2,27685.0,345.0
1881,Сызрань,36-735-000-000,городской округ Сызрань,городской округ,,2,36-642-000-000,г Сызрань,data-20180110-structure-20150128.csv,2018,9999,,,63,Самарская область,53.15538,48.474121,1,66408.0,162372.0,362.7
1883,Чапаевск,36-750-000-000,городской округ Чапаевск,городской округ,,1,,г Чапаевск,data-20180110-structure-20150128.csv,2018,9999,,,63,Самарская область,52.981285,49.711193,1,64958.3,68824.0,340.5
1884,Алексеевский,36-602-000-000,Алексеевский муниципальный район,муниципальный район,,1,,с Алексеевка,data-20180110-structure-20150128.csv,2018,9999,,,63,Самарская область,52.58308,51.273315,1,50570.8,10499.0,323.7
1885,Безенчукский,36-604-000-000,Безенчукский муниципальный район,муниципальный район,,1,,пгт Безенчук,data-20180110-structure-20150128.csv,2018,9999,,,63,Самарская область,52.985322,49.4322968,1,59250.9,35844.0,330.1
1886,Богатовский,36-606-000-000,Богатовский муниципальный район,муниципальный район,,1,,с Богатое,data-20180110-structure-20150128.csv,2018,9999,,,63,Самарская область,53.057625,51.333107,1,54352.2,13052.0,332.7
1887,Большеглушицкий,36-608-000-000,Большеглушицкий муниципальный район,муниципальный район,,1,,с Большая Глушица,data-20180110-structure-20150128.csv,2018,9999,,,63,Самарская область,52.3921744,50.4723158,1,52391.1,17856.0,325.9
1888,Большечерниговский,36-610-000-000,Большечерниговский муниципальный район,муниципальный район,,1,,с Большая Черниговка,data-20180110-structure-20150128.csv,2018,9999,,,63,Самарская область,52.0951085,50.867893,1,51925.4,17085.0,318.8
1889,Борский,36-612-000-000,Борский муниципальный район,муниципальный район,,1,,с Борское,data-20180110-structure-20150128.csv,2018,9999,,,63,Самарская область,53.025925,51.698658,1,48139.3,22166.0,328.9
1890,Волжский,36-614-000-000,Волжский муниципальный район,муниципальный район,,3,36-701-000-000,г Самара,data-20180110-structure-20150128.csv,2018,9999,,,63,Самарская область,53.2194648,50.2039316,1,77330.8,130495.0,773.6
1891,Елховский,36-615-000-000,Елховский муниципальный район,муниципальный район,,1,,с Елховка,data-20180110-structure-20150128.csv,2018,9999,,,63,Самарская область,53.8669944,50.2889016,1,47937.6,9128.0,349.5
1892,Исаклинский,36-616-000-000,Исаклинский муниципальный район,муниципальный район,,1,,с Исаклы,data-20180110-structure-20150128.csv,2018,9999,,,63,Самарская область,54.1327138,51.5340222,1,45915.4,12310.0,340.5
1893,Камышлинский,36-617-000-000,Камышлинский муниципальный район,муниципальный район,,1,,с Камышла,data-20180110-structure-20150128.csv,2018,9999,,,63,Самарская область,54.112331,52.144077,1,47809.8,10431.0,337.9
1894,Кинельский,36-618-000-000,Кинельский муниципальный район,муниципальный район,,3,36-708-000-000,г Кинель,data-20180110-structure-20150128.csv,2018,9999,,,63,Самарская область,53.219738,50.633228,1,78024.4,30309.0,377.8
1895,Кинель-Черкасский,36-620-000-000,Кинель-Черкасский муниципальный район,муниципальный район,,1,,с Кинель-Черкассы,data-20180110-structure-20150128.csv,2018,9999,,,63,Самарская область,53.4644344,51.4755083,1,55781.2,40596.0,336.7
1896,Клявлинский,36-622-000-000,Клявлинский муниципальный район,муниципальный район,,1,,ж/д ст Клявлино,data-20180110-structure-20150128.csv,2018,9999,,,63,Самарская область,54.2648503,52.0262235,1,53888.6,13967.0,336.7
1897,Кошкинский,36-624-000-000,Кошкинский муниципальный район,муниципальный район,,1,,с Кошки,data-20180110-structure-20150128.csv,2018,9999,,,63,Самарская область,54.2043367,50.4704827,1,54399.4,20672.0,345.2
1898,Красноармейский,36-626-000-000,Красноармейский муниципальный район,муниципальный район,,1,,с Красноармейское,data-20180110-structure-20150128.csv,2018,9999,,,63,Самарская область,52.711071,50.033352,1,54573.0,15788.0,334.8
1899,Красноярский,36-628-000-000,Красноярский муниципальный район,муниципальный район,,1,,с Красный Яр,data-20180110-structure-20150128.csv,2018,9999,,,63,Самарская область,53.4935913,50.393488,1,68328.3,56124.0,354.0
1900,Нефтегорский,36-630-000-000,Нефтегорский муниципальный район,муниципальный район,,1,,г Нефтегорск,data-20180110-structure-20150128.csv,2018,9999,,,63,Самарская область,52.80381,51.163864,1,56101.5,31958.0,330.1
1901,Пестравский,36-632-000-000,Пестравский муниципальный район,муниципальный район,,1,,с Пестравка,data-20180110-structure-20150128.csv,2018,9999,,,63,Самарская область,52.4105973,49.9491334,1,57468.2,14513.0,328.5
1902,Похвистневский,36-634-000-000,Похвистневский муниципальный район,муниципальный район,,3,36-727-000-000,г Похвистнево,data-20180110-structure-20150128.csv,2018,9999,,,63,Самарская область,53.646797,52.123344,1,49082.1,25635.0,345.9
1903,Приволжский,36-636-000-000,Приволжский муниципальный район,муниципальный район,,1,,с Приволжье,data-20180110-structure-20150128.csv,2018,9999,,,63,Самарская область,52.859441,48.6015765,1,49714.2,21590.0,319.0
1904,Сергиевский,36-638-000-000,Сергиевский муниципальный район,муниципальный район,,1,,с Сергиевск,data-20180110-structure-20150128.csv,2018,9999,,,63,Самарская область,53.94128,51.165012,1,71418.9,43600.0,343.1
1905,Ставропольский,36-640-000-000,Ставропольский муниципальный район,муниципальный район,,3,36-740-000-000,г Тольятти,data-20180110-structure-20150128.csv,2018,9999,,,63,Самарская область,53.5149884,49.4073316,1,67602.8,88162.0,639.7
1906,Сызранский,36-642-000-000,Сызранский муниципальный район,муниципальный район,,3,36-735-000-000,г Сызрань,data-20180110-structure-20150128.csv,2018,9999,,,63,Самарская область,53.15538,48.474121,1,56574.0,23295.0,444.9
1907,Хворостянский,36-644-000-000,Хворостянский муниципальный район,муниципальный район,,1,,с Хворостянка,data-20180110-structure-20150128.csv,2018,9999,,,63,Самарская область,52.617241,48.953163,1,52156.5,15789.0,324.2
1908,Челно-Вершинский,36-646-000-000,Челно-Вершинский муниципальный район,муниципальный район,,1,,с Челно-Вершины,data-20180110-structure-20150128.csv,2018,9999,,,63,Самарская область,54.4197817,51.0817001,1,48023.3,14451.0,340.5
1909,Шенталинский,36-648-000-000,Шенталинский муниципальный район,муниципальный район,,1,,ж/д ст Шентала,data-20180110-structure-20150128.csv,2018,9999,,,63,Самарская область,54.4374232,51.4637213,1,49451.8,12565.0,340.7
1910,Шигонский,36-650-000-000,Шигонский муниципальный район,муниципальный район,,1,,с Шигоны,data-20180110-structure-20150128.csv,2018,9999,,,63,Самарская область,53.387,48.6782,1,56364.0,19272.0,349.0
1912,Шиханы,63-746-000-000,городской округ город Шиханы,городской округ,,1,,г Шиханы,data-20191206-structure-20150128.csv,2020,9999,,,64,Саратовская область,52.114838,47.198475,1,,4872.0,341.4
1915,Александрово-Гайский,63-602-000-000,Александрово-Гайский муниципальный район,муниципальный район,,1,,с Александров Гай,data-20180110-structure-20150128.csv,2018,9999,,,64,Саратовская область,50.14246,48.568436,1,50824.1,14280.0,300.4
1916,Аркадакский,63-603-000-000,Аркадакский муниципальный район,муниципальный район,,1,,г Аркадак,data-20180110-structure-20150128.csv,2018,9999,,,64,Саратовская область,51.942913,43.489098,1,44492.7,19018.0,347.3
1917,Аткарский,63-604-000-000,Аткарский муниципальный район,муниципальный район,,1,,г Аткарск,data-20180110-structure-20150128.csv,2018,9999,,,64,Саратовская область,51.8750207,44.997499,1,47933.4,33425.0,345.0
1918,Базарно-Карабулакский,63-606-000-000,Базарно-Карабулакский муниципальный район,муниципальный район,,1,,рп Базарный Карабулак,data-20180110-structure-20150128.csv,2018,9999,,,64,Саратовская область,52.277653,46.410679,1,41671.5,24991.0,344.7
1919,Балаковский,63-607-000-000,Балаковский муниципальный район,муниципальный район,,1,,г Балаково,data-20180110-structure-20150128.csv,2018,9999,,,64,Саратовская область,52.01812,47.819141,1,72660.5,200241.0,337.2
1920,Балашовский,63-608-000-000,Балашовский муниципальный район,муниципальный район,,1,,г Балашов,data-20180110-structure-20150128.csv,2018,9999,,,64,Саратовская область,51.5546717,43.1430732,1,47550.6,99921.0,347.8
1921,Балтайский,63-609-000-000,Балтайский муниципальный район,муниципальный район,,1,,с Балтай,data-20180110-structure-20150128.csv,2018,9999,,,64,Саратовская область,52.468105,46.628967,1,39974.2,9850.0,343.6
1922,Вольский,63-611-000-000,Вольский муниципальный район,муниципальный район,,1,,г Вольск,data-20180110-structure-20150128.csv,2018,9999,,,64,Саратовская область,52.042755,47.386032,1,49672.8,80407.0,340.0
1923,Воскресенский,63-612-000-000,Воскресенский муниципальный район,муниципальный район,,1,,с Воскресенское,data-20180110-structure-20150128.csv,2018,9999,,,64,Саратовская область,51.823921,46.931858,1,47934.7,10854.0,336.5
1924,Дергачевский,63-613-000-000,Дергачевский муниципальный район,муниципальный район,,1,,рп Дергачи,data-20180110-structure-20150128.csv,2018,9999,,,64,Саратовская область,51.235374,48.768578,1,38847.0,15660.0,318.1
1925,Духовницкий,63-614-000-000,Духовницкий муниципальный район,муниципальный район,,1,,рп Духовницкое,data-20180110-structure-20150128.csv,2018,9999,,,64,Саратовская область,52.4793156,48.2021353,1,49765.8,9856.0,324.4
1926,Екатериновский,63-616-000-000,Екатериновский муниципальный район,муниципальный район,,1,,рп Екатериновка,data-20180110-structure-20150128.csv,2018,9999,,,64,Саратовская область,52.0536048,44.3498585,1,47785.6,16296.0,346.2
1927,Ершовский,63-617-000-000,Ершовский муниципальный район,муниципальный район,,1,,г Ершов,data-20180110-structure-20150128.csv,2018,9999,,,64,Саратовская область,51.349793,48.2657332,1,53668.0,30920.0,325.9
1928,Ивантеевский,63-619-000-000,Ивантеевский муниципальный район,муниципальный район,,1,,с Ивантеевка,data-20180110-structure-20150128.csv,2018,9999,,,64,Саратовская область,52.269524,49.107063,1,43334.6,12313.0,331.1
1929,Калининский,63-621-000-000,Калининский муниципальный район,муниципальный район,,1,,г Калининск,data-20180110-structure-20150128.csv,2018,9999,,,64,Саратовская область,51.499947,44.484581,1,47516.0,26679.0,342.6
1930,Красноармейский,63-622-000-000,Красноармейский муниципальный район,муниципальный район,,1,,г Красноармейск,data-20180110-structure-20150128.csv,2018,9999,,,64,Саратовская область,51.025776,45.69252,1,43374.0,40536.0,338.8
1931,Краснокутский,63-623-000-000,Краснокутский муниципальный район,муниципальный район,,1,,г Красный Кут,data-20180110-structure-20150128.csv,2018,9999,,,64,Саратовская область,50.9459056,46.972462,1,47620.4,30318.0,325.4
1932,Краснопартизанский,63-624-000-000,Краснопартизанский муниципальный район,муниципальный район,,1,,рп Горный,data-20180110-structure-20150128.csv,2018,9999,,,64,Саратовская область,51.756121,48.5385335,1,41997.3,8776.0,328.2
1933,Лысогорский,63-625-000-000,Лысогорский муниципальный район,муниципальный район,,1,,рп Лысые Горы,data-20180110-structure-20150128.csv,2018,9999,,,64,Саратовская область,51.544968,44.836826,1,48388.2,17228.0,342.6
1934,Марксовский,63-626-000-000,Марксовский муниципальный район,муниципальный район,,1,,г Маркс,data-20180110-structure-20150128.csv,2018,9999,,,64,Саратовская область,51.7069911,46.7483653,1,48052.8,57354.0,342.9
1935,Новобурасский,63-629-000-000,Новобурасский муниципальный район,муниципальный район,,1,,рп Новые Бурасы,data-20180110-structure-20150128.csv,2018,9999,,,64,Саратовская область,52.129726,46.076084,1,43299.4,14824.0,346.9
1936,Новоузенский,63-630-000-000,Новоузенский муниципальный район,муниципальный район,,1,,г Новоузенск,data-20180110-structure-20150128.csv,2018,9999,,,64,Саратовская область,50.462326,48.135532,1,39927.4,26367.0,308.1
1937,Озинский,63-632-000-000,Озинский муниципальный район,муниципальный район,,1,,рп Озинки,data-20180110-structure-20150128.csv,2018,9999,,,64,Саратовская область,51.198559,49.72654,1,39996.7,14262.0,313.3
1938,Перелюбский,63-634-000-000,Перелюбский муниципальный район,муниципальный район,,1,,с Перелюб,data-20180110-structure-20150128.csv,2018,9999,,,64,Саратовская область,51.85857,50.344826,1,45244.7,10960.0,320.0
1939,Петровский,63-635-000-000,Петровский муниципальный район,муниципальный район,,1,,г Петровск,data-20180110-structure-20150128.csv,2018,9999,,,64,Саратовская область,52.3094494,45.3889831,1,47805.9,36094.0,349.2
1940,Питерский,63-636-000-000,Питерский муниципальный район,муниципальный район,,1,,с Питерка,data-20180110-structure-20150128.csv,2018,9999,,,64,Саратовская область,50.678619,47.443729,1,37833.4,14503.0,315.9
1941,Пугачевский,63-637-000-000,Пугачевский муниципальный район,муниципальный район,,1,,г Пугачев,data-20180110-structure-20150128.csv,2018,9999,,,64,Саратовская область,52.0121253,48.8109795,1,45150.5,54377.0,331.5
1942,Ровенский,63-639-000-000,Ровенский муниципальный район,муниципальный район,,1,,рп Ровное,data-20180110-structure-20150128.csv,2018,9999,,,64,Саратовская область,50.775948,46.057549,1,40355.1,16346.0,328.2
1943,Романовский,63-640-000-000,Романовский муниципальный район,муниципальный район,,1,,рп Романовка,data-20180110-structure-20150128.csv,2018,9999,,,64,Саратовская область,51.7410278,42.7557244,1,39097.0,12117.0,348.1
1944,Ртищевский,63-641-000-000,Ртищевский муниципальный район,муниципальный район,,1,,г Ртищево,data-20180110-structure-20150128.csv,2018,9999,,,64,Саратовская область,52.2599057,43.7877429,1,49550.0,50179.0,352.5
1945,Самойловский,63-642-000-000,Самойловский муниципальный район,муниципальный район,,1,,рп Самойловка,data-20180110-structure-20150128.csv,2018,9999,,,64,Саратовская область,51.1860003,43.7067631,1,38548.4,15904.0,340.5
1947,Советский,63-644-000-000,Советский муниципальный район,муниципальный район,,1,,рп Степное,data-20180110-structure-20150128.csv,2018,9999,,,64,Саратовская область,51.378075,46.844463,1,50621.3,23861.0,334.1
1948,Татищевский,63-646-000-000,Татищевский муниципальный район,муниципальный район,,1,,рп Татищево,data-20180110-structure-20150128.csv,2018,9999,,,64,Саратовская область,51.672623,45.5947,1,54763.5,27609.0,350.6
1949,Турковский,63-647-000-000,Турковский муниципальный район,муниципальный район,,1,,рп Турки,data-20180110-structure-20150128.csv,2018,9999,,,64,Саратовская область,51.9927589,43.2745396,1,40761.0,9477.0,345.5
1950,Федоровский,63-648-000-000,Федоровский муниципальный район,муниципальный район,,1,,рп Мокроус,data-20180110-structure-20150128.csv,2018,9999,,,64,Саратовская область,51.237442,47.51474,1,47657.8,16427.0,329.4
1951,Хвалынский,63-649-000-000,Хвалынский муниципальный район,муниципальный район,,1,,г Хвалынск,data-20180110-structure-20150128.csv,2018,9999,,,64,Саратовская область,52.495499,48.105888,1,41161.3,20628.0,341.0
1952,Энгельсский,63-650-000-000,Энгельсский муниципальный район,муниципальный район,,1,,г Энгельс,data-20180110-structure-20150128.csv,2018,9999,,,64,Саратовская область,51.5013775,46.1233093,1,59289.0,304713.0,358.0
1954,Александровск-Сахалинский,64-704-000-000,городской округ Александровск-Сахалинский район,городской округ,,1,,г Александровск-Сахалинский,data-20180110-structure-20150128.csv,2018,9999,,,65,Сахалинская область,50.8974983,142.1591667,1,96625.0,9868.0,126.3
1955,Анивский,64-708-000-000,городской округ Анивский,городской округ,,1,,г Анива,data-20180110-structure-20150128.csv,2018,9999,,,65,Сахалинская область,46.7147768,142.527515,1,108286.4,20975.0,134.6
1956,Долинский,64-712-000-000,городской округ Долинский,городской округ,,1,,г Долинск,data-20180110-structure-20150128.csv,2018,9999,,,65,Сахалинская область,47.3241456,142.7979361,1,106257.6,22145.0,133.4
1957,Корсаковский,64-716-000-000,городской округ Корсаковский,городской округ,,1,,г Корсаков,data-20180110-structure-20150128.csv,2018,9999,,,65,Сахалинская область,46.632815,142.7810147,1,128090.6,39675.0,133.9
1958,Курильский,64-720-000-000,городской округ Курильский,городской округ,,1,,г Курильск,data-20180110-structure-20150128.csv,2018,9999,,,65,Сахалинская область,45.2290413,147.8751845,1,149723.6,6956.0,134.4
1959,Макаровский,64-724-000-000,городской округ Макаровский,городской округ,,1,,г Макаров,data-20180110-structure-20150128.csv,2018,9999,,,65,Сахалинская область,48.6242527,142.7814002,1,95628.8,6778.0,130.6
1960,Невельский,64-728-000-000,городской округ Невельский,городской округ,,1,,г Невельск,data-20180110-structure-20150128.csv,2018,9999,,,65,Сахалинская область,46.6877802,141.8601144,1,108694.7,15099.0,134.1
1961,Ногликский,64-732-000-000,городской округ Ногликский,городской округ,,1,,пгт Ноглики,data-20180110-structure-20150128.csv,2018,9999,,,65,Сахалинская область,51.7953617,143.1365077,1,192734.4,11222.0,125.4
1962,Охинский,64-736-000-000,городской округ Охинский,городской округ,,1,,г Оха,data-20180110-structure-20150128.csv,2018,9999,,,65,Сахалинская область,53.5891992,142.9496845,1,126841.9,21086.0,122.8
1963,Поронайский,64-740-000-000,городской округ Поронайский,городской округ,,1,,г Поронайск,data-20180110-structure-20150128.csv,2018,9999,,,65,Сахалинская область,49.2216366,143.1015759,1,93411.3,20376.0,129.4
1965,Смирныховский,64-746-000-000,городской округ Смирныховский,городской округ,,1,,пгт Смирных,data-20180110-structure-20150128.csv,2018,9999,,,65,Сахалинская область,49.7423531,142.8320066,1,94562.8,11238.0,128.5
1966,Томаринский,64-748-000-000,городской округ Томаринский,городской округ,,1,,г Томари,data-20180110-structure-20150128.csv,2018,9999,,,65,Сахалинская область,47.7612087,142.063478,1,102967.7,8177.0,132.7
1967,Тымовский,64-750-000-000,городской округ Тымовский,городской округ,,1,,пгт Тымовское,data-20180110-structure-20150128.csv,2018,9999,,,65,Сахалинская область,50.845556,142.655,1,101926.2,14336.0,126.8
1968,Углегорский,64-752-000-000,городской округ Углегорский,городской округ,,1,,г Углегорск,data-20180129-structure-20150128.csv,2018,9999,,,65,Сахалинская область,49.079296,142.0633622,1,147821.8,16020.0,129.9
1969,Холмский,64-754-000-000,городской округ Холмский,городской округ,,1,,г Холмск,data-20180110-structure-20150128.csv,2018,9999,,,65,Сахалинская область,47.0545875,142.0487125,1,108750.4,32754.0,135.5
1970,Южно-Курильский,64-756-000-000,городской округ Южно-Курильский,городской округ,,1,,пгт Южно-Курильск,data-20180110-structure-20150128.csv,2018,9999,,,65,Сахалинская область,44.0270756,145.8613722,1,153313.4,11480.0,134.6
1971,Екатеринбург,65-701-000-000,городской округ город Екатеринбург,городской округ,административный_центр_субъекта,1,,г Екатеринбург,data-20180110-structure-20150128.csv,2018,9999,,,66,Свердловская область,56.839104,60.60825,1,,1580109.0,298.5
1972,Алапаевск,65-728-000-000,городской округ город Алапаевск,городской округ,,2,65-771-000-000,г Алапаевск,data-20200110-structure-20150128.csv,2018,9999,,,66,Свердловская область,57.850811,61.695,1,,41048.0,295.2
1973,Артемовский,65-703-000-000,городской округ Артемовский,городской округ,,1,,г Артемовский,data-20180110-structure-20150128.csv,2018,9999,,,66,Свердловская область,57.3431854,61.8775035,1,59481.7,52119.0,293.3
1974,Асбестовский,65-730-000-000,городской округ Асбестовский,городской округ,,1,,г Асбест,data-20180110-structure-20150128.csv,2018,9999,,,66,Свердловская область,57.0052746,61.4580765,1,62189.6,58293.0,299.6
1975,Малышевский,65-762-000-000,городской округ Малышевский,городской округ,,1,,рп Малышева,data-20180110-structure-20150128.csv,2018,9999,,,66,Свердловская область,57.116123,61.397663,1,68613.5,9499.0,297.0
1976,Рефтинский,65-763-000-000,городской округ Рефтинский,городской округ,,1,,рп Рефтинский,data-20180110-structure-20150128.csv,2018,9999,,,66,Свердловская область,57.09153,61.678349,1,90919.5,15137.0,296.6
1977,Березовский,65-731-000-000,городской округ Березовский,городской округ,,1,,г Березовский,data-20180110-structure-20150128.csv,2018,9999,,,66,Свердловская область,56.9097871,60.8120254,1,74891.5,76770.0,324.0
1978,Богданович,65-707-000-000,городской округ Богданович,городской округ,,1,,г Богданович,data-20180110-structure-20150128.csv,2018,9999,,,66,Свердловская область,56.7683407,62.0520774,1,64660.1,43489.0,299.6
1979,Верхняя Пышма,65-732-000-000,городской округ Верхняя Пышма,городской округ,,1,,г Верхняя Пышма,data-20180110-structure-20150128.csv,2018,9999,,,66,Свердловская область,56.9724682,60.5738926,1,121612.1,90810.0,324.2
1980,Среднеуральск,65-757-000-000,городской округ Среднеуральск,городской округ,,1,,г Среднеуральск,data-20180110-structure-20150128.csv,2018,9999,,,66,Свердловская область,56.991631,60.46888,1,85577.2,25139.0,321.1
1981,Верхнесалдинский,65-708-000-000,городской округ Верхнесалдинский,городской округ,,1,,г Верхняя Салда,data-20180110-structure-20150128.csv,2018,9999,,,66,Свердловская область,58.043598,60.554832,1,80504.6,41952.0,292.6
1982,Заречный,65-737-000-000,городской округ Заречный,городской округ,,1,,г Заречный,data-20180110-structure-20150128.csv,2018,9999,,,66,Свердловская область,56.8149706,61.3205936,1,92315.7,31897.0,307.4
1983,Ивдельский,65-738-000-000,городской округ Ивдельский,городской округ,,1,,г Ивдель,data-20180110-structure-20150128.csv,2018,9999,,,66,Свердловская область,60.6973287,60.4172583,1,76838.7,17176.0,257.4
1984,Пелым,65-764-000-000,городской округ Пелым,городской округ,,1,,рп Пелым,data-20180110-structure-20150128.csv,2018,9999,,,66,Свердловская область,61.017914,61.990154,1,102305.9,3418.0,249.6
1985,Ирбит,65-739-000-000,городской округ город Ирбит,городской округ,,2,65-711-000-000,г Ирбит,data-20200110-structure-20150128.csv,2018,9999,,,66,Свердловская область,57.674042,63.063778,1,,36505.0,297.8
1986,Каменск-Уральский,65-740-000-000,городской округ город Каменск-Уральский,городской округ,,2,65-712-000-000,г Каменск-Уральский,data-20200110-structure-20150128.csv,2018,9999,,,66,Свердловская область,56.415451,61.917797,1,78639.4,163501.0,316.2
1987,Камышловский,65-741-000-000,городской округ Камышловский,городской округ,,2,65-623-000-000,г Камышлов,data-20180110-structure-20150128.csv,2018,9999,,,66,Свердловская область,56.8484356,62.71879520931047,1,60568.7,26765.0,306.3
1988,Карпинск,65-742-000-000,городской округ Карпинск,городской округ,,1,,г Карпинск,data-20180110-structure-20150128.csv,2018,9999,,,66,Свердловская область,59.7667893,60.0009267,1,64332.3,26968.0,270.6
1989,Волчанский,65-735-000-000,городской округ Волчанский,городской округ,,1,,г Волчанск,data-20180110-structure-20150128.csv,2018,9999,,,66,Свердловская область,59.9347177,60.0779677,1,59169.4,8570.0,268.5
1990,Качканарский,65-743-000-000,городской округ Качканарский,городской округ,,1,,г Качканар,data-20180110-structure-20150128.csv,2018,9999,,,66,Свердловская область,58.6981697,59.4810114,1,84160.7,38418.0,292.1
1991,Кировградский,65-744-000-000,городской округ Кировградский,городской округ,,1,,г Кировград,data-20180110-structure-20150128.csv,2018,9999,,,66,Свердловская область,57.4264892,60.0664537,1,68445.2,23721.0,303.0
1992,Верхний Тагил,65-733-000-000,городской округ Верхний Тагил,городской округ,,1,,г Верхний Тагил,data-20180110-structure-20150128.csv,2018,9999,,,66,Свердловская область,57.3745174,59.9320798,1,63572.3,10991.0,302.7
1993,Краснотурьинск,65-745-000-000,городской округ Краснотурьинск,городской округ,,1,,г Краснотурьинск,data-20180110-structure-20150128.csv,2018,9999,,,66,Свердловская область,59.764631,60.1936117,1,75733.3,58850.0,271.1
1994,Красноуральск,65-746-000-000,городской округ Красноуральск,городской округ,,1,,г Красноуральск,data-20180110-structure-20150128.csv,2018,9999,,,66,Свердловская область,58.357063,60.037445,1,77467.3,21994.0,293.3
1995,Красноуфимск,65-747-000-000,городской округ Красноуфимск,городской округ,,2,65-713-000-000,г Красноуфимск,data-20200110-structure-20150128.csv,2018,9999,,,66,Свердловская область,56.6180735,57.7713452,1,74010.3,37866.0,323.0
1996,Кушвинский,65-748-000-000,городской округ Кушвинский,городской округ,,1,,г Кушва,data-20180110-structure-20150128.csv,2018,9999,,,66,Свердловская область,58.2816811,59.7625022,1,71488.4,35844.0,294.9
1997,Верхняя Тура,65-734-000-000,городской округ Верхняя Тура,городской округ,,1,,г Верхняя Тура,data-20180110-structure-20150128.csv,2018,9999,,,66,Свердловская область,58.3605,59.81823,1,77512.3,8418.0,295.6
1999,Невьянский,65-714-000-000,городской округ Невьянский,городской округ,,1,,г Невьянск,data-20180110-structure-20150128.csv,2018,9999,,,66,Свердловская область,57.4924036,60.2105408,1,75222.0,37190.0,303.0
2000,Нижний Тагил,65-751-000-000,городской округ город Нижний Тагил,городской округ,,2,65-717-000-000,г Нижний Тагил,data-20200110-structure-20150128.csv,2018,9999,,,66,Свердловская область,57.905149,59.9508466,1,79610.3,333179.0,303.0
2001,Нижняя Салда,65-750-000-000,городской округ Нижняя Салда,городской округ,,1,,г Нижняя Салда,data-20180110-structure-20150128.csv,2018,9999,,,66,Свердловская область,58.071352,60.7146772,1,62956.5,16275.0,291.1
2002,Нижнетуринский,65-715-000-000,городской округ Нижнетуринский,городской округ,,1,,г Нижняя Тура,data-20180110-structure-20150128.csv,2018,9999,,,66,Свердловская область,58.6207762,59.8473233,1,67976.0,21907.0,291.9
2004,Первоуральск,65-753-000-000,городской округ Первоуральск,городской округ,,1,,г Первоуральск,data-20180110-structure-20150128.csv,2018,9999,,,66,Свердловская область,56.90839575,59.94301101449327,1,79425.9,130039.0,313.1
2005,Полевской,65-754-000-000,городской округ Полевской,городской округ,,1,,г Полевской,data-20180110-structure-20150128.csv,2018,9999,,,66,Свердловская область,56.442108,60.165859,1,75830.5,59979.0,308.6
2006,Ревда,65-719-000-000,городской округ Ревда,городской округ,,1,,г Ревда,data-20180110-structure-20150128.csv,2018,9999,,,66,Свердловская область,56.8000651,59.9086688,1,83436.2,60262.0,313.1
2007,Дегтярск,65-736-000-000,городской округ Дегтярск,городской округ,,1,,г Дегтярск,data-20180110-structure-20150128.csv,2018,9999,,,66,Свердловская область,56.698341,60.086807,1,54823.3,14941.0,312.2
2008,Режевской,65-720-000-000,городской округ Режевской,городской округ,,1,,г Реж,data-20180110-structure-20150128.csv,2018,9999,,,66,Свердловская область,57.370647,61.4042865,1,68749.4,45338.0,298.5
2009,Североуральский,65-755-000-000,городской округ Североуральский,городской округ,,1,,г Североуральск,data-20180110-structure-20150128.csv,2018,9999,,,66,Свердловская область,60.15016,59.960517,1,74651.5,35125.0,264.9
2010,Серовский,65-756-000-000,городской округ Серовский,городской округ,,1,,г Серов,data-20180110-structure-20150128.csv,2018,9999,,,66,Свердловская область,59.6051267,60.5733483,1,74232.0,98415.0,273.7
2011,Сухой Лог,65-758-000-000,городской округ Сухой Лог,городской округ,,1,,г Сухой Лог,data-20180110-structure-20150128.csv,2018,9999,,,66,Свердловская область,56.9047389,62.0350233,1,74281.6,46498.0,296.8
2012,Тавдинский,65-723-000-000,городской округ Тавдинский,городской округ,,1,,г Тавда,data-20180110-structure-20150128.csv,2018,9999,,,66,Свердловская область,58.0413743,65.2719986,1,52608.5,35602.0,269.4
2015,Алапаевское,65-771-000-000,городской округ Алапаевское,городской округ,,3,65-728-000-000,г Алапаевск,data-20200110-structure-20150128.csv,2018,9999,,,66,Свердловская область,57.850811,61.695,1,,22842.0,300.8
2017,Артинский,65-704-000-000,городской округ Артинский,городской округ,,1,,рп Арти,data-20180110-structure-20150128.csv,2018,9999,,,66,Свердловская область,56.4255703,58.5326906,1,51459.1,24973.0,308.1
2018,Ачитский,65-705-000-000,городской округ Ачитский,городской округ,,1,,рп Ачит,data-20180110-structure-20150128.csv,2018,9999,,,66,Свердловская область,56.801308,57.898392,1,64903.7,13693.0,311.2
2019,Белоярский,65-706-000-000,городской округ Белоярский,городской округ,,1,,рп Белоярский,data-20180110-structure-20150128.csv,2018,9999,,,66,Свердловская область,56.761642,61.414257,1,67794.2,33349.0,308.1
2021,Верхотурский,65-709-000-000,городской округ Верхотурский,городской округ,,1,,г Верхотурье,data-20180110-structure-20150128.csv,2018,9999,,,66,Свердловская область,58.861702,60.809338,1,58918.1,13374.0,280.0
2022,Гаринский,65-710-000-000,городской округ Гаринский,городской округ,,1,,рп Гари,data-20180110-structure-20150128.csv,2018,9999,,,66,Свердловская область,59.427441,62.35247,1,76557.2,2442.0,259.7
2023,Ирбитское,65-711-000-000,городской округ Ирбитское,городской округ,,3,65-739-000-000,г Ирбит,data-20200110-structure-20150128.csv,2018,9999,,,66,Свердловская область,57.674042,63.063778,1,,26013.0,303.4
2024,Каменский,65-712-000-000,городской округ Каменский,городской округ,,3,65-740-000-000,г Каменск-Уральский,data-20200110-structure-20150128.csv,2018,9999,,,66,Свердловская область,56.415451,61.917797,1,56177.8,26362.0,399.8
2025,Красноуфимский,65-713-000-000,городской округ Красноуфимский округ,городской округ,,3,65-747-000-000,г Красноуфимск,data-20200110-structure-20150128.csv,2018,9999,,,66,Свердловская область,56.6180735,57.7713452,1,,22803.0,331.1
2027,Бисертский,65-759-000-000,городской округ Бисертский,городской округ,,1,,рп Бисерть,data-20180110-structure-20150128.csv,2018,9999,,,66,Свердловская область,56.8518027,59.0530375,1,48978.2,9456.0,308.9
2028,Новолялинский,65-716-000-000,городской округ Новолялинский,городской округ,,1,,г Новая Ляля,data-20180110-structure-20150128.csv,2018,9999,,,66,Свердловская область,59.052734,60.595974,1,52468.4,18687.0,281.7
2030,Пышминский,65-718-000-000,городской округ Пышминский,городской округ,,1,,рп Пышма,data-20180110-structure-20150128.csv,2018,9999,,,66,Свердловская область,56.950695,63.246532,1,53137.8,18498.0,289.0
2031,Сосьвинский,65-721-000-000,городской округ Сосьвинский,городской округ,,1,,рп Сосьва,data-20180110-structure-20150128.csv,2018,9999,,,66,Свердловская область,59.173889,61.861935,1,68694.0,12459.0,264.7
2032,Сысертский,65-722-000-000,городской округ Сысертский,городской округ,,1,,г Сысерть,data-20180110-structure-20150128.csv,2018,9999,,,66,Свердловская область,56.5030175,60.8093215,1,71343.5,65368.0,311.2
2033,Арамильский,65-729-000-000,городской округ Арамильский,городской округ,,1,,г Арамиль,data-20180110-structure-20150128.csv,2018,9999,,,66,Свердловская область,56.6962917,60.8330976,1,79463.7,23609.0,319.5
2034,Талицкий,65-724-000-000,городской округ Талицкий,городской округ,,1,,г Талица,data-20180110-structure-20150128.csv,2018,9999,,,66,Свердловская область,57.014816,63.730244,1,56097.7,39733.0,284.8
2035,Тугулымский,65-725-000-000,городской округ Тугулымский,городской округ,,1,,рп Тугулым,data-20180110-structure-20150128.csv,2018,9999,,,66,Свердловская область,57.059,64.6406,1,50712.1,17096.0,283.4
2036,Туринский,65-726-000-000,городской округ Туринский,городской округ,,1,,г Туринск,data-20180110-structure-20150128.csv,2018,9999,,,66,Свердловская область,58.0525487,63.6908787,1,52992.1,23655.0,277.0
2037,Шалинский,65-727-000-000,городской округ Шалинский,городской округ,,1,,рп Шаля,data-20180110-structure-20150128.csv,2018,9999,,,66,Свердловская область,57.2461908,58.7292306,1,49926.3,16263.0,300.8
2039,Байкаловский,65-608-000-000,Байкаловский муниципальный район,муниципальный район,,1,,с Байкалово,data-20180110-structure-20150128.csv,2018,9999,,,66,Свердловская область,57.393711,63.764805,1,53780.1,14422.0,281.9
2040,Камышловский,65-623-000-000,Камышловский муниципальный район,муниципальный район,,3,65-741-000-000,г Камышлов,data-20180110-structure-20150128.csv,2018,9999,,,66,Свердловская область,56.8484356,62.71879520931047,1,52378.1,20537.0,310.0
2041,Слободо-Туринский,65-639-000-000,Слободо-Туринский муниципальный район,муниципальный район,,1,,с Туринская Слобода,data-20180110-structure-20150128.csv,2018,9999,,,66,Свердловская область,57.61797,64.384918,1,53489.2,11664.0,277.7
2042,Нижнесергинский,65-628-000-000,Нижнесергинский муниципальный район,муниципальный район,,1,,г Нижние Серги,data-20180110-structure-20150128.csv,2018,9999,,,66,Свердловская область,56.6619,59.30003,1,61036.3,37356.0,307.9
2043,Таборинский,65-645-000-000,Таборинский муниципальный район,муниципальный район,,1,,с Таборы,data-20180110-structure-20150128.csv,2018,9999,,,66,Свердловская область,58.5196678,64.5566111,1,50324.4,2677.0,259.5
2044,Смоленск,66-701-000-000,городской округ город Смоленск,городской округ,административный_центр_субъекта,2,66-644-000-000,г Смоленск,data-20180110-structure-20150128.csv,2018,9999,,,67,Смоленская область,54.7814057,32.0461261,1,68443.7,310645.0,371.0
2045,Десногорск,66-710-000-000,городской округ город Десногорск,городской округ,,1,,г Десногорск,data-20180110-structure-20150128.csv,2018,9999,,,67,Смоленская область,54.1516661,33.2881028,1,87361.0,24684.0,337.4
2046,Велижский,66-603-000-000,Велижский муниципальный район,муниципальный район,,1,,г Велиж,data-20180110-structure-20150128.csv,2018,9999,,,67,Смоленская область,55.6045223,31.1949976,1,43608.9,8848.0,319.2
2047,Вяземский,66-605-000-000,Вяземский муниципальный район,муниципальный район,,1,,г Вязьма,data-20180110-structure-20150128.csv,2018,9999,,,67,Смоленская область,55.1835215,34.33816673607038,1,60265.2,69941.0,370.0
2048,Гагаринский,66-608-000-000,Гагаринский муниципальный район,муниципальный район,,1,,г Гагарин,data-20180110-structure-20150128.csv,2018,9999,,,67,Смоленская область,55.55338655,34.99051315482606,1,77713.3,39257.0,387.0
2049,Глинковский,66-609-000-000,Глинковский муниципальный район,муниципальный район,,1,,с Глинка,data-20180110-structure-20150128.csv,2018,9999,,,67,Смоленская область,54.6425664,32.8729273,1,47232.3,3397.0,336.7
2050,Демидовский,66-611-000-000,Демидовский муниципальный район,муниципальный район,,1,,г Демидов,data-20180110-structure-20150128.csv,2018,9999,,,67,Смоленская область,55.2643778,31.5178326,1,39952.1,10717.0,326.8
2051,Дорогобужский,66-614-000-000,Дорогобужский муниципальный район,муниципальный район,,1,,г Дорогобуж,data-20180110-structure-20150128.csv,2018,9999,,,67,Смоленская область,54.9148236,33.2989051,1,71388.1,23563.0,345.7
2052,Духовщинский,66-616-000-000,Духовщинский муниципальный район,муниципальный район,,1,,г Духовщина,data-20180110-structure-20150128.csv,2018,9999,,,67,Смоленская область,55.1907803,32.4060434,1,50272.8,13641.0,340.0
2053,Ельнинский,66-619-000-000,Ельнинский муниципальный район,муниципальный район,,1,,г Ельня,data-20180110-structure-20150128.csv,2018,9999,,,67,Смоленская область,54.5764954,33.1891698,1,44343.3,10930.0,340.0
2054,Ершичский,66-621-000-000,Ершичский муниципальный район,муниципальный район,,1,,с Ершичи,data-20180110-structure-20150128.csv,2018,9999,,,67,Смоленская область,53.673527,32.748249,1,40367.3,5052.0,327.7
2055,Кардымовский,66-623-000-000,Кардымовский муниципальный район,муниципальный район,,1,,пгт Кардымово,data-20180110-structure-20150128.csv,2018,9999,,,67,Смоленская область,54.8900665,32.43418980060523,1,53651.1,10664.0,339.1
2056,Краснинский,66-624-000-000,Краснинский муниципальный район,муниципальный район,,1,,пгт Красный,data-20180110-structure-20150128.csv,2018,9999,,,67,Смоленская область,54.569439,31.439449,1,43346.9,10187.0,324.4
2057,Монастырщинский,66-627-000-000,Монастырщинский муниципальный район,муниципальный район,,1,,пгт Монастырщина,data-20180110-structure-20150128.csv,2018,9999,,,67,Смоленская область,54.3515818,31.8364896,1,43381.2,7769.0,325.9
2058,Новодугинский,66-630-000-000,Новодугинский муниципальный район,муниципальный район,,1,,с Новодугино,data-20180110-structure-20150128.csv,2018,9999,,,67,Смоленская область,55.630033,34.3010323,1,40534.1,7059.0,366.0
2059,Починковский,66-633-000-000,Починковский муниципальный район,муниципальный район,,1,,г Починок,data-20180110-structure-20150128.csv,2018,9999,,,67,Смоленская область,54.40639235,32.4440643251997,1,50576.0,24335.0,332.5
2060,Рославльский,66-636-000-000,Рославльский муниципальный район,муниципальный район,,1,,г Рославль,data-20180110-structure-20150128.csv,2018,9999,,,67,Смоленская область,53.9448028,32.84788573198853,1,53933.4,59934.0,335.3
2061,Руднянский,66-638-000-000,Руднянский муниципальный район,муниципальный район,,1,,г Рудня,data-20180110-structure-20150128.csv,2018,9999,,,67,Смоленская область,54.945702,31.0742556121863,1,46800.5,20478.0,322.6
2062,Сафоновский,66-641-000-000,Сафоновский муниципальный район,муниципальный район,,1,,г Сафоново,data-20180110-structure-20150128.csv,2018,9999,,,67,Смоленская область,55.1084278,33.2376513,1,54974.6,49887.0,350.9
2063,Смоленский,66-644-000-000,Смоленский муниципальный район,муниципальный район,,3,66-701-000-000,г Смоленск,data-20180110-structure-20150128.csv,2018,9999,,,67,Смоленская область,54.7814057,32.0461261,1,65632.8,61413.0,534.1
2064,Сычевский,66-646-000-000,Сычевский муниципальный район,муниципальный район,,1,,г Сычевка,data-20180110-structure-20150128.csv,2018,9999,,,67,Смоленская область,55.8269908,34.2770455,1,52535.6,11980.0,362.2
2065,Темкинский,66-648-000-000,Темкинский муниципальный район,муниципальный район,,1,,с Темкино,data-20180110-structure-20150128.csv,2018,9999,,,67,Смоленская область,55.08142515,35.0033334683642,1,42277.7,4146.0,367.7
2066,Угранский,66-650-000-000,Угранский муниципальный район,муниципальный район,,1,,с Угра,data-20180110-structure-20150128.csv,2018,9999,,,67,Смоленская область,54.7813043,34.3185555,1,45267.7,6524.0,358.2
2067,Хиславичский,66-652-000-000,Хиславичский муниципальный район,муниципальный район,,1,,пгт Хиславичи,data-20180110-structure-20150128.csv,2018,9999,,,67,Смоленская область,54.18577,32.1578503,1,42242.5,6419.0,326.1
2068,Холм-Жирковский,66-654-000-000,Холм-Жирковский муниципальный район,муниципальный район,,1,,пгт Холм-Жирковский,data-20180110-structure-20150128.csv,2018,9999,,,67,Смоленская область,55.51387,33.488632,1,62154.1,7716.0,351.1
2069,Шумячский,66-656-000-000,Шумячский муниципальный район,муниципальный район,,1,,пгт Шумячи,data-20180110-structure-20150128.csv,2018,9999,,,67,Смоленская область,53.8555499,32.4259307,1,39974.4,7974.0,328.2
2070,Ярцевский,66-658-000-000,Ярцевский муниципальный район,муниципальный район,,1,,г Ярцево,data-20180110-structure-20150128.csv,2018,9999,,,67,Смоленская область,55.0662279,32.6883609,1,55685.9,46827.0,344.0
2072,Кирсанов,68-705-000-000,городской округ город Кирсанов,городской округ,,2,68-610-000-000;68-510-000-000,г Кирсанов,data-20180110-structure-20150128.csv,2018,9999,,,68,Тамбовская область,52.6509234,42.73015344421673,1,48888.3,15827.0,371.0
2073,Котовск,68-710-000-000,городской округ город Котовск,городской округ,,1,,г Котовск,data-20180110-structure-20150128.csv,2018,9999,,,68,Тамбовская область,52.59332675,41.51307094486083,1,59305.8,26128.0,371.0
2074,Мичуринск,68-715-000-000,городской округ город Мичуринск,городской округ,,2,68-612-000-000;68-512-000-000,г Мичуринск,data-20180110-structure-20150128.csv,2018,9999,,,68,Тамбовская область,52.89899355,40.48326577268173,1,60937.2,88785.0,391.3
2075,Моршанск,68-720-000-000,городской округ город Моршанск,городской округ,,2,68-616-000-000;68-516-000-000,г Моршанск,data-20180110-structure-20150128.csv,2018,9999,,,68,Тамбовская область,53.4428,41.813,1,43097.5,38294.0,388.4
2076,Рассказово,68-725-000-000,городской округ город Рассказово,городской округ,,2,68-628-000-000;68-528-000-000,г Рассказово,data-20180110-structure-20150128.csv,2018,9999,,,68,Тамбовская область,52.6657884,41.89469890606984,1,48163.7,46633.0,385.1
2077,Уварово,68-730-000-000,городской округ город Уварово,городской округ,,2,68-644-000-000;68-544-000-000,г Уварово,data-20180110-structure-20150128.csv,2018,9999,,,68,Тамбовская область,51.9807749,42.26542253442362,1,46146.3,22986.0,362.2
2078,Бондарский,68-502-000-000,Бондарский муниципальный округ,муниципальный округ,,1,,с Бондари,data-20240101-structure-20150128.csv,2024,9999,,,68,Тамбовская область,52.9502841,42.0663629,2,46999.5,8210.0,366.0
2079,Гавриловский,68-503-000-000,Гавриловский муниципальный округ,муниципальный округ,,1,,с Гавриловка 2-я,data-20240101-structure-20150128.csv,2024,9999,,,68,Тамбовская область,52.876944,42.770992,2,55400.1,9164.0,363.4
2080,Жердевский,68-504-000-000,Жердевский муниципальный округ,муниципальный округ,,1,,г Жердевка,data-20240101-structure-20150128.csv,2024,9999,,,68,Тамбовская область,51.843933,41.470367,2,64545.6,24844.0,357.3
2081,Знаменский,68-506-000-000,Знаменский муниципальный округ,муниципальный округ,,1,,рп Знаменка,data-20240101-structure-20150128.csv,2024,9999,,,68,Тамбовская область,52.4111427,41.4432947,2,53739.0,13674.0,367.4
2082,Инжавинский,68-508-000-000,Инжавинский муниципальный округ,муниципальный округ,,1,,рп Инжавино,data-20240101-structure-20150128.csv,2024,9999,,,68,Тамбовская область,52.3183696,42.4953939,2,51231.2,17016.0,358.4
2085,Мордовский,68-514-000-000,Мордовский муниципальный округ,муниципальный округ,,1,,рп Мордово,data-20240101-structure-20150128.csv,2024,9999,,,68,Тамбовская область,52.089058,40.762287,2,48586.8,13380.0,362.2
2087,Мучкапский,68-518-000-000,Мучкапский муниципальный округ,муниципальный округ,,1,,рп Мучкапский,data-20240101-structure-20150128.csv,2024,9999,,,68,Тамбовская область,51.8473199,42.4699106,2,44689.0,10669.0,353.5
2088,Никифоровский,68-520-000-000,Никифоровский муниципальный округ,муниципальный округ,,1,,рп Дмитриевка,data-20240101-structure-20150128.csv,2024,9999,,,68,Тамбовская область,52.8785209,40.7928771,2,52189.0,15378.0,373.6
2089,Первомайский,68-522-000-000,Первомайский муниципальный округ,муниципальный округ,,1,,рп Первомайский,data-20240101-structure-20150128.csv,2024,9999,,,68,Тамбовская область,53.244999,40.285099,2,56790.7,23709.0,377.3
2090,Петровский,68-524-000-000,Петровский муниципальный округ,муниципальный округ,,1,,с Петровское,data-20240101-structure-20150128.csv,2024,9999,,,68,Тамбовская область,52.633202,40.2603,2,51120.9,13536.0,371.2
2091,Пичаевский,68-526-000-000,Пичаевский муниципальный округ,муниципальный округ,,1,,с Пичаево,data-20240101-structure-20150128.csv,2024,9999,,,68,Тамбовская область,53.2342209,42.2036841,2,47307.8,10656.0,366.0
2093,Ржаксинский,68-530-000-000,Ржаксинский муниципальный округ,муниципальный округ,,1,,рп Ржакса,data-20240101-structure-20150128.csv,2024,9999,,,68,Тамбовская область,52.2204809,42.1090698,2,47048.8,14028.0,359.4
2094,Сампурский,68-532-000-000,Сампурский муниципальный округ,муниципальный округ,,1,,п Сатинка,data-20240101-structure-20150128.csv,2024,9999,,,68,Тамбовская область,52.377113,41.673679,2,48078.1,11610.0,365.1
2095,Сосновский,68-534-000-000,Сосновский муниципальный округ,муниципальный округ,,1,,рп Сосновка,data-20240101-structure-20150128.csv,2024,9999,,,68,Тамбовская область,53.232201,41.369202,2,40100.6,24282.0,367.4
2096,Староюрьевский,68-536-000-000,Староюрьевский муниципальный округ,муниципальный округ,,1,,с Староюрьево,data-20240101-structure-20150128.csv,2024,9999,,,68,Тамбовская область,53.3227111,40.6992188,2,51813.6,11015.0,371.0
2098,Токарёвский,68-542-000-000,Токарёвский муниципальный округ,муниципальный округ,,1,,рп Токарёвка,data-20240101-structure-20150128.csv,2024,9999,,,68,Тамбовская область,51.9939,41.1618,2,61793.1,15011.0,360.3
2100,Умётский,68-546-000-000,Умётский муниципальный округ,муниципальный округ,,1,,рп Умёт,data-20240101-structure-20150128.csv,2024,9999,,,68,Тамбовская область,52.560272,42.968578,2,48407.2,9405.0,359.1
2101,Тверь,28-701-000-000,городской округ город Тверь,городской округ,административный_центр_субъекта,2,28-620-000-000;28-520-000-000,г Тверь,data-20180110-structure-20150128.csv,2018,9999,,,69,Тверская область,56.858675,35.9208284,1,77389.5,412994.0,414.9
2105,Осташковский,28-752-000-000,городской округ Осташковский,городской округ,,1,,г Осташков,data-20180110-structure-20150128.csv,2018,9999,,,69,Тверская область,57.1557583,33.1013213,1,60266.1,20992.0,337.9
2108,Торжок,28-750-000-000,городской округ город Торжок,городской округ,,2,28-654-000-000,г Торжок,data-20180110-structure-20150128.csv,2018,9999,,,69,Тверская область,57.0501176,34.95641719793115,1,59693.8,39503.0,378.3
2109,Удомельский,28-751-000-000,городской округ Удомельский,городской округ,,1,,г Удомля,data-20180110-structure-20150128.csv,2018,9999,,,69,Тверская область,57.877998,35.0042,1,92780.3,29515.0,342.9
2110,Андреапольский,28-502-000-000,муниципальный округ Андреапольский,муниципальный округ,,1,,г Андреаполь,data-20200301-structure-20150128.csv,2020,9999,,,69,Тверская область,56.646801,32.26532,1,48061.6,9731.0,330.1
2111,Бежецкий,28-504-000-000,муниципальный округ Бежецкий,муниципальный округ,,1,,г Бежецк,data-20240101-structure-20150128.csv,2024,9999,,,69,Тверская область,57.781357,36.692535,2,54050.8,30567.0,359.6
2112,Бельский,28-506-000-000,муниципальный округ Бельский,муниципальный округ,,1,,г Белый,data-20221219-structure-20150128.csv,2023,9999,,,69,Тверская область,55.833073,32.939487,2,44251.9,4852.0,336.0
2113,Бологовский,28-508-000-000,муниципальный округ Бологовский,муниципальный округ,,1,,г Бологое,data-20240101-structure-20150128.csv,2024,9999,,,69,Тверская область,57.885204,34.049603,2,58395.9,30273.0,344.5
2114,Весьегонский,28-510-000-000,муниципальный округ Весьегонский,муниципальный округ,,1,,г Весьегонск,data-20200301-structure-20150128.csv,2020,9999,,,69,Тверская область,58.6637264,37.2626496,1,46578.1,9486.0,336.0
2116,Жарковский,28-514-000-000,муниципальный округ Жарковский,муниципальный округ,,1,,пгт Жарковский,data-20221219-structure-20150128.csv,2023,9999,,,69,Тверская область,55.8479449,32.2626969,2,40620.1,3931.0,327.7
2117,Западнодвинский,28-516-000-000,муниципальный округ Западнодвинский,муниципальный округ,,1,,г Западная Двина,data-20210118-structure-20150128.csv,2021,9999,,,69,Тверская область,56.2588287,32.0707122,1,45215.8,11945.0,333.9
2118,Зубцовский,28-518-000-000,муниципальный округ Зубцовский,муниципальный округ,,1,,г Зубцов,data-20221219-structure-20150128.csv,2023,9999,,,69,Тверская область,56.170071,34.585182,2,59826.0,14191.0,375.2
2119,Калининский,28-520-000-000,муниципальный округ Калининский,муниципальный округ,,3,28-701-000-000,г Тверь,data-20240101-structure-20150128.csv,2024,9999,,,69,Тверская область,56.858675,35.9208284,2,77104.2,59603.0,572.6
2120,Калязинский,28-522-000-000,муниципальный округ Калязинский,муниципальный округ,,1,,г Калязин,data-20240101-structure-20150128.csv,2024,9999,,,69,Тверская область,57.2400206,37.8404883,2,52374.9,18994.0,389.1
2121,Кашинский,28-758-000-000,городской округ Кашинский,городской округ,,1,,г Кашин,data-20190319-structure-20150128.csv,2019,9999,,,69,Тверская область,57.361755,37.611454,1,52531.4,22713.0,379.2
2122,Кесовогорский,28-526-000-000,муниципальный округ Кесовогорский,муниципальный округ,,1,,пгт Кесова Гора,data-20221219-structure-20150128.csv,2023,9999,,,69,Тверская область,57.579342,37.295616,2,78909.8,7244.0,367.9
2124,Конаковский,28-530-000-000,муниципальный округ Конаковский,муниципальный округ,,1,,г Конаково,data-20240101-structure-20150128.csv,2024,9999,,,69,Тверская область,56.7131572,36.7775654,2,76631.1,67829.0,400.9
2125,Краснохолмский,28-532-000-000,муниципальный округ Краснохолмский,муниципальный округ,,1,,г Красный Холм,data-20210118-structure-20150128.csv,2021,9999,,,69,Тверская область,58.056507,37.114731,1,46408.7,8508.0,351.6
2126,Кувшиновский,28-534-000-000,муниципальный округ Кувшиновский,муниципальный округ,,1,,г Кувшиново,data-20240101-structure-20150128.csv,2024,9999,,,69,Тверская область,57.0314657,34.1796637,2,62015.7,12610.0,354.2
2127,Лесной,28-536-000-000,муниципальный округ Лесной,муниципальный округ,,1,,с Лесное,data-20210118-structure-20150128.csv,2021,9999,,,69,Тверская область,58.2846441,35.5248456,1,43649.0,3827.0,341.9
2128,Лихославльский,28-538-000-000,муниципальный округ Лихославльский,муниципальный округ,,1,,г Лихославль,data-20220128-structure-20150128.csv,2022,9999,,,69,Тверская область,57.1244437,35.4665276,1,51365.9,24344.0,372.8
2129,Максатихинский,28-540-000-000,муниципальный округ Максатихинский,муниципальный округ,,1,,пгт Максатиха,data-20221219-structure-20150128.csv,2023,9999,,,69,Тверская область,57.797325,35.87904,2,45212.9,13807.0,358.0
2130,Молоковский,28-542-000-000,муниципальный округ Молоковский,муниципальный округ,,1,,пгт Молоково,data-20220128-structure-20150128.csv,2022,9999,,,69,Тверская область,58.1630255,36.7661137,1,43490.4,3690.0,348.3
2131,Нелидовский,28-759-000-000,городской округ Нелидовский,городской округ,,1,,г Нелидово,data-20190319-structure-20150128.csv,2019,9999,,,69,Тверская область,56.226097,32.771111,1,45841.5,22742.0,342.6
2132,Оленинский,28-544-000-000,муниципальный округ Оленинский,муниципальный округ,,1,,пгт Оленино,data-20210118-structure-20150128.csv,2020,9999,,,69,Тверская область,56.208992,33.480034,1,39746.5,11371.0,351.8
2133,Пеновский,28-546-000-000,муниципальный округ Пеновский,муниципальный округ,,1,,пгт Пено,data-20210118-structure-20150128.csv,2021,9999,,,69,Тверская область,56.92379,32.744606,1,40063.4,5051.0,330.6
2134,Рамешковский,28-547-000-000,муниципальный округ Рамешковский,муниципальный округ,,1,,пгт Рамешки,data-20220128-structure-20150128.csv,2022,9999,,,69,Тверская область,57.3453001,36.0453999,1,50473.2,14777.0,372.6
2136,Сандовский,28-549-000-000,муниципальный округ Сандовский,муниципальный округ,,1,,пгт Сандово,data-20210118-structure-20150128.csv,2021,9999,,,69,Тверская область,58.461376,36.411373,1,50509.7,4788.0,340.3
2137,Селижаровский,28-550-000-000,муниципальный округ Селижаровский,муниципальный округ,,1,,пгт Селижарово,data-20210118-structure-20150128.csv,2021,9999,,,69,Тверская область,56.855633,33.452286,1,47361.6,9920.0,343.8
2138,Сонковский,28-551-000-000,муниципальный округ Сонковский,муниципальный округ,,1,,пгт Сонково,data-20221219-structure-20150128.csv,2023,9999,,,69,Тверская область,57.7809325,37.1653992,2,44282.8,6439.0,354.9
2139,Спировский,28-552-000-000,муниципальный округ Спировский,муниципальный округ,,1,,пгт Спирово,data-20220128-structure-20150128.csv,2022,9999,,,69,Тверская область,57.4215311,34.9932788,1,41996.9,8413.0,356.8
2140,Старицкий,28-553-000-000,муниципальный округ Старицкий,муниципальный округ,,1,,г Старица,data-20221219-structure-20150128.csv,2023,9999,,,69,Тверская область,56.5081105,34.9314738,2,52503.8,20834.0,374.5
2142,Торопецкий,28-555-000-000,муниципальный округ Торопецкий,муниципальный округ,,1,,г Торопец,data-20240101-structure-20150128.csv,2024,9999,,,69,Тверская область,56.496479,31.641077,2,49995.5,16137.0,327.7
2143,Фировский,28-557-000-000,муниципальный округ Фировский,муниципальный округ,,1,,пгт Фирово,data-20240101-structure-20150128.csv,2024,9999,,,69,Тверская область,57.481045,33.698059,2,43631.1,7887.0,339.6
2144,Томск,69-701-000-000,городской округ город Томск,городской округ,административный_центр_субъекта,2,69-654-000-000,г Томск,data-20180110-structure-20150128.csv,2018,9999,,,70,Томская область,56.4887526,84.9523434,1,90444.3,565753.0,260.4
2145,Кедровый,69-707-000-000,городской округ город Кедровый,городской округ,,1,,г Кедровый,data-20180110-structure-20150128.csv,2018,9999,,,70,Томская область,57.56192,79.570801,1,76099.6,2626.0,197.6
2146,Стрежевой,69-710-000-000,городской округ город Стрежевой,городской округ,,1,,г Стрежевой,data-20180110-structure-20150128.csv,2018,9999,,,70,Томская область,60.732758,77.600807,1,102903.1,37478.0,218.7
2148,Александровский,69-604-000-000,Александровский муниципальный район,муниципальный район,,1,,с Александровское,data-20180110-structure-20150128.csv,2018,9999,,,70,Томская область,60.431446,77.865845,1,126598.4,7233.0,216.1
2149,Асиновский,69-608-000-000,Асиновский муниципальный район,муниципальный район,,1,,г Асино,data-20180110-structure-20150128.csv,2018,9999,,,70,Томская область,56.999187,86.14167,1,51907.3,33342.0,221.0
2150,Бакчарский,69-612-000-000,Бакчарский муниципальный район,муниципальный район,,1,,с Бакчар,data-20180110-structure-20150128.csv,2018,9999,,,70,Томская область,57.020538,82.066872,1,62639.2,11191.0,203.1
2151,Верхнекетский,69-616-000-000,Верхнекетский муниципальный район,муниципальный район,,1,,рп Белый Яр,data-20180110-structure-20150128.csv,2018,9999,,,70,Томская область,58.4475598,85.0389307,1,65346.1,14438.0,206.4
2152,Зырянский,69-620-000-000,Зырянский муниципальный район,муниципальный район,,1,,с Зырянское,data-20180110-structure-20150128.csv,2018,9999,,,70,Томская область,56.834206,86.621178,1,51218.0,11051.0,219.8
2153,Каргасокский,69-624-000-000,Каргасокский муниципальный район,муниципальный район,,1,,с Каргасок,data-20180110-structure-20150128.csv,2018,9999,,,70,Томская область,59.0598053,80.8708719,1,101019.6,17438.0,201.4
2154,Кожевниковский,69-628-000-000,Кожевниковский муниципальный район,муниципальный район,,1,,с Кожевниково,data-20180110-structure-20150128.csv,2018,9999,,,70,Томская область,56.2600069,83.9750781,1,55490.7,20183.0,229.0
2155,Колпашевский,69-632-000-000,Колпашевский муниципальный район,муниципальный район,,1,,г Колпашево,data-20180110-structure-20150128.csv,2018,9999,,,70,Томская область,58.313667,82.903557,1,78500.9,32143.0,199.1
2156,Кривошеинский,69-636-000-000,Кривошеинский муниципальный район,муниципальный район,,1,,с Кривошеино,data-20180110-structure-20150128.csv,2018,9999,,,70,Томская область,57.343742,83.930153,1,64584.0,12022.0,219.1
2157,Молчановский,69-640-000-000,Молчановский муниципальный район,муниципальный район,,1,,с Молчаново,data-20180110-structure-20150128.csv,2018,9999,,,70,Томская область,57.581014,83.7605886,1,69354.3,12103.0,216.8
2158,Парабельский,69-644-000-000,Парабельский муниципальный район,муниципальный район,,1,,с Парабель,data-20180110-structure-20150128.csv,2018,9999,,,70,Томская область,58.5997257,80.9445602,1,115751.0,11379.0,204.3
2159,Первомайский,69-648-000-000,Первомайский муниципальный район,муниципальный район,,1,,с Первомайское,data-20180110-structure-20150128.csv,2018,9999,,,70,Томская область,57.070614,86.226082,1,51540.8,16471.0,220.3
2160,Тегульдетский,69-652-000-000,Тегульдетский муниципальный район,муниципальный район,,1,,с Тегульдет,data-20180110-structure-20150128.csv,2018,9999,,,70,Томская область,57.306404,88.167168,1,70669.8,6463.0,209.9
2161,Томский,69-654-000-000,Томский муниципальный район,муниципальный район,,3,69-701-000-000,г Томск,data-20180110-structure-20150128.csv,2018,9999,,,70,Томская область,56.4887526,84.9523434,1,66370.5,89298.0,453.4
2162,Чаинский,69-656-000-000,Чаинский муниципальный район,муниципальный район,,1,,с Подгорное,data-20180110-structure-20150128.csv,2018,9999,,,70,Томская область,57.7915323,82.6441106,1,69126.2,11633.0,210.6
2163,Шегарский,69-658-000-000,Шегарский муниципальный район,муниципальный район,,1,,с Мельниково,data-20180110-structure-20150128.csv,2018,9999,,,70,Томская область,56.554417,84.090408,1,50048.9,19646.0,229.0
2164,Тула,70-701-000-000,городской округ город Тула,городской округ,административный_центр_субъекта,1,,г Тула,data-20180110-structure-20150128.csv,2018,9999,,,71,Тульская область,54.1930321,37.61754,1,87275.6,538297.0,404.0
2165,Алексин,70-706-000-000,городской округ город Алексин,городской округ,,1,,г Алексин,data-20180110-structure-20150128.csv,2018,9999,,,71,Тульская область,54.5028103,37.0667213,1,65671.5,69514.0,409.4
2167,Донской,70-712-000-000,городской округ город Донской,городской округ,,1,,г Донской,data-20180110-structure-20150128.csv,2018,9999,,,71,Тульская область,53.9729348,38.32639150177284,1,55751.0,62255.0,401.2
2168,Ефремов,70-714-000-000,городской округ город Ефремов,городской округ,,1,,г Ефремов,data-20180110-structure-20150128.csv,2018,9999,,,71,Тульская область,53.141834,38.116188,1,65612.1,56354.0,379.0
2169,Новомосковск,70-724-000-000,городской округ город Новомосковск,городской округ,,1,,г Новомосковск,data-20180110-structure-20150128.csv,2018,9999,,,71,Тульская область,54.011013,38.290943,1,80775.1,129639.0,401.2
2171,Арсеньевский,70-604-000-000,Арсеньевский муниципальный район,муниципальный район,,1,,рп Арсеньево,data-20180110-structure-20150128.csv,2018,9999,,,71,Тульская область,53.7357884,36.6620997,1,48226.3,9159.0,376.2
2172,Белевский,70-606-000-000,Белевский муниципальный район,муниципальный район,,1,,г Белев,data-20180110-structure-20150128.csv,2018,9999,,,71,Тульская область,53.811798,36.137001,1,57262.0,18494.0,373.1
2173,Богородицкий,70-608-000-000,Богородицкий муниципальный район,муниципальный район,,1,,г Богородицк,data-20180110-structure-20150128.csv,2018,9999,,,71,Тульская область,53.773571,38.126965,1,64849.9,49454.0,394.8
2174,Веневский,70-612-000-000,Веневский муниципальный район,муниципальный район,,1,,г Венев,data-20180110-structure-20150128.csv,2018,9999,,,71,Тульская область,54.3504,38.2656,1,61582.5,33948.0,414.2
2175,Воловский,70-616-000-000,Воловский муниципальный район,муниципальный район,,1,,рп Волово,data-20180110-structure-20150128.csv,2018,9999,,,71,Тульская область,53.5548,38.006,1,71011.9,13746.0,384.2
2176,Дубенский,70-618-000-000,Дубенский муниципальный район,муниципальный район,,1,,рп Дубна,data-20180110-structure-20150128.csv,2018,9999,,,71,Тульская область,54.1524925,36.9591856,1,54710.0,14743.0,395.5
2177,Заокский,70-622-000-000,Заокский муниципальный район,муниципальный район,,1,,рп Заокский,data-20180110-structure-20150128.csv,2018,9999,,,71,Тульская область,54.7331733,37.3989781,1,60987.6,26774.0,430.7
2178,Каменский,70-624-000-000,Каменский муниципальный район,муниципальный район,,1,,с Архангельское,data-20180110-structure-20150128.csv,2018,9999,,,71,Тульская область,53.2586327,37.6959452,1,60127.2,8141.0,372.8
2179,Кимовский,70-626-000-000,Кимовский муниципальный район,муниципальный район,,1,,г Кимовск,data-20180110-structure-20150128.csv,2018,9999,,,71,Тульская область,53.9699,38.5327,1,62210.4,38587.0,399.1
2180,Киреевский,70-628-000-000,Киреевский муниципальный район,муниципальный район,,1,,г Киреевск,data-20180110-structure-20150128.csv,2018,9999,,,71,Тульская область,53.926712,37.929916,1,55658.2,73376.0,398.8
2181,Куркинский,70-630-000-000,Куркинский муниципальный район,муниципальный район,,1,,рп Куркино,data-20180110-structure-20150128.csv,2018,9999,,,71,Тульская область,53.4247526,38.6571206,1,57155.1,10641.0,378.7
2182,Одоевский,70-636-000-000,Одоевский муниципальный район,муниципальный район,,1,,рп Одоев,data-20180110-structure-20150128.csv,2018,9999,,,71,Тульская область,53.936798,36.687901,1,55383.7,11804.0,383.9
2183,Плавский,70-638-000-000,Плавский муниципальный район,муниципальный район,,1,,г Плавск,data-20180110-structure-20150128.csv,2018,9999,,,71,Тульская область,53.7068732,37.2920333,1,56367.1,29592.0,388.9
2184,Суворовский,70-640-000-000,Суворовский муниципальный район,муниципальный район,,1,,г Суворов,data-20180110-structure-20150128.csv,2018,9999,,,71,Тульская область,54.12236,36.500027,1,59611.5,34424.0,384.9
2185,Тепло-Огаревский,70-642-000-000,Тепло-Огаревский муниципальный район,муниципальный район,,1,,рп Теплое,data-20180110-structure-20150128.csv,2018,9999,,,71,Тульская область,53.6233396,37.5905627,1,50110.0,11101.0,387.7
2186,Узловский,70-644-000-000,Узловский муниципальный район,муниципальный район,,1,,г Узловая,data-20180110-structure-20150128.csv,2018,9999,,,71,Тульская область,53.978512,38.160255,1,74356.2,75414.0,402.4
2187,Чернский,70-646-000-000,Чернский муниципальный район,муниципальный район,,1,,рп Чернь,data-20180110-structure-20150128.csv,2018,9999,,,71,Тульская область,53.450928,36.910103,1,55736.8,18218.0,379.0
2188,Щекинский,70-648-000-000,Щекинский муниципальный район,муниципальный район,,1,,г Щекино,data-20180110-structure-20150128.csv,2018,9999,,,71,Тульская область,54.004465,37.5179079,1,74387.0,101699.0,402.6
2189,Ясногорский,70-650-000-000,Ясногорский муниципальный район,муниципальный район,,1,,г Ясногорск,data-20180110-structure-20150128.csv,2018,9999,,,71,Тульская область,54.4792708,37.693329,1,85275.5,30348.0,413.7
2190,Тюмень,71-701-000-000,городской округ город Тюмень,городской округ,административный_центр_субъекта,2,71-644-000-000,г Тюмень,data-20180110-structure-20150128.csv,2018,9999,,,72,Тюменская область,57.153534,65.542274,1,106290.0,861098.0,337.9
2191,Заводоуковский,71-703-000-000,городской округ Заводоуковский,городской округ,,1,,г Заводоуковск,data-20180110-structure-20150128.csv,2018,9999,,,72,Тюменская область,56.509293,66.539261,1,60984.4,47394.0,273.2
2192,Ишим,71-705-000-000,городской округ город Ишим,городской округ,,2,71-626-000-000,г Ишим,data-20180110-structure-20150128.csv,2018,9999,,,72,Тюменская область,56.09537715,69.46592795241014,1,64808.8,67329.0,272.3
2193,Тобольск,71-710-000-000,городской округ город Тобольск,городской округ,,2,71-642-000-000,г Тобольск,data-20180110-structure-20150128.csv,2018,9999,,,72,Тюменская область,58.1998048,68.2512924,1,97335.7,102733.0,264.7
2194,Ялуторовск,71-715-000-000,городской округ город Ялуторовск,городской округ,,2,71-656-000-000,г Ялуторовск,data-20180110-structure-20150128.csv,2018,9999,,,72,Тюменская область,56.64897495,66.2968841383236,1,64096.2,38970.0,283.8
2195,Абатский,71-603-000-000,Абатский муниципальный район,муниципальный район,,1,,с Абатское,data-20180110-structure-20150128.csv,2018,9999,,,72,Тюменская область,56.289024,70.453026,1,57922.5,18641.0,256.4
2196,Армизонский,71-605-000-000,Армизонский муниципальный район,муниципальный район,,1,,с Армизонское,data-20180110-structure-20150128.csv,2018,9999,,,72,Тюменская область,55.945129,67.685402,1,53701.3,9306.0,261.9
2197,Аромашевский,71-607-000-000,Аромашевский муниципальный район,муниципальный район,,1,,с Аромашево,data-20180110-structure-20150128.csv,2018,9999,,,72,Тюменская область,56.865017,68.6473468,1,55769.3,10235.0,258.6
2198,Бердюжский,71-610-000-000,Бердюжский муниципальный район,муниципальный район,,1,,с Бердюжье,data-20180110-structure-20150128.csv,2018,9999,,,72,Тюменская область,55.805538,68.308907,1,54815.8,10693.0,262.8
2199,Вагайский,71-613-000-000,Вагайский муниципальный район,муниципальный район,,1,,с Вагай,data-20180110-structure-20150128.csv,2018,9999,,,72,Тюменская область,57.9352224,69.0125864,1,59621.4,17835.0,253.6
2200,Викуловский,71-615-000-000,Викуловский муниципальный район,муниципальный район,,1,,с Викулово,data-20180110-structure-20150128.csv,2018,9999,,,72,Тюменская область,56.815155,70.605362,1,53629.6,14670.0,250.8
2201,Голышмановский,71-702-000-000,городской округ Голышмановский,городской округ,,1,,рп Голышманово,data-20190419-structure-20150128.csv,2020,9999,,,72,Тюменская область,56.3955,68.375,1,62188.6,23386.0,262.6
2202,Исетский,71-624-000-000,Исетский муниципальный район,муниципальный район,,1,,с Исетское,data-20180110-structure-20150128.csv,2018,9999,,,72,Тюменская область,56.475377,65.3286838,1,58380.7,25979.0,280.0
2203,Ишимский,71-626-000-000,Ишимский муниципальный район,муниципальный район,,3,71-705-000-000,г Ишим,data-20180110-structure-20150128.csv,2018,9999,,,72,Тюменская область,56.09537715,69.46592795241014,1,57455.9,28178.0,294.7
2204,Казанский,71-630-000-000,Казанский муниципальный район,муниципальный район,,1,,с Казанское,data-20180110-structure-20150128.csv,2018,9999,,,72,Тюменская область,55.6434378,69.2419265,1,55932.0,19959.0,258.1
2205,Нижнетавдинский,71-632-000-000,Нижнетавдинский муниципальный район,муниципальный район,,1,,с Нижняя Тавда,data-20180110-structure-20150128.csv,2018,9999,,,72,Тюменская область,57.665195,66.172325,1,59034.7,27122.0,268.5
2206,Омутинский,71-634-000-000,Омутинский муниципальный район,муниципальный район,,1,,с Омутинское,data-20180110-structure-20150128.csv,2018,9999,,,72,Тюменская область,56.476646,67.66394,1,57938.6,18399.0,266.4
2207,Сладковский,71-636-000-000,Сладковский муниципальный район,муниципальный район,,1,,с Сладково,data-20180110-structure-20150128.csv,2018,9999,,,72,Тюменская область,55.528728,70.347,1,54093.6,10763.0,254.5
2208,Сорокинский,71-638-000-000,Сорокинский муниципальный район,муниципальный район,,1,,с Большое Сорокино,data-20180110-structure-20150128.csv,2018,9999,,,72,Тюменская область,56.6295759,69.8076705,1,55426.9,9230.0,254.5
2210,Тюменский,71-644-000-000,Тюменский муниципальный район,муниципальный район,,3,71-701-000-000,г Тюмень,data-20180110-structure-20150128.csv,2018,9999,,,72,Тюменская область,57.153534,65.542274,1,81701.1,143580.0,676.7
2211,Уватский,71-648-000-000,Уватский муниципальный район,муниципальный район,,1,,с Уват,data-20180110-structure-20150128.csv,2018,9999,,,72,Тюменская область,59.1428822,68.8961724,1,122655.3,18683.0,245.3
2212,Упоровский,71-650-000-000,Упоровский муниципальный район,муниципальный район,,1,,с Упорово,data-20180110-structure-20150128.csv,2018,9999,,,72,Тюменская область,56.312378,66.267189,1,54553.1,19403.0,271.3
2213,Юргинский,71-653-000-000,Юргинский муниципальный район,муниципальный район,,1,,с Юргинское,data-20180110-structure-20150128.csv,2018,9999,,,72,Тюменская область,56.818596,67.392548,1,54980.6,11096.0,264.9
2215,Ярковский,71-658-000-000,Ярковский муниципальный район,муниципальный район,,1,,с Ярково,data-20180110-structure-20150128.csv,2018,9999,,,72,Тюменская область,57.405594,67.07177,1,62492.9,23139.0,266.8
2216,Ханты-Мансийск,71-871-000-000,городской округ город Ханты-Мансийск,городской округ,административный_центр_субъекта,2,71-829-000-000,г Ханты-Мансийск,data-20180110-structure-20150128.csv,2018,9999,,,86,Ханты-Мансийский автономный округ — Югра,61.0034448,69.0190006,1,133101.4,111772.0,238.7
2217,Когалым,71-883-000-000,городской округ город Когалым,городской округ,,1,,г Когалым,data-20180110-structure-20150128.csv,2018,9999,,,86,Ханты-Мансийский автономный округ — Югра,62.26798,74.4889068,1,142278.9,63963.0,218.9
2218,Лангепас,71-872-000-000,городской округ город Лангепас,городской округ,,1,,г Лангепас,data-20180110-structure-20150128.csv,2018,9999,,,86,Ханты-Мансийский автономный округ — Югра,61.25166204999999,75.17881042039596,1,114243.3,44157.0,224.1
2219,Мегион,71-873-000-000,городской округ город Мегион,городской округ,,1,,г Мегион,data-20180110-structure-20150128.csv,2018,9999,,,86,Ханты-Мансийский автономный округ — Югра,61.035404,76.108215,1,124732.7,59715.0,223.4
2220,Нефтеюганск,71-874-000-000,городской округ город Нефтеюганск,городской округ,,2,71-818-000-000,г Нефтеюганск,data-20180110-structure-20150128.csv,2018,9999,,,86,Ханты-Мансийский автономный округ — Югра,61.0962043,72.6111908351568,1,134448.9,126690.0,241.3
2221,Нижневартовск,71-875-000-000,городской округ город Нижневартовск,городской округ,,2,71-819-000-000,г Нижневартовск,data-20180110-structure-20150128.csv,2018,9999,,,86,Ханты-Мансийский автономный округ — Югра,60.9391866,76.55117870683605,1,119385.6,290535.0,225.3
2222,Нягань,71-879-000-000,городской округ город Нягань,городской округ,,1,,г Нягань,data-20180110-structure-20150128.csv,2018,9999,,,86,Ханты-Мансийский автономный округ — Югра,62.1650621,65.45441966394608,1,117913.9,63466.0,236.1
2223,Покачи,71-884-000-000,городской округ город Покачи,городской округ,,1,,г Покачи,data-20180110-structure-20150128.csv,2018,9999,,,86,Ханты-Мансийский автономный округ — Югра,61.73768990000001,75.60509414915978,1,115289.7,16556.0,220.3
2224,Пыть-Ях,71-885-000-000,городской округ город Пыть-Ях,городской округ,,1,,г Пыть-Ях,data-20180110-structure-20150128.csv,2018,9999,,,86,Ханты-Мансийский автономный округ — Югра,60.7097399,72.85847962489736,1,118280.6,40530.0,230.9
2225,Радужный,71-877-000-000,городской округ город Радужный,городской округ,,1,,г Радужный,data-20180110-structure-20150128.csv,2018,9999,,,86,Ханты-Мансийский автономный округ — Югра,62.135315,77.462616,1,117694.5,45574.0,212.3
2226,Сургут,71-876-000-000,городской округ город Сургут,городской округ,,2,71-826-000-000,г Сургут,data-20180110-structure-20150128.csv,2018,9999,,,86,Ханты-Мансийский автономный округ — Югра,61.2922349,73.41583674801504,1,140879.7,420347.0,277.9
2227,Урай,71-878-000-000,городской округ город Урай,городской округ,,1,,г Урай,data-20180110-structure-20150128.csv,2018,9999,,,86,Ханты-Мансийский автономный округ — Югра,60.1192579,64.7599996856959,1,114415.3,41356.0,234.5
2228,Югорск,71-887-000-000,городской округ город Югорск,городской округ,,1,,г Югорск,data-20180110-structure-20150128.csv,2018,9999,,,86,Ханты-Мансийский автономный округ — Югра,61.3159174,63.3344785884512,1,142055.4,39233.0,245.1
2229,Белоярский,71-811-000-000,Белоярский муниципальный район,муниципальный район,,1,,г Белоярский,data-20180110-structure-20150128.csv,2018,9999,,,86,Ханты-Мансийский автономный округ — Югра,63.68158065,66.75617738996769,1,146470.7,28479.0,223.4
2230,Березовский,71-812-000-000,Березовский муниципальный район,муниципальный район,,1,,пгт Березово,data-20180110-structure-20150128.csv,2018,9999,,,86,Ханты-Мансийский автономный округ — Югра,63.935246,65.053566,1,123093.5,22821.0,222.4
2231,Кондинский,71-816-000-000,Кондинский муниципальный район,муниципальный район,,1,,пгт Междуреченский,data-20180110-structure-20150128.csv,2018,9999,,,86,Ханты-Мансийский автономный округ — Югра,59.5924863,65.90851,1,116572.3,30387.0,230.9
2232,Нефтеюганский,71-818-000-000,Нефтеюганский муниципальный район,муниципальный район,,3,71-874-000-000,г Нефтеюганск,data-20180110-structure-20150128.csv,2018,9999,,,86,Ханты-Мансийский автономный округ — Югра,61.0962043,72.6111908351568,1,138589.1,47486.0,260.2
2233,Нижневартовский,71-819-000-000,Нижневартовский муниципальный район,муниципальный район,,3,71-875-000-000,г Нижневартовск,data-20180110-structure-20150128.csv,2018,9999,,,86,Ханты-Мансийский автономный округ — Югра,60.9391866,76.55117870683605,1,127830.1,38693.0,268.0
2234,Октябрьский,71-821-000-000,Октябрьский муниципальный район,муниципальный район,,1,,пгт Октябрьское,data-20180110-structure-20150128.csv,2018,9999,,,86,Ханты-Мансийский автономный округ — Югра,62.459541,66.045067,1,129455.8,32120.0,231.4
2235,Советский,71-824-000-000,Советский муниципальный район,муниципальный район,,1,,г Советский,data-20180110-structure-20150128.csv,2018,9999,,,86,Ханты-Мансийский автономный округ — Югра,61.35802885,63.56218800350869,1,105421.9,46492.0,244.4
2236,Сургутский,71-826-000-000,Сургутский муниципальный район,муниципальный район,,3,71-876-000-000,г Сургут,data-20180110-structure-20150128.csv,2018,9999,,,86,Ханты-Мансийский автономный округ — Югра,61.2922349,73.41583674801504,1,141717.7,129992.0,397.2
2237,Ханты-Мансийский,71-829-000-000,Ханты-Мансийский муниципальный район,муниципальный район,,3,71-871-000-000,г Ханты-Мансийск,data-20180110-structure-20150128.csv,2018,9999,,,86,Ханты-Мансийский автономный округ — Югра,61.0034448,69.0190006,1,142244.3,19022.0,274.6
2238,Салехард,71-951-000-000,городской округ город Салехард,городской округ,административный_центр_субъекта,1,,г Салехард,data-20180110-structure-20150128.csv,2018,9999,,,89,Ямало-Ненецкий автономный округ,66.34953595,66.63347415344438,1,169044.9,49236.0,205.0
2241,Муравленко,71-955-000-000,городской округ город Муравленко,городской округ,,1,,г Муравленко,data-20180110-structure-20150128.csv,2018,9999,,,89,Ямало-Ненецкий автономный округ,63.7947977,74.4969322,1,130077.5,29581.0,210.4
2242,Новый Уренгой,71-956-000-000,городской округ город Новый Уренгой,городской округ,,1,,г Новый Уренгой,data-20180110-structure-20150128.csv,2018,9999,,,89,Ямало-Ненецкий автономный округ,66.02896595,78.08097865620685,1,174598.5,106890.0,200.7
2243,Ноябрьск,71-958-000-000,городской округ город Ноябрьск,городской округ,,1,,г Ноябрьск,data-20180110-structure-20150128.csv,2018,9999,,,89,Ямало-Ненецкий автономный округ,63.1191178,75.34670351236167,1,156219.1,102938.0,211.8
2244,Красноселькупский,71-933-000-000,муниципальный округ Красноселькупский район,муниципальный округ,,1,,с Красноселькуп,data-20220128-structure-20150128.csv,2022,9999,,,89,Ямало-Ненецкий автономный округ,65.704239,82.458855,1,177997.6,5640.0,191.7
2245,Надымский,71-936-000-000,муниципальный округ Надымский район,муниципальный округ,,1,,г Надым,data-20210118-structure-20150128.csv,2021,9999,,,89,Ямало-Ненецкий автономный округ,65.532,72.52,1,192600.2,65345.0,205.7
2248,Тазовский,71-943-000-000,муниципальный округ Тазовский район,муниципальный округ,,1,,п Тазовский,data-20210118-structure-20150128.csv,2021,9999,,,89,Ямало-Ненецкий автономный округ,67.4735321,78.7149206,1,181196.5,17876.0,191.5
2249,Шурышкарский,71-946-000-000,муниципальный округ Шурышкарский район,муниципальный округ,,1,,с Мужи,data-20221219-structure-20150128.csv,2023,9999,,,89,Ямало-Ненецкий автономный округ,65.400004,64.7018584,2,118486.6,9162.0,212.8
2250,Ямальский,71-948-000-000,муниципальный округ Ямальский район,муниципальный округ,,1,,с Яр-Сале,data-20220128-structure-20150128.csv,2022,9999,,,89,Ямало-Ненецкий автономный округ,66.865563,70.83653,1,163565.2,16268.0,197.2
2251,Ульяновск,73-701-000-000,городской округ город Ульяновск,городской округ,административный_центр_субъекта,1,,г Ульяновск,data-20180110-structure-20150128.csv,2018,9999,,,73,Ульяновская область,54.3150278,48.403373,1,69508.0,632771.0,349.5
2252,Димитровград,73-705-000-000,городской округ город Димитровград,городской округ,,2,73-622-000-000,г Димитровград,data-20180110-structure-20150128.csv,2018,9999,,,73,Ульяновская область,54.2188995,49.6038982,1,64255.5,108804.0,365.3
2253,Новоульяновск,73-715-000-000,городской округ город Новоульяновск,городской округ,,1,,г Новоульяновск,data-20180110-structure-20150128.csv,2018,9999,,,73,Ульяновская область,54.1502073,48.3856508,1,62325.9,16791.0,354.0
2254,Базарносызганский,73-602-000-000,Базарносызганский муниципальный район,муниципальный район,,1,,рп Базарный Сызган,data-20180110-structure-20150128.csv,2018,9999,,,73,Ульяновская область,53.7482676,46.7584818,1,38635.8,7275.0,349.7
2255,Барышский,73-604-000-000,Барышский муниципальный район,муниципальный район,,1,,г Барыш,data-20180110-structure-20150128.csv,2018,9999,,,73,Ульяновская область,53.6540758,47.1013737,1,42037.2,34969.0,349.2
2256,Вешкаймский,73-607-000-000,Вешкаймский муниципальный район,муниципальный район,,1,,рп Вешкайма,data-20180110-structure-20150128.csv,2018,9999,,,73,Ульяновская область,54.0487859,47.1238442,1,40269.2,14314.0,351.1
2257,Инзенский,73-610-000-000,Инзенский муниципальный район,муниципальный район,,1,,г Инза,data-20180110-structure-20150128.csv,2018,9999,,,73,Ульяновская область,53.8579402,46.3573236,1,45354.6,25875.0,353.2
2258,Карсунский,73-614-000-000,Карсунский муниципальный район,муниципальный район,,1,,рп Карсун,data-20180110-structure-20150128.csv,2018,9999,,,73,Ульяновская область,54.1970553,46.9793449,1,38809.2,19556.0,354.4
2259,Кузоватовский,73-616-000-000,Кузоватовский муниципальный район,муниципальный район,,1,,рп Кузоватово,data-20180110-structure-20150128.csv,2018,9999,,,73,Ульяновская область,53.5408,47.685,1,43252.9,17939.0,347.8
2260,Майнский,73-620-000-000,Майнский муниципальный район,муниципальный район,,1,,рп Майна,data-20180110-structure-20150128.csv,2018,9999,,,73,Ульяновская область,54.1140512,47.6264897,1,42546.4,19862.0,350.9
2262,Николаевский,73-625-000-000,Николаевский муниципальный район,муниципальный район,,1,,рп Николаевка,data-20180110-structure-20150128.csv,2018,9999,,,73,Ульяновская область,53.1311155,47.2003659,1,48128.2,21200.0,351.4
2264,Новоспасский,73-629-000-000,Новоспасский муниципальный район,муниципальный район,,1,,рп Новоспасское,data-20180110-structure-20150128.csv,2018,9999,,,73,Ульяновская область,53.1492062,47.7526084,1,53868.8,19921.0,349.9
2265,Павловский,73-632-000-000,Павловский муниципальный район,муниципальный район,,1,,рп Павловка,data-20180110-structure-20150128.csv,2018,9999,,,73,Ульяновская область,52.6894894,47.1398473,1,48968.3,11582.0,345.5
2266,Радищевский,73-634-000-000,Радищевский муниципальный район,муниципальный район,,1,,рп Радищево,data-20180110-structure-20150128.csv,2018,9999,,,73,Ульяновская область,52.8520485,47.8706585,1,39825.0,11246.0,344.0
2267,Сенгилеевский,73-636-000-000,Сенгилеевский муниципальный район,муниципальный район,,1,,г Сенгилей,data-20180110-structure-20150128.csv,2018,9999,,,73,Ульяновская область,53.9588733,48.7872182,1,55450.6,19008.0,342.6
2268,Старокулаткинский,73-639-000-000,Старокулаткинский муниципальный район,муниципальный район,,1,,рп Старая Кулатка,data-20180110-structure-20150128.csv,2018,9999,,,73,Ульяновская область,52.7313796,47.6207042,1,36450.9,9545.0,343.3
2269,Старомайнский,73-642-000-000,Старомайнский муниципальный район,муниципальный район,,1,,рп Старая Майна,data-20180110-structure-20150128.csv,2018,9999,,,73,Ульяновская область,54.6070643,48.9258988,1,41303.6,14556.0,347.3
2270,Сурский,73-644-000-000,Сурский муниципальный район,муниципальный район,,1,,рп Сурское,data-20180110-structure-20150128.csv,2018,9999,,,73,Ульяновская область,54.4800412,46.7234429,1,40095.8,14437.0,355.6
2271,Тереньгульский,73-648-000-000,Тереньгульский муниципальный район,муниципальный район,,1,,рп Тереньга,data-20180110-structure-20150128.csv,2018,9999,,,73,Ульяновская область,53.7161121,48.367123,1,42415.2,15507.0,348.8
2272,Ульяновский,73-652-000-000,Ульяновский муниципальный район,муниципальный район,,1,,рп Ишеевка,data-20180110-structure-20150128.csv,2018,9999,,,73,Ульяновская область,54.4269176,48.2749899,1,52985.3,34931.0,358.7
2274,Чердаклинский,73-656-000-000,Чердаклинский муниципальный район,муниципальный район,,1,,рп Чердаклы,data-20180110-structure-20150128.csv,2018,9999,,,73,Ульяновская область,54.3600605,48.8489979,1,69072.4,38945.0,354.4
2275,Челябинский,75-701-000-000,городской округ Челябинский,городской округ,административный_центр_субъекта,1,,г Челябинск,data-20180110-structure-20150128.csv,2018,9999,,,74,Челябинская область,55.1598408,61.4025547,1,84815.5,1177058.0,297.8
2276,Верхнеуфалейский,75-706-000-000,городской округ Верхнеуфалейский,городской округ,,1,,г Верхний Уфалей,data-20180110-structure-20150128.csv,2018,9999,,,74,Челябинская область,56.052029,60.226448,1,59045.2,25205.0,308.4
2278,Карабашский,75-715-000-000,городской округ Карабашский,городской округ,,1,,г Карабаш,data-20180110-structure-20150128.csv,2018,9999,,,74,Челябинская область,55.4885688,60.2028784,1,66587.7,10372.0,307.2
2279,Копейский,75-728-000-000,городской округ Копейский,городской округ,,1,,г Копейск,data-20180110-structure-20150128.csv,2018,9999,,,74,Челябинская область,55.1131951,61.6216332,1,71657.4,147109.0,314.0
2280,Кыштымский,75-734-000-000,городской округ Кыштымский,городской округ,,1,,г Кыштым,data-20180110-structure-20150128.csv,2018,9999,,,74,Челябинская область,55.7099215,60.5511275,1,65719.5,37146.0,308.9
2281,Магнитогорский,75-738-000-000,городской округ Магнитогорский,городской округ,,1,,г Магнитогорск,data-20180110-structure-20150128.csv,2018,9999,,,74,Челябинская область,53.4242184,58.983136,1,83303.8,408715.0,292.1
2282,Миасский,75-742-000-000,городской округ Миасский,городской округ,,1,,г Миасс,data-20180110-structure-20150128.csv,2018,9999,,,74,Челябинская область,55.0505685,60.1087125,1,78991.3,160837.0,308.1
2286,Троицкий,75-752-000-000,городской округ Троицкий,городской округ,,2,75-654-000-000,г Троицк,data-20180110-structure-20150128.csv,2018,9999,,,74,Челябинская область,54.0847722,61.5514047,1,57716.2,69845.0,304.8
2287,Усть-Катавский,75-755-000-000,городской округ Усть-Катавский,городской округ,,1,,г Усть-Катав,data-20180110-structure-20150128.csv,2018,9999,,,74,Челябинская область,54.9308,58.17484,1,57046.3,23326.0,312.4
2288,Чебаркульский,75-758-000-000,городской округ Чебаркульский,городской округ,,2,75-657-000-000,г Чебаркуль,data-20180110-structure-20150128.csv,2018,9999,,,74,Челябинская область,54.977795,60.37009,1,57557.8,44648.0,322.8
2289,Южноуральский,75-764-000-000,городской округ Южноуральский,городской округ,,1,,г Южноуральск,data-20180110-structure-20150128.csv,2018,9999,,,74,Челябинская область,54.4425364,61.2682731,1,70031.6,37265.0,297.8
2292,Аргаяшский,75-606-000-000,Аргаяшский муниципальный район,муниципальный район,,1,,с Аргаяш,data-20180110-structure-20150128.csv,2018,9999,,,74,Челябинская область,55.4908093,60.8776278,1,59756.1,39383.0,307.9
2293,Ашинский,75-609-000-000,Ашинский муниципальный район,муниципальный район,,1,,г Аша,data-20180110-structure-20150128.csv,2018,9999,,,74,Челябинская область,54.9908896,57.2780531,1,70379.1,54113.0,315.2
2294,Брединский,75-612-000-000,Брединский муниципальный район,муниципальный район,,1,,п Бреды,data-20180110-structure-20150128.csv,2018,9999,,,74,Челябинская область,52.4223974,60.3372556,1,48500.9,23380.0,276.0
2295,Варненский,75-614-000-000,Варненский муниципальный район,муниципальный район,,1,,с Варна,data-20180110-structure-20150128.csv,2018,9999,,,74,Челябинская область,53.3778252,60.9783588,1,73409.7,24054.0,279.8
2296,Верхнеуральский,75-617-000-000,Верхнеуральский муниципальный район,муниципальный район,,1,,г Верхнеуральск,data-20180110-structure-20150128.csv,2018,9999,,,74,Челябинская область,53.8753392,59.2197592,1,70358.1,31251.0,295.9
2297,Еманжелинский,75-619-000-000,Еманжелинский муниципальный район,муниципальный район,,1,,г Еманжелинск,data-20180110-structure-20150128.csv,2018,9999,,,74,Челябинская область,54.759121,61.313198,1,54543.8,47326.0,303.4
2298,Еткульский,75-620-000-000,Еткульский муниципальный район,муниципальный район,,1,,с Еткуль,data-20180110-structure-20150128.csv,2018,9999,,,74,Челябинская область,54.828304,61.592037,1,61685.8,29743.0,305.1
2299,Карталинский,75-623-000-000,Карталинский муниципальный район,муниципальный район,,1,,г Карталы,data-20180110-structure-20150128.csv,2018,9999,,,74,Челябинская область,53.053261,60.639172,1,63612.2,43290.0,280.3
2300,Каслинский,75-626-000-000,Каслинский муниципальный район,муниципальный район,,1,,г Касли,data-20180110-structure-20150128.csv,2018,9999,,,74,Челябинская область,55.8904193,60.7538518,1,56740.0,29118.0,307.7
2301,Катав-Ивановский,75-629-000-000,Катав-Ивановский муниципальный район,муниципальный район,,1,,г Катав-Ивановск,data-20180110-structure-20150128.csv,2018,9999,,,74,Челябинская область,54.753479,58.205784,1,53527.9,26222.0,310.0
2302,Кизильский,75-632-000-000,Кизильский муниципальный район,муниципальный район,,1,,с Кизильское,data-20180110-structure-20150128.csv,2018,9999,,,74,Челябинская область,52.72554,58.893696,1,47177.6,19276.0,288.8
2303,Коркинский,75-533-000-000,Коркинский муниципальный округ,муниципальный округ,,1,,г Коркино,data-20221219-structure-20150128.csv,2023,9999,,,74,Челябинская область,54.889923,61.407963,2,60182.9,55417.0,306.7
2304,Красноармейский,75-634-000-000,Красноармейский муниципальный район,муниципальный район,,1,,с Миасское,data-20180110-structure-20150128.csv,2018,9999,,,74,Челябинская область,55.283096,61.893074,1,61073.5,49996.0,306.5
2305,Кунашакский,75-636-000-000,Кунашакский муниципальный район,муниципальный район,,1,,с Кунашак,data-20180110-structure-20150128.csv,2018,9999,,,74,Челябинская область,55.698971,61.550903,1,52293.7,27505.0,302.2
2307,Нагайбакский,75-642-000-000,Нагайбакский муниципальный район,муниципальный район,,1,,с Фершампенуаз,data-20180110-structure-20150128.csv,2018,9999,,,74,Челябинская область,53.5214103,59.8112001,1,60069.3,16951.0,291.6
2308,Нязепетровский,75-644-000-000,Нязепетровский муниципальный район,муниципальный район,,1,,г Нязепетровск,data-20180110-structure-20150128.csv,2018,9999,,,74,Челябинская область,56.055508,59.598629,1,46232.3,13666.0,307.7
2309,Октябрьский,75-647-000-000,Октябрьский муниципальный район,муниципальный район,,1,,с Октябрьское,data-20180110-structure-20150128.csv,2018,9999,,,74,Челябинская область,54.410706,62.728809,1,52761.0,18139.0,285.7
2310,Пластовский,75-648-000-000,Пластовский муниципальный район,муниципальный район,,1,,г Пласт,data-20180110-structure-20150128.csv,2018,9999,,,74,Челябинская область,54.369812,60.807091,1,102847.9,24231.0,297.5
2311,Саткинский,75-649-000-000,Саткинский муниципальный район,муниципальный район,,1,,г Сатка,data-20180110-structure-20150128.csv,2018,9999,,,74,Челябинская область,55.040287,59.028034,1,60418.5,74031.0,309.1
2312,Сосновский,75-652-000-000,Сосновский муниципальный район,муниципальный район,,1,,с Долгодеревенское,data-20180110-structure-20150128.csv,2018,9999,,,74,Челябинская область,55.3462664,61.341587,1,78815.5,93044.0,313.1
2314,Увельский,75-655-000-000,Увельский муниципальный район,муниципальный район,,1,,п Увельский,data-20180110-structure-20150128.csv,2018,9999,,,74,Челябинская область,54.441994,61.354397,1,69599.1,30982.0,297.0
2315,Уйский,75-656-000-000,Уйский муниципальный район,муниципальный район,,1,,с Уйское,data-20180110-structure-20150128.csv,2018,9999,,,74,Челябинская область,54.373421,60.005447,1,47728.1,20981.0,297.0
2316,Чебаркульский,75-657-000-000,Чебаркульский муниципальный район,муниципальный район,,3,75-758-000-000,г Чебаркуль,data-20180110-structure-20150128.csv,2018,9999,,,74,Челябинская область,54.977795,60.37009,1,60279.1,28564.0,330.8
2317,Чесменский,75-659-000-000,Чесменский муниципальный район,муниципальный район,,1,,с Чесма,data-20180110-structure-20150128.csv,2018,9999,,,74,Челябинская область,53.8131555,60.6532186,1,53848.6,15114.0,287.6
2318,Ярославль,78-701-000-000,городской округ город Ярославль,городской округ,административный_центр_субъекта,2,78-650-000-000,г Ярославль,data-20180110-structure-20150128.csv,2018,9999,,,76,Ярославская область,57.6263877,39.8933705,1,76713.9,567443.0,417.9
2320,Рыбинск,78-715-000-000,городской округ город Рыбинск,городской округ,,2,78-640-000-000,г Рыбинск,data-20180110-structure-20150128.csv,2018,9999,,,76,Ярославская область,58.050373,38.834637,1,72473.2,171810.0,375.0
2321,Большесельский,78-603-000-000,Большесельский муниципальный район,муниципальный район,,1,,с Большое Село,data-20180110-structure-20150128.csv,2018,9999,,,76,Ярославская область,57.7184728,38.9355599,1,50677.7,9122.0,371.2
2322,Борисоглебский,78-606-000-000,Борисоглебский муниципальный район,муниципальный район,,1,,рп Борисоглебский,data-20180110-structure-20150128.csv,2018,9999,,,76,Ярославская область,57.259,39.15,1,52498.4,11831.0,387.0
2323,Брейтовский,78-609-000-000,Брейтовский муниципальный район,муниципальный район,,1,,с Брейтово,data-20180110-structure-20150128.csv,2018,9999,,,76,Ярославская область,58.3033237,37.8594763,1,45626.1,5332.0,345.2
2324,Гаврилов-Ямский,78-612-000-000,Гаврилов-Ямский муниципальный район,муниципальный район,,1,,г Гаврилов-Ям,data-20180110-structure-20150128.csv,2018,9999,,,76,Ярославская область,57.3032827,39.8537697,1,62073.5,23809.0,384.4
2325,Даниловский,78-615-000-000,Даниловский муниципальный район,муниципальный район,,1,,г Данилов,data-20180110-structure-20150128.csv,2018,9999,,,76,Ярославская область,58.188808,40.175114,1,54092.9,20497.0,361.5
2326,Любимский,78-618-000-000,Любимский муниципальный район,муниципальный район,,1,,г Любим,data-20180110-structure-20150128.csv,2018,9999,,,76,Ярославская область,58.3595618,40.6866038,1,48998.8,9732.0,352.8
2327,Мышкинский,78-621-000-000,Мышкинский муниципальный район,муниципальный район,,1,,г Мышкин,data-20180110-structure-20150128.csv,2018,9999,,,76,Ярославская область,57.784725,38.451595,1,62791.0,9051.0,365.5
2328,Некоузский,78-623-000-000,Некоузский муниципальный район,муниципальный район,,1,,с Новый Некоуз,data-20180110-structure-20150128.csv,2018,9999,,,76,Ярославская область,57.90218,38.0624475,1,58673.1,11435.0,359.9
2329,Некрасовский,78-626-000-000,Некрасовский муниципальный район,муниципальный район,,1,,рп Некрасовское,data-20180110-structure-20150128.csv,2018,9999,,,76,Ярославская область,57.674248,40.372654,1,55614.7,19480.0,373.3
2330,Первомайский,78-629-000-000,Первомайский муниципальный район,муниципальный район,,1,,рп Пречистое,data-20180110-structure-20150128.csv,2018,9999,,,76,Ярославская область,58.4251138,40.3228779,1,50142.8,8362.0,355.4
2332,Пошехонский,78-634-000-000,Пошехонский муниципальный район,муниципальный район,,1,,г Пошехонье,data-20180110-structure-20150128.csv,2018,9999,,,76,Ярославская область,58.503201,39.119701,1,45040.6,10190.0,348.8
2333,Ростовский,78-637-000-000,Ростовский муниципальный район,муниципальный район,,1,,г Ростов,data-20180110-structure-20150128.csv,2018,9999,,,76,Ярославская область,57.2012699,39.42218126099566,1,59404.8,57986.0,393.2
2334,Рыбинский,78-640-000-000,Рыбинский муниципальный район,муниципальный район,,3,78-715-000-000,г Рыбинск,data-20180110-structure-20150128.csv,2018,9999,,,76,Ярославская область,58.050373,38.834637,1,68584.3,26409.0,456.0
2335,Тутаевский,78-643-000-000,Тутаевский муниципальный район,муниципальный район,,1,,г Тутаев,data-20180110-structure-20150128.csv,2018,9999,,,76,Ярославская область,57.875385,39.527214,1,57575.9,52373.0,370.2
2336,Угличский,78-646-000-000,Угличский муниципальный район,муниципальный район,,1,,г Углич,data-20180110-structure-20150128.csv,2018,9999,,,76,Ярославская область,57.52483355,38.30708473150594,1,57746.0,46215.0,378.0
2337,Ярославский,78-650-000-000,Ярославский муниципальный район,муниципальный район,,3,78-701-000-000,г Ярославль,data-20180110-structure-20150128.csv,2018,9999,,,76,Ярославская область,57.6263877,39.8933705,1,77400.4,72442.0,719.7
2338,Биробиджан,99-701-000-000,городской округ город Биробиджан,городской округ,административный_центр_субъекта,1,,г Биробиджан,data-20180110-structure-20150128.csv,2018,9999,,,79,Еврейская автономная область,48.7881668,132.9282082,1,76309.1,67788.0,147.1
2339,Биробиджанский,99-605-000-000,Биробиджанский муниципальный район,муниципальный район,административный_центр_субъекта,1,,г Биробиджан,data-20180110-structure-20150128.csv,2018,9999,,,79,Еврейская автономная область,48.7881668,132.9282082,1,61844.1,9980.0,173.3
2340,Ленинский,99-610-000-000,Ленинский муниципальный район,муниципальный район,,1,,с Ленинское,data-20180110-structure-20150128.csv,2018,9999,,,79,Еврейская автономная область,47.9344425,132.6223808,1,66714.9,15325.0,140.0
2341,Облученский,99-620-000-000,Облученский муниципальный район,муниципальный район,,1,,г Облучье,data-20180110-structure-20150128.csv,2018,9999,,,79,Еврейская автономная область,49.0145149,131.0538038,1,97090.7,23265.0,143.3
2342,Октябрьский,99-625-000-000,Октябрьский муниципальный район,муниципальный район,,1,,с Амурзет,data-20180110-structure-20150128.csv,2018,9999,,,79,Еврейская автономная область,47.6946588,131.0896669,1,56576.3,7462.0,138.1
2343,Смидовичский,99-630-000-000,Смидовичский муниципальный район,муниципальный район,,1,,п Смидович,data-20180110-structure-20150128.csv,2018,9999,,,79,Еврейская автономная область,48.5956701,133.8138369,1,96699.5,21982.0,143.8
2344,Анадырь,77-701-000-000,городской округ Анадырь,городской округ,административный_центр_субъекта,2,77-603-000-000,г Анадырь,data-20180110-structure-20150128.csv,2018,9999,,,87,Чукотский автономный округ,64.7316875,177.5060925,1,199856.1,13412.0,
2345,Эгвекинот,77-715-000-000,городской округ Эгвекинот,городской округ,,1,,пгт Эгвекинот,data-20180110-structure-20150128.csv,2018,9999,,,87,Чукотский автономный округ,66.3227382,-179.120131,1,170752.1,5197.0,
2348,Анадырский,77-603-000-000,Анадырский муниципальный район,муниципальный район,,3,77-701-000-000,г Анадырь,data-20180110-structure-20150128.csv,2018,9999,,,87,Чукотский автономный округ,64.7316875,177.5060925,1,167493.4,8790.0,
2349,Билибинский,77-609-000-000,Билибинский муниципальный район,муниципальный район,,1,,г Билибино,data-20180110-structure-20150128.csv,2018,9999,,,87,Чукотский автономный округ,68.0550305,166.4448515,1,199396.5,7279.0,112.4
2351,Коломна,40-301-000-000,внутригородская территория города федерального значения муниципальный округ Коломна,внутригородская территория города федерального значения,,1,,,data-20180110-structure-20150128.csv,2018,9999,,,78,Санкт-Петербург,,,1,108102.7,,411.8
2352,Сенной,40-302-000-000,внутригородская территория города федерального значения муниципальный округ Сенной округ,внутригородская территория города федерального значения,,1,,,data-20180110-structure-20150128.csv,2018,9999,,,78,Санкт-Петербург,,,1,161058.2,,418.7
2353,Адмиралтейский,40-303-000-000,внутригородская территория города федерального значения муниципальный округ Адмиралтейский округ,внутригородская территория города федерального значения,,1,,,data-20180110-structure-20150128.csv,2018,9999,,,78,Санкт-Петербург,,,1,173598.5,,414.6
2354,Семеновский,40-304-000-000,внутригородская территория города федерального значения муниципальный округ Семеновский,внутригородская территория города федерального значения,,1,,,data-20180110-structure-20150128.csv,2018,9999,,,78,Санкт-Петербург,,,1,121453.5,,417.0
2355,Измайловское,40-305-000-000,внутригородская территория города федерального значения муниципальный округ Измайловское,внутригородская территория города федерального значения,,1,,,data-20180110-structure-20150128.csv,2018,9999,,,78,Санкт-Петербург,,,1,101555.8,,414.9
2356,Екатерингофский,40-306-000-000,внутригородская территория города федерального значения муниципальный округ Екатерингофский,внутригородская территория города федерального значения,,1,,,data-20180110-structure-20150128.csv,2018,9999,,,78,Санкт-Петербург,,,1,125997.2,,410.6
2357,№ 7,40-307-000-000,внутригородская территория города федерального значения муниципальный округ № 7,внутригородская территория города федерального значения,,1,,,data-20180110-structure-20150128.csv,2018,9999,,,78,Санкт-Петербург,,,1,134158.9,,407.6
2358,Васильевский,40-308-000-000,внутригородская территория города федерального значения муниципальный округ Васильевский,внутригородская территория города федерального значения,,1,,,data-20180110-structure-20150128.csv,2018,9999,,,78,Санкт-Петербург,,,1,134399.1,,408.0
2359,Гавань,40-309-000-000,внутригородская территория города федерального значения муниципальный округ Гавань,внутригородская территория города федерального значения,,1,,,data-20180110-structure-20150128.csv,2018,9999,,,78,Санкт-Петербург,,,1,184908.8,,390.3
2360,Морской,40-310-000-000,внутригородская территория города федерального значения муниципальный округ Морской,внутригородская территория города федерального значения,,1,,,data-20180110-structure-20150128.csv,2018,9999,,,78,Санкт-Петербург,,,1,128388.0,,395.7
2361,Остров Декабристов,40-311-000-000,внутригородская территория города федерального значения муниципальный округ Остров Декабристов,внутригородская территория города федерального значения,,1,,,data-20180110-structure-20150128.csv,2018,9999,,,78,Санкт-Петербург,,,1,151689.0,,398.1
2362,Левашово,40-312-000-000,внутригородская территория города федерального значения поселок Левашово,внутригородская территория города федерального значения,,1,,,data-20180110-structure-20150128.csv,2018,9999,,,78,Санкт-Петербург,,,1,125672.2,,367.9
2363,Парголово,40-313-000-000,внутригородская территория города федерального значения поселок Парголово,внутригородская территория города федерального значения,,1,,,data-20180110-structure-20150128.csv,2018,9999,,,78,Санкт-Петербург,,,1,106082.5,,378.5
2364,Сампсониевское,40-314-000-000,внутригородская территория города федерального значения муниципальный округ Сампсониевское,внутригородская территория города федерального значения,,1,,,data-20180110-structure-20150128.csv,2018,9999,,,78,Санкт-Петербург,,,1,134530.3,,414.9
2365,Светлановское,40-315-000-000,внутригородская территория города федерального значения муниципальный округ Светлановское,внутригородская территория города федерального значения,,1,,,data-20180110-structure-20150128.csv,2018,9999,,,78,Санкт-Петербург,,,1,114557.0,,410.4
2366,Сосновское,40-316-000-000,внутригородская территория города федерального значения муниципальный округ Сосновское,внутригородская территория города федерального значения,,1,,,data-20180110-structure-20150128.csv,2018,9999,,,78,Санкт-Петербург,,,1,109650.5,,402.6
2367,№ 15,40-317-000-000,внутригородская территория города федерального значения муниципальный округ № 15,внутригородская территория города федерального значения,,1,,,data-20180110-structure-20150128.csv,2018,9999,,,78,Санкт-Петербург,,,1,105497.0,,396.0
2368,Сергиевское,40-318-000-000,внутригородская территория города федерального значения муниципальный округ Сергиевское,внутригородская территория города федерального значения,,1,,,data-20180110-structure-20150128.csv,2018,9999,,,78,Санкт-Петербург,,,1,135662.9,,389.6
2369,Шувалово-Озерки,40-319-000-000,внутригородская территория города федерального значения муниципальный округ Шувалово-Озерки,внутригородская территория города федерального значения,,1,,,data-20180110-structure-20150128.csv,2018,9999,,,78,Санкт-Петербург,,,1,90022.3,,395.7
2370,Лисий Нос,40-320-000-000,внутригородская территория города федерального значения поселок Лисий Нос,внутригородская территория города федерального значения,,1,,,data-20180110-structure-20150128.csv,2018,9999,,,78,Санкт-Петербург,,,1,116882.1,,363.6
2371,Лахта-Ольгино,40-321-000-000,внутригородская территория города федерального значения муниципальный округ Лахта-Ольгино,внутригородская территория города федерального значения,,1,,,data-20180110-structure-20150128.csv,2018,9999,,,78,Санкт-Петербург,,,1,405587.4,,382.1
2372,№ 65,40-322-000-000,внутригородская территория города федерального значения муниципальный округ № 65,внутригородская территория города федерального значения,,1,,,data-20180110-structure-20150128.csv,2018,9999,,,78,Санкт-Петербург,,,1,127853.4,,388.7
2373,Ланское,40-323-000-000,внутригородская территория города федерального значения муниципальный округ Ланское,внутригородская территория города федерального значения,,1,,,data-20210118-structure-20150128.csv,2020,9999,,,78,Санкт-Петербург,,,1,148160.9,,412.5
2374,Комендантский аэродром,40-324-000-000,внутригородская территория города федерального значения муниципальный округ Комендантский аэродром,внутригородская территория города федерального значения,,1,,,data-20180110-structure-20150128.csv,2018,9999,,,78,Санкт-Петербург,,,1,122732.3,,410.9
2375,Озеро Долгое,40-325-000-000,внутригородская территория города федерального значения муниципальный округ Озеро Долгое,внутригородская территория города федерального значения,,1,,,data-20180110-structure-20150128.csv,2018,9999,,,78,Санкт-Петербург,,,1,111013.4,,405.7
2376,Юнтолово,40-326-000-000,внутригородская территория города федерального значения муниципальный округ Юнтолово,внутригородская территория города федерального значения,,1,,,data-20180110-structure-20150128.csv,2018,9999,,,78,Санкт-Петербург,,,1,131474.9,,394.8
2377,Коломяги,40-327-000-000,внутригородская территория города федерального значения муниципальный округ Коломяги,внутригородская территория города федерального значения,,1,,,data-20180110-structure-20150128.csv,2018,9999,,,78,Санкт-Петербург,,,1,118280.7,,386.8
2378,Гражданка,40-328-000-000,внутригородская территория города федерального значения муниципальный округ Гражданка,внутригородская территория города федерального значения,,1,,,data-20180110-structure-20150128.csv,2018,9999,,,78,Санкт-Петербург,,,1,136485.7,,407.1
2379,Академическое,40-329-000-000,внутригородская территория города федерального значения муниципальный округ Академическое,внутригородская территория города федерального значения,,1,,,data-20180110-structure-20150128.csv,2018,9999,,,78,Санкт-Петербург,,,1,120412.0,,405.9
2380,Финляндский,40-330-000-000,внутригородская территория города федерального значения муниципальный округ Финляндский округ,внутригородская территория города федерального значения,,1,,,data-20180110-structure-20150128.csv,2018,9999,,,78,Санкт-Петербург,,,1,139671.6,,409.7
2381,№ 21,40-331-000-000,внутригородская территория города федерального значения муниципальный округ № 21,внутригородская территория города федерального значения,,1,,,data-20180110-structure-20150128.csv,2018,9999,,,78,Санкт-Петербург,,,1,103820.0,,400.2
2382,Пискаревка,40-332-000-000,внутригородская территория города федерального значения муниципальный округ Пискаревка,внутригородская территория города федерального значения,,1,,,data-20180110-structure-20150128.csv,2018,9999,,,78,Санкт-Петербург,,,1,106376.8,,405.7
2383,Северный,40-333-000-000,внутригородская территория города федерального значения муниципальный округ Северный,внутригородская территория города федерального значения,,1,,,data-20180110-structure-20150128.csv,2018,9999,,,78,Санкт-Петербург,,,1,88848.6,,402.8
2384,Прометей,40-334-000-000,внутригородская территория города федерального значения муниципальный округ Прометей,внутригородская территория города федерального значения,,1,,,data-20180110-structure-20150128.csv,2018,9999,,,78,Санкт-Петербург,,,1,83890.2,,401.2
2385,Княжево,40-335-000-000,внутригородская территория города федерального значения муниципальный округ Княжево,внутригородская территория города федерального значения,,1,,,data-20180110-structure-20150128.csv,2018,9999,,,78,Санкт-Петербург,,,1,131825.9,,406.1
2386,Ульянка,40-336-000-000,внутригородская территория города федерального значения муниципальный округ Ульянка,внутригородская территория города федерального значения,,1,,,data-20180110-structure-20150128.csv,2018,9999,,,78,Санкт-Петербург,,,1,81411.9,,399.3
2387,Дачное,40-337-000-000,внутригородская территория города федерального значения муниципальный округ Дачное,внутригородская территория города федерального значения,,1,,,data-20180110-structure-20150128.csv,2018,9999,,,78,Санкт-Петербург,,,1,79387.8,,403.3
2388,Автово,40-338-000-000,внутригородская территория города федерального значения муниципальный округ Автово,внутригородская территория города федерального значения,,1,,,data-20180110-structure-20150128.csv,2018,9999,,,78,Санкт-Петербург,,,1,132541.9,,404.0
2389,Нарвский,40-339-000-000,внутригородская территория города федерального значения муниципальный округ Нарвский округ,внутригородская территория города федерального значения,,1,,,data-20180110-structure-20150128.csv,2018,9999,,,78,Санкт-Петербург,,,1,117340.4,,407.1
2390,Красненькая речка,40-340-000-000,внутригородская территория города федерального значения муниципальный округ Красненькая речка,внутригородская территория города федерального значения,,1,,,data-20180110-structure-20150128.csv,2018,9999,,,78,Санкт-Петербург,,,1,88191.4,,409.0
2391,Морские ворота,40-341-000-000,внутригородская территория города федерального значения муниципальный округ Морские ворота,внутригородская территория города федерального значения,,1,,,data-20180110-structure-20150128.csv,2018,9999,,,78,Санкт-Петербург,,,1,129501.2,,397.4
2392,Колпино,40-342-000-000,внутригородская территория города федерального значения город Колпино,внутригородская территория города федерального значения,,1,,,data-20180110-structure-20150128.csv,2018,9999,,,78,Санкт-Петербург,,,1,104491.6,,364.3
2393,Металлострой,40-343-000-000,внутригородская территория города федерального значения поселок Металлострой,внутригородская территория города федерального значения,,1,,,data-20180110-structure-20150128.csv,2018,9999,,,78,Санкт-Петербург,,,1,120868.5,,372.6
2395,Понтонный,40-345-000-000,внутригородская территория города федерального значения поселок Понтонный,внутригородская территория города федерального значения,,1,,,data-20180110-structure-20150128.csv,2018,9999,,,78,Санкт-Петербург,,,1,121181.9,,372.4
2398,Полюстрово,40-348-000-000,внутригородская территория города федерального значения муниципальный округ Полюстрово,внутригородская территория города федерального значения,,1,,,data-20180110-structure-20150128.csv,2018,9999,,,78,Санкт-Петербург,,,1,109170.8,,396.2
2399,Большая Охта,40-349-000-000,внутригородская территория города федерального значения муниципальный округ Большая Охта,внутригородская территория города федерального значения,,1,,,data-20180110-structure-20150128.csv,2018,9999,,,78,Санкт-Петербург,,,1,107544.0,,409.9
2400,Малая Охта,40-350-000-000,внутригородская территория города федерального значения муниципальный округ Малая Охта,внутригородская территория города федерального значения,,1,,,data-20180110-structure-20150128.csv,2018,9999,,,78,Санкт-Петербург,,,1,149041.5,,412.8
2401,Пороховые,40-351-000-000,внутригородская территория города федерального значения муниципальный округ Пороховые,внутригородская территория города федерального значения,,1,,,data-20180110-structure-20150128.csv,2018,9999,,,78,Санкт-Петербург,,,1,99455.2,,401.9
2402,Ржевка,40-352-000-000,внутригородская территория города федерального значения муниципальный округ Ржевка,внутригородская территория города федерального значения,,1,,,data-20180110-structure-20150128.csv,2018,9999,,,78,Санкт-Петербург,,,1,112774.9,,396.7
2403,Красное Село,40-353-000-000,внутригородская территория города федерального значения город Красное Село,внутригородская территория города федерального значения,,1,,,data-20180110-structure-20150128.csv,2018,9999,,,78,Санкт-Петербург,,,1,99429.6,,365.8
2404,Юго-Запад,40-354-000-000,внутригородская территория города федерального значения муниципальный округ Юго-Запад,внутригородская территория города федерального значения,,1,,,data-20180110-structure-20150128.csv,2018,9999,,,78,Санкт-Петербург,,,1,83016.2,,403.1
2405,Южно-Приморский,40-355-000-000,внутригородская территория города федерального значения муниципальный округ Южно-Приморский,внутригородская территория города федерального значения,,1,,,data-20180110-structure-20150128.csv,2018,9999,,,78,Санкт-Петербург,,,1,95978.1,,390.1
2406,Сосновая поляна,40-356-000-000,внутригородская территория города федерального значения муниципальный округ Сосновая поляна,внутригородская территория города федерального значения,,1,,,data-20180110-structure-20150128.csv,2018,9999,,,78,Санкт-Петербург,,,1,93823.1,,386.5
2407,Урицк,40-357-000-000,внутригородская территория города федерального значения муниципальный округ Урицк,внутригородская территория города федерального значения,,1,,,data-20180110-structure-20150128.csv,2018,9999,,,78,Санкт-Петербург,,,1,96371.5,,395.7
2408,Константиновское,40-358-000-000,внутригородская территория города федерального значения муниципальный округ Константиновское,внутригородская территория города федерального значения,,1,,,data-20180110-structure-20150128.csv,2018,9999,,,78,Санкт-Петербург,,,1,79940.4,,387.0
2409,Горелово,40-359-000-000,внутригородская территория города федерального значения муниципальный округ Горелово,внутригородская территория города федерального значения,,1,,,data-20180110-structure-20150128.csv,2018,9999,,,78,Санкт-Петербург,,,1,97190.5,,377.8
2410,Кронштадт,40-360-000-000,внутригородская территория города федерального значения город Кронштадт,внутригородская территория города федерального значения,,1,,,data-20180110-structure-20150128.csv,2018,9999,,,78,Санкт-Петербург,,,1,80937.2,,338.8
2411,Зеленогорск,40-361-000-000,внутригородская территория города федерального значения город Зеленогорск,внутригородская территория города федерального значения,,1,,,data-20180110-structure-20150128.csv,2018,9999,,,78,Санкт-Петербург,,,1,83433.5,,333.4
2412,Сестрорецк,40-362-000-000,внутригородская территория города федерального значения город Сестрорецк,внутригородская территория города федерального значения,,1,,,data-20180110-structure-20150128.csv,2018,9999,,,78,Санкт-Петербург,,,1,109561.6,,349.5
2416,Песочный,40-366-000-000,внутригородская территория города федерального значения поселок Песочный,внутригородская территория города федерального значения,,1,,,data-20180110-structure-20150128.csv,2018,9999,,,78,Санкт-Петербург,,,1,145968.3,,362.5
2422,Ломоносов,40-372-000-000,внутригородская территория города федерального значения город Ломоносов,внутригородская территория города федерального значения,,2,41-630-000-000,,data-20180110-structure-20150128.csv,2018,9999,,,78,Санкт-Петербург,,,1,92014.9,,352.8
2423,Московская застава,40-373-000-000,внутригородская территория города федерального значения муниципальный округ Московская застава,внутригородская территория города федерального значения,,1,,,data-20180110-structure-20150128.csv,2018,9999,,,78,Санкт-Петербург,,,1,162233.1,,410.6
2424,Гагаринское,40-374-000-000,внутригородская территория города федерального значения муниципальный округ Гагаринское,внутригородская территория города федерального значения,,1,,,data-20180110-structure-20150128.csv,2018,9999,,,78,Санкт-Петербург,,,1,110892.9,,409.0
2425,Новоизмайловское,40-375-000-000,внутригородская территория города федерального значения муниципальный округ Новоизмайловское,внутригородская территория города федерального значения,,1,,,data-20180110-structure-20150128.csv,2018,9999,,,78,Санкт-Петербург,,,1,131139.0,,409.2
2426,Пулковский меридиан,40-376-000-000,внутригородская территория города федерального значения муниципальный округ Пулковский меридиан,внутригородская территория города федерального значения,,1,,,data-20180110-structure-20150128.csv,2018,9999,,,78,Санкт-Петербург,,,1,146876.2,,380.2
2427,Звездное,40-377-000-000,внутригородская территория города федерального значения муниципальный округ Звездное,внутригородская территория города федерального значения,,1,,,data-20180110-structure-20150128.csv,2018,9999,,,78,Санкт-Петербург,,,1,140023.1,,403.3
2428,Невская застава,40-378-000-000,внутригородская территория города федерального значения муниципальный округ Невская застава,внутригородская территория города федерального значения,,1,,,data-20180110-structure-20150128.csv,2018,9999,,,78,Санкт-Петербург,,,1,111001.4,,408.3
2429,Ивановский,40-379-000-000,внутригородская территория города федерального значения муниципальный округ Ивановский,внутригородская территория города федерального значения,,1,,,data-20180110-structure-20150128.csv,2018,9999,,,78,Санкт-Петербург,,,1,94443.0,,410.4
2430,Обуховский,40-380-000-000,внутригородская территория города федерального значения муниципальный округ Обуховский,внутригородская территория города федерального значения,,1,,,data-20180110-structure-20150128.csv,2018,9999,,,78,Санкт-Петербург,,,1,106569.0,,402.4
2431,Рыбацкое,40-381-000-000,внутригородская территория города федерального значения муниципальный округ Рыбацкое,внутригородская территория города федерального значения,,1,,,data-20180110-structure-20150128.csv,2018,9999,,,78,Санкт-Петербург,,,1,122881.2,,388.7
2432,Народный,40-382-000-000,внутригородская территория города федерального значения муниципальный округ Народный,внутригородская территория города федерального значения,,1,,,data-20180110-structure-20150128.csv,2018,9999,,,78,Санкт-Петербург,,,1,110914.1,,399.1
2433,№ 54,40-383-000-000,внутригородская территория города федерального значения муниципальный округ № 54,внутригородская территория города федерального значения,,1,,,data-20180110-structure-20150128.csv,2018,9999,,,78,Санкт-Петербург,,,1,85933.2,,403.8
2434,Невский,40-384-000-000,внутригородская территория города федерального значения муниципальный округ Невский округ,внутригородская территория города федерального значения,,1,,,data-20180110-structure-20150128.csv,2018,9999,,,78,Санкт-Петербург,,,1,99233.6,,406.8
2435,Оккервиль,40-385-000-000,внутригородская территория города федерального значения муниципальный округ Оккервиль,внутригородская территория города федерального значения,,1,,,data-20180110-structure-20150128.csv,2018,9999,,,78,Санкт-Петербург,,,1,91327.1,,402.4
2436,Правобережный,40-386-000-000,внутригородская территория города федерального значения муниципальный округ Правобережный,внутригородская территория города федерального значения,,1,,,data-20180110-structure-20150128.csv,2018,9999,,,78,Санкт-Петербург,,,1,131801.7,,401.9
2437,Павловск,40-387-000-000,внутригородская территория города федерального значения город Павловск,внутригородская территория города федерального значения,,1,,,data-20180110-structure-20150128.csv,2018,9999,,,78,Санкт-Петербург,,,1,86920.1,,365.5
2439,Введенский,40-389-000-000,внутригородская территория города федерального значения муниципальный округ Введенский,внутригородская территория города федерального значения,,1,,,data-20180110-structure-20150128.csv,2018,9999,,,78,Санкт-Петербург,,,1,157832.9,,415.6
2440,Кронверкское,40-390-000-000,внутригородская территория города федерального значения муниципальный округ Кронверкское,внутригородская территория города федерального значения,,1,,,data-20180110-structure-20150128.csv,2018,9999,,,78,Санкт-Петербург,,,1,157393.5,,416.5
2441,Посадский,40-391-000-000,внутригородская территория города федерального значения муниципальный округ Посадский,внутригородская территория города федерального значения,,1,,,data-20180110-structure-20150128.csv,2018,9999,,,78,Санкт-Петербург,,,1,128583.0,,416.8
2442,Аптекарский остров,40-392-000-000,внутригородская территория города федерального значения муниципальный округ Аптекарский остров,внутригородская территория города федерального значения,,1,,,data-20180110-structure-20150128.csv,2018,9999,,,78,Санкт-Петербург,,,1,153575.1,,414.4
2443,Петровский,40-393-000-000,внутригородская территория города федерального значения муниципальный округ округ Петровский,внутригородская территория города федерального значения,,1,,,data-20180110-structure-20150128.csv,2018,9999,,,78,Санкт-Петербург,,,1,107416.3,,405.2
2444,Чкаловское,40-394-000-000,внутригородская территория города федерального значения муниципальный округ Чкаловское,внутригородская территория города федерального значения,,1,,,data-20180110-structure-20150128.csv,2018,9999,,,78,Санкт-Петербург,,,1,189818.6,,404.3
2445,Петергоф,40-395-000-000,внутригородская территория города федерального значения город Петергоф,внутригородская территория города федерального значения,,1,,,data-20180110-structure-20150128.csv,2018,9999,,,78,Санкт-Петербург,,,1,99081.5,,358.7
2446,Стрельна,40-396-000-000,внутригородская территория города федерального значения поселок Стрельна,внутригородская территория города федерального значения,,1,,,data-20180110-structure-20150128.csv,2018,9999,,,78,Санкт-Петербург,,,1,203097.6,,370.7
2447,Пушкин,40-397-000-000,внутригородская территория города федерального значения город Пушкин,внутригородская территория города федерального значения,,1,,,data-20180110-structure-20150128.csv,2018,9999,,,78,Санкт-Петербург,,,1,96984.5,,370.5
2449,Шушары,40-901-000-000,внутригородская территория города федерального значения поселок Шушары,внутригородская территория города федерального значения,,1,,,data-20180110-structure-20150128.csv,2018,9999,,,78,Санкт-Петербург,,,1,113087.1,,390.3
2450,Волковское,40-902-000-000,внутригородская территория города федерального значения муниципальный округ Волковское,внутригородская территория города федерального значения,,1,,,data-20180110-structure-20150128.csv,2018,9999,,,78,Санкт-Петербург,,,1,111006.0,,408.5
2451,№ 72,40-903-000-000,внутригородская территория города федерального значения муниципальный округ № 72,внутригородская территория города федерального значения,,1,,,data-20180110-structure-20150128.csv,2018,9999,,,78,Санкт-Петербург,,,1,95415.1,,407.6
2452,Купчино,40-904-000-000,внутригородская территория города федерального значения муниципальный округ Купчино,внутригородская территория города федерального значения,,1,,,data-20180110-structure-20150128.csv,2018,9999,,,78,Санкт-Петербург,,,1,96447.9,,409.4
2453,Георгиевский,40-905-000-000,внутригородская территория города федерального значения муниципальный округ Георгиевский,внутригородская территория города федерального значения,,1,,,data-20180110-structure-20150128.csv,2018,9999,,,78,Санкт-Петербург,,,1,95187.5,,406.8
2454,№ 75,40-906-000-000,внутригородская территория города федерального значения муниципальный округ № 75,внутригородская территория города федерального значения,,1,,,data-20180110-structure-20150128.csv,2018,9999,,,78,Санкт-Петербург,,,1,103672.1,,402.8
2455,Балканский,40-907-000-000,внутригородская территория города федерального значения муниципальный округ Балканский,внутригородская территория города федерального значения,,1,,,data-20180110-structure-20150128.csv,2018,9999,,,78,Санкт-Петербург,,,1,109575.5,,398.6
2456,Дворцовый,40-908-000-000,внутригородская территория города федерального значения муниципальный округ Дворцовый округ,внутригородская территория города федерального значения,,1,,,data-20180110-structure-20150128.csv,2018,9999,,,78,Санкт-Петербург,,,1,155058.8,,419.1
2457,№ 78,40-909-000-000,внутригородская территория города федерального значения муниципальный округ № 78,внутригородская территория города федерального значения,,1,,,data-20180110-structure-20150128.csv,2018,9999,,,78,Санкт-Петербург,,,1,126106.3,,421.7
2458,Литейный,40-910-000-000,внутригородская территория города федерального значения муниципальный округ Литейный округ,внутригородская территория города федерального значения,,1,,,data-20180110-structure-20150128.csv,2018,9999,,,78,Санкт-Петербург,,,1,132047.4,,418.9
2459,Смольнинское,40-911-000-000,внутригородская территория города федерального значения муниципальный округ Смольнинское,внутригородская территория города федерального значения,,1,,,data-20180110-structure-20150128.csv,2018,9999,,,78,Санкт-Петербург,,,1,144892.4,,413.7
2460,Лиговка-Ямская,40-912-000-000,внутригородская территория города федерального значения муниципальный округ Лиговка-Ямская,внутригородская территория города федерального значения,,1,,,data-20180110-structure-20150128.csv,2018,9999,,,78,Санкт-Петербург,,,1,114002.5,,417.0
2461,Владимирский,40-913-000-000,внутригородская территория города федерального значения муниципальный округ Владимирский округ,внутригородская территория города федерального значения,,1,,,data-20180110-structure-20150128.csv,2018,9999,,,78,Санкт-Петербург,,,1,162042.2,,417.9
2462,Богородское,45-301-000-000,внутригородская территория города федерального значения муниципальный округ Богородское,внутригородская территория города федерального значения,,1,,,data-20180110-structure-20150128.csv,2018,9999,,,77,Москва,,,1,150817.4,107571.0,624.3
2463,Вешняки,45-302-000-000,внутригородская территория города федерального значения муниципальный округ Вешняки,внутригородская территория города федерального значения,,1,,,data-20180110-structure-20150128.csv,2018,9999,,,77,Москва,,,1,123692.0,119585.0,630.9
2464,Восточное Измайлово,45-303-000-000,внутригородская территория города федерального значения муниципальный округ Восточное Измайлово,внутригородская территория города федерального значения,,1,,,data-20180110-structure-20150128.csv,2018,9999,,,77,Москва,,,1,139913.0,73857.0,615.6
2465,Восточный,45-304-000-000,внутригородская территория города федерального значения муниципальный округ Восточный,внутригородская территория города федерального значения,,1,,,data-20180110-structure-20150128.csv,2018,9999,,,77,Москва,,,1,96567.2,12454.0,587.7
2466,Гольяново,45-305-000-000,внутригородская территория города федерального значения муниципальный округ Гольяново,внутригородская территория города федерального значения,,1,,,data-20180110-structure-20150128.csv,2018,9999,,,77,Москва,,,1,132274.9,164715.0,600.5
2467,Ивановское,45-306-000-000,внутригородская территория города федерального значения муниципальный округ Ивановское,внутригородская территория города федерального значения,,1,,,data-20180110-structure-20150128.csv,2018,9999,,,77,Москва,,,1,108689.0,125062.0,623.4
2468,Измайлово,45-307-000-000,внутригородская территория города федерального значения муниципальный округ Измайлово,внутригородская территория города федерального значения,,1,,,data-20180110-structure-20150128.csv,2018,9999,,,77,Москва,,,1,125617.2,108666.0,626.9
2469,Косино-Ухтомский,45-308-000-000,внутригородская территория города федерального значения муниципальный округ Косино-Ухтомский,внутригородская территория города федерального значения,,1,,,data-20180110-structure-20150128.csv,2018,9999,,,77,Москва,,,1,119476.7,89438.0,598.6
2470,Новогиреево,45-309-000-000,внутригородская территория города федерального значения муниципальный округ Новогиреево,внутригородская территория города федерального значения,,1,,,data-20180110-structure-20150128.csv,2018,9999,,,77,Москва,,,1,139017.1,99348.0,626.4
2471,Новокосино,45-310-000-000,внутригородская территория города федерального значения муниципальный округ Новокосино,внутригородская территория города федерального значения,,1,,,data-20180110-structure-20150128.csv,2018,9999,,,77,Москва,,,1,115822.7,107461.0,604.5
2472,Метро,45-311-000-000,внутригородская территория города федерального значения муниципальный округ Метрогородок,внутригородская территория города федерального значения,,1,,,data-20180110-structure-20150128.csv,2018,9999,,,77,Москва,,,1,115041.8,40122.0,612.5
2473,Перово,45-312-000-000,внутригородская территория города федерального значения муниципальный округ Перово,внутригородская территория города федерального значения,,1,,,data-20180110-structure-20150128.csv,2018,9999,,,77,Москва,,,1,133502.6,134308.0,633.8
2474,Северное Измайлово,45-313-000-000,внутригородская территория города федерального значения муниципальный округ Северное Измайлово,внутригородская территория города федерального значения,,1,,,data-20180110-structure-20150128.csv,2018,9999,,,77,Москва,,,1,106671.0,84957.0,615.1
2475,Соколиная гора,45-314-000-000,внутригородская территория города федерального значения муниципальный округ Соколиная гора,внутригородская территория города федерального значения,,1,,,data-20180110-structure-20150128.csv,2018,9999,,,77,Москва,,,1,162116.6,92805.0,637.5
2476,Сокольники,45-315-000-000,внутригородская территория города федерального значения муниципальный округ Сокольники,внутригородская территория города федерального значения,,1,,,data-20180110-structure-20150128.csv,2018,9999,,,77,Москва,,,1,180898.4,60396.0,636.4
2477,Преображенское,45-316-000-000,внутригородская территория города федерального значения муниципальный округ Преображенское,внутригородская территория города федерального значения,,1,,,data-20180110-structure-20150128.csv,2018,9999,,,77,Москва,,,1,197587.9,87933.0,633.8
2478,Внуково,45-317-000-000,внутригородская территория города федерального значения муниципальный округ Внуково,внутригородская территория города федерального значения,,1,,,data-20180110-structure-20150128.csv,2018,9999,,,77,Москва,,,1,158742.3,25182.0,557.3
2479,Дорогомилово,45-318-000-000,внутригородская территория города федерального значения муниципальный округ Дорогомилово,внутригородская территория города федерального значения,,1,,,data-20180110-structure-20150128.csv,2018,9999,,,77,Москва,,,1,183835.8,75669.0,641.1
2480,Крылатское,45-319-000-000,внутригородская территория города федерального значения муниципальный округ Крылатское,внутригородская территория города федерального значения,,1,,,data-20180110-structure-20150128.csv,2018,9999,,,77,Москва,,,1,251108.1,82363.0,608.7
2481,Кунцево,45-320-000-000,внутригородская территория города федерального значения муниципальный округ Кунцево,внутригородская территория города федерального значения,,1,,,data-20180110-structure-20150128.csv,2018,9999,,,77,Москва,,,1,153258.6,151447.0,604.7
2482,Можайский,45-321-000-000,внутригородская территория города федерального значения муниципальный округ Можайский,внутригородская территория города федерального значения,,1,,,data-20180110-structure-20150128.csv,2018,9999,,,77,Москва,,,1,219334.6,145961.0,613.5
2483,Ново-Переделкино,45-322-000-000,внутригородская территория города федерального значения муниципальный округ Ново-Переделкино,внутригородская территория города федерального значения,,1,,,data-20180110-structure-20150128.csv,2018,9999,,,77,Москва,,,1,121277.8,122058.0,578.7
2484,Очаково-Матвеевское,45-323-000-000,внутригородская территория города федерального значения муниципальный округ Очаково-Матвеевское,внутригородская территория города федерального значения,,1,,,data-20180110-structure-20150128.csv,2018,9999,,,77,Москва,,,1,143973.4,126535.0,611.8
2485,Проспект Вернадского,45-324-000-000,внутригородская территория города федерального значения муниципальный округ Проспект Вернадского,внутригородская территория города федерального значения,,1,,,data-20180110-structure-20150128.csv,2018,9999,,,77,Москва,,,1,317345.3,65316.0,633.1
2486,Раменки,45-325-000-000,внутригородская территория города федерального значения муниципальный округ Раменки,внутригородская территория города федерального значения,,1,,,data-20180110-structure-20150128.csv,2018,9999,,,77,Москва,,,1,162475.6,151931.0,634.7
2487,Солнцево,45-326-000-000,внутригородская территория города федерального значения муниципальный округ Солнцево,внутригородская территория города федерального значения,,1,,,data-20180110-structure-20150128.csv,2018,9999,,,77,Москва,,,1,121441.6,126309.0,592.2
2488,Тропарево-Никулино,45-327-000-000,внутригородская территория города федерального значения муниципальный округ Тропарево-Никулино,внутригородская территория города федерального значения,,1,,,data-20180110-structure-20150128.csv,2018,9999,,,77,Москва,,,1,179236.2,128029.0,617.7
2489,Филевский парк,45-328-000-000,внутригородская территория города федерального значения муниципальный округ Филевский парк,внутригородская территория города федерального значения,,1,,,data-20180110-structure-20150128.csv,2018,9999,,,77,Москва,,,1,163078.2,112388.0,626.4
2490,Фили-Давыдково,45-329-000-000,внутригородская территория города федерального значения муниципальный округ Фили-Давыдково,внутригородская территория города федерального значения,,1,,,data-20180110-structure-20150128.csv,2018,9999,,,77,Москва,,,1,163829.5,111926.0,625.3
2491,Крюково,45-330-000-000,внутригородская территория города федерального значения муниципальный округ Крюково,внутригородская территория города федерального значения,,1,,,data-20180110-structure-20150128.csv,2018,9999,,,77,Москва,,,1,108061.4,110660.0,510.5
2492,Матушкино,45-331-000-000,внутригородская территория города федерального значения муниципальный округ Матушкино,внутригородская территория города федерального значения,,1,,,data-20180110-structure-20150128.csv,2018,9999,,,77,Москва,,,1,146480.9,43049.0,515.9
2493,Силино,45-332-000-000,внутригородская территория города федерального значения муниципальный округ Силино,внутригородская территория города федерального значения,,1,,,data-20180110-structure-20150128.csv,2018,9999,,,77,Москва,,,1,161249.9,42047.0,508.9
2494,Аэропорт,45-333-000-000,внутригородская территория города федерального значения муниципальный округ Аэропорт,внутригородская территория города федерального значения,,1,,,data-20180110-structure-20150128.csv,2018,9999,,,77,Москва,,,1,241012.2,81833.0,639.2
2495,Беговой,45-334-000-000,внутригородская территория города федерального значения муниципальный округ Беговой,внутригородская территория города федерального значения,,1,,,data-20180110-structure-20150128.csv,2018,9999,,,77,Москва,,,1,192207.0,43190.0,651.0
2496,Бескудниковский,45-335-000-000,внутригородская территория города федерального значения муниципальный округ Бескудниковский,внутригородская территория города федерального значения,,1,,,data-20180110-structure-20150128.csv,2018,9999,,,77,Москва,,,1,159783.3,79896.0,621.5
2497,Войковский,45-336-000-000,внутригородская территория города федерального значения муниципальный округ Войковский,внутригородская территория города федерального значения,,1,,,data-20180110-structure-20150128.csv,2018,9999,,,77,Москва,,,1,218129.8,72173.0,621.3
2498,Восточное Дегунино,45-337-000-000,внутригородская территория города федерального значения муниципальный округ Восточное Дегунино,внутригородская территория города федерального значения,,1,,,data-20180110-structure-20150128.csv,2018,9999,,,77,Москва,,,1,124829.0,101167.0,607.1
2499,Головинский,45-338-000-000,внутригородская территория города федерального значения муниципальный округ Головинский,внутригородская территория города федерального значения,,1,,,data-20180110-structure-20150128.csv,2018,9999,,,77,Москва,,,1,151028.1,106612.0,619.4
2500,Дмитровский,45-339-000-000,внутригородская территория города федерального значения муниципальный округ Дмитровский,внутригородская территория города федерального значения,,1,,,data-20180110-structure-20150128.csv,2018,9999,,,77,Москва,,,1,129755.4,103496.0,603.1
2501,Западное Дегунино,45-340-000-000,внутригородская территория города федерального значения муниципальный округ Западное Дегунино,внутригородская территория города федерального значения,,1,,,data-20180110-structure-20150128.csv,2018,9999,,,77,Москва,,,1,118175.0,84743.0,614.6
2502,Коптево,45-341-000-000,внутригородская территория города федерального значения муниципальный округ Коптево,внутригородская территория города федерального значения,,1,,,data-20180110-structure-20150128.csv,2018,9999,,,77,Москва,,,1,190203.9,103676.0,622.4
2503,Левобережный,45-342-000-000,внутригородская территория города федерального значения муниципальный округ Левобережный,внутригородская территория города федерального значения,,1,,,data-20180110-structure-20150128.csv,2018,9999,,,77,Москва,,,1,137148.0,55420.0,609.0
2504,Молжаниновский,45-343-000-000,внутригородская территория города федерального значения муниципальный округ Молжаниновский,внутригородская территория города федерального значения,,1,,,data-20180110-structure-20150128.csv,2018,9999,,,77,Москва,,,1,140431.6,13337.0,558.9
2505,Савеловский,45-344-000-000,внутригородская территория города федерального значения муниципальный округ Савеловский,внутригородская территория города федерального значения,,1,,,data-20180110-structure-20150128.csv,2018,9999,,,77,Москва,,,1,215132.7,60149.0,644.9
2506,Сокол,45-345-000-000,внутригородская территория города федерального значения муниципальный округ Сокол,внутригородская территория города федерального значения,,1,,,data-20180110-structure-20150128.csv,2018,9999,,,77,Москва,,,1,142955.5,57677.0,633.8
2507,Тимирязевский,45-346-000-000,внутригородская территория города федерального значения муниципальный округ Тимирязевский,внутригородская территория города федерального значения,,1,,,data-20180110-structure-20150128.csv,2018,9999,,,77,Москва,,,1,216063.6,82774.0,629.3
2508,Ховрино,45-347-000-000,внутригородская территория города федерального значения муниципальный округ Ховрино,внутригородская территория города федерального значения,,1,,,data-20180110-structure-20150128.csv,2018,9999,,,77,Москва,,,1,106351.2,96233.0,610.4
2509,Хорошевский,45-348-000-000,внутригородская территория города федерального значения муниципальный округ Хорошевский,внутригородская территория города федерального значения,,1,,,data-20180110-structure-20150128.csv,2018,9999,,,77,Москва,,,1,183231.2,75533.0,631.9
2510,Алексеевский,45-349-000-000,внутригородская территория города федерального значения муниципальный округ Алексеевский,внутригородская территория города федерального значения,,1,,,data-20180110-structure-20150128.csv,2018,9999,,,77,Москва,,,1,150849.0,77681.0,635.4
2511,Алтуфьевский,45-350-000-000,внутригородская территория города федерального значения муниципальный округ Алтуфьевский,внутригородская территория города федерального значения,,1,,,data-20180110-structure-20150128.csv,2018,9999,,,77,Москва,,,1,129178.4,55741.0,618.2
2512,Бабушкинский,45-351-000-000,внутригородская территория города федерального значения муниципальный округ Бабушкинский,внутригородская территория города федерального значения,,1,,,data-20180110-structure-20150128.csv,2018,9999,,,77,Москва,,,1,130245.0,88627.0,618.4
2513,Бибирево,45-352-000-000,внутригородская территория города федерального значения муниципальный округ Бибирево,внутригородская территория города федерального значения,,1,,,data-20180110-structure-20150128.csv,2018,9999,,,77,Москва,,,1,100618.5,158797.0,600.5
2514,Бутырский,45-353-000-000,внутригородская территория города федерального значения муниципальный округ Бутырский,внутригородская территория города федерального значения,,1,,,data-20180110-structure-20150128.csv,2018,9999,,,77,Москва,,,1,205249.2,71703.0,637.1
2515,Лианозово,45-354-000-000,внутригородская территория города федерального значения муниципальный округ Лианозово,внутригородская территория города федерального значения,,1,,,data-20180110-structure-20150128.csv,2018,9999,,,77,Москва,,,1,133442.7,84105.0,600.9
2516,Лосиноостровский,45-355-000-000,внутригородская территория города федерального значения муниципальный округ Лосиноостровский,внутригородская территория города федерального значения,,1,,,data-20180110-structure-20150128.csv,2018,9999,,,77,Москва,,,1,115734.3,83136.0,605.9
2517,Марфино,45-356-000-000,внутригородская территория города федерального значения муниципальный округ Марфино,внутригородская территория города федерального значения,,1,,,data-20180110-structure-20150128.csv,2018,9999,,,77,Москва,,,1,140528.6,36742.0,630.5
2518,Марьина роща,45-357-000-000,внутригородская территория города федерального значения муниципальный округ Марьина роща,внутригородская территория города федерального значения,,1,,,data-20180110-structure-20150128.csv,2018,9999,,,77,Москва,,,1,184505.8,62191.0,649.1
2519,Останкинский,45-358-000-000,внутригородская территория города федерального значения муниципальный округ Останкинский,внутригородская территория города федерального значения,,1,,,data-20180110-structure-20150128.csv,2018,9999,,,77,Москва,,,1,167222.6,64840.0,635.7
2520,Отрадное,45-359-000-000,внутригородская территория города федерального значения муниципальный округ Отрадное,внутригородская территория города федерального значения,,1,,,data-20180110-structure-20150128.csv,2018,9999,,,77,Москва,,,1,131674.3,187737.0,620.5
2521,Ростокино,45-360-000-000,внутригородская территория города федерального значения муниципальный округ Ростокино,внутригородская территория города федерального значения,,1,,,data-20180110-structure-20150128.csv,2018,9999,,,77,Москва,,,1,152010.4,52115.0,631.2
2522,Свиблово,45-361-000-000,внутригородская территория города федерального значения муниципальный округ Свиблово,внутригородская территория города федерального значения,,1,,,data-20180110-structure-20150128.csv,2018,9999,,,77,Москва,,,1,139610.7,60013.0,628.8
2523,Северное Медведково,45-362-000-000,внутригородская территория города федерального значения муниципальный округ Северное Медведково,внутригородская территория города федерального значения,,1,,,data-20180110-structure-20150128.csv,2018,9999,,,77,Москва,,,1,121827.0,129632.0,606.8
2524,Северный,45-363-000-000,внутригородская территория города федерального значения муниципальный округ Северный,внутригородская территория города федерального значения,,1,,,data-20180110-structure-20150128.csv,2018,9999,,,77,Москва,,,1,120516.1,55740.0,580.2
2525,Южное Медведково,45-364-000-000,внутригородская территория города федерального значения муниципальный округ Южное Медведково,внутригородская территория города федерального значения,,1,,,data-20180110-structure-20150128.csv,2018,9999,,,77,Москва,,,1,115802.8,88150.0,619.8
2526,Ярославский,45-365-000-000,внутригородская территория города федерального значения муниципальный округ Ярославский,внутригородская территория города федерального значения,,1,,,data-20180110-structure-20150128.csv,2018,9999,,,77,Москва,,,1,133247.7,98861.0,611.8
2527,Куркино,45-366-000-000,внутригородская территория города федерального значения муниципальный округ Куркино,внутригородская территория города федерального значения,,1,,,data-20180110-structure-20150128.csv,2018,9999,,,77,Москва,,,1,125392.2,33298.0,576.9
2528,Митино,45-367-000-000,внутригородская территория города федерального значения муниципальный округ Митино,внутригородская территория города федерального значения,,1,,,data-20180110-structure-20150128.csv,2018,9999,,,77,Москва,,,1,122877.5,198194.0,586.1
2529,Покровское-Стрешнево,45-368-000-000,внутригородская территория города федерального значения муниципальный округ Покровское-Стрешнево,внутригородская территория города федерального значения,,1,,,data-20180110-structure-20150128.csv,2018,9999,,,77,Москва,,,1,175675.7,67364.0,609.9
2530,Северное Тушино,45-369-000-000,внутригородская территория города федерального значения муниципальный округ Северное Тушино,внутригородская территория города федерального значения,,1,,,data-20180110-structure-20150128.csv,2018,9999,,,77,Москва,,,1,127789.4,172055.0,589.1
2531,Строгино,45-370-000-000,внутригородская территория города федерального значения муниципальный округ Строгино,внутригородская территория города федерального значения,,1,,,data-20180110-structure-20150128.csv,2018,9999,,,77,Москва,,,1,137223.0,163074.0,592.4
2532,Хорошево-Мневники,45-371-000-000,внутригородская территория города федерального значения муниципальный округ Хорошево-Мневники,внутригородская территория города федерального значения,,1,,,data-20180110-structure-20150128.csv,2018,9999,,,77,Москва,,,1,144182.2,182497.0,625.0
2533,Щукино,45-372-000-000,внутригородская территория города федерального значения муниципальный округ Щукино,внутригородская территория города федерального значения,,1,,,data-20180110-structure-20150128.csv,2018,9999,,,77,Москва,,,1,166965.1,110486.0,617.0
2534,Южное Тушино,45-373-000-000,внутригородская территория города федерального значения муниципальный округ Южное Тушино,внутригородская территория города федерального значения,,1,,,data-20180110-structure-20150128.csv,2018,9999,,,77,Москва,,,1,153504.9,112628.0,597.9
2535,Арбат,45-374-000-000,внутригородская территория города федерального значения муниципальный округ Арбат,внутригородская территория города федерального значения,,1,,,data-20180110-structure-20150128.csv,2018,9999,,,77,Москва,,,1,247231.3,36246.0,657.6
2536,Басманный,45-375-000-000,внутригородская территория города федерального значения муниципальный округ Басманный,внутригородская территория города федерального значения,,1,,,data-20180110-structure-20150128.csv,2018,9999,,,77,Москва,,,1,187752.5,111289.0,653.1
2537,Замоскворечье,45-376-000-000,внутригородская территория города федерального значения муниципальный округ Замоскворечье,внутригородская территория города федерального значения,,1,,,data-20180110-structure-20150128.csv,2018,9999,,,77,Москва,,,1,224018.5,55293.0,656.4
2538,Савелки,45-377-000-000,внутригородская территория города федерального значения муниципальное образование Савелки,внутригородская территория города федерального значения,,1,,,data-20180110-structure-20150128.csv,2018,9999,,,77,Москва,,,1,138589.8,36947.0,519.5
2539,Красносельский,45-378-000-000,внутригородская территория города федерального значения муниципальный округ Красносельский,внутригородская территория города федерального значения,,1,,,data-20180110-structure-20150128.csv,2018,9999,,,77,Москва,,,1,,45851.0,656.2
2540,Мещанский,45-379-000-000,внутригородская территория города федерального значения муниципальный округ Мещанский,внутригородская территория города федерального значения,,1,,,data-20180110-structure-20150128.csv,2018,9999,,,77,Москва,,,1,191847.6,55635.0,657.1
2541,Пресненский,45-380-000-000,внутригородская территория города федерального значения муниципальный округ Пресненский,внутригородская территория города федерального значения,,1,,,data-20180110-structure-20150128.csv,2018,9999,,,77,Москва,,,1,257910.1,127506.0,645.1
2542,Таганский,45-381-000-000,внутригородская территория города федерального значения муниципальный округ Таганский,внутригородская территория города федерального значения,,1,,,data-20180110-structure-20150128.csv,2018,9999,,,77,Москва,,,1,207264.0,134759.0,652.9
2543,Тверской,45-382-000-000,внутригородская территория города федерального значения муниципальный округ Тверской,внутригородская территория города федерального значения,,1,,,data-20180110-structure-20150128.csv,2018,9999,,,77,Москва,,,1,231223.2,75735.0,656.4
2544,Хамовники,45-383-000-000,внутригородская территория города федерального значения муниципальный округ Хамовники,внутригородская территория города федерального значения,,1,,,data-20180110-structure-20150128.csv,2018,9999,,,77,Москва,,,1,214306.4,105094.0,645.1
2545,Якиманка,45-384-000-000,внутригородская территория города федерального значения муниципальный округ Якиманка,внутригородская территория города федерального значения,,1,,,data-20180110-structure-20150128.csv,2018,9999,,,77,Москва,,,1,289698.4,27022.0,660.0
2546,Выхино-Жулебино,45-385-000-000,внутригородская территория города федерального значения муниципальный округ Выхино-Жулебино,внутригородская территория города федерального значения,,1,,,data-20180110-structure-20150128.csv,2018,9999,,,77,Москва,,,1,136813.5,241326.0,612.0
2547,Капотня,45-386-000-000,внутригородская территория города федерального значения муниципальный округ Капотня,внутригородская территория города федерального значения,,1,,,data-20180110-structure-20150128.csv,2018,9999,,,77,Москва,,,1,167969.9,32161.0,600.5
2548,Кузьминки,45-387-000-000,внутригородская территория города федерального значения муниципальный округ Кузьминки,внутригородская территория города федерального значения,,1,,,data-20180110-structure-20150128.csv,2018,9999,,,77,Москва,,,1,115360.6,139880.0,628.8
2549,Лефортово,45-388-000-000,внутригородская территория города федерального значения муниципальный округ Лефортово,внутригородская территория города федерального значения,,1,,,data-20180110-structure-20150128.csv,2018,9999,,,77,Москва,,,1,161314.5,109711.0,640.9
2550,Люблино,45-389-000-000,внутригородская территория города федерального значения муниципальный округ Люблино,внутригородская территория города федерального значения,,1,,,data-20180110-structure-20150128.csv,2018,9999,,,77,Москва,,,1,103011.1,184071.0,615.8
2551,Марьино,45-390-000-000,внутригородская территория города федерального значения муниципальный округ Марьино,внутригородская территория города федерального значения,,1,,,data-20180110-structure-20150128.csv,2018,9999,,,77,Москва,,,1,113051.7,272278.0,619.6
2552,Некрасовка,45-391-000-000,внутригородская территория города федерального значения муниципальный округ Некрасовка,внутригородская территория города федерального значения,,1,,,data-20180110-structure-20150128.csv,2018,9999,,,77,Москва,,,1,161474.2,112860.0,580.9
2553,Нижегородский,45-392-000-000,внутригородская территория города федерального значения муниципальный округ Нижегородский,внутригородская территория города федерального значения,,1,,,data-20180110-structure-20150128.csv,2018,9999,,,77,Москва,,,1,234124.8,50637.0,645.1
2554,Печатники,45-393-000-000,внутригородская территория города федерального значения муниципальный округ Печатники,внутригородская территория города федерального значения,,1,,,data-20180110-structure-20150128.csv,2018,9999,,,77,Москва,,,1,153895.3,89544.0,634.5
2555,Рязанский,45-394-000-000,внутригородская территория города федерального значения муниципальный округ Рязанский,внутригородская территория города федерального значения,,1,,,data-20180110-structure-20150128.csv,2018,9999,,,77,Москва,,,1,120679.8,108657.0,635.9
2556,Текстильщики,45-395-000-000,внутригородская территория города федерального значения муниципальный округ Текстильщики,внутригородская территория города федерального значения,,1,,,data-20180110-structure-20150128.csv,2018,9999,,,77,Москва,,,1,156975.9,101550.0,638.3
2557,Южнопортовый,45-396-000-000,внутригородская территория города федерального значения муниципальный округ Южнопортовый,внутригородская территория города федерального значения,,1,,,data-20180110-structure-20150128.csv,2018,9999,,,77,Москва,,,1,172426.0,73112.0,650.8
2558,Академический,45-397-000-000,внутригородская территория города федерального значения муниципальный округ Академический,внутригородская территория города федерального значения,,1,,,data-20180110-structure-20150128.csv,2018,9999,,,77,Москва,,,1,341422.7,114228.0,647.9
2559,Гагаринский,45-398-000-000,внутригородская территория города федерального значения муниципальный округ Гагаринский,внутригородская территория города федерального значения,,1,,,data-20180110-structure-20150128.csv,2018,9999,,,77,Москва,,,1,204188.1,80493.0,649.4
2560,Зюзино,45-901-000-000,внутригородская территория города федерального значения муниципальный округ Зюзино,внутригородская территория города федерального значения,,1,,,data-20180110-structure-20150128.csv,2018,9999,,,77,Москва,,,1,126194.2,123288.0,633.1
2561,Коньково,45-902-000-000,внутригородская территория города федерального значения муниципальный округ Коньково,внутригородская территория города федерального значения,,1,,,data-20180110-structure-20150128.csv,2018,9999,,,77,Москва,,,1,164088.8,152544.0,623.4
2562,Котловка,45-903-000-000,внутригородская территория города федерального значения муниципальный округ Котловка,внутригородская территория города федерального значения,,1,,,data-20180110-structure-20150128.csv,2018,9999,,,77,Москва,,,1,159641.6,65708.0,649.8
2563,Ломоносовский,45-904-000-000,внутригородская территория города федерального значения муниципальный округ Ломоносовский,внутригородская территория города федерального значения,,1,,,data-20180110-structure-20150128.csv,2018,9999,,,77,Москва,,,1,164648.3,87044.0,640.9
2564,Обручевский,45-905-000-000,внутригородская территория города федерального значения муниципальный округ Обручевский,внутригородская территория города федерального значения,,1,,,data-20180110-structure-20150128.csv,2018,9999,,,77,Москва,,,1,164188.7,87258.0,633.3
2565,Северное Бутово,45-906-000-000,внутригородская территория города федерального значения муниципальный округ Северное Бутово,внутригородская территория города федерального значения,,1,,,data-20180110-structure-20150128.csv,2018,9999,,,77,Москва,,,1,140130.2,97516.0,590.3
2566,Теплый Стан,45-907-000-000,внутригородская территория города федерального значения муниципальный округ Теплый Стан,внутригородская территория города федерального значения,,1,,,data-20180110-structure-20150128.csv,2018,9999,,,77,Москва,,,1,121234.8,131899.0,604.0
2567,Черемушки,45-908-000-000,внутригородская территория города федерального значения муниципальный округ Черемушки,внутригородская территория города федерального значения,,1,,,data-20180110-structure-20150128.csv,2018,9999,,,77,Москва,,,1,235335.8,107951.0,640.1
2568,Южное Бутово,45-909-000-000,внутригородская территория города федерального значения муниципальный округ Южное Бутово,внутригородская территория города федерального значения,,1,,,data-20180110-structure-20150128.csv,2018,9999,,,77,Москва,,,1,116897.0,211116.0,564.1
2569,Ясенево,45-910-000-000,внутригородская территория города федерального значения муниципальный округ Ясенево,внутригородская территория города федерального значения,,1,,,data-20180110-structure-20150128.csv,2018,9999,,,77,Москва,,,1,148214.9,176505.0,606.6
2570,Бирюлево Восточное,45-911-000-000,внутригородская территория города федерального значения муниципальный округ Бирюлево Восточное,внутригородская территория города федерального значения,,1,,,data-20180110-structure-20150128.csv,2018,9999,,,77,Москва,,,1,122129.0,156160.0,604.5
2571,Бирюлево Западное,45-912-000-000,внутригородская территория города федерального значения муниципальный округ Бирюлево Западное,внутригородская территория города федерального значения,,1,,,data-20180110-structure-20150128.csv,2018,9999,,,77,Москва,,,1,126319.5,85308.0,604.0
2572,Братеево,45-913-000-000,внутригородская территория города федерального значения муниципальный округ Братеево,внутригородская территория города федерального значения,,1,,,data-20180110-structure-20150128.csv,2018,9999,,,77,Москва,,,1,108766.1,101271.0,613.7
2573,Даниловский,45-914-000-000,внутригородская территория города федерального значения муниципальный округ Даниловский,внутригородская территория города федерального значения,,1,,,data-20180110-structure-20150128.csv,2018,9999,,,77,Москва,,,1,209472.4,104272.0,645.3
2574,Донской,45-915-000-000,внутригородская территория города федерального значения муниципальный округ Донской,внутригородская территория города федерального значения,,1,,,data-20180110-structure-20150128.csv,2018,9999,,,77,Москва,,,1,190541.9,51291.0,649.4
2575,Зябликово,45-916-000-000,внутригородская территория города федерального значения муниципальный округ Зябликово,внутригородская территория города федерального значения,,1,,,data-20180110-structure-20150128.csv,2018,9999,,,77,Москва,,,1,167071.2,133658.0,614.4
2576,Москворечье-Сабурово,45-917-000-000,внутригородская территория города федерального значения муниципальный округ Москворечье-Сабурово,внутригородская территория города федерального значения,,1,,,data-20180110-structure-20150128.csv,2018,9999,,,77,Москва,,,1,138021.5,86969.0,636.1
2577,Нагатино-Садовники,45-918-000-000,внутригородская территория города федерального значения муниципальный округ Нагатино-Садовники,внутригородская территория города федерального значения,,1,,,data-20180110-structure-20150128.csv,2018,9999,,,77,Москва,,,1,159567.9,83390.0,637.3
2578,Нагатинский затон,45-919-000-000,внутригородская территория города федерального значения муниципальный округ Нагатинский затон,внутригородская территория города федерального значения,,1,,,data-20180110-structure-20150128.csv,2018,9999,,,77,Москва,,,1,130753.7,120779.0,614.6
2579,Нагорный,45-920-000-000,внутригородская территория города федерального значения муниципальный округ Нагорный,внутригородская территория города федерального значения,,1,,,data-20180110-structure-20150128.csv,2018,9999,,,77,Москва,,,1,219575.6,77073.0,645.1
2580,Орехово-Борисово Северное,45-921-000-000,внутригородская территория города федерального значения муниципальный округ Орехово-Борисово Северное,внутригородская территория города федерального значения,,1,,,data-20180110-structure-20150128.csv,2018,9999,,,77,Москва,,,1,118742.5,124886.0,613.0
2581,Орехово-Борисово Южное,45-922-000-000,внутригородская территория города федерального значения муниципальный округ Орехово-Борисово Южное,внутригородская территория города федерального значения,,1,,,data-20180110-structure-20150128.csv,2018,9999,,,77,Москва,,,1,122290.3,146959.0,604.3
2582,Царицыно,45-923-000-000,внутригородская территория города федерального значения муниципальный округ Царицыно,внутригородская территория города федерального значения,,1,,,data-20180110-structure-20150128.csv,2018,9999,,,77,Москва,,,1,125095.9,119021.0,623.1
2583,Чертаново Северное,45-924-000-000,внутригородская территория города федерального значения муниципальный округ Чертаново Северное,внутригородская территория города федерального значения,,1,,,data-20180110-structure-20150128.csv,2018,9999,,,77,Москва,,,1,164137.5,109640.0,628.1
2584,Чертаново Центральное,45-925-000-000,внутригородская территория города федерального значения муниципальный округ Чертаново Центральное,внутригородская территория города федерального значения,,1,,,data-20180110-structure-20150128.csv,2018,9999,,,77,Москва,,,1,125365.5,111983.0,616.5
2585,Чертаново Южное,45-926-000-000,внутригородская территория города федерального значения муниципальный округ Чертаново Южное,внутригородская территория города федерального значения,,1,,,data-20180110-structure-20150128.csv,2018,9999,,,77,Москва,,,1,152138.1,156092.0,603.1
2586,Старое Крюково,45-927-000-000,внутригородская территория города федерального значения муниципальный округ Старое Крюково,внутригородская территория города федерального значения,,1,,,data-20180110-structure-20150128.csv,2018,9999,,,77,Москва,,,1,160068.6,37824.0,515.5
2587,Троицк,45-931-000-000,внутригородская территория города федерального значения городской округ Троицк,внутригородская территория города федерального значения,,1,,,data-20180110-structure-20150128.csv,2018,9999,,,77,Москва,,,1,125638.0,71615.0,524.0
2588,Щербинка,45-932-000-000,внутригородская территория города федерального значения городской округ Щербинка,внутригородская территория города федерального значения,,1,,,data-20180110-structure-20150128.csv,2018,9999,,,77,Москва,,,1,141844.7,62771.0,560.1
2589,Внуковское,45-941-000-000,внутригородская территория города федерального значения поселение Внуковское,внутригородская территория города федерального значения,,1,,,data-20180110-structure-20150128.csv,2018,9999,,,77,Москва,,,1,135886.0,64390.0,562.9
2590,Воскресенское,45-942-000-000,внутригородская территория города федерального значения поселение Воскресенское,внутригородская территория города федерального значения,,1,,,data-20180110-structure-20150128.csv,2018,9999,,,77,Москва,,,1,110214.4,19919.0,554.9
2591,Вороновское,45-943-000-000,внутригородская территория города федерального значения поселение Вороновское,внутригородская территория города федерального значения,,1,,,data-20180110-structure-20150128.csv,2018,9999,,,77,Москва,,,1,119990.0,14565.0,481.7
2592,Десеновское,45-944-000-000,внутригородская территория города федерального значения поселение Десеновское,внутригородская территория города федерального значения,,1,,,data-20180110-structure-20150128.csv,2018,9999,,,77,Москва,,,1,111816.1,47195.0,537.4
2593,Киевский,45-945-000-000,внутригородская территория города федерального значения поселение Киевский,внутригородская территория города федерального значения,,1,,,data-20180110-structure-20150128.csv,2018,9999,,,77,Москва,,,1,109628.8,12040.0,469.7
2595,Кокошкино,45-947-000-000,внутригородская территория города федерального значения поселение Кокошкино,внутригородская территория города федерального значения,,1,,,data-20180110-structure-20150128.csv,2018,9999,,,77,Москва,,,1,185658.9,21756.0,525.4
2596,Краснопахорское,45-948-000-000,внутригородская территория города федерального значения поселение Краснопахорское,внутригородская территория города федерального значения,,1,,,data-20180110-structure-20150128.csv,2018,9999,,,77,Москва,,,1,121098.4,13029.0,512.2
2597,Марушкинское,45-949-000-000,внутригородская территория города федерального значения поселение Марушкинское,внутригородская территория города федерального значения,,1,,,data-20180110-structure-20150128.csv,2018,9999,,,77,Москва,,,1,116707.6,16230.0,530.1
2598,Михайлово-Ярцевское,45-951-000-000,внутригородская территория города федерального значения поселение Михайлово-Ярцевское,внутригородская территория города федерального значения,,1,,,data-20180110-structure-20150128.csv,2018,9999,,,77,Москва,,,1,107179.7,9107.0,493.3
2599,Московский,45-952-000-000,внутригородская территория города федерального значения поселение Московский,внутригородская территория города федерального значения,,1,,,data-20180110-structure-20150128.csv,2018,9999,,,77,Москва,,,1,240641.4,114244.0,582.3
2600,Мосрентген,45-953-000-000,"внутригородская территория города федерального значения поселение Мосрентген""""",внутригородская территория города федерального значения,,1,,,data-20180110-structure-20150128.csv,2018,9999,,,77,Москва,,,1,134899.1,21590.0,587.0
2601,Новофедоровское,45-954-000-000,внутригородская территория города федерального значения поселение Новофедоровское,внутригородская территория города федерального значения,,1,,,data-20180110-structure-20150128.csv,2018,9999,,,77,Москва,,,1,104248.9,23187.0,472.0
2602,Первомайское,45-955-000-000,внутригородская территория города федерального значения поселение Первомайское,внутригородская территория города федерального значения,,1,,,data-20180110-structure-20150128.csv,2018,9999,,,77,Москва,,,1,90102.0,27069.0,514.0
2604,Рязановское,45-957-000-000,внутригородская территория города федерального значения поселение Рязановское,внутригородская территория города федерального значения,,1,,,data-20180110-structure-20150128.csv,2018,9999,,,77,Москва,,,1,175654.3,33033.0,544.3
2605,Сосенское,45-958-000-000,внутригородская территория города федерального значения поселение Сосенское,внутригородская территория города федерального значения,,1,,,data-20180110-structure-20150128.csv,2018,9999,,,77,Москва,,,1,161868.4,122303.0,579.7
2606,Филимонковское,45-959-000-000,внутригородская территория города федерального значения поселение Филимонковское,внутригородская территория города федерального значения,,1,,,data-20180110-structure-20150128.csv,2018,9999,,,77,Москва,,,1,105347.3,17811.0,539.6
2607,Щаповское,45-961-000-000,внутригородская территория города федерального значения поселение Щаповское,внутригородская территория города федерального значения,,1,,,data-20180110-structure-20150128.csv,2018,9999,,,77,Москва,,,1,100707.3,13360.0,508.4
2618,Мантуровский,34-520-000-000,Мантуровский муниципальный округ,муниципальный округ,,1,,г Мантурово,data-20240101-structure-20150128.csv,2024,9999,,,44,Костромская область,58.333271,44.761791,2,50475.0,15147.0,335.1
2619,Переславль-Залесский,78-705-000-000,городской округ город Переславль-Залесский,городской округ,,1,,г Переславль-Залесский,data-20190619-structure-20150128.csv,2019,9999,union_2,,76,Ярославская область,56.7367178,38.8462714,1,65925.5,54039.0,416.3
2620,Соликамский,57-730-000-000,городской округ Соликамский,городской округ,,1,,г Соликамск,data-20190319-structure-20150128.csv,2019,9999,union_3,,59,Пермский край,59.649437,56.779594,1,72739.3,99951.0,285.0
2621,Березники,57-708-000-000,городской округ город Березники,городской округ,,1,,г Березники,data-20190319-structure-20150128.csv,2019,9999,union_4,,59,Пермский край,59.4084171,56.8036958,1,89172.5,147365.0,288.1
2644,Серпухов,46-770-000-000,городской округ Серпухов,городской округ,,1,,г Серпухов,data-20200110-structure-20150128.csv,2019,9999,union_5,,50,Московская область,54.9155247,37.4195533,1,95253.0,181687.0,445.8
2646,Обнинск,29-715-000-000,городской округ город Обнинск,городской округ,,1,,г Обнинск,data-20180110-structure-20150128.csv,2019,9999,transfer_1,,40,Калужская область,55.0951738,36.611913,1,93271.9,132477.0,439.4
2647,Боровский,29-606-000-000,Боровский муниципальный район,муниципальный район,,1,,г Боровск,data-20180110-structure-20150128.csv,2019,9999,transfer_1,,40,Калужская область,55.2049516,36.48485294979915,1,98046.0,82139.0,438.0
2648,Лосино-Петровский,46-742-000-000,городской округ Лосино-Петровский,городской округ,,1,,г Лосино-Петровский,data-20180110-structure-20150128.csv,2019,9999,transfer_2,,50,Московская область,55.8705593,38.2032701,1,78580.1,72040.0,511.2
2649,Щёлково,46-788-000-000,городской округ Щёлково,городской округ,,1,,г Щёлково,data-20200110-structure-20150128.csv,2020,9999,,,50,Московская область,55.9206499,37.9915576,1,99529.8,218279.0,534.6
2651,Одинцовский,46-755-000-000,городской округ Одинцовский,городской округ,,1,,г Одинцово,data-20200110-structure-20150128.csv,2020,9999,union_7,,50,Московская область,55.678223,37.2668096,1,127207.5,482184.0,549.7
2652,Орехово-Зуевский,46-757-000-000,городской округ Орехово-Зуевский,городской округ,,1,,г Орехово-Зуево,data-20200110-structure-20150128.csv,2020,9999,union_8,,50,Московская область,55.8083278,38.9790038,1,84913.1,240323.0,449.8
2710,Вышневолоцкий,28-714-000-000,городской округ Вышневолоцкий,городской округ,,1,,г Вышний Волочек,data-20200301-structure-20150128.csv,2020,9999,union_9,,69,Тверская область,57.5883648,34.5720732,1,52418.1,63833.0,354.4
2808,Коломна,46-738-000-000,городской округ Коломна,городской округ,,1,,г Коломна,data-20220128-structure-20150128.csv,2021,9999,union_12,,50,Московская область,55.0938743,38.7670121,1,88235.0,213701.0,439.2
2809,Кунгурский,57-530-000-000,муниципальный округ Кунгурский,муниципальный округ,,1,,г Кунгур,data-20220128-structure-20150128.csv,2021,9999,union_14,,59,Пермский край,57.4397771,56.9266073,1,57065.1,103245.0,310.0
2813,Шатура,46-786-000-000,городской округ Шатура,городской округ,,1,,г Шатура,data-20180129-structure-20150128.csv,2021,9999,union_10,,50,Московская область,55.578403,39.5437584,1,72601.9,101188.0,420.8
2814,Пушкинский,46-758-000-000,городской округ Пушкинский,городской округ,,1,,г Пушкино,data-20200401-structure-20150128.csv,2021,9999,union_13,,50,Московская область,56.0104274,37.8461892,1,88257.1,300898.0,521.8
2872,Приуральский,71-938-000-000,муниципальный округ Приуральский район,муниципальный округ,,1,,с Аксарка,data-20220128-structure-20150128.csv,2022,9999,transfer_5,,89,Ямало-Ненецкий автономный округ,66.5582332,67.8051987,1,129786.2,10095.0,203.1
2876,Кисловодск,07-715-000-000,городской округ город-курорт Кисловодск,городской округ,,1,,г Кисловодск,data-20180110-structure-20150128.csv,2022,9999,transfer_3,,26,Ставропольский край,43.9128743,42.7192186,1,63656.5,133451.0,302.2
2879,Губкинский,71-952-000-000,городской округ город Губкинский,городской округ,,1,,г Губкинский,data-20180110-structure-20150128.csv,2022,9999,transfer_6,,89,Ямало-Ненецкий автономный округ,64.4337824,76.4898086,1,157226.9,34958.0,205.0
2880,Лабытнанги,71-953-000-000,городской округ город Лабытнанги,городской округ,,1,,г Лабытнанги,data-20180110-structure-20150128.csv,2022,9999,transfer_5,,89,Ямало-Ненецкий автономный округ,66.6888835,66.4347161435694,1,124659.2,31295.0,205.4
2881,Предгорный,07-548-000-000,Предгорный муниципальный округ,муниципальный округ,,1,,ст-ца Ессентукская,data-20210118-structure-20150128.csv,2022,9999,transfer_3,,26,Ставропольский край,44.0216516,42.8742331,1,54992.4,109591.0,310.0
2882,Пуровский,71-940-000-000,муниципальный округ Пуровский район,муниципальный округ,,1,,г Тарко-Сале,data-20210118-structure-20150128.csv,2022,9999,transfer_6,,89,Ямало-Ненецкий автономный округ,64.9219991,77.779459,1,176767.4,36676.0,200.9
2883,Кимрский,28-528-000-000,муниципальный округ Кимрский,муниципальный округ,,1,,г Кимры,data-20221219-structure-20150128.csv,2023,9999,union_15,,69,Тверская область,56.8734395,37.3556968,1,57498.7,51679.0,404.5
2884,Ржевский,28-548-000-000,муниципальный округ Ржевский,муниципальный округ,,1,,г Ржев,data-20221219-structure-20150128.csv,2023,9999,union_16,,69,Тверская область,56.2565207,34.328649,1,60619.4,63768.0,367.9
2885,Кудымкарский,57-528-000-000,муниципальный округ Кудымкарский,муниципальный округ,,1,,г Кудымкар,data-20221219-structure-20150128.csv,2023,9999,union_17,,59,Пермский край,59.014606,54.664135,1,51081.4,50562.0,297.3
2886,Губахинский,57-516-000-000,муниципальный округ Губахинский,муниципальный округ,,1,,г Губаха,data-20221219-structure-20150128.csv,2023,9999,union_18,,59,Пермский край,58.842407,57.555058,1,69339.0,43671.0,290.7
2887,Саратов,63-701-000-000,городской округ город Саратов,городской округ,административный_центр_субъекта,1,,г Саратов,data-20220627-structure-20150128.csv,2023,9999,union_19,,64,Саратовская область,51.530018,46.034683,1,,937364.0,343.3
3005,Арзамас,22-703-000-000,городской округ город Арзамас,городской округ,,1,,г Арзамас,data-20221219-structure-20150128.csv,2023,9999,union_21,,52,Нижегородская область,55.3987879,43.8210933,1,69530.0,144670.0,372.6
3007,Прокопьевский,32-522-000-000,Прокопьевский муниципальный округ,муниципальный округ,,3,32-737-000-000,г Прокопьевск,data-20200301-structure-20150128.csv,2023,9999,union_20,,42,Кемеровская область,53.8879117,86.7492072,1,81198.2,43200.0,321.4
3009,Тамбов,68-701-000-000,городской округ город Тамбов,городской округ,административный_центр_субъекта,2,68-640-000-000;68-540-000-000,г Тамбов,data-20180110-structure-20150128.csv,2023,9999,transfer_8,,68,Тамбовская область,52.73111849999999,41.4341991460869,1,132724.0,288947.0,410.2
3011,Златоустовский,75-712-000-000,городской округ Златоустовский,городской округ,,1,,г Златоуст,data-20180110-structure-20150128.csv,2023,9999,transfer_9,,74,Челябинская область,55.1674213,59.6792625,1,66626.9,160367.0,307.9
3012,Кусинский,75-638-000-000,Кусинский муниципальный район,муниципальный район,,1,,г Куса,data-20180110-structure-20150128.csv,2023,9999,transfer_9,,74,Челябинская область,55.336521,59.445938,1,58394.4,24970.0,307.7
3013,Солнечногорск,46-771-000-000,городской округ Солнечногорск,городской округ,,1,,г Солнечногорск,data-20200110-structure-20150128.csv,2023,9999,transfer_7,,50,Московская область,56.1853501,36.9781536,1,47588.8,135509.0,465.6
